{"limiter": [[1.01932, 1.11592], [1.03497, 1.16392], [1.03843, 1.16236], [1.06122, 1.16356], [1.09895, 1.1659], [1.13814, 1.16824], [1.16192, 1.17446], [1.19008, 1.18699], [1.21013, 1.20185], [1.23082, 1.22499], [1.23939, 1.23864], [1.26108, 1.28634], [1.28076, 1.33403], [1.28076, 1.34811], [1.33062, 1.34811], [1.41948, 1.34749], [1.41948, 1.31037], [1.37411, 1.30689], [1.36741, 1.26409], [1.36789, 1.22647], [1.37233, 1.19476], [1.41559, 1.15647], [1.42588, 1.16276], [1.447, 1.182], [1.488, 1.219], [1.4911, 1.21349], [1.49501, 1.16171], [1.48169, 1.11592], [1.49105, 1.11275], [1.52942, 1.10483], [1.60203, 1.09308], [1.64687, 1.07846], [1.7834, 1.07209], [2.04518, 1.03909], [2.05605, 1.04322], [2.10643, 0.99973], [2.08569, 0.86927], [2.22221, 0.51911], [2.24295, 0.44863], [2.31151, 0.27968], [2.34012, 0.21987], [2.34645, 0.19867], [2.34828, 0.06329], [2.3511, 0.04208], [2.34828, -0.25478], [2.34645, -0.27272], [2.3511, -0.4206], [2.27828, -0.59343], [2.23841, -0.68827], [2.23595, -0.69412], [2.1954, -0.7906], [2.19393, -0.79411], [2.15587, -0.88466], [2.15258, -0.88824], [1.9237, -1.01618], [1.92033, -1.01959], [1.78656, -1.16066], [1.77666, -1.16653], [1.74094, -1.23985], [1.6452, -1.2448], [1.40117, -1.24477], [1.38559, -1.24821], [1.3749, -1.25833], [1.36954, -1.26941], [1.36824, -1.27555], [1.3686, -1.32247], [1.37256, -1.3247], [1.4277, -1.3247], [1.4277, -1.35782], [1.1645, -1.35894], [1.0175, -1.217], [1.0173, -0.001], [1.0173, 0.0]], "vv": [[[[0.92710002, -5.00000041e-12], [0.95890001953, -5.00000041e-12], [0.95890001953, 0.42399998], [0.92710002, 0.42399998]], 4.3697e-06], [[[0.92710001767, 0.42399998009500006], [0.95890001953, 0.42399998009500006], [0.95890001953, 0.84790005], [0.92710001767, 0.84790005]], 4.3697e-06], [[[0.92710001767, 0.8479000479050001], [0.95890001953, 0.8479000479050001], [0.95890001953, 1.271900042895], [0.92710001767, 1.271900042895]], 4.3697e-06], [[[0.95890001953, 1.271900042895], [1.11329998, 1.42314995], [1.11329998, 1.46124995], [0.92710001767, 1.271900042895]], 5.1891e-06], [[[1.113299980735, 1.4231499451645], [1.40230002, 1.4231499451645], [1.40230002, 1.4612499456355001], [1.113299980735, 1.4612499456355001]], 5.1891e-06], [[[1.402300015135, 1.4231499451645], [1.69124995, 1.4231499451645], [1.69124995, 1.4612499456355001], [1.402300015135, 1.4612499456355001]], 5.1891e-06], [[[1.6912499517650001, 1.42314995], [1.94034992, 1.21625066], [1.94034992, 1.26525066], [1.6912499517650001, 1.46124995]], 5.1891e-06], [[[1.940349921565, 1.216250659217333], [2.168876857298122, 1.0391999781099999], [2.2100768580911216, 1.0391999781099999], [1.940349921565, 1.2652506579363332]], 5.1891e-06], [[[2.29647681, 0.72919997573], [2.33767681, 0.72919997573], [2.2100768580911216, 1.0391999781099999], [2.168876857298122, 1.0391999781099999]], 5.1891e-06], [[[2.4320999, 0.4192], [2.4574999, 0.4192], [2.3376768126911216, 0.7291999757300001], [2.296476811898122, 0.7291999757300001]], 5.1891e-06], [[[2.4320999002535, 0.288399994], [2.4574998999465, 0.288399994], [2.4574998999465, 0.419199995695], [2.4320999002535, 0.419199995695]], 1.3e-06], [[[2.4320999002535, -5.00000041e-12], [2.4574998999465, -5.00000041e-12], [2.4574998999465, 0.28839999], [2.4320999002535, 0.28839999]], 1.3e-06], [[[0.92710002, -0.42399998], [0.95890001953, -0.42399998], [0.95890001953, -5.000000413701855e-12], [0.92710002, -5.000000413701855e-12]], 4.3697e-06], [[[0.92710001767, -0.84790005], [0.95890001953, -0.84790005], [0.95890001953, -0.42399998009500006], [0.92710001767, -0.42399998009500006]], 4.3697e-06], [[[0.92710001767, -1.271900042895], [0.95890001953, -1.271900042895], [0.95890001953, -0.8479000479050001], [0.92710001767, -0.8479000479050001]], 4.3697e-06], [[[0.92710001767, -1.271900042895], [1.1133, -1.46124995], [1.1133, -1.42314995], [0.95890001953, -1.271900042895]], 5.1891e-06], [[[1.1132999956499998, -1.4612499456355001], [1.48140004, -1.4612499456355001], [1.48140004, -1.4231499451645], [1.1132999956499998, -1.4231499451645]], 5.1891e-06], [[[1.4814000427499998, -1.4612499456355001], [1.84965, -1.4612499456355001], [1.84965, -1.4231499451645], [1.4814000427499998, -1.4231499451645]], 5.1891e-06], [[[1.8496499955499999, -1.46124995], [2.01955006, -1.2703114971195721], [2.01955006, -1.2112114987945721], [1.8496499955499999, -1.42314995]], 5.1891e-06], [[[2.01955005525, -1.2703115], [2.2100768580816297, -1.0391999781099999], [2.16887685728863, -1.0391999781099999], [2.01955005525, -1.2112115]], 5.1891e-06], [[[2.16887685728863, -1.0391999781099999], [2.2100768580816297, -1.0391999781099999], [2.33772304591137, -0.72919997573], [2.29652304511837, -0.72919997573]], 5.1891e-06], [[[2.29652305, -0.7291999757300001], [2.33772305, -0.7291999757300001], [2.4574999, -0.4192], [2.4320999, -0.4192]], 5.1891e-06], [[[2.4320999002535, -0.419199995695], [2.4574998999465, -0.419199995695], [2.4574998999465, -0.288399994], [2.4320999002535, -0.288399994]], 1.3e-06], [[[2.4320999002535, -0.28839999], [2.4574998999465, -0.28839999], [2.4574998999465, -5.000000413701855e-12], [2.4320999002535, -5.000000413701855e-12]], 1.3e-06]], "coils": {"F1A": {"pts": [[0.83540003, 0.00777], [0.88620003, 0.00777], [0.88620003, 0.32883], [0.83540003, 0.32883]], "nturns": 1.0}, "F2A": {"pts": [[0.83600001, 0.34756997], [0.88680001, 0.34756997], [0.88680001, 0.66862997], [0.83600001, 0.66862997]], "nturns": 1.0}, "F3A": {"pts": [[0.8374, 0.68856999], [0.8882, 0.68856999], [0.8882, 1.00962999], [0.8374, 1.00962999]], "nturns": 1.0}, "F4A": {"pts": [[0.83570002, 1.02937004], [0.88650002, 1.02937004], [0.88650002, 1.35043004], [0.83570002, 1.35043004]], "nturns": 1.0}, "F5A": {"pts": [[0.93449996, 1.38759994], [1.07369997, 1.52679994], [1.07369997, 1.64619995], [0.93449996, 1.50699994]], "nturns": 1.0}, "F6A": {"pts": [[2.52987814, 0.34029999], [2.70307813, 0.34029999], [2.69492197, 0.53489999], [2.52172198, 0.53489999]], "nturns": 1.0}, "F7A": {"pts": [[2.30688626, 1.0325], [2.49488625, 1.0325], [2.43971389, 1.2017], [2.2517139, 1.2017]], "nturns": 1.0}, "F8A": {"pts": [[1.13434994, 1.55934998], [1.36924994, 1.55934998], [1.36924994, 1.64444998], [1.13434994, 1.64444998]], "nturns": 1.0}, "F9A": {"pts": [[1.60430001, 1.52084996], [1.77370001, 1.52084996], [1.77370001, 1.65394996], [1.60430001, 1.65394996]], "nturns": 1.0}, "F1B": {"pts": [[0.83540003, -0.33423001], [0.88620003, -0.33423001], [0.88620003, -0.01317], [0.83540003, -0.01317]], "nturns": 1.0}, "F2B": {"pts": [[0.83530001, -0.67402998], [0.88610001, -0.67402998], [0.88610001, -0.35296997], [0.83530001, -0.35296997]], "nturns": 1.0}, "F3B": {"pts": [[0.83570002, -1.01483002], [0.88650002, -1.01483002], [0.88620003, -0.69377002], [0.83570002, -0.69377002]], "nturns": 1.0}, "F4B": {"pts": [[0.83759998, -1.35623005], [0.88839998, -1.35623005], [0.88839998, -1.03517005], [0.83759998, -1.03517005]], "nturns": 1.0}, "F5B": {"pts": [[0.93290006, -1.50699994], [1.07210006, -1.64619995], [1.07210006, -1.52679994], [0.93290006, -1.38759994]], "nturns": 1.0}, "F6B": {"pts": [[2.52172198, -0.53489999], [2.69492197, -0.53489999], [2.70307813, -0.34029999], [2.52987814, -0.34029999]], "nturns": 1.0}, "F7B": {"pts": [[2.26181378, -1.2017], [2.44981378, -1.2017], [2.50498614, -1.0325], [2.31698615, -1.0325]], "nturns": 1.0}, "F8B": {"pts": [[1.13495004, -1.64525], [1.36985004, -1.64525], [1.36985004, -1.56014999], [1.13495004, -1.56014999]], "nturns": 1.0}, "F9B": {"pts": [[1.60419999, -1.64454995], [1.7736, -1.64454995], [1.7736, -1.51144995], [1.60419999, -1.51144995]], "nturns": 1.0}, "ECOILA": [{"pts": [[0.658165, -1.57925], [0.716835, -1.57925], [0.716835, 1.57925], [0.658165, 1.57925]], "nturns": 42.0}, {"pts": [[0.822299983355, 1.6976499427405], [0.9360999800250001, 1.6976499427405], [0.9360999800250001, 1.7269499432595001], [0.822299983355, 1.7269499432595001]],