514 psinorm ne(10^20/m^3) dne/dpsiN
 0.000000   0.438807   0.063450
 0.001949   0.438930   0.056997
 0.003899   0.439029   0.047643
 0.005848   0.439116   0.042926
 0.007797   0.439196   0.039544
 0.009747   0.439270   0.037118
 0.011696   0.439341   0.035034
 0.013645   0.439407   0.033067
 0.015595   0.439470   0.031649
 0.017544   0.439530   0.030164
 0.019493   0.439588   0.028735
 0.021442   0.439642   0.027573
 0.023392   0.439695   0.026550
 0.025341   0.439746   0.025459
 0.027290   0.439794   0.024492
 0.029240   0.439841   0.023456
 0.031189   0.439886   0.022562
 0.033138   0.439929   0.021793
 0.035088   0.439971   0.020956
 0.037037   0.440011   0.020261
 0.038986   0.440050   0.019483
 0.040936   0.440087   0.018636
 0.042885   0.440122   0.017932
 0.044834   0.440157   0.017356
 0.046784   0.440190   0.016500
 0.048733   0.440221   0.015999
 0.050682   0.440252   0.015415
 0.052632   0.440281   0.014763
 0.054581   0.440310   0.014254
 0.056530   0.440337   0.013452
 0.058480   0.440362   0.013004
 0.060429   0.440388   0.012488
 0.062378   0.440411   0.011824
 0.064327   0.440434   0.011437
 0.066277   0.440456   0.010768
 0.068226   0.440476   0.010243
 0.070175   0.440496   0.009851
 0.072125   0.440514   0.009175
 0.074074   0.440531   0.008858
 0.076023   0.440549   0.008460
 0.077973   0.440564   0.007778
 0.079922   0.440579   0.007240
 0.081871   0.440593   0.006836
 0.083821   0.440606   0.006362
 0.085770   0.440617   0.006035
 0.087719   0.440629   0.005626
 0.089669   0.440639   0.004930
 0.091618   0.440648   0.004597
 0.093567   0.440657   0.004182
 0.095517   0.440665   0.003697
 0.097466   0.440672   0.003142
 0.099415   0.440677   0.002653
 0.101364   0.440682   0.002448
 0.103314   0.440686   0.002174
 0.105263   0.440690   0.001680
 0.107213   0.440693   0.001184
 0.109162   0.440695   0.000617
 0.111111   0.440695   0.000117
 0.113060   0.440696   0.000123
 0.115010   0.440696   -0.000381
 0.116959   0.440694   -0.000955
 0.118908   0.440692   -0.001173
 0.120858   0.440689   -0.001682
 0.122807   0.440686   -0.002262
 0.124756   0.440681   -0.002485
 0.126706   0.440676   -0.002778
 0.128655   0.440670   -0.003364
 0.130604   0.440663   -0.003591
 0.132554   0.440656   -0.003889
 0.134503   0.440648   -0.004480
 0.136452   0.440638   -0.004711
 0.138402   0.440629   -0.005014
 0.140351   0.440619   -0.005611
 0.142300   0.440607   -0.005847
 0.144250   0.440596   -0.006378
 0.146199   0.440583   -0.006756
 0.148148   0.440570   -0.007067
 0.150097   0.440555   -0.007534
 0.152047   0.440540   -0.007623
 0.153996   0.440525   -0.008007
 0.155945   0.440509   -0.008479
 0.157895   0.440492   -0.009023
 0.159844   0.440474   -0.009413
 0.161793   0.440455   -0.009438
 0.163743   0.440437   -0.009988
 0.165692   0.440417   -0.010382
 0.167641   0.440397   -0.010638
 0.169591   0.440375   -0.011192
 0.171540   0.440353   -0.011365
 0.173489   0.440331   -0.011625
 0.175439   0.440308   -0.012185
 0.177388   0.440283   -0.012589
 0.179337   0.440259   -0.012925
 0.181286   0.440233   -0.013192
 0.183236   0.440207   -0.013531
 0.185185   0.440180   -0.013871
 0.187135   0.440153   -0.014213
 0.189084   0.440125   -0.014626
 0.191033   0.440096   -0.014901
 0.192983   0.440067   -0.015247
 0.194932   0.440037   -0.015666
 0.196881   0.440006   -0.016246
 0.198830   0.439973   -0.016296
 0.200780   0.439942   -0.016650
 0.202729   0.439908   -0.017306
 0.204678   0.439875   -0.017360
 0.206628   0.439841   -0.017718
 0.208577   0.439805   -0.018148
 0.210526   0.439770   -0.018438
 0.212476   0.439734   -0.018801
 0.214425   0.439697   -0.019236
 0.216374   0.439659   -0.019531
 0.218324   0.439621   -0.019899
 0.220273   0.439581   -0.020339
 0.222222   0.439541   -0.020476
 0.224171   0.439501   -0.020777
 0.226121   0.439460   -0.021386
 0.228070   0.439418   -0.021833
 0.230019   0.439375   -0.021905
 0.231969   0.439332   -0.022048
 0.233918   0.439289   -0.022735
 0.235867   0.439244   -0.023047
 0.237817   0.439199   -0.023195
 0.239766   0.439153   -0.023888
 0.241715   0.439106   -0.023968
 0.243665   0.439060   -0.024358
 0.245614   0.439011   -0.024819
 0.247563   0.438963   -0.024903
 0.249513   0.438914   -0.025535
 0.251462   0.438864   -0.025764
 0.253411   0.438814   -0.026091
 0.255361   0.438762   -0.026490
 0.257310   0.438710   -0.026723
 0.259259   0.438658   -0.027294
 0.261209   0.438604   -0.027459
 0.263158   0.438551   -0.027697
 0.265107   0.438496   -0.028345
 0.267056   0.438440   -0.028683
 0.269006   0.438384   -0.028855
 0.270955   0.438328   -0.029098
 0.272904   0.438271   -0.029441
 0.274854   0.438213   -0.030100
 0.276803   0.438153   -0.030347
 0.278752   0.438095   -0.030455
 0.280702   0.438035   -0.031119
 0.282651   0.437973   -0.031371
 0.284600   0.437912   -0.031726
 0.286550   0.437850   -0.032153
 0.288499   0.437787   -0.032166
 0.290448   0.437724   -0.032770
 0.292398   0.437659   -0.033202
 0.294347   0.437595   -0.033464
 0.296296   0.437529   -0.033829
 0.298246   0.437463   -0.034023
 0.300195   0.437396   -0.034533
 0.302144   0.437328   -0.034659
 0.304094   0.437261   -0.035102
 0.306043   0.437191   -0.035618
 0.307992   0.437122   -0.035819
 0.309941   0.437052   -0.036197
 0.311891   0.436981   -0.036648
 0.313840   0.436909   -0.037100
 0.315790   0.436836   -0.037308
 0.317739   0.436763   -0.037587
 0.319688   0.436690   -0.038045
 0.321637   0.436615   -0.038434
 0.323587   0.436540   -0.038648
 0.325536   0.436464   -0.038934
 0.327485   0.436388   -0.039328
 0.329435   0.436311   -0.039795
 0.331384   0.436233   -0.040335
 0.333333   0.436154   -0.040486
 0.335283   0.436075   -0.040710
 0.337232   0.435995   -0.041255
 0.339181   0.435914   -0.041410
 0.341131   0.435834   -0.041889
 0.343080   0.435751   -0.042440
 0.345029   0.435668   -0.042601
 0.346979   0.435585   -0.042833
 0.348928   0.435501   -0.043390
 0.350877   0.435416   -0.043877
 0.352826   0.435330   -0.044045
 0.354776   0.435244   -0.044284
 0.356725   0.435157   -0.044778
 0.358675   0.435070   -0.045274
 0.360624   0.434981   -0.045588
 0.362573   0.434892   -0.045834
 0.364522   0.434802   -0.046012
 0.366472   0.434712   -0.046515
 0.368421   0.434621   -0.047090
 0.370370   0.434529   -0.047272
 0.372320   0.434437   -0.047527
 0.374269   0.434344   -0.048107
 0.376218   0.434249   -0.048550
 0.378168   0.434154   -0.048810
 0.380117   0.434059   -0.049141
 0.382066   0.433963   -0.049333
 0.384016   0.433866   -0.049854
 0.385965   0.433768   -0.050189
 0.387914   0.433671   -0.050457
 0.389863   0.433572   -0.051170
 0.391813   0.433471   -0.051442
 0.393762   0.433371   -0.051527
 0.395711   0.433270   -0.051989
 0.397661   0.433168   -0.052523
 0.399610   0.433066   -0.052801
 0.401560   0.432963   -0.053081
 0.403509   0.432859   -0.053432
 0.405458   0.432754   -0.053973
 0.407407   0.432648   -0.054189
 0.409357   0.432543   -0.054475
 0.411306   0.432436   -0.055092
 0.413255   0.432328   -0.055572
 0.415205   0.432219   -0.055864
 0.417154   0.432110   -0.055967
 0.419103   0.432001   -0.056453
 0.421053   0.431890   -0.057011
 0.423002   0.431779   -0.057378
 0.424951   0.431667   -0.057610
 0.426901   0.431554   -0.057911
 0.428850   0.431441   -0.058284
 0.430799   0.431327   -0.058589
 0.432748   0.431212   -0.059089
 0.434698   0.431097   -0.059660
 0.436647   0.430980   -0.059708
 0.438597   0.430864   -0.060021
 0.440546   0.430746   -0.060666
 0.442495   0.430627   -0.060981
 0.444444   0.430508   -0.061494
 0.446394   0.430388   -0.061813
 0.448343   0.430267   -0.062203
 0.450292   0.430145   -0.062457
 0.452242   0.430024   -0.062781
 0.454191   0.429900   -0.063175
 0.456140   0.429777   -0.063434
 0.458090   0.429653   -0.064029
 0.460039   0.429528   -0.064428
 0.461988   0.429402   -0.064693
 0.463938   0.429275   -0.065294
 0.465887   0.429147   -0.065698
 0.467836   0.429019   -0.065701
 0.469786   0.428891   -0.066308
 0.471735   0.428761   -0.066717
 0.473684   0.428631   -0.067060
 0.475633   0.428499   -0.067337
 0.477583   0.428368   -0.067683
 0.479532   0.428236   -0.068299
 0.481482   0.428102   -0.068381
 0.483431   0.427969   -0.068799
 0.485380   0.427834   -0.069421
 0.487329   0.427698   -0.069709
 0.489279   0.427562   -0.070066
 0.491228   0.427425   -0.070491
 0.493177   0.427287   -0.070784
 0.495127   0.427149   -0.071145
 0.497076   0.427010   -0.071575
 0.499025   0.426870   -0.071873
 0.500975   0.426730   -0.072239
 0.502924   0.426588   -0.072945
 0.504873   0.426445   -0.073248
 0.506823   0.426303   -0.073349
 0.508772   0.426159   -0.073788
 0.510721   0.426015   -0.074096
 0.512671   0.425871   -0.074745
 0.514620   0.425724   -0.075188
 0.516569   0.425577   -0.075295
 0.518518   0.425430   -0.075611
 0.520468   0.425283   -0.076267
 0.522417   0.425133   -0.076716
 0.524366   0.424984   -0.076764
 0.526316   0.424834   -0.077151
 0.528265   0.424683   -0.077605
 0.530214   0.424531   -0.078205
 0.532164   0.424378   -0.078597
 0.534113   0.424225   -0.078782
 0.536062   0.424071   -0.079112
 0.538012   0.423916   -0.079509
 0.539961   0.423761   -0.079972
 0.541910   0.423605   -0.080308
 0.543860   0.423448   -0.080433
 0.545809   0.423291   -0.080901
 0.547758   0.423132   -0.081517
 0.549708   0.422973   -0.081923
 0.551657   0.422813   -0.082118
 0.553606   0.422653   -0.082463
 0.555556   0.422491   -0.083151
 0.557505   0.422329   -0.083350
 0.559454   0.422166   -0.083422
 0.561404   0.422004   -0.084115
 0.563353   0.421839   -0.084594
 0.565302   0.421674   -0.084671
 0.567252   0.421508   -0.085090
 0.569201   0.421342   -0.085573
 0.571150   0.421175   -0.085995
 0.573099   0.421007   -0.086077
 0.575049   0.420839   -0.086501
 0.576998   0.420670   -0.087269
 0.578947   0.420499   -0.087355
 0.580897   0.420329   -0.087504
 0.582846   0.420158   -0.088276
 0.584795   0.419985   -0.088646
 0.586745   0.419812   -0.088798
 0.588694   0.419639   -0.089014
 0.590643   0.419465   -0.089387
 0.592593   0.419290   -0.089823
 0.594542   0.419115   -0.090323
 0.596491   0.418938   -0.090700
 0.598441   0.418761   -0.090860
 0.600390   0.418584   -0.091362
 0.602339   0.418405   -0.091744
 0.604289   0.418226   -0.092188
 0.606238   0.418046   -0.092412
 0.608187   0.417866   -0.092576
 0.610136   0.417685   -0.092962
 0.612086   0.417503   -0.093411
 0.614035   0.417321   -0.093921
 0.615984   0.417137   -0.094311
 0.617934   0.416953   -0.094480
 0.619883   0.416769   -0.094710
 0.621832   0.416584   -0.095104
 0.623782   0.416398   -0.095559
 0.625731   0.416211   -0.095791
 0.627680   0.416025   -0.096188
 0.629630   0.415836   -0.096646
 0.631579   0.415648   -0.096880
 0.633528   0.415459   -0.096997
 0.635478   0.415270   -0.097458
 0.637427   0.415079   -0.097978
 0.639376   0.414888   -0.098156
 0.641325   0.414696   -0.098561
 0.643275   0.414503   -0.098740
 0.645224   0.414311   -0.098978
 0.647173   0.414118   -0.099386
 0.649123   0.413923   -0.099854
 0.651072   0.413728   -0.100093
 0.653021   0.413533   -0.100218
 0.654971   0.413338   -0.100688
 0.656920   0.413141   -0.101215
 0.658869   0.412943   -0.101342
 0.660819   0.412746   -0.101527
 0.662768   0.412547   -0.102057
 0.664717   0.412348   -0.102186
 0.666667   0.412149   -0.102372
 0.668616   0.411949   -0.102903
 0.670565   0.411748   -0.103034
 0.672515   0.411547   -0.103222
 0.674464   0.411345   -0.103754
 0.676413   0.411142   -0.103887
 0.678363   0.410940   -0.104365
 0.680312   0.410736   -0.104609
 0.682261   0.410532   -0.104744
 0.684211   0.410327   -0.105223
 0.686160   0.410122   -0.105179
 0.688109   0.409917   -0.105604
 0.690059   0.409710   -0.106084
 0.692008   0.409504   -0.106040
 0.693957   0.409297   -0.106232
 0.695906   0.409089   -0.106659
 0.697856   0.408881   -0.106851
 0.699805   0.408673   -0.107097
 0.701754   0.408464   -0.107526
 0.703704   0.408254   -0.107718
 0.705653   0.408044   -0.107673
 0.707602   0.407834   -0.107812
 0.709552   0.407623   -0.108296
 0.711501   0.407412   -0.108832
 0.713450   0.407199   -0.108682
 0.715400   0.406988   -0.108875
 0.717349   0.406775   -0.109410
 0.719298   0.406561   -0.109260
 0.721248   0.406349   -0.109453
 0.723197   0.406135   -0.109988
 0.725146   0.405920   -0.110130
 0.727096   0.405705   -0.110030
 0.729045   0.405491   -0.110273
 0.730994   0.405275   -0.110757
 0.732943   0.405059   -0.110606
 0.734893   0.404844   -0.110798
 0.736842   0.404627   -0.111332
 0.738791   0.404410   -0.111181
 0.740741   0.404194   -0.111372
 0.742690   0.403976   -0.111612
 0.744639   0.403759   -0.111753
 0.746589   0.403540   -0.111943
 0.748538   0.403322   -0.111888
 0.750487   0.403104   -0.112029
 0.752437   0.402885   -0.112218
 0.754386   0.402667   -0.112455
 0.756335   0.402447   -0.112595
 0.758285   0.402228   -0.112489
 0.760234   0.402008   -0.112723
 0.762183   0.401788   -0.112863
 0.764133   0.401568   -0.112755
 0.766082   0.401349   -0.112987
 0.768031   0.401128   -0.113172
 0.769980   0.400907   -0.113310
 0.771930   0.400686   -0.113200
 0.773879   0.400466   -0.113089
 0.775829   0.400245   -0.113566
 0.777778   0.400023   -0.113498
 0.779727   0.399803   -0.113384
 0.781676   0.399581   -0.113520
 0.783626   0.399360   -0.113405
 0.785575   0.399139   -0.113628
 0.787524   0.398917   -0.113763
 0.789474   0.398696   -0.113645
 0.791423   0.398474   -0.113570
 0.793372   0.398253   -0.113702
 0.795322   0.398031   -0.113582
 0.797271   0.397810   -0.113503
 0.799220   0.397588   -0.113634
 0.801170   0.397367   -0.113510
 0.803119   0.397146   -0.113724
 0.805068   0.396924   -0.113557
 0.807018   0.396703   -0.113431
 0.808967   0.396481   -0.113344
 0.810916   0.396261   -0.113471
 0.812866   0.396039   -0.113637
 0.814815   0.395818   -0.113251
 0.816764   0.395597   -0.113118
 0.818713   0.395377   -0.113242
 0.820663   0.395156   -0.113404
 0.822612   0.394935   -0.113308
 0.824561   0.394714   -0.113133
 0.826511   0.394494   -0.112996
 0.828460   0.394274   -0.113192
 0.830409   0.394053   -0.113014
 0.832359   0.393833   -0.112873
 0.834308   0.393613   -0.113362
 0.836257   0.393391   -0.113181
 0.838207   0.393171   -0.113333
 0.840156   0.392949   -0.113521
 0.842105   0.392729   -0.113337
 0.844055   0.392507   -0.113783
 0.846004   0.392285   -0.113966
 0.847953   0.392063   -0.114373
 0.849903   0.391839   -0.114815
 0.851852   0.391616   -0.114995
 0.853801   0.391391   -0.115731
 0.855750   0.391164   -0.116431
 0.857700   0.390937   -0.117166
 0.859649   0.390708   -0.118232
 0.861598   0.390476   -0.119226
 0.863548   0.390243   -0.120552
 0.865497   0.390006   -0.122209
 0.867446   0.389766   -0.123794
 0.869396   0.389523   -0.125711
 0.871345   0.389276   -0.128258
 0.873294   0.389023   -0.131325
 0.875244   0.388764   -0.134429
 0.877193   0.388499   -0.137866
 0.879142   0.388227   -0.142415
 0.881092   0.387944   -0.147301
 0.883041   0.387652   -0.152819
 0.884990   0.387348   -0.159443
 0.886940   0.387031   -0.166707
 0.888889   0.386698   -0.175200
 0.890838   0.386348   -0.185136
 0.892787   0.385977   -0.196208
 0.894737   0.385583   -0.208822
 0.896686   0.385163   -0.222957
 0.898636   0.384713   -0.238691
 0.900585   0.384232   -0.256609
 0.902534   0.383713   -0.276852
 0.904483   0.383153   -0.299989
 0.906433   0.382544   -0.326490
 0.908382   0.381880   -0.356931
 0.910331   0.381152   -0.391056
 0.912281   0.380355   -0.430063
 0.914230   0.379475   -0.474816
 0.916179   0.378504   -0.524680
 0.918129   0.377430   -0.581256
 0.920078   0.376238   -0.645095
 0.922027   0.374915   -0.716635
 0.923977   0.373444   -0.797330
 0.925926   0.371806   -0.888010
 0.927875   0.369982   -0.988647
 0.929825   0.367952   -1.100607
 0.931774   0.365691   -1.225591
 0.933723   0.363174   -1.363036
 0.935673   0.360376   -1.514599
 0.937622   0.357269   -1.681058
 0.939571   0.353824   -1.861756
 0.941520   0.350012   -2.056461
 0.943470   0.345805   -2.264005
 0.945419   0.341185   -2.487203
 0.947368   0.336110   -2.729651
 0.949318   0.330541   -2.989602
 0.951267   0.324454   -3.260603
 0.953216   0.317832   -3.537369
 0.955166   0.310662   -3.819950
 0.957115   0.302938   -4.103067
 0.959064   0.294668   -4.379024
 0.961014   0.285864   -4.645823
 0.962963   0.276554   -4.897007
 0.964912   0.266775   -5.122777
 0.966862   0.256580   -5.321387
 0.968811   0.246027   -5.487030
 0.970760   0.235192   -5.610594
 0.972710   0.224152   -5.692480
 0.974659   0.212997   -5.729647
 0.976608   0.201817   -5.718930
 0.978557   0.190704   -5.660046
 0.980507   0.179749   -5.557912
 0.982456   0.169034   -5.414535
 0.984406   0.158638   -5.233493
 0.986355   0.148628   -5.022335
 0.988304   0.139061   -4.783885
 0.990253   0.129981   -4.524398
 0.992203   0.121420   -4.251941
 0.994152   0.113402   -3.972976
 0.996101   0.105934   -3.689594
 0.998051   0.099017   -3.408503
 1.000000   0.092644   -3.269831
514 psinorm te(KeV) dte/dpsiN
 0.000000   2.233034   0.041206
 0.001949   2.233114   -0.014676
 0.003899   2.232977   -0.095539
 0.005848   2.232742   -0.137693
 0.007797   2.232440   -0.168015
 0.009747   2.232087   -0.192423
 0.011696   2.231690   -0.213413
 0.013645   2.231255   -0.230984
 0.015595   2.230789   -0.246532
 0.017544   2.230294   -0.261192
 0.019493   2.229771   -0.274718
 0.021442   2.229223   -0.286630
 0.023392   2.228653   -0.297670
 0.025341   2.228062   -0.308517
 0.027290   2.227451   -0.318408
 0.029240   2.226821   -0.328121
 0.031189   2.226171   -0.337416
 0.033138   2.225505   -0.345736
 0.035088   2.224823   -0.354343
 0.037037   2.224124   -0.362536
 0.038986   2.223410   -0.369972
 0.040936   2.222681   -0.377466
 0.042885   2.221938   -0.384781
 0.044834   2.221181   -0.391790
 0.046784   2.220411   -0.398630
 0.048733   2.219627   -0.405526
 0.050682   2.218830   -0.411873
 0.052632   2.218021   -0.418053
 0.054581   2.217200   -0.424526
 0.056530   2.216366   -0.430440
 0.058480   2.215522   -0.436423
 0.060429   2.214665   -0.442469
 0.062378   2.213797   -0.448005
 0.064327   2.212919   -0.453494
 0.066277   2.212029   -0.459054
 0.068226   2.211129   -0.464916
 0.070175   2.210217   -0.469966
 0.072125   2.209296   -0.475090
 0.074074   2.208364   -0.480753
 0.076023   2.207422   -0.485596
 0.077973   2.206471   -0.490516
 0.079922   2.205510   -0.495744
 0.081871   2.204539   -0.500613
 0.083821   2.203558   -0.505563
 0.085770   2.202567   -0.510588
 0.087719   2.201568   -0.515013
 0.089669   2.200559   -0.519756
 0.091618   2.199541   -0.524812
 0.093567   2.198514   -0.529263
 0.095517   2.197478   -0.533798
 0.097466   2.196432   -0.538649
 0.099415   2.195378   -0.543200
 0.101364   2.194315   -0.547211
 0.103314   2.193244   -0.551782
 0.105263   2.192164   -0.556357
 0.107213   2.191075   -0.560472
 0.109162   2.189978   -0.565145
 0.111111   2.188872   -0.569750
 0.113060   2.187757   -0.573570
 0.115010   2.186636   -0.577719
 0.116959   2.185505   -0.582430
 0.118908   2.184365   -0.586273
 0.120858   2.183219   -0.590447
 0.122807   2.182063   -0.594948
 0.124756   2.180900   -0.598813
 0.126706   2.179729   -0.603012
 0.128655   2.178549   -0.607303
 0.130604   2.177361   -0.611190
 0.132554   2.176166   -0.615413
 0.134503   2.174962   -0.619492
 0.136452   2.173751   -0.623163
 0.138402   2.172532   -0.627411
 0.140351   2.171305   -0.631515
 0.142300   2.170070   -0.635207
 0.144250   2.168828   -0.639240
 0.146199   2.167578   -0.643610
 0.148148   2.166319   -0.647657
 0.150097   2.165053   -0.650898
 0.152047   2.163781   -0.654963
 0.153996   2.162500   -0.659367
 0.155945   2.161211   -0.662629
 0.157895   2.159916   -0.666476
 0.159844   2.158613   -0.670907
 0.161793   2.157301   -0.674429
 0.163743   2.155983   -0.678059
 0.165692   2.154657   -0.682274
 0.167641   2.153323   -0.685817
 0.169591   2.151983   -0.689710
 0.171540   2.150634   -0.693951
 0.173489   2.149278   -0.697273
 0.175439   2.147916   -0.700947
 0.177388   2.146545   -0.705213
 0.179337   2.145167   -0.709143
 0.181286   2.143781   -0.712492
 0.183236   2.142389   -0.716197
 0.185185   2.140989   -0.719905
 0.187135   2.139582   -0.723624
 0.189084   2.138167   -0.727696
 0.191033   2.136745   -0.731079
 0.192983   2.135317   -0.734820
 0.194932   2.133880   -0.738916
 0.196881   2.132436   -0.742671
 0.198830   2.130985   -0.746080
 0.200780   2.129527   -0.749851
 0.202729   2.128062   -0.753980
 0.204678   2.126588   -0.757166
 0.206628   2.125109   -0.760714
 0.208577   2.123622   -0.764867
 0.210526   2.122128   -0.768316
 0.212476   2.120627   -0.772131
 0.214425   2.119117   -0.776063
 0.216374   2.117602   -0.779288
 0.218324   2.116079   -0.783124
 0.220273   2.114548   -0.787080
 0.222222   2.113011   -0.790685
 0.224171   2.111466   -0.794181
 0.226121   2.109914   -0.797801
 0.228070   2.108355   -0.801788
 0.230019   2.106789   -0.805058
 0.231969   2.105217   -0.808700
 0.233918   2.103636   -0.812956
 0.235867   2.102048   -0.816245
 0.237817   2.100453   -0.819662
 0.239766   2.098852   -0.823695
 0.241715   2.097243   -0.827251
 0.243665   2.095626   -0.830935
 0.245614   2.094003   -0.834745
 0.247563   2.092372   -0.838073
 0.249513   2.090735   -0.842026
 0.251462   2.089089   -0.845858
 0.253411   2.087438   -0.848958
 0.255361   2.085779   -0.852932
 0.257310   2.084112   -0.857035
 0.259259   2.082439   -0.860154
 0.261209   2.080759   -0.863902
 0.263158   2.079070   -0.867780
 0.265107   2.077376   -0.871541
 0.267056   2.075673   -0.874933
 0.269006   2.073965   -0.878461
 0.270955   2.072248   -0.882617
 0.272904   2.070524   -0.885780
 0.274854   2.068794   -0.889577
 0.276803   2.067056   -0.893756
 0.278752   2.065310   -0.896937
 0.280702   2.063559   -0.900506
 0.282651   2.061799   -0.904458
 0.284600   2.060033   -0.907908
 0.286550   2.058259   -0.911747
 0.288499   2.056478   -0.915722
 0.290448   2.054690   -0.918940
 0.292398   2.052895   -0.922800
 0.294347   2.051092   -0.927047
 0.296296   2.049282   -0.930034
 0.298246   2.047466   -0.933664
 0.300195   2.045641   -0.937934
 0.302144   2.043810   -0.941189
 0.304094   2.041971   -0.945090
 0.306043   2.040125   -0.949132
 0.307992   2.038272   -0.952543
 0.309941   2.036412   -0.956074
 0.311891   2.034544   -0.960002
 0.313840   2.032669   -0.963431
 0.315790   2.030788   -0.967122
 0.317739   2.028898   -0.971458
 0.319688   2.027001   -0.975161
 0.321637   2.025097   -0.978477
 0.323587   2.023186   -0.982194
 0.325536   2.021267   -0.986308
 0.327485   2.019341   -0.989643
 0.329435   2.017408   -0.993380
 0.331384   2.015468   -0.997515
 0.333333   2.013520   -1.000868
 0.335283   2.011566   -1.004624
 0.337232   2.009603   -1.009035
 0.339181   2.007632   -1.012405
 0.341131   2.005656   -1.015928
 0.343080   2.003671   -1.020107
 0.345029   2.001679   -1.023495
 0.346979   1.999681   -1.027290
 0.348928   1.997674   -1.031490
 0.350877   1.995660   -1.035297
 0.352826   1.993638   -1.038709
 0.354776   1.991610   -1.042530
 0.356725   1.989574   -1.046355
 0.358675   1.987530   -1.050190
 0.360624   1.985479   -1.054177
 0.362573   1.983421   -1.058022
 0.364522   1.981355   -1.061724
 0.366472   1.979281   -1.065328
 0.368421   1.977201   -1.069598
 0.370370   1.975112   -1.073061
 0.372320   1.973017   -1.076684
 0.374269   1.970914   -1.081230
 0.376218   1.968803   -1.084711
 0.378168   1.966685   -1.088352
 0.380117   1.964559   -1.092663
 0.382066   1.962426   -1.096160
 0.384016   1.960285   -1.100076
 0.385965   1.958136   -1.104150
 0.387914   1.955981   -1.108077
 0.389863   1.953817   -1.111596
 0.391813   1.951647   -1.115536
 0.393762   1.949468   -1.119894
 0.395711   1.947282   -1.123172
 0.397661   1.945088   -1.127131
 0.399610   1.942887   -1.131091
 0.401560   1.940678   -1.135062
 0.403509   1.938461   -1.139194
 0.405458   1.936238   -1.143175
 0.407407   1.934005   -1.146742
 0.409357   1.931767   -1.150736
 0.411306   1.929519   -1.155152
 0.413255   1.927264   -1.158477
 0.415205   1.925002   -1.162488
 0.417154   1.922731   -1.166923
 0.419103   1.920453   -1.170522
 0.421053   1.918167   -1.174292
 0.423002   1.915874   -1.178745
 0.424951   1.913573   -1.182359
 0.426901   1.911264   -1.186145
 0.428850   1.908948   -1.190617
 0.430799   1.906623   -1.194672
 0.432748   1.904291   -1.198306
 0.434698   1.901951   -1.202113
 0.436647   1.899604   -1.206182
 0.438597   1.897248   -1.210260
 0.440546   1.894885   -1.214508
 0.442495   1.892514   -1.218855
 0.444444   1.890134   -1.222518
 0.446394   1.887748   -1.226096
 0.448343   1.885354   -1.230628
 0.450292   1.882951   -1.234564
 0.452242   1.880540   -1.238418
 0.454191   1.878122   -1.242967
 0.456140   1.875695   -1.246657
 0.458090   1.873261   -1.250525
 0.460039   1.870819   -1.255091
 0.461988   1.868369   -1.258794
 0.463938   1.865911   -1.262938
 0.465887   1.863445   -1.267259
 0.467836   1.860971   -1.270975
 0.469786   1.858489   -1.275133
 0.471735   1.856000   -1.279470
 0.473684   1.853502   -1.283636
 0.475633   1.850996   -1.287368
 0.477583   1.848482   -1.291546
 0.479532   1.845960   -1.295724
 0.481482   1.843430   -1.299911
 0.483431   1.840892   -1.304540
 0.485380   1.838345   -1.308471
 0.487329   1.835791   -1.312227
 0.489279   1.833229   -1.316430
 0.491228   1.830659   -1.320816
 0.493177   1.828080   -1.324583
 0.495127   1.825494   -1.328799
 0.497076   1.822899   -1.333462
 0.499025   1.820296   -1.337239
 0.500975   1.817685   -1.341468
 0.502924   1.815066   -1.346144
 0.504873   1.812438   -1.349932
 0.506823   1.809803   -1.353908
 0.508772   1.807159   -1.358598
 0.510721   1.804507   -1.362395
 0.512671   1.801847   -1.366646
 0.514620   1.799178   -1.371348
 0.516569   1.796502   -1.375606
 0.518518   1.793816   -1.379415
 0.520468   1.791123   -1.383415
 0.522417   1.788422   -1.388399
 0.524366   1.785711   -1.392216
 0.526316   1.782994   -1.396227
 0.528265   1.780268   -1.400957
 0.530214   1.777533   -1.404781
 0.532164   1.774790   -1.409332
 0.534113   1.772038   -1.414073
 0.536062   1.769278   -1.417640
 0.538012   1.766511   -1.421933
 0.539961   1.763734   -1.426685
 0.541910   1.760949   -1.430789
 0.543860   1.758156   -1.435091
 0.545809   1.755354   -1.439587
 0.547758   1.752544   -1.443697
 0.549708   1.749725   -1.448007
 0.551657   1.746898   -1.452511
 0.553606   1.744063   -1.456627
 0.555556   1.741219   -1.460944
 0.557505   1.738367   -1.465723
 0.559454   1.735505   -1.469844
 0.561404   1.732636   -1.474167
 0.563353   1.729758   -1.478954
 0.565302   1.726871   -1.482813
 0.567252   1.723976   -1.487142
 0.569201   1.721073   -1.491936
 0.571150   1.718161   -1.496266
 0.573099   1.715240   -1.500396
 0.575049   1.712311   -1.504731
 0.576998   1.709373   -1.509534
 0.578947   1.706426   -1.513667
 0.580897   1.703471   -1.518006
 0.582846   1.700508   -1.522814
 0.584795   1.697536   -1.526949
 0.586745   1.694554   -1.531291
 0.588694   1.691565   -1.536105
 0.590643   1.688566   -1.540241
 0.592593   1.685560   -1.544586
 0.594542   1.682544   -1.549671
 0.596491   1.679519   -1.553808
 0.598441   1.676486   -1.558155
 0.600390   1.673444   -1.562975
 0.602339   1.670393   -1.566843
 0.604289   1.667335   -1.571459
 0.606238   1.664266   -1.576551
 0.608187   1.661189   -1.580897
 0.610136   1.658104   -1.585032
 0.612086   1.655009   -1.589648
 0.614035   1.651906   -1.594473
 0.615984   1.648794   -1.598606
 0.617934   1.645673   -1.603222
 0.619883   1.642543   -1.608317
 0.621832   1.639404   -1.612177
 0.623782   1.636257   -1.616522
 0.625731   1.633101   -1.621887
 0.627680   1.629935   -1.626012
 0.629630   1.626761   -1.630625
 0.631579   1.623577   -1.635449
 0.633528   1.620386   -1.639569
 0.635478   1.617184   -1.644448
 0.637427   1.613974   -1.649271
 0.639376   1.610756   -1.653875
 0.641325   1.607527   -1.657988
 0.643275   1.604291   -1.662591
 0.645224   1.601045   -1.667679
 0.647173   1.597791   -1.671785
 0.649123   1.594527   -1.676653
 0.651072   1.591253   -1.681738
 0.653021   1.587971   -1.685836
 0.654971   1.584680   -1.690427
 0.656920   1.581380   -1.695507
 0.658869   1.578071   -1.699867
 0.660819   1.574753   -1.704451
 0.662768   1.571425   -1.709525
 0.664717   1.568089   -1.713876
 0.666667   1.564743   -1.718451
 0.668616   1.561389   -1.723791
 0.670565   1.558024   -1.728130
 0.672515   1.554651   -1.732424
 0.674464   1.551269   -1.737756
 0.676413   1.547877   -1.742084
 0.678363   1.544477   -1.746912
 0.680312   1.541066   -1.752235
 0.682261   1.537646   -1.756278
 0.684211   1.534218   -1.761094
 0.686160   1.530780   -1.766409
 0.688109   1.527332   -1.770437
 0.690059   1.523877   -1.775242
 0.692008   1.520411   -1.780818
 0.693957   1.516935   -1.785612
 0.695906   1.513450   -1.789892
 0.697856   1.509957   -1.794679
 0.699805   1.506453   -1.799967
 0.701754   1.502940   -1.804232
 0.703704   1.499418   -1.809003
 0.705653   1.495887   -1.814552
 0.707602   1.492345   -1.818799
 0.709552   1.488795   -1.823555
 0.711501   1.485235   -1.829089
 0.713450   1.481666   -1.833591
 0.715400   1.478086   -1.838330
 0.717349   1.474498   -1.843576
 0.719298   1.470900   -1.848331
 0.721248   1.467291   -1.853327
 0.723197   1.463674   -1.858557
 0.725146   1.460047   -1.863018
 0.727096   1.456410   -1.867994
 0.729045   1.452763   -1.873481
 0.730994   1.449107   -1.878442
 0.732943   1.445441   -1.882874
 0.734893   1.441766   -1.887823
 0.736842   1.438081   -1.893559
 0.738791   1.434384   -1.898242
 0.740741   1.430679   -1.902896
 0.742690   1.426965   -1.908613
 0.744639   1.423240   -1.913271
 0.746589   1.419505   -1.918176
 0.748538   1.415761   -1.923872
 0.750487   1.412006   -1.928505
 0.752437   1.408241   -1.933661
 0.754386   1.404467   -1.939335
 0.756335   1.400682   -1.943941
 0.758285   1.396887   -1.949072
 0.760234   1.393082   -1.954724
 0.762183   1.389268   -1.959576
 0.764133   1.385442   -1.964956
 0.766082   1.381606   -1.970584
 0.768031   1.377761   -1.975670
 0.769980   1.373905   -1.980483
 0.771930   1.370039   -1.985827
 0.773879   1.366162   -1.991156
 0.775829   1.362275   -1.996756
 0.777778   1.358377   -2.002608
 0.779727   1.354469   -2.007637
 0.781676   1.350551   -2.012662
 0.783626   1.346622   -2.018223
 0.785575   1.342682   -2.024314
 0.787524   1.338731   -2.029306
 0.789474   1.334770   -2.034561
 0.791423   1.330798   -2.040623
 0.793372   1.326816   -2.045856
 0.795322   1.322821   -2.051630
 0.797271   1.318816   -2.057662
 0.799220   1.314801   -2.062585
 0.801170   1.310774   -2.068325
 0.803119   1.306736   -2.074878
 0.805068   1.302686   -2.080039
 0.807018   1.298626   -2.085745
 0.808967   1.294554   -2.092266
 0.810916   1.290471   -2.097389
 0.812866   1.286376   -2.103335
 0.814815   1.282270   -2.110100
 0.816764   1.278151   -2.116019
 0.818713   1.274021   -2.121641
 0.820663   1.269879   -2.127814
 0.822612   1.265725   -2.134257
 0.824561   1.261560   -2.140113
 0.826511   1.257381   -2.146524
 0.828460   1.253190   -2.153484
 0.830409   1.248986   -2.159298
 0.832359   1.244771   -2.165945
 0.834308   1.240541   -2.173144
 0.836257   1.236300   -2.179190
 0.838207   1.232045   -2.186073
 0.840156   1.227777   -2.193512
 0.842105   1.223494   -2.200064
 0.844055   1.219199   -2.207182
 0.846004   1.214889   -2.215135
 0.847953   1.210564   -2.221917
 0.849903   1.206225   -2.229544
 0.851852   1.201871   -2.238010
 0.853801   1.197502   -2.245882
 0.855750   1.193117   -2.253703
 0.857700   1.188714   -2.262376
 0.859649   1.184296   -2.271618
 0.861598   1.179860   -2.280493
 0.863548   1.175404   -2.289950
 0.865497   1.170931   -2.300257
 0.867446   1.166438   -2.310460
 0.869396   1.161923   -2.321528
 0.871345   1.157386   -2.334005
 0.873294   1.152825   -2.345810
 0.875244   1.148240   -2.359041
 0.877193   1.143627   -2.374239
 0.879142   1.138985   -2.389024
 0.881092   1.134312   -2.406075
 0.883041   1.129604   -2.425102
 0.884990   1.124859   -2.444520
 0.886940   1.120073   -2.467047
 0.888889   1.115240   -2.492391
 0.890838   1.110357   -2.519851
 0.892787   1.105418   -2.550223
 0.894737   1.100414   -2.585117
 0.896686   1.095338   -2.624022
 0.898636   1.090183   -2.667500
 0.900585   1.084938   -2.717362
 0.902534   1.079590   -2.773738
 0.904483   1.074126   -2.837935
 0.906433   1.068525   -2.912293
 0.908382   1.062771   -2.998688
 0.910331   1.056836   -3.097077
 0.912281   1.050695   -3.211515
 0.914230   1.044315   -3.344680
 0.916179   1.037658   -3.496840
 0.918129   1.030680   -3.673750
 0.920078   1.023334   -3.879696
 0.922027   1.015557   -4.116237
 0.923977   1.007284   -4.390448
 0.925926   0.998439   -4.707921
 0.927875   0.988933   -5.072132
 0.929825   0.978663   -5.493123
 0.931774   0.967516   -5.977755
 0.933723   0.955361   -6.530565
 0.935673   0.942052   -7.165784
 0.937622   0.927423   -7.893146
 0.939571   0.911285   -8.723858
 0.941520   0.893417   -9.683916
 0.943470   0.873526   -10.899345
 0.945419   0.850922   -10.433090
 0.947368   0.832858   -9.664638
 0.949318   0.813239   -10.659758
 0.951267   0.791297   -11.878131
 0.953216   0.766938   -13.125485
 0.955166   0.740119   -14.383205
 0.957115   0.710859   -15.616335
 0.959064   0.679247   -16.773529
 0.961014   0.645458   -17.823933
 0.962963   0.609752   -18.723629
 0.964912   0.572473   -19.418772
 0.966862   0.534038   -19.890348
 0.968811   0.494921   -20.114229
 0.970760   0.455633   -20.064085
 0.972710   0.416691   -19.757533
 0.974659   0.378598   -19.210284
 0.976608   0.341810   -18.439540
 0.978557   0.306720   -17.482740
 0.980507   0.273646   -16.389490
 0.982456   0.242817   -15.200713
 0.984406   0.214379   -13.957089
 0.986355   0.188397   -12.701935
 0.988304   0.164867   -11.460012
 0.990253   0.143726   -10.259422
 0.992203   0.124867   -9.123604
 0.994152   0.108152   -8.067800
 0.996101   0.093418   -7.092910
 0.998051   0.080497   -6.207254
 1.000000   0.069216   -5.788454
514 psinorm ni(10^20/m^3) dni/dpsiN
 0.000000   0.359024   0.194804
 0.001949   0.359403   0.185432
 0.003899   0.359747   0.170727
 0.005848   0.360069   0.161302
 0.007797   0.360375   0.153519
 0.009747   0.360668   0.147127
 0.011696   0.360949   0.141724
 0.013645   0.361220   0.136344
 0.015595   0.361481   0.131745
 0.017544   0.361734   0.127520
 0.019493   0.361978   0.123302
 0.021442   0.362214   0.119511
 0.023392   0.362444   0.115885
 0.025341   0.362666   0.112633
 0.027290   0.362883   0.109427
 0.029240   0.363093   0.106178
 0.031189   0.363297   0.103095
 0.033138   0.363495   0.100272
 0.035088   0.363688   0.097614
 0.037037   0.363875   0.094914
 0.038986   0.364058   0.092270
 0.040936   0.364235   0.089791
 0.042885   0.364408   0.087268
 0.044834   0.364575   0.084807
 0.046784   0.364738   0.082510
 0.048733   0.364897   0.080167
 0.050682   0.365051   0.078103
 0.052632   0.365201   0.075990
 0.054581   0.365347   0.073620
 0.056530   0.365488   0.071744
 0.058480   0.365627   0.069819
 0.060429   0.365761   0.067635
 0.062378   0.365891   0.065695
 0.064327   0.366017   0.063790
 0.066277   0.366139   0.061834
 0.068226   0.366258   0.060043
 0.070175   0.366373   0.058331
 0.072125   0.366485   0.056568
 0.074074   0.366594   0.054755
 0.076023   0.366699   0.053024
 0.077973   0.366801   0.051455
 0.079922   0.366899   0.049620
 0.081871   0.366994   0.048085
 0.083821   0.367087   0.046497
 0.085770   0.367175   0.044858
 0.087719   0.367262   0.043306
 0.089669   0.367344   0.041699
 0.091618   0.367424   0.040257
 0.093567   0.367501   0.038687
 0.095517   0.367575   0.037062
 0.097466   0.367646   0.035602
 0.099415   0.367714   0.034401
 0.101364   0.367780   0.033027
 0.103314   0.367843   0.031379
 0.105263   0.367902   0.029946
 0.107213   0.367959   0.028723
 0.109162   0.368014   0.027447
 0.111111   0.368066   0.025996
 0.113060   0.368115   0.024592
 0.115010   0.368162   0.023349
 0.116959   0.368206   0.022051
 0.118908   0.368248   0.020852
 0.120858   0.368288   0.019596
 0.122807   0.368325   0.018282
 0.124756   0.368359   0.017069
 0.126706   0.368391   0.015798
 0.128655   0.368421   0.014469
 0.130604   0.368448   0.013465
 0.132554   0.368473   0.012179
 0.134503   0.368495   0.010835
 0.136452   0.368515   0.010041
 0.138402   0.368534   0.008741
 0.140351   0.368549   0.007383
 0.142300   0.368563   0.006577
 0.144250   0.368575   0.005488
 0.146199   0.368584   0.004116
 0.148148   0.368591   0.003243
 0.150097   0.368597   0.002198
 0.152047   0.368600   0.000867
 0.153996   0.368600   -0.000074
 0.155945   0.368599   -0.001131
 0.157895   0.368596   -0.002024
 0.159844   0.368592   -0.002977
 0.161793   0.368584   -0.004271
 0.163743   0.368575   -0.005175
 0.165692   0.368564   -0.006140
 0.167641   0.368551   -0.007220
 0.169591   0.368536   -0.008135
 0.171540   0.368519   -0.009112
 0.173489   0.368501   -0.009974
 0.175439   0.368480   -0.011128
 0.177388   0.368457   -0.012116
 0.179337   0.368433   -0.012821
 0.181286   0.368407   -0.013697
 0.183236   0.368380   -0.014637
 0.185185   0.368350   -0.015580
 0.187135   0.368319   -0.016526
 0.189084   0.368286   -0.017537
 0.191033   0.368251   -0.018430
 0.192983   0.368214   -0.019157
 0.194932   0.368176   -0.019947
 0.196881   0.368136   -0.020910
 0.198830   0.368094   -0.021816
 0.200780   0.368051   -0.022556
 0.202729   0.368006   -0.023359
 0.204678   0.367960   -0.024274
 0.206628   0.367912   -0.025022
 0.208577   0.367862   -0.025835
 0.210526   0.367811   -0.026527
 0.212476   0.367759   -0.027517
 0.214425   0.367704   -0.028339
 0.216374   0.367649   -0.028806
 0.218324   0.367592   -0.029805
 0.220273   0.367532   -0.030636
 0.222222   0.367472   -0.031408
 0.224171   0.367410   -0.032119
 0.226121   0.367347   -0.032662
 0.228070   0.367283   -0.033504
 0.230019   0.367216   -0.034223
 0.231969   0.367149   -0.035009
 0.233918   0.367080   -0.035625
 0.235867   0.367010   -0.036352
 0.237817   0.366938   -0.037146
 0.239766   0.366865   -0.037769
 0.241715   0.366791   -0.038504
 0.243665   0.366715   -0.039069
 0.245614   0.366638   -0.039700
 0.247563   0.366561   -0.040443
 0.249513   0.366481   -0.041253
 0.251462   0.366400   -0.041891
 0.253411   0.366317   -0.042403
 0.255361   0.366234   -0.042982
 0.257310   0.366150   -0.043628
 0.259259   0.366064   -0.044146
 0.261209   0.365978   -0.044971
 0.263158   0.365889   -0.045624
 0.265107   0.365800   -0.046214
 0.267056   0.365709   -0.046742
 0.269006   0.365618   -0.047337
 0.270955   0.365524   -0.047998
 0.272904   0.365431   -0.048291
 0.274854   0.365336   -0.049134
 0.276803   0.365239   -0.049802
 0.278752   0.365142   -0.050100
 0.280702   0.365044   -0.050708
 0.282651   0.364944   -0.051383
 0.284600   0.364843   -0.051929
 0.286550   0.364742   -0.052301
 0.288499   0.364639   -0.052982
 0.290448   0.364535   -0.053535
 0.292398   0.364431   -0.053912
 0.294347   0.364325   -0.054599
 0.296296   0.364218   -0.054914
 0.298246   0.364111   -0.055540
 0.300195   0.364001   -0.056234
 0.302144   0.363892   -0.056309
 0.304094   0.363782   -0.056941
 0.306043   0.363670   -0.057641
 0.307992   0.363557   -0.057786
 0.309941   0.363444   -0.058357
 0.311891   0.363330   -0.058998
 0.313840   0.363214   -0.059147
 0.315790   0.363099   -0.059791
 0.317739   0.362981   -0.060255
 0.319688   0.362864   -0.060656
 0.321637   0.362745   -0.061239
 0.323587   0.362625   -0.061395
 0.325536   0.362505   -0.061866
 0.327485   0.362384   -0.062206
 0.329435   0.362263   -0.062614
 0.331384   0.362140   -0.063339
 0.333333   0.362016   -0.063684
 0.335283   0.361892   -0.063848
 0.337232   0.361767   -0.064328
 0.339181   0.361641   -0.064678
 0.341131   0.361515   -0.065095
 0.343080   0.361387   -0.065580
 0.345029   0.361259   -0.065684
 0.346979   0.361131   -0.066105
 0.348928   0.361001   -0.066594
 0.350877   0.360872   -0.067019
 0.352826   0.360740   -0.067379
 0.354776   0.360609   -0.067555
 0.356725   0.360477   -0.067731
 0.358675   0.360345   -0.068162
 0.360624   0.360211   -0.068659
 0.362573   0.360077   -0.069092
 0.364522   0.359942   -0.069207
 0.366472   0.359807   -0.069390
 0.368421   0.359671   -0.069892
 0.370370   0.359535   -0.070011
 0.372320   0.359398   -0.070451
 0.374269   0.359260   -0.070703
 0.376218   0.359123   -0.070824
 0.378168   0.358984   -0.071268
 0.380117   0.358845   -0.071523
 0.382066   0.358705   -0.071904
 0.384016   0.358564   -0.072095
 0.385965   0.358424   -0.072354
 0.387914   0.358282   -0.072547
 0.389863   0.358141   -0.072676
 0.391813   0.357999   -0.073128
 0.393762   0.357856   -0.073390
 0.395711   0.357713   -0.073523
 0.397661   0.357569   -0.073721
 0.399610   0.357425   -0.073920
 0.401560   0.357281   -0.074120
 0.403509   0.357136   -0.074386
 0.405458   0.356991   -0.074588
 0.407407   0.356846   -0.074726
 0.409357   0.356700   -0.074930
 0.411306   0.356554   -0.075199
 0.413255   0.356407   -0.075340
 0.415205   0.356260   -0.075546
 0.417154   0.356112   -0.075558
 0.419103   0.355965   -0.075701
 0.421053   0.355817   -0.076171
 0.423002   0.355668   -0.076183
 0.424951   0.355520   -0.076330
 0.426901   0.355371   -0.076541
 0.428850   0.355222   -0.076555
 0.430799   0.355072   -0.076768
 0.432748   0.354922   -0.076918
 0.434698   0.354772   -0.077132
 0.436647   0.354622   -0.077085
 0.438597   0.354472   -0.077301
 0.440546   0.354320   -0.077581
 0.442495   0.354169   -0.077535
 0.444444   0.354018   -0.077690
 0.446394   0.353867   -0.077644
 0.448343   0.353715   -0.077927
 0.450292   0.353563   -0.078085
 0.452242   0.353411   -0.077776
 0.454191   0.353260   -0.078061
 0.456140   0.353107   -0.078220
 0.458090   0.352955   -0.078178
 0.460039   0.352802   -0.078464
 0.461988   0.352649   -0.078360
 0.463938   0.352496   -0.078319
 0.465887   0.352343   -0.078607
 0.467836   0.352190   -0.078504
 0.469786   0.352037   -0.078464
 0.471735   0.351884   -0.078753
 0.473684   0.351730   -0.078714
 0.475633   0.351577   -0.078614
 0.477583   0.351424   -0.078843
 0.479532   0.351270   -0.078805
 0.481482   0.351116   -0.078768
 0.483431   0.350963   -0.078791
 0.485380   0.350809   -0.078753
 0.487329   0.350656   -0.078925
 0.489279   0.350502   -0.078889
 0.491228   0.350348   -0.078913
 0.493177   0.350194   -0.078817
 0.495127   0.350041   -0.078782
 0.497076   0.349887   -0.078806
 0.499025   0.349734   -0.078712
 0.500975   0.349580   -0.078677
 0.502924   0.349427   -0.078702
 0.504873   0.349273   -0.078608
 0.506823   0.349120   -0.078575
 0.508772   0.348967   -0.078600
 0.510721   0.348814   -0.078508
 0.512671   0.348661   -0.078474
 0.514620   0.348508   -0.078500
 0.516569   0.348355   -0.078467
 0.518518   0.348202   -0.078377
 0.520468   0.348049   -0.078345
 0.522417   0.347897   -0.078098
 0.524366   0.347745   -0.078008
 0.526316   0.347592   -0.077977
 0.528265   0.347441   -0.078003
 0.530214   0.347288   -0.077915
 0.532164   0.347137   -0.077609
 0.534113   0.346986   -0.077635
 0.536062   0.346834   -0.077548
 0.538012   0.346683   -0.077518
 0.539961   0.346532   -0.077268
 0.541910   0.346382   -0.077183
 0.543860   0.346231   -0.077152
 0.545809   0.346081   -0.076903
 0.547758   0.345931   -0.076818
 0.549708   0.345782   -0.076789
 0.551657   0.345632   -0.076814
 0.553606   0.345482   -0.076454
 0.555556   0.345334   -0.076148
 0.557505   0.345186   -0.076173
 0.559454   0.345037   -0.076091
 0.561404   0.344889   -0.075784
 0.563353   0.344741   -0.075810
 0.565302   0.344593   -0.075728
 0.567252   0.344446   -0.075422
 0.569201   0.344299   -0.075168
 0.571150   0.344153   -0.074861
 0.573099   0.344008   -0.074780
 0.575049   0.343862   -0.074752
 0.576998   0.343716   -0.074498
 0.578947   0.343571   -0.074418
 0.580897   0.343426   -0.074390
 0.582846   0.343281   -0.073855
 0.584795   0.343138   -0.073496
 0.586745   0.342995   -0.073749
 0.588694   0.342850   -0.073492
 0.590643   0.342708   -0.073134
 0.592593   0.342565   -0.072825
 0.594542   0.342424   -0.072568
 0.596491   0.342282   -0.072490
 0.598441   0.342142   -0.072182
 0.600390   0.342001   -0.072205
 0.602339   0.341860   -0.071847
 0.604289   0.341721   -0.071538
 0.606238   0.341581   -0.071560
 0.608187   0.341442   -0.071250
 0.610136   0.341303   -0.070893
 0.612086   0.341166   -0.070583
 0.614035   0.341028   -0.070321
 0.615984   0.340891   -0.069963
 0.617934   0.340755   -0.069937
 0.619883   0.340619   -0.069673
 0.621832   0.340484   -0.069316
 0.623782   0.340348   -0.069005
 0.625731   0.340215   -0.068741
 0.627680   0.340081   -0.068668
 0.629630   0.339947   -0.068072
 0.631579   0.339815   -0.067807
 0.633528   0.339683   -0.067734
 0.635478   0.339551   -0.067422
 0.637427   0.339420   -0.067155
 0.639376   0.339289   -0.066843
 0.641325   0.339159   -0.066772
 0.643275   0.339029   -0.066459
 0.645224   0.338900   -0.065905
 0.647173   0.338772   -0.065549
 0.649123   0.338645   -0.065235
 0.651072   0.338518   -0.065251
 0.653021   0.338390   -0.064895
 0.654971   0.338265   -0.064295
 0.656920   0.338140   -0.064023
 0.658869   0.338015   -0.063667
 0.660819   0.337891   -0.063352
 0.662768   0.337768   -0.063367
 0.664717   0.337644   -0.063011
 0.666667   0.337522   -0.062408
 0.668616   0.337401   -0.062134
 0.670565   0.337280   -0.061778
 0.672515   0.337160   -0.061462
 0.674464   0.337041   -0.061186
 0.676413   0.336922   -0.060831
 0.678363   0.336803   -0.060514
 0.680312   0.336686   -0.060237
 0.682261   0.336569   -0.059882
 0.684211   0.336452   -0.059275
 0.686160   0.336337   -0.058996
 0.688109   0.336222   -0.058931
 0.690059   0.336108   -0.058323
 0.692008   0.335995   -0.058043
 0.693957   0.335881   -0.057725
 0.695906   0.335770   -0.057370
 0.697856   0.335658   -0.057051
 0.699805   0.335547   -0.056479
 0.701754   0.335438   -0.056124
 0.703704   0.335329   -0.055805
 0.705653   0.335220   -0.055521
 0.707602   0.335112   -0.055167
 0.709552   0.335005   -0.054847
 0.711501   0.334898   -0.054270
 0.713450   0.334793   -0.053916
 0.715400   0.334688   -0.053595
 0.717349   0.334584   -0.053308
 0.719298   0.334480   -0.052955
 0.721248   0.334378   -0.052342
 0.723197   0.334276   -0.052053
 0.725146   0.334175   -0.051699
 0.727096   0.334075   -0.051377
 0.729045   0.333975   -0.051087
 0.730994   0.333875   -0.050473
 0.732943   0.333778   -0.050119
 0.734893   0.333680   -0.049796
 0.736842   0.333584   -0.049212
 0.738791   0.333488   -0.048858
 0.740741   0.333393   -0.048535
 0.742690   0.333299   -0.048241
 0.744639   0.333205   -0.047888
 0.746589   0.333112   -0.047271
 0.748538   0.333021   -0.046976
 0.750487   0.332929   -0.046623
 0.752437   0.332839   -0.046005
 0.754386   0.332750   -0.045708
 0.756335   0.332661   -0.045356
 0.758285   0.332573   -0.045030
 0.760234   0.332485   -0.044732
 0.762183   0.332399   -0.044380
 0.764133   0.332312   -0.043760
 0.766082   0.332228   -0.043165
 0.768031   0.332144   -0.043133
 0.769980   0.332060   -0.042782
 0.771930   0.331977   -0.042161
 0.773879   0.331895   -0.041834
 0.775829   0.331814   -0.041507
 0.777778   0.331734   -0.040909
 0.779727   0.331655   -0.040581
 0.781676   0.331575   -0.040231
 0.783626   0.331498   -0.039903
 0.785575   0.331420   -0.039597
 0.787524   0.331344   -0.038951
 0.789474   0.331268   -0.038623
 0.791423   0.331193   -0.038611
 0.793372   0.331117   -0.038262
 0.795322   0.331044   -0.037637
 0.797271   0.330971   -0.037328
 0.799220   0.330898   -0.036683
 0.801170   0.330828   -0.036353
 0.803119   0.330757   -0.036339
 0.805068   0.330686   -0.035990
 0.807018   0.330616   -0.035659
 0.808967   0.330547   -0.035348
 0.810916   0.330478   -0.034999
 0.812866   0.330411   -0.034965
 0.814815   0.330342   -0.034652
 0.816764   0.330275   -0.034025
 0.818713   0.330209   -0.033972
 0.820663   0.330143   -0.033937
 0.822612   0.330077   -0.033623
 0.824561   0.330012   -0.033571
 0.826511   0.329946   -0.033536
 0.828460   0.329881   -0.033517
 0.830409   0.329816   -0.033466
 0.832359   0.329751   -0.033134
 0.834308   0.329686   -0.033114
 0.836257   0.329622   -0.033657
 0.838207   0.329555   -0.033918
 0.840156   0.329489   -0.033898
 0.842105   0.329423   -0.034144
 0.844055   0.329356   -0.034406
 0.846004   0.329289   -0.034979
 0.847953   0.329220   -0.035820
 0.849903   0.329149   -0.036378
 0.851852   0.329078   -0.037249
 0.853801   0.329004   -0.038401
 0.855750   0.328928   -0.039540
 0.857700   0.328850   -0.040991
 0.859649   0.328769   -0.042456
 0.861598   0.328684   -0.044188
 0.863548   0.328596   -0.046235
 0.865497   0.328504   -0.048890
 0.867446   0.328406   -0.051514
 0.869396   0.328303   -0.054454
 0.871345   0.328193   -0.058301
 0.873294   0.328076   -0.062112
 0.875244   0.327951   -0.066540
 0.877193   0.327817   -0.071877
 0.879142   0.327671   -0.077768
 0.881092   0.327513   -0.084279
 0.883041   0.327342   -0.091404
 0.884990   0.327157   -0.099669
 0.886940   0.326954   -0.109454
 0.888889   0.326730   -0.119857
 0.890838   0.326487   -0.131423
 0.892787   0.326218   -0.145030
 0.894737   0.325921   -0.159871
 0.896686   0.325595   -0.176270
 0.898636   0.325234   -0.194347
 0.900585   0.324837   -0.214635
 0.902534   0.324397   -0.237259
 0.904483   0.323912   -0.262489
 0.906433   0.323374   -0.291372
 0.908382   0.322776   -0.323292
 0.910331   0.322114   -0.358913
 0.912281   0.321377   -0.398814
 0.914230   0.320559   -0.443261
 0.916179   0.319649   -0.492836
 0.918129   0.318637   -0.548220
 0.920078   0.317511   -0.609372
 0.922027   0.316262   -0.676756
 0.923977   0.314873   -0.751793
 0.925926   0.313330   -0.834724
 0.927875   0.311619   -0.925258
 0.929825   0.309723   -1.024712
 0.931774   0.307624   -1.134200
 0.933723   0.305302   -1.252626
 0.935673   0.302740   -1.381261
 0.937622   0.299916   -1.521198
 0.939571   0.296810   -1.671234
 0.941520   0.293402   -1.831177
 0.943470   0.289670   -2.002393
 0.945419   0.285595   -2.183857
 0.947368   0.281157   -2.372828
 0.949318   0.276343   -2.570545
 0.951267   0.271135   -2.775070
 0.953216   0.265526   -2.982040
 0.955166   0.259508   -3.191965
 0.957115   0.253080   -3.401708
 0.959064   0.246248   -3.605543
 0.961014   0.239022   -3.802962
 0.962963   0.231420   -3.990242
 0.964912   0.223468   -4.160603
 0.966862   0.215198   -4.313655
 0.968811   0.206649   -4.446006
 0.970760   0.197867   -4.550793
 0.972710   0.188906   -4.628808
 0.974659   0.179820   -4.678205
 0.976608   0.170670   -4.695471
 0.978557   0.161517   -4.679989
 0.980507   0.152423   -4.634431
 0.982456   0.143447   -4.558876
 0.984406   0.134648   -4.454955
 0.986355   0.126077   -4.327228
 0.988304   0.117780   -4.176001
 0.990253   0.109799   -4.004741
 0.992203   0.102166   -3.819530
 0.994152   0.094907   -3.624083
 0.996101   0.088039   -3.418746
 0.998051   0.081577   -3.210012
 1.000000   0.075523   -3.106102
514 psinorm ti(KeV) dti/dpsiN
 0.000000   4.466068   -8.515855
 0.001949   4.449470   -8.130457
 0.003899   4.434368   -7.608718
 0.005848   4.419804   -7.382397
 0.007797   4.405591   -7.222547
 0.009747   4.391643   -7.101090
 0.011696   4.377904   -7.003717
 0.013645   4.364343   -6.916576
 0.015595   4.350937   -6.842410
 0.017544   4.337664   -6.778305
 0.019493   4.324515   -6.718402
 0.021442   4.311476   -6.661647
 0.023392   4.298541   -6.610965
 0.025341   4.285700   -6.565711
 0.027290   4.272948   -6.519311
 0.029240   4.260281   -6.477818
 0.031189   4.247691   -6.440347
 0.033138   4.235176   -6.400431
 0.035088   4.222736   -6.364716
 0.037037   4.210360   -6.332304
 0.038986   4.198052   -6.297292
 0.040936   4.185807   -6.265536
 0.042885   4.173623   -6.236599
 0.044834   4.161497   -6.205127
 0.046784   4.149429   -6.176430
 0.048733   4.137415   -6.150298
 0.050682   4.125455   -6.121225
 0.052632   4.113548   -6.094909
 0.054581   4.101691   -6.070906
 0.056530   4.089884   -6.043781
 0.058480   4.078127   -6.019163
 0.060429   4.066415   -5.997072
 0.062378   4.054750   -5.973288
 0.064327   4.043131   -5.948313
 0.066277   4.031557   -5.925824
 0.068226   4.020027   -5.905136
 0.070175   4.008539   -5.881436
 0.072125   3.997095   -5.859970
 0.074074   3.985691   -5.840756
 0.076023   3.974328   -5.818104
 0.077973   3.963006   -5.797201
 0.079922   3.951724   -5.778766
 0.081871   3.940481   -5.757169
 0.083821   3.929277   -5.737305
 0.085770   3.918111   -5.719658
 0.087719   3.906982   -5.698652
 0.089669   3.895892   -5.679598
 0.091618   3.884837   -5.662745
 0.093567   3.873819   -5.642335
 0.095517   3.862838   -5.623625
 0.097466   3.851892   -5.607100
 0.099415   3.840981   -5.589254
 0.101364   3.830105   -5.569882
 0.103314   3.819264   -5.552189
 0.105263   3.808457   -5.534475
 0.107213   3.797685   -5.516938
 0.109162   3.786947   -5.501319
 0.111111   3.776241   -5.484417
 0.113060   3.765568   -5.465787
 0.115010   3.754930   -5.448804
 0.116959   3.744324   -5.433957
 0.118908   3.733749   -5.415701
 0.120858   3.723208   -5.399079
 0.122807   3.712698   -5.384339
 0.124756   3.702220   -5.366461
 0.126706   3.691774   -5.350202
 0.128655   3.681359   -5.335811
 0.130604   3.670975   -5.318314
 0.132554   3.660623   -5.302421
 0.134503   3.650301   -5.288143
 0.136452   3.640010   -5.270791
 0.138402   3.629750   -5.255266
 0.140351   3.619520   -5.241343
 0.142300   3.609319   -5.224375
 0.144250   3.599150   -5.208743
 0.146199   3.589010   -5.195177
 0.148148   3.578899   -5.179956
 0.150097   3.568819   -5.163107
 0.152047   3.558768   -5.148053
 0.153996   3.548746   -5.134567
 0.155945   3.538753   -5.117867
 0.157895   3.528792   -5.102950
 0.159844   3.518857   -5.089826
 0.161793   3.508952   -5.073277
 0.163743   3.499076   -5.058739
 0.165692   3.489228   -5.045498
 0.167641   3.479409   -5.029102
 0.169591   3.469619   -5.014704
 0.171540   3.459857   -5.001588
 0.173489   3.450123   -4.985346
 0.175439   3.440419   -4.971089
 0.177388   3.430741   -4.958100
 0.179337   3.421092   -4.943778
 0.181286   3.411470   -4.927906
 0.183236   3.401878   -4.913515
 0.185185   3.392312   -4.899351
 0.187135   3.382776   -4.884894
 0.189084   3.373266   -4.872164
 0.191033   3.363784   -4.856635
 0.192983   3.354330   -4.842565
 0.194932   3.344903   -4.829967
 0.196881   3.335503   -4.815835
 0.198830   3.326131   -4.800195
 0.200780   3.316787   -4.786239
 0.202729   3.307469   -4.773736
 0.204678   3.298179   -4.758256
 0.206628   3.288917   -4.744204
 0.208577   3.279681   -4.731835
 0.210526   3.270472   -4.716761
 0.212476   3.261290   -4.702613
 0.214425   3.252137   -4.690136
 0.216374   3.243008   -4.675225
 0.218324   3.233908   -4.661226
 0.220273   3.224834   -4.648640
 0.222222   3.215787   -4.635071
 0.224171   3.206767   -4.620052
 0.226121   3.197774   -4.606173
 0.228070   3.188807   -4.593933
 0.230019   3.179867   -4.578834
 0.231969   3.170954   -4.565107
 0.233918   3.162067   -4.552760
 0.235867   3.153208   -4.537827
 0.237817   3.144374   -4.524252
 0.239766   3.135568   -4.511799
 0.241715   3.126787   -4.497033
 0.243665   3.118034   -4.483365
 0.245614   3.109307   -4.471053
 0.247563   3.100606   -4.456454
 0.249513   3.091931   -4.442695
 0.251462   3.083283   -4.430524
 0.253411   3.074661   -4.415600
 0.255361   3.066067   -4.401996
 0.257310   3.057497   -4.389968
 0.259259   3.048955   -4.374966
 0.261209   3.040439   -4.361518
 0.263158   3.031949   -4.349386
 0.265107   3.023486   -4.336128
 0.267056   3.015047   -4.321270
 0.269006   3.006637   -4.307452
 0.270955   2.998252   -4.295430
 0.272904   2.989893   -4.280743
 0.274854   2.981562   -4.267332
 0.276803   2.973255   -4.255208
 0.278752   2.964975   -4.240443
 0.280702   2.956722   -4.226943
 0.282651   2.948494   -4.214715
 0.284600   2.940293   -4.200123
 0.286550   2.932118   -4.186783
 0.288499   2.923968   -4.174453
 0.290448   2.915846   -4.159785
 0.292398   2.907749   -4.146605
 0.294347   2.899678   -4.134173
 0.296296   2.891634   -4.119429
 0.298246   2.883617   -4.106160
 0.300195   2.875624   -4.094127
 0.302144   2.867658   -4.079558
 0.304094   2.859718   -4.065951
 0.306043   2.851805   -4.053566
 0.307992   2.843917   -4.040404
 0.309941   2.836055   -4.025735
 0.311891   2.828221   -4.012261
 0.313840   2.820411   -3.999025
 0.315790   2.812629   -3.985493
 0.317739   2.804872   -3.973157
 0.319688   2.797142   -3.959820
 0.321637   2.789436   -3.945253
 0.323587   2.781759   -3.931604
 0.325536   2.774107   -3.919639
 0.327485   2.766480   -3.904997
 0.329435   2.758881   -3.891513
 0.331384   2.751307   -3.879449
 0.333333   2.743759   -3.864733
 0.335283   2.736239   -3.851162
 0.337232   2.728744   -3.838745
 0.339181   2.721275   -3.824209
 0.341131   2.713833   -3.811059
 0.343080   2.706416   -3.798796
 0.345029   2.699025   -3.783933
 0.346979   2.691662   -3.770443
 0.348928   2.684324   -3.758335
 0.350877   2.677012   -3.744791
 0.352826   2.669727   -3.730084
 0.354776   2.662469   -3.716480
 0.356725   2.655237   -3.703116
 0.358675   2.648030   -3.689709
 0.360624   2.640850   -3.677151
 0.362573   2.633697   -3.663945
 0.364522   2.626568   -3.649348
 0.366472   2.619468   -3.635573
 0.368421   2.612393   -3.623139
 0.370370   2.605345   -3.608470
 0.372320   2.598324   -3.595121
 0.374269   2.591328   -3.582845
 0.376218   2.584358   -3.567849
 0.378168   2.577417   -3.554415
 0.380117   2.570499   -3.542042
 0.382066   2.563610   -3.527230
 0.384016   2.556747   -3.513713
 0.385965   2.549910   -3.501244
 0.387914   2.543099   -3.487673
 0.389863   2.536315   -3.473023
 0.391813   2.529558   -3.459394
 0.393762   2.522827   -3.446797
 0.395711   2.516122   -3.432076
 0.397661   2.509445   -3.418364
 0.399610   2.502794   -3.404897
 0.401560   2.496169   -3.391130
 0.403509   2.489572   -3.378630
 0.405458   2.482999   -3.365068
 0.407407   2.476455   -3.350207
 0.409357   2.469937   -3.336587
 0.411306   2.463445   -3.323961
 0.413255   2.456980   -3.309030
 0.415205   2.450543   -3.295328
 0.417154   2.444132   -3.282865
 0.419103   2.437747   -3.268124
 0.421053   2.431389   -3.254340
 0.423002   2.425058   -3.241524
 0.424951   2.418754   -3.226973
 0.426901   2.412476   -3.213108
 0.428850   2.406226   -3.200198
 0.430799   2.400002   -3.186541
 0.432748   2.393805   -3.171900
 0.434698   2.387635   -3.157926
 0.436647   2.381492   -3.144202
 0.438597   2.375375   -3.130435
 0.440546   2.369286   -3.117338
 0.442495   2.363224   -3.103780
 0.444444   2.357188   -3.089004
 0.446394   2.351180   -3.075130
 0.448343   2.345198   -3.062169
 0.450292   2.339244   -3.047326
 0.452242   2.333316   -3.033372
 0.454191   2.327416   -3.020580
 0.456140   2.321542   -3.005931
 0.458090   2.315696   -2.991637
 0.460039   2.309878   -2.978753
 0.461988   2.304085   -2.964039
 0.463938   2.298321   -2.950189
 0.465887   2.292582   -2.937214
 0.467836   2.286872   -2.922173
 0.469786   2.281189   -2.908245
 0.471735   2.275532   -2.895179
 0.473684   2.269903   -2.881202
 0.475633   2.264302   -2.866336
 0.477583   2.258728   -2.852567
 0.479532   2.253179   -2.838526
 0.481482   2.247660   -2.824444
 0.483431   2.242167   -2.811197
 0.485380   2.236702   -2.797066
 0.487329   2.231264   -2.782598
 0.489279   2.225853   -2.768414
 0.491228   2.220470   -2.755048
 0.493177   2.215114   -2.740518
 0.495127   2.209785   -2.726521
 0.497076   2.204483   -2.713067
 0.499025   2.199209   -2.697947
 0.500975   2.193964   -2.684139
 0.502924   2.188744   -2.671123
 0.504873   2.183552   -2.655942
 0.506823   2.178388   -2.641795
 0.508772   2.173251   -2.628693
 0.510721   2.168141   -2.613714
 0.512671   2.163060   -2.599493
 0.514620   2.158006   -2.586305
 0.516569   2.152979   -2.572302
 0.518518   2.147979   -2.557507
 0.520468   2.143007   -2.543454
 0.522417   2.138062   -2.529886
 0.524366   2.133146   -2.515032
 0.526316   2.128256   -2.500906
 0.528265   2.123395   -2.487518
 0.530214   2.118560   -2.472870
 0.532164   2.113753   -2.458672
 0.534113   2.108973   -2.445201
 0.536062   2.104222   -2.430229
 0.538012   2.099498   -2.416226
 0.539961   2.094801   -2.402937
 0.541910   2.090131   -2.388173
 0.543860   2.085489   -2.374101
 0.545809   2.080875   -2.360463
 0.547758   2.076288   -2.345643
 0.549708   2.071729   -2.331767
 0.551657   2.067197   -2.318313
 0.553606   2.062692   -2.303438
 0.555556   2.058215   -2.289494
 0.557505   2.053766   -2.276226
 0.559454   2.049343   -2.261296
 0.561404   2.044949   -2.247285
 0.563353   2.040581   -2.233937
 0.565302   2.036241   -2.219219
 0.567252   2.031928   -2.205409
 0.569201   2.027642   -2.191982
 0.571150   2.023384   -2.177864
 0.573099   2.019153   -2.163343
 0.575049   2.014949   -2.149446
 0.576998   2.010772   -2.135915
 0.578947   2.006623   -2.121610
 0.580897   2.002500   -2.107649
 0.582846   1.998405   -2.094310
 0.584795   1.994336   -2.079955
 0.586745   1.990295   -2.066199
 0.588694   1.986280   -2.053052
 0.590643   1.982293   -2.038379
 0.592593   1.978332   -2.024829
 0.594542   1.974398   -2.011877
 0.596491   1.970490   -1.997423
 0.598441   1.966610   -1.983813
 0.600390   1.962755   -1.971057
 0.602339   1.958927   -1.956825
 0.604289   1.955126   -1.943155
 0.606238   1.951350   -1.930328
 0.608187   1.947601   -1.916891
 0.610136   1.943878   -1.902866
 0.612086   1.940182   -1.889388
 0.614035   1.936512   -1.876737
 0.615984   1.932866   -1.863205
 0.617934   1.929247   -1.850210
 0.619883   1.925652   -1.837491
 0.621832   1.922084   -1.823647
 0.623782   1.918542   -1.810867
 0.625731   1.915024   -1.798621
 0.627680   1.911531   -1.785274
 0.629630   1.908063   -1.772440
 0.631579   1.904620   -1.760130
 0.633528   1.901202   -1.747282
 0.635478   1.897808   -1.734937
 0.637427   1.894437   -1.722834
 0.639376   1.891092   -1.710458
 0.641325   1.887770   -1.697829
 0.643275   1.884472   -1.685688
 0.645224   1.881198   -1.674315
 0.647173   1.877946   -1.661920
 0.649123   1.874718   -1.650273
 0.651072   1.871511   -1.639112
 0.653021   1.868329   -1.626951
 0.654971   1.865168   -1.615800
 0.656920   1.862029   -1.605126
 0.658869   1.858911   -1.593472
 0.660819   1.855816   -1.582549
 0.662768   1.852741   -1.572635
 0.664717   1.849685   -1.561491
 0.666667   1.846652   -1.550797
 0.668616   1.843639   -1.541102
 0.670565   1.840645   -1.530742
 0.672515   1.837671   -1.521095
 0.674464   1.834714   -1.511895
 0.676413   1.831777   -1.502049
 0.678363   1.828858   -1.492908
 0.680312   1.825956   -1.484205
 0.682261   1.823073   -1.475147
 0.684211   1.820205   -1.466787
 0.686160   1.817354   -1.459130
 0.688109   1.814517   -1.450863
 0.690059   1.811697   -1.443013
 0.692008   1.808891   -1.436406
 0.693957   1.806097   -1.429354
 0.695906   1.803319   -1.422145
 0.697856   1.800553   -1.415891
 0.699805   1.797799   -1.410324
 0.701754   1.795055   -1.404456
 0.703704   1.792323   -1.398993
 0.705653   1.789600   -1.394485
 0.707602   1.786887   -1.389962
 0.709552   1.784181   -1.385839
 0.711501   1.781483   -1.382394
 0.713450   1.778792   -1.379217
 0.715400   1.776106   -1.376439
 0.717349   1.773426   -1.374608
 0.719298   1.770748   -1.372781
 0.721248   1.768073   -1.371350
 0.723197   1.765401   -1.371138
 0.725146   1.762729   -1.370936
 0.727096   1.760055   -1.371678
 0.729045   1.757380   -1.373364
 0.730994   1.754702   -1.374917
 0.732943   1.752021   -1.376887
 0.734893   1.749334   -1.380350
 0.736842   1.746639   -1.384757
 0.738791   1.743936   -1.388906
 0.740741   1.741224   -1.394278
 0.742690   1.738500   -1.400869
 0.744639   1.735763   -1.407474
 0.746589   1.733012   -1.415307
 0.748538   1.730245   -1.424364
 0.750487   1.727460   -1.433701
 0.752437   1.724655   -1.444274
 0.754386   1.721828   -1.456077
 0.756335   1.718979   -1.468422
 0.758285   1.716103   -1.482015
 0.760234   1.713201   -1.496844
 0.762183   1.710268   -1.512475
 0.764133   1.707303   -1.529366
 0.766082   1.704305   -1.547778
 0.768031   1.701270   -1.567139
 0.769980   1.698197   -1.587428
 0.771930   1.695081   -1.609272
 0.773879   1.691922   -1.632471
 0.775829   1.688716   -1.657070
 0.777778   1.685461   -1.683494
 0.779727   1.682153   -1.711117
 0.781676   1.678791   -1.739633
 0.783626   1.675371   -1.770297
 0.785575   1.671889   -1.802810
 0.787524   1.668343   -1.835991
 0.789474   1.664730   -1.871621
 0.791423   1.661046   -1.909398
 0.793372   1.657288   -1.947792
 0.795322   1.653451   -1.988667
 0.797271   1.649534   -2.031715
 0.799220   1.645532   -2.075873
 0.801170   1.641440   -2.122546
 0.803119   1.637256   -2.171698
 0.805068   1.632975   -2.221617
 0.807018   1.628594   -2.274090
 0.808967   1.624108   -2.329904
 0.810916   1.619512   -2.386407
 0.812866   1.614803   -2.445233
 0.814815   1.609978   -2.507438
 0.816764   1.605029   -2.571218
 0.818713   1.599955   -2.636492
 0.820663   1.594750   -2.705260
 0.822612   1.589408   -2.776914
 0.824561   1.583925   -2.849312
 0.826511   1.578298   -2.924706
 0.828460   1.572522   -3.003589
 0.830409   1.566590   -3.083654
 0.832359   1.560499   -3.166776
 0.834308   1.554243   -3.253167
 0.836257   1.547818   -3.340337
 0.838207   1.541219   -3.430631
 0.840156   1.534442   -3.524530
 0.842105   1.527480   -3.619346
 0.844055   1.520330   -3.717358
 0.846004   1.512986   -3.818488
 0.847953   1.505445   -3.920110
 0.849903   1.497702   -4.029147
 0.851852   1.489736   -4.150486
 0.853801   1.481523   -4.279085
 0.855750   1.473056   -4.408709
 0.857700   1.464333   -4.541188
 0.859649   1.455350   -4.677521
 0.861598   1.446101   -4.813079
 0.863548   1.436584   -4.951868
 0.865497   1.426793   -5.093778
 0.867446   1.416728   -5.234420
 0.869396   1.406384   -5.378121
 0.871345   1.395759   -5.524489
 0.873294   1.384850   -5.669367
 0.875244   1.373654   -5.816856
 0.877193   1.362170   -5.966287
 0.879142   1.350397   -6.113445
 0.881092   1.338333   -6.263045
 0.883041   1.325978   -6.414415
 0.884990   1.313330   -6.562174
 0.886940   1.300392   -6.711377
 0.888889   1.287163   -6.862180
 0.890838   1.273643   -7.010422
 0.892787   1.259836   -7.155913
 0.894737   1.245742   -7.302157
 0.896686   1.231365   -7.446424
 0.898636   1.216708   -7.588078
 0.900585   1.201779   -7.728717
 0.902534   1.186582   -7.865787
 0.904483   1.171118   -7.998009
 0.906433   1.155397   -8.129033
 0.908382   1.139423   -8.259311
 0.910331   1.123203   -8.381765
 0.912281   1.106743   -8.502561
 0.914230   1.090051   -8.621055
 0.916179   1.073138   -8.730710
 0.918129   1.056010   -8.837962
 0.920078   1.038679   -8.942452
 0.922027   1.021152   -9.037386
 0.923977   1.003442   -9.128605
 0.925926   0.985560   -9.216316
 0.927875   0.967517   -9.293502
 0.929825   0.949325   -9.366754
 0.931774   0.930996   -9.435739
 0.933723   0.912544   -9.492982
 0.935673   0.893983   -9.545779
 0.937622   0.875325   -9.594364
 0.939571   0.856584   -9.633330
 0.941520   0.837775   -9.662073
 0.943470   0.818911   -9.685845
 0.945419   0.800009   -9.704905
 0.947368   0.781082   -9.711533
 0.949318   0.762144   -9.712639
 0.951267   0.743212   -9.709050
 0.953216   0.724298   -9.692752
 0.955166   0.705420   -9.671467
 0.957115   0.686589   -9.645213
 0.959064   0.667823   -9.606558
 0.961014   0.649133   -9.563436
 0.962963   0.630535   -9.515328
 0.964912   0.612043   -9.455438
 0.966862   0.593668   -9.391031
 0.968811   0.575427   -9.322711
 0.970760   0.557329   -9.243260
 0.972710   0.539388   -9.159780
 0.974659   0.521614   -9.072889
 0.976608   0.504021   -8.978101
 0.978557   0.486618   -8.875260
 0.980507   0.469417   -8.769667
 0.982456   0.452425   -8.659487
 0.984406   0.435654   -8.544496
 0.986355   0.419110   -8.427609
 0.988304   0.402803   -8.304356
 0.990253   0.386739   -8.175448
 0.992203   0.370927   -8.045253
 0.994152   0.355371   -7.914148
 0.996101   0.340078   -7.776225
 0.998051   0.325051   -7.638014
 1.000000   0.310297   -7.570367
3 N Z A of ION SPECIES
 6.000000   6.000000   12.000000
 1.000000   1.000000   2.000000
 1.000000   1.000000   2.000000
514 psinorm nz1(10^20/m^3) dnz1/dpsiN
 0.000000   0.013297   -0.021892
 0.001949   0.013255   -0.021406
 0.003899   0.013214   -0.020514
 0.005848   0.013175   -0.019729
 0.007797   0.013137   -0.018996
 0.009747   0.013100   -0.018335
 0.011696   0.013065   -0.017782
 0.013645   0.013031   -0.017213
 0.015595   0.012998   -0.016683
 0.017544   0.012966   -0.016226
 0.019493   0.012935   -0.015761
 0.021442   0.012905   -0.015323
 0.023392   0.012875   -0.014889
 0.025341   0.012847   -0.014529
 0.027290   0.012819   -0.014156
 0.029240   0.012791   -0.013787
 0.031189   0.012765   -0.013422
 0.033138   0.012739   -0.013080
 0.035088   0.012714   -0.012776
 0.037037   0.012689   -0.012442
 0.038986   0.012665   -0.012131
 0.040936   0.012642   -0.011859
 0.042885   0.012619   -0.011556
 0.044834   0.012597   -0.011242
 0.046784   0.012575   -0.011002
 0.048733   0.012554   -0.010695
 0.050682   0.012534   -0.010448
 0.052632   0.012513   -0.010204
 0.054581   0.012494   -0.009894
 0.056530   0.012475   -0.009715
 0.058480   0.012456   -0.009469
 0.060429   0.012438   -0.009191
 0.062378   0.012420   -0.008979
 0.064327   0.012403   -0.008725
 0.066277   0.012386   -0.008511
 0.068226   0.012370   -0.008300
 0.070175   0.012354   -0.008080
 0.072125   0.012338   -0.007899
 0.074074   0.012323   -0.007650
 0.076023   0.012308   -0.007427
 0.077973   0.012294   -0.007280
 0.079922   0.012280   -0.007063
 0.081871   0.012266   -0.006875
 0.083821   0.012253   -0.006689
 0.085770   0.012240   -0.006471
 0.087719   0.012228   -0.006280
 0.089669   0.012216   -0.006128
 0.091618   0.012204   -0.005943
 0.093567   0.012193   -0.005751
 0.095517   0.012182   -0.005561
 0.097466   0.012171   -0.005410
 0.099415   0.012160   -0.005291
 0.101364   0.012150   -0.005096
 0.103314   0.012141   -0.004868
 0.105263   0.012131   -0.004711
 0.107213   0.012122   -0.004590
 0.109162   0.012113   -0.004472
 0.111111   0.012105   -0.004313
 0.113060   0.012097   -0.004078
 0.115010   0.012089   -0.003955
 0.116959   0.012081   -0.003834
 0.118908   0.012074   -0.003671
 0.120858   0.012067   -0.003546
 0.122807   0.012060   -0.003424
 0.124756   0.012054   -0.003259
 0.126706   0.012047   -0.003096
 0.128655   0.012042   -0.002972
 0.130604   0.012036   -0.002843
 0.132554   0.012030   -0.002678
 0.134503   0.012025   -0.002553
 0.136452   0.012020   -0.002459
 0.138402   0.012016   -0.002293
 0.140351   0.012012   -0.002166
 0.142300   0.012007   -0.002071
 0.144250   0.012003   -0.001978
 0.146199   0.012000   -0.001812
 0.148148   0.011996   -0.001718
 0.150097   0.011993   -0.001622
 0.152047   0.011990   -0.001415
 0.153996   0.011987   -0.001322
 0.155945   0.011985   -0.001225
 0.157895   0.011983   -0.001167
 0.159844   0.011980   -0.001073
 0.161793   0.011979   -0.000861
 0.163743   0.011977   -0.000802
 0.165692   0.011975   -0.000707
 0.167641   0.011974   -0.000570
 0.169591   0.011973   -0.000510
 0.171540   0.011972   -0.000376
 0.173489   0.011972   -0.000275
 0.175439   0.011971   -0.000176
 0.177388   0.011971   -0.000079
 0.179337   0.011971   -0.000017
 0.181286   0.011971   0.000084
 0.183236   0.011971   0.000184
 0.185185   0.011972   0.000285
 0.187135   0.011972   0.000386
 0.189084   0.011973   0.000485
 0.191033   0.011974   0.000588
 0.192983   0.011975   0.000652
 0.194932   0.011977   0.000714
 0.196881   0.011978   0.000777
 0.198830   0.011980   0.000920
 0.200780   0.011982   0.000984
 0.202729   0.011984   0.001009
 0.204678   0.011986   0.001152
 0.206628   0.011988   0.001217
 0.208577   0.011991   0.001281
 0.210526   0.011993   0.001348
 0.212476   0.011996   0.001453
 0.214425   0.011999   0.001517
 0.216374   0.012002   0.001546
 0.218324   0.012005   0.001651
 0.220273   0.012008   0.001716
 0.222222   0.012012   0.001822
 0.224171   0.012015   0.001890
 0.226121   0.012019   0.001879
 0.228070   0.012023   0.001945
 0.230019   0.012026   0.002053
 0.231969   0.012031   0.002160
 0.233918   0.012035   0.002148
 0.235867   0.012039   0.002218
 0.237817   0.012044   0.002325
 0.239766   0.012048   0.002314
 0.241715   0.012053   0.002423
 0.243665   0.012057   0.002452
 0.245614   0.012062   0.002480
 0.247563   0.012067   0.002590
 0.249513   0.012072   0.002620
 0.251462   0.012077   0.002688
 0.253411   0.012083   0.002719
 0.255361   0.012088   0.002749
 0.257310   0.012093   0.002817
 0.259259   0.012099   0.002809
 0.261209   0.012104   0.002919
 0.263158   0.012110   0.002988
 0.265107   0.012116   0.002978
 0.267056   0.012122   0.003010
 0.269006   0.012128   0.003080
 0.270955   0.012134   0.003150
 0.272904   0.012140   0.003142
 0.274854   0.012146   0.003172
 0.276803   0.012152   0.003242
 0.278752   0.012159   0.003274
 0.280702   0.012165   0.003265
 0.282651   0.012172   0.003335
 0.284600   0.012178   0.003367
 0.286550   0.012185   0.003358
 0.288499   0.012191   0.003469
 0.290448   0.012198   0.003461
 0.292398   0.012205   0.003452
 0.294347   0.012212   0.003523
 0.296296   0.012218   0.003514
 0.298246   0.012225   0.003586
 0.300195   0.012232   0.003617
 0.302144   0.012239   0.003608
 0.304094   0.012247   0.003640
 0.306043   0.012254   0.003671
 0.307992   0.012261   0.003661
 0.309941   0.012268   0.003693
 0.311891   0.012275   0.003725
 0.313840   0.012282   0.003674
 0.315790   0.012290   0.003747
 0.317739   0.012297   0.003778
 0.319688   0.012304   0.003768
 0.321637   0.012312   0.003801
 0.323587   0.012319   0.003791
 0.325536   0.012326   0.003822
 0.327485   0.012334   0.003813
 0.329435   0.012341   0.003803
 0.331384   0.012349   0.003834
 0.333333   0.012356   0.003866
 0.335283   0.012364   0.003856
 0.337232   0.012371   0.003846
 0.339181   0.012379   0.003878
 0.341131   0.012386   0.003868
 0.343080   0.012394   0.003857
 0.345029   0.012401   0.003847
 0.346979   0.012409   0.003879
 0.348928   0.012417   0.003867
 0.350877   0.012424   0.003857
 0.352826   0.012432   0.003889
 0.354776   0.012439   0.003878
 0.356725   0.012447   0.003826
 0.358675   0.012454   0.003815
 0.360624   0.012462   0.003845
 0.362573   0.012469   0.003876
 0.364522   0.012477   0.003866
 0.366472   0.012484   0.003813
 0.368421   0.012492   0.003800
 0.370370   0.012499   0.003790
 0.372320   0.012506   0.003821
 0.374269   0.012514   0.003766
 0.376218   0.012521   0.003712
 0.378168   0.012528   0.003743
 0.380117   0.012536   0.003730
 0.382066   0.012543   0.003762
 0.384016   0.012550   0.003707
 0.385965   0.012557   0.003694
 0.387914   0.012565   0.003682
 0.389863   0.012572   0.003584
 0.391813   0.012579   0.003614
 0.393762   0.012586   0.003644
 0.395711   0.012593   0.003589
 0.397661   0.012600   0.003533
 0.399610   0.012607   0.003520
 0.401560   0.012614   0.003507
 0.403509   0.012620   0.003492
 0.405458   0.012627   0.003436
 0.407407   0.012634   0.003423
 0.409357   0.012641   0.003409
 0.411306   0.012647   0.003351
 0.413255   0.012654   0.003295
 0.415205   0.012660   0.003280
 0.417154   0.012666   0.003265
 0.419103   0.012673   0.003208
 0.421053   0.012679   0.003193
 0.423002   0.012685   0.003134
 0.424951   0.012691   0.003120
 0.426901   0.012697   0.003105
 0.428850   0.012703   0.003045
 0.430799   0.012709   0.003030
 0.432748   0.012715   0.002971
 0.434698   0.012721   0.002912
 0.436647   0.012726   0.002896
 0.438597   0.012732   0.002880
 0.440546   0.012738   0.002819
 0.442495   0.012743   0.002759
 0.444444   0.012748   0.002699
 0.446394   0.012754   0.002639
 0.448343   0.012759   0.002621
 0.450292   0.012764   0.002605
 0.452242   0.012769   0.002499
 0.454191   0.012773   0.002481
 0.456140   0.012778   0.002464
 0.458090   0.012783   0.002358
 0.460039   0.012788   0.002339
 0.461988   0.012792   0.002278
 0.463938   0.012797   0.002171
 0.465887   0.012801   0.002151
 0.467836   0.012805   0.002134
 0.469786   0.012809   0.002026
 0.471735   0.012813   0.002006
 0.473684   0.012817   0.001942
 0.475633   0.012820   0.001879
 0.477583   0.012824   0.001860
 0.479532   0.012828   0.001751
 0.481482   0.012831   0.001731
 0.483431   0.012834   0.001665
 0.485380   0.012837   0.001555
 0.487329   0.012840   0.001536
 0.489279   0.012843   0.001471
 0.491228   0.012846   0.001404
 0.493177   0.012849   0.001339
 0.495127   0.012851   0.001273
 0.497076   0.012854   0.001205
 0.499025   0.012856   0.001140
 0.500975   0.012858   0.001073
 0.502924   0.012860   0.000959
 0.504873   0.012862   0.000893
 0.506823   0.012864   0.000871
 0.508772   0.012865   0.000802
 0.510721   0.012867   0.000735
 0.512671   0.012868   0.000622
 0.514620   0.012869   0.000552
 0.516569   0.012870   0.000529
 0.518518   0.012871   0.000461
 0.520468   0.012872   0.000346
 0.522417   0.012873   0.000230
 0.524366   0.012873   0.000207
 0.526316   0.012874   0.000138
 0.528265   0.012874   0.000066
 0.530214   0.012874   -0.000048
 0.532164   0.012874   -0.000165
 0.534113   0.012873   -0.000191
 0.536062   0.012873   -0.000261
 0.538012   0.012872   -0.000332
 0.539961   0.012871   -0.000451
 0.541910   0.012870   -0.000521
 0.543860   0.012869   -0.000547
 0.545809   0.012868   -0.000666
 0.547758   0.012867   -0.000783
 0.549708   0.012865   -0.000856
 0.551657   0.012863   -0.000884
 0.553606   0.012862   -0.001002
 0.555556   0.012860   -0.001167
 0.557505   0.012857   -0.001196
 0.559454   0.012855   -0.001222
 0.561404   0.012852   -0.001388
 0.563353   0.012850   -0.001464
 0.565302   0.012847   -0.001490
 0.567252   0.012844   -0.001611
 0.569201   0.012840   -0.001734
 0.571150   0.012837   -0.001856
 0.573099   0.012833   -0.001883
 0.575049   0.012830   -0.001958
 0.576998   0.012826   -0.002129
 0.578947   0.012821   -0.002156
 0.580897   0.012817   -0.002186
 0.582846   0.012813   -0.002404
 0.584795   0.012808   -0.002525
 0.586745   0.012803   -0.002508
 0.588694   0.012798   -0.002587
 0.590643   0.012793   -0.002709
 0.592593   0.012787   -0.002833
 0.594542   0.012782   -0.002959
 0.596491   0.012776   -0.003035
 0.598441   0.012770   -0.003113
 0.600390   0.012764   -0.003193
 0.602339   0.012758   -0.003316
 0.604289   0.012751   -0.003442
 0.606238   0.012744   -0.003475
 0.608187   0.012737   -0.003554
 0.610136   0.012730   -0.003678
 0.612086   0.012723   -0.003805
 0.614035   0.012715   -0.003933
 0.615984   0.012708   -0.004058
 0.617934   0.012700   -0.004091
 0.619883   0.012692   -0.004173
 0.621832   0.012683   -0.004298
 0.623782   0.012675   -0.004426
 0.625731   0.012666   -0.004508
 0.627680   0.012657   -0.004587
 0.629630   0.012648   -0.004762
 0.631579   0.012639   -0.004846
 0.633528   0.012629   -0.004877
 0.635478   0.012620   -0.005006
 0.637427   0.012610   -0.005137
 0.639376   0.012600   -0.005219
 0.641325   0.012589   -0.005298
 0.643275   0.012579   -0.005380
 0.645224   0.012568   -0.005512
 0.647173   0.012558   -0.005640
 0.649123   0.012546   -0.005770
 0.651072   0.012535   -0.005807
 0.653021   0.012524   -0.005887
 0.654971   0.012512   -0.006065
 0.656920   0.012500   -0.006199
 0.658869   0.012488   -0.006279
 0.660819   0.012476   -0.006363
 0.662768   0.012463   -0.006448
 0.664717   0.012451   -0.006529
 0.666667   0.012438   -0.006661
 0.668616   0.012425   -0.006795
 0.670565   0.012411   -0.006876
 0.672515   0.012398   -0.006960
 0.674464   0.012384   -0.007095
 0.676413   0.012370   -0.007176
 0.678363   0.012356   -0.007308
 0.680312   0.012342   -0.007395
 0.682261   0.012327   -0.007477
 0.684211   0.012312   -0.007658
 0.686160   0.012297   -0.007697
 0.688109   0.012282   -0.007779
 0.690059   0.012267   -0.007960
 0.692008   0.012251   -0.008000
 0.693957   0.012236   -0.008084
 0.695906   0.012220   -0.008215
 0.697856   0.012204   -0.008300
 0.699805   0.012188   -0.008436
 0.701754   0.012171   -0.008567
 0.703704   0.012154   -0.008652
 0.705653   0.012137   -0.008692
 0.707602   0.012120   -0.008774
 0.709552   0.012103   -0.008908
 0.711501   0.012086   -0.009094
 0.713450   0.012068   -0.009128
 0.715400   0.012050   -0.009213
 0.717349   0.012032   -0.009350
 0.719298   0.012014   -0.009384
 0.721248   0.011995   -0.009518
 0.723197   0.011976   -0.009656
 0.725146   0.011957   -0.009738
 0.727096   0.011938   -0.009775
 0.729045   0.011919   -0.009864
 0.730994   0.011900   -0.010047
 0.732943   0.011880   -0.010081
 0.734893   0.011861   -0.010167
 0.736842   0.011841   -0.010353
 0.738791   0.011820   -0.010387
 0.740741   0.011800   -0.010473
 0.742690   0.011780   -0.010562
 0.744639   0.011759   -0.010644
 0.746589   0.011738   -0.010779
 0.748538   0.011717   -0.010819
 0.750487   0.011696   -0.010901
 0.752437   0.011674   -0.011036
 0.754386   0.011653   -0.011124
 0.756335   0.011631   -0.011207
 0.758285   0.011609   -0.011243
 0.760234   0.011587   -0.011332
 0.762183   0.011565   -0.011414
 0.764133   0.011543   -0.011499
 0.766082   0.011520   -0.011637
 0.768031   0.011497   -0.011673
 0.769980   0.011475   -0.011755
 0.771930   0.011451   -0.011840
 0.773879   0.011428   -0.011876
 0.775829   0.011405   -0.012010
 0.777778   0.011382   -0.012098
 0.779727   0.011358   -0.012134
 0.781676   0.011334   -0.012215
 0.783626   0.011310   -0.012250
 0.785575   0.011287   -0.012339
 0.787524   0.011262   -0.012469
 0.789474   0.011238   -0.012504
 0.791423   0.011214   -0.012493
 0.793372   0.011189   -0.012573
 0.795322   0.011164   -0.012657
 0.797271   0.011140   -0.012696
 0.799220   0.011115   -0.012825
 0.801170   0.011090   -0.012860
 0.803119   0.011065   -0.012897
 0.805068   0.011040   -0.012928
 0.807018   0.011014   -0.012962
 0.808967   0.010989   -0.012999
 0.810916   0.010964   -0.013079
 0.812866   0.010938   -0.013112
 0.814815   0.010913   -0.013100
 0.816764   0.010887   -0.013182
 0.818713   0.010861   -0.013212
 0.820663   0.010835   -0.013245
 0.822612   0.010810   -0.013281
 0.824561   0.010784   -0.013260
 0.826511   0.010758   -0.013243
 0.828460   0.010732   -0.013279
 0.830409   0.010706   -0.013258
 0.832359   0.010680   -0.013290
 0.834308   0.010654   -0.013375
 0.836257   0.010628   -0.013254
 0.838207   0.010603   -0.013236
 0.840156   0.010577   -0.013270
 0.842105   0.010551   -0.013199
 0.844055   0.010525   -0.013229
 0.846004   0.010499   -0.013165
 0.847953   0.010474   -0.013092
 0.849903   0.010448   -0.013073
 0.851852   0.010423   -0.012958
 0.853801   0.010398   -0.012888
 0.855750   0.010373   -0.012815
 0.857700   0.010348   -0.012696
 0.859649   0.010323   -0.012629
 0.861598   0.010299   -0.012506
 0.863548   0.010274   -0.012386
 0.865497   0.010250   -0.012220
 0.867446   0.010227   -0.012047
 0.869396   0.010203   -0.011876
 0.871345   0.010180   -0.011659
 0.873294   0.010158   -0.011535
 0.875244   0.010135   -0.011315
 0.877193   0.010114   -0.010998
 0.879142   0.010093   -0.010775
 0.881092   0.010072   -0.010504
 0.883041   0.010052   -0.010236
 0.884990   0.010032   -0.009962
 0.886940   0.010013   -0.009542
 0.888889   0.009995   -0.009224
 0.890838   0.009977   -0.008952
 0.892787   0.009960   -0.008530
 0.894737   0.009944   -0.008159
 0.896686   0.009928   -0.007781
 0.898636   0.009913   -0.007391
 0.900585   0.009899   -0.006996
 0.902534   0.009886   -0.006599
 0.904483   0.009873   -0.006250
 0.906433   0.009862   -0.005853
 0.908382   0.009851   -0.005607
 0.910331   0.009840   -0.005357
 0.912281   0.009830   -0.005208
 0.914230   0.009819   -0.005259
 0.916179   0.009809   -0.005307
 0.918129   0.009799   -0.005506
 0.920078   0.009788   -0.005954
 0.922027   0.009776   -0.006647
 0.923977   0.009762   -0.007589
 0.925926   0.009746   -0.008881
 0.927875   0.009727   -0.010565
 0.929825   0.009705   -0.012649
 0.931774   0.009678   -0.015232
 0.933723   0.009645   -0.018402
 0.935673   0.009606   -0.022223
 0.937622   0.009559   -0.026643
 0.939571   0.009502   -0.031754
 0.941520   0.009435   -0.037547
 0.943470   0.009356   -0.043602
 0.945419   0.009265   -0.050558
 0.947368   0.009159   -0.059471
 0.949318   0.009033   -0.069843
 0.951267   0.008887   -0.080922
 0.953216   0.008718   -0.092555
 0.955166   0.008526   -0.104664
 0.957115   0.008310   -0.116893
 0.959064   0.008070   -0.128913
 0.961014   0.007807   -0.140477
 0.962963   0.007522   -0.151127
 0.964912   0.007218   -0.160362
 0.966862   0.006897   -0.167955
 0.968811   0.006563   -0.173504
 0.970760   0.006221   -0.176633
 0.972710   0.005874   -0.177279
 0.974659   0.005529   -0.175240
 0.976608   0.005191   -0.170577
 0.978557   0.004865   -0.163343
 0.980507   0.004554   -0.153913
 0.982456   0.004264   -0.142610
 0.984406   0.003998   -0.129756
 0.986355   0.003759   -0.115851
 0.988304   0.003547   -0.101314
 0.990253   0.003364   -0.086609
 0.992203   0.003209   -0.072069
 0.994152   0.003083   -0.058149
 0.996101   0.002982   -0.045141
 0.998051   0.002907   -0.033082
 1.000000   0.002853   -0.027288
514 psinorm ptot(KPa) dptot/dpsiN
 0.000000   42.340415   -35.912657
 0.001949   42.270421   -34.910662
 0.003899   42.204300   -33.759437
 0.005848   42.138792   -33.553635
 0.007797   42.073508   -33.493555
 0.009747   42.008201   -33.488406
 0.011696   41.942937   -33.524178
 0.013645   41.877524   -33.586148
 0.015595   41.811984   -33.636417
 0.017544   41.746376   -33.718901
 0.019493   41.680548   -33.812544
 0.021442   41.614574   -33.873637
 0.023392   41.548474   -33.946560
 0.025341   41.482217   -34.030038
 0.027290   41.415825   -34.089192
 0.029240   41.349303   -34.180303
 0.031189   41.282557   -34.274469
 0.033138   41.215701   -34.324461
 0.035088   41.148725   -34.393955
 0.037037   41.081599   -34.474482
 0.038986   41.014344   -34.532941
 0.040936   40.946955   -34.603937
 0.042885   40.879423   -34.684921
 0.044834   40.811753   -34.737486
 0.046784   40.743982   -34.808150
 0.048733   40.676036   -34.879324
 0.050682   40.608022   -34.916001
 0.052632   40.539899   -34.972746
 0.054581   40.471663   -35.051768
 0.056530   40.403267   -35.093325
 0.058480   40.334835   -35.135556
 0.060429   40.266274   -35.209707
 0.062378   40.197587   -35.262426
 0.064327   40.128821   -35.291780
 0.066277   40.059984   -35.351413
 0.068226   39.990986   -35.407508
 0.070175   39.921966   -35.428288
 0.072125   39.852851   -35.478007
 0.074074   39.783637   -35.530297
 0.076023   39.714354   -35.554419
 0.077973   39.645011   -35.593229
 0.079922   39.575576   -35.655640
 0.081871   39.506025   -35.673545
 0.083821   39.436485   -35.707631
 0.085770   39.366801   -35.750905
 0.087719   39.297128   -35.767865
 0.089669   39.227342   -35.814041
 0.091618   39.157489   -35.849875
 0.093567   39.087599   -35.869375
 0.095517   39.017634   -35.905032
 0.097466   38.947606   -35.950184
 0.099415   38.877500   -35.968067
 0.101364   38.807402   -35.968124
 0.103314   38.737260   -35.998803
 0.105263   38.667043   -36.027704
 0.107213   38.596788   -36.043049
 0.109162   38.526511   -36.079334
 0.111111   38.456151   -36.112408
 0.113060   38.385745   -36.103587
 0.115010   38.315383   -36.121279
 0.116959   38.244908   -36.161288
 0.118908   38.174427   -36.152819
 0.120858   38.103948   -36.171996
 0.122807   38.033392   -36.210328
 0.124756   37.962800   -36.203418
 0.126706   37.892235   -36.214191
 0.128655   37.821601   -36.252304
 0.130604   37.750923   -36.236127
 0.132554   37.680317   -36.248453
 0.134503   37.609591   -36.284953
 0.136452   37.538878   -36.256513
 0.138402   37.468227   -36.270464
 0.140351   37.397459   -36.308533
 0.142300   37.326696   -36.281902
 0.144250   37.255996   -36.292083
 0.146199   37.185193   -36.323530
 0.148148   37.114407   -36.315188
 0.150097   37.043637   -36.305842
 0.152047   36.972851   -36.309696
 0.153996   36.902065   -36.319567
 0.155945   36.831277   -36.310611
 0.157895   36.760490   -36.311651
 0.159844   36.689698   -36.323342
 0.161793   36.618902   -36.307278
 0.163743   36.548136   -36.308502
 0.165692   36.477335   -36.317369
 0.167641   36.406571   -36.301097
 0.169591   36.335797   -36.304470
 0.171540   36.265020   -36.303818
 0.173489   36.194285   -36.275850
 0.175439   36.123580   -36.288486
 0.177388   36.052796   -36.298181
 0.179337   35.982090   -36.281001
 0.181286   35.911373   -36.254809
 0.183236   35.840732   -36.245779
 0.185185   35.770050   -36.237964
 0.187135   35.699441   -36.228301
 0.189084   35.628796   -36.237211
 0.191033   35.558188   -36.212524
 0.192983   35.487604   -36.194581
 0.194932   35.417065   -36.193705
 0.196881   35.346521   -36.195433
 0.198830   35.275976   -36.159751
 0.200780   35.205534   -36.142192
 0.202729   35.135057   -36.151529
 0.204678   35.064615   -36.114836
 0.206628   34.994246   -36.094757
 0.208577   34.923882   -36.094760
 0.210526   34.853548   -36.061796
 0.212476   34.783277   -36.052793
 0.214425   34.712978   -36.050234
 0.216374   34.642753   -36.006209
 0.218324   34.572590   -35.997908
 0.220273   34.502397   -35.994494
 0.222222   34.432284   -35.966857
 0.224171   34.362198   -35.933808
 0.226121   34.292178   -35.914083
 0.228070   34.222169   -35.912567
 0.230019   34.152191   -35.867237
 0.231969   34.082323   -35.838423
 0.233918   34.012457   -35.837827
 0.235867   33.942627   -35.803286
 0.237817   33.872860   -35.773569
 0.239766   33.803146   -35.770481
 0.241715   33.733426   -35.728671
 0.243665   33.663840   -35.700047
 0.245614   33.594232   -35.686090
 0.247563   33.524736   -35.643455
 0.249513   33.455258   -35.635736
 0.251462   33.385792   -35.612622
 0.253411   33.316440   -35.566325
 0.255361   33.247119   -35.539744
 0.257310   33.177871   -35.519219
 0.259259   33.108665   -35.482395
 0.261209   33.039525   -35.454794
 0.263158   32.970427   -35.431859
 0.265107   32.901411   -35.415482
 0.267056   32.832377   -35.371347
 0.269006   32.763499   -35.330004
 0.270955   32.694626   -35.309455
 0.272904   32.625862   -35.254978
 0.274854   32.557166   -35.247351
 0.276803   32.488433   -35.226163
 0.278752   32.419855   -35.161364
 0.280702   32.351339   -35.141844
 0.282651   32.282837   -35.118294
 0.284600   32.214448   -35.075833
 0.286550   32.146076   -35.039610
 0.288499   32.077828   -35.005543
 0.290448   32.009625   -34.970869
 0.292398   31.941477   -34.935689
 0.294347   31.873410   -34.912706
 0.296296   31.805387   -34.856543
 0.298246   31.737505   -34.818685
 0.300195   31.669629   -34.808047
 0.302144   31.601823   -34.735522
 0.304094   31.534195   -34.707363
 0.306043   31.466499   -34.692890
 0.307992   31.398963   -34.635327
 0.309941   31.331490   -34.592759
 0.311891   31.264085   -34.565517
 0.313840   31.196719   -34.517604
 0.315790   31.129501   -34.478394
 0.317739   31.062288   -34.446957
 0.319688   30.995227   -34.409587
 0.321637   30.928160   -34.366116
 0.323587   30.861234   -34.307897
 0.325536   30.794393   -34.277087
 0.327485   30.727622   -34.224126
 0.329435   30.660953   -34.186176
 0.331384   30.594330   -34.173920
 0.333333   30.527743   -34.110803
 0.335283   30.461332   -34.053477
 0.337232   30.394969   -34.031859
 0.339181   30.328676   -33.970042
 0.341131   30.262520   -33.932635
 0.343080   30.196372   -33.910312
 0.345029   30.130337   -33.837688
 0.346979   30.064439   -33.790351
 0.348928   29.998589   -33.769118
 0.350877   29.932807   -33.731385
 0.352826   29.867104   -33.669031
 0.354776   29.801532   -33.612279
 0.356725   29.736050   -33.566917
 0.358675   29.670654   -33.530310
 0.360624   29.605315   -33.495090
 0.362573   29.540091   -33.449927
 0.364522   29.474927   -33.381602
 0.366472   29.409936   -33.332386
 0.368421   29.344964   -33.309744
 0.370370   29.280094   -33.239495
 0.372320   29.215363   -33.192097
 0.374269   29.150678   -33.163533
 0.376218   29.086092   -33.101430
 0.378168   29.021616   -33.053766
 0.380117   28.957215   -33.013263
 0.382066   28.892930   -32.951515
 0.384016   28.828737   -32.906400
 0.385965   28.764628   -32.863768
 0.387914   28.700634   -32.808715
 0.389863   28.636740   -32.759145
 0.391813   28.572907   -32.712640
 0.393762   28.509193   -32.661592
 0.395711   28.445592   -32.600354
 0.397661   28.382085   -32.554709
 0.399610   28.318661   -32.500857
 0.401560   28.255364   -32.445313
 0.403509   28.192157   -32.403264
 0.405458   28.129056   -32.358855
 0.407407   28.066022   -32.289478
 0.409357   28.003159   -32.235201
 0.411306   27.940337   -32.204259
 0.413255   27.877627   -32.142722
 0.415205   27.815012   -32.088249
 0.417154   27.752515   -32.030592
 0.419103   27.690157   -31.972296
 0.421053   27.627855   -31.934058
 0.423002   27.565646   -31.884326
 0.424951   27.503570   -31.817759
 0.426901   27.441589   -31.761152
 0.428850   27.379733   -31.711177
 0.430799   27.317979   -31.657769
 0.432748   27.256331   -31.600826
 0.434698   27.194767   -31.553654
 0.436647   27.133303   -31.482154
 0.438597   27.072018   -31.428507
 0.440546   27.010764   -31.394259
 0.442495   26.949643   -31.335491
 0.444444   26.888618   -31.278408
 0.446394   26.827689   -31.212671
 0.448343   26.766920   -31.171698
 0.450292   26.706182   -31.106739
 0.452242   26.645635   -31.034411
 0.454191   26.585178   -30.994717
 0.456140   26.524817   -30.929454
 0.458090   26.464585   -30.873361
 0.460039   26.404442   -30.833384
 0.461988   26.344396   -30.759887
 0.463938   26.284509   -30.708517
 0.465887   26.224664   -30.666476
 0.467836   26.164971   -30.581868
 0.469786   26.105425   -30.530378
 0.471735   26.045933   -30.488078
 0.473684   25.986582   -30.426921
 0.475633   25.927329   -30.353446
 0.477583   25.868234   -30.301845
 0.479532   25.809182   -30.250246
 0.481482   25.750289   -30.179407
 0.483431   25.691513   -30.130344
 0.485380   25.632841   -30.076716
 0.487329   25.574274   -30.014331
 0.489279   25.515815   -29.952899
 0.491228   25.457487   -29.901721
 0.493177   25.399258   -29.831338
 0.495127   25.341175   -29.771331
 0.497076   25.283180   -29.721749
 0.499025   25.225320   -29.648313
 0.500975   25.167581   -29.589753
 0.502924   25.109949   -29.552464
 0.504873   25.052385   -29.479058
 0.506823   24.995010   -29.407582
 0.508772   24.937725   -29.360622
 0.510721   24.880563   -29.288748
 0.512671   24.823528   -29.237874
 0.514620   24.766564   -29.190669
 0.516569   24.709743   -29.122388
 0.518518   24.653045   -29.052052
 0.520468   24.596469   -29.000724
 0.522417   24.539971   -28.945693
 0.524366   24.483639   -28.865981
 0.526316   24.427423   -28.805162
 0.528265   24.371328   -28.757441
 0.530214   24.315326   -28.698013
 0.532164   24.259434   -28.632922
 0.534113   24.203687   -28.575623
 0.536062   24.148046   -28.503526
 0.538012   24.092551   -28.445794
 0.539961   24.037136   -28.391447
 0.541910   23.981882   -28.324459
 0.543860   23.926699   -28.257336
 0.545809   23.871706   -28.199449
 0.547758   23.816778   -28.141789
 0.549708   23.761981   -28.085347
 0.551657   23.707273   -28.027144
 0.553606   23.652732   -27.952530
 0.555556   23.598286   -27.897622
 0.557505   23.543959   -27.842541
 0.559454   23.489756   -27.766335
 0.561404   23.435698   -27.711300
 0.563353   23.381709   -27.665212
 0.565302   23.327859   -27.588726
 0.567252   23.274141   -27.525887
 0.569201   23.220535   -27.472015
 0.571150   23.167055   -27.407583
 0.573099   23.113701   -27.334471
 0.575049   23.060478   -27.279015
 0.576998   23.007340   -27.233990
 0.578947   22.954320   -27.162383
 0.580897   22.901434   -27.097635
 0.582846   22.848666   -27.046406
 0.584795   22.796007   -26.976461
 0.586745   22.743485   -26.920573
 0.588694   22.691043   -26.859897
 0.590643   22.638785   -26.788395
 0.592593   22.586596   -26.728146
 0.594542   22.534572   -26.679641
 0.596491   22.482598   -26.617097
 0.598441   22.430792   -26.547634
 0.600390   22.379089   -26.505988
 0.602339   22.327472   -26.435723
 0.604289   22.276016   -26.376954
 0.606238   22.224628   -26.327820
 0.608187   22.173390   -26.259690
 0.610136   22.122268   -26.192713
 0.612086   22.071265   -26.135294
 0.614035   22.020366   -26.087176
 0.615984   21.969577   -26.023196
 0.617934   21.918902   -25.967026
 0.619883   21.868332   -25.911511
 0.621832   21.817899   -25.844150
 0.623782   21.767565   -25.789186
 0.625731   21.717347   -25.738271
 0.627680   21.667238   -25.682952
 0.629630   21.617209   -25.622353
 0.631579   21.567336   -25.567573
 0.633528   21.517547   -25.506394
 0.635478   21.467887   -25.457698
 0.637427   21.418287   -25.413006
 0.639376   21.368827   -25.353554
 0.641325   21.319459   -25.302553
 0.643275   21.270172   -25.244528
 0.645224   21.221030   -25.189830
 0.647173   21.171982   -25.133081
 0.649123   21.123037   -25.088485
 0.651072   21.074162   -25.049359
 0.653021   21.025394   -24.985277
 0.654971   20.976745   -24.934557
 0.656920   20.928174   -24.899726
 0.658869   20.879686   -24.840400
 0.660819   20.831322   -24.789433
 0.662768   20.783032   -24.765934
 0.664717   20.734784   -24.709547
 0.666667   20.686689   -24.652783
 0.668616   20.638663   -24.625144
 0.670565   20.590700   -24.573209
 0.672515   20.542852   -24.527633
 0.674464   20.495067   -24.502670
 0.676413   20.447341   -24.453640
 0.678363   20.399722   -24.422995
 0.680312   20.352115   -24.392149
 0.682261   20.304642   -24.345694
 0.684211   20.257191   -24.312322
 0.686160   20.209848   -24.278709
 0.688109   20.162553   -24.252179
 0.690059   20.115289   -24.221552
 0.692008   20.068113   -24.195480
 0.693957   20.020975   -24.167759
 0.695906   19.973907   -24.141768
 0.697856   19.926846   -24.118424
 0.699805   19.879870   -24.097640
 0.701754   19.832913   -24.078995
 0.703704   19.785986   -24.059895
 0.705653   19.739104   -24.045199
 0.707602   19.692257   -24.025533
 0.709552   19.645428   -24.022059
 0.711501   19.598595   -24.022772
 0.713450   19.551788   -24.003901
 0.715400   19.505004   -23.999331
 0.717349   19.458214   -24.013848
 0.719298   19.411398   -24.004105
 0.721248   19.364622   -24.001663
 0.723197   19.317816   -24.024811
 0.725146   19.270974   -24.030318
 0.727096   19.224122   -24.038328
 0.729045   19.177248   -24.065204
 0.730994   19.130315   -24.086987
 0.732943   19.083357   -24.096023
 0.734893   19.036365   -24.126855
 0.736842   18.989287   -24.171343
 0.738791   18.942145   -24.193929
 0.740741   18.894954   -24.233165
 0.742690   18.847660   -24.288004
 0.744639   18.800280   -24.331881
 0.746589   18.752790   -24.379281
 0.748538   18.705225   -24.439230
 0.750487   18.657526   -24.497818
 0.752437   18.609708   -24.561686
 0.754386   18.561760   -24.644274
 0.756335   18.513645   -24.718995
 0.758285   18.465381   -24.797812
 0.760234   18.416958   -24.896507
 0.762183   18.368334   -24.990591
 0.764133   18.319520   -25.082125
 0.766082   18.270539   -25.193240
 0.768031   18.221316   -25.317477
 0.769980   18.171851   -25.436429
 0.771930   18.122140   -25.554496
 0.773879   18.072214   -25.686506
 0.775829   18.021988   -25.843288
 0.777778   17.971452   -25.991120
 0.779727   17.920674   -26.144969
 0.781676   17.869539   -26.309650
 0.783626   17.818093   -26.483286
 0.785575   17.766280   -26.679647
 0.787524   17.714096   -26.862562
 0.789474   17.661543   -27.060941
 0.791423   17.608585   -27.284238
 0.793372   17.555189   -27.503269
 0.795322   17.501350   -27.726572
 0.797271   17.447083   -27.971327
 0.799220   17.392318   -28.212867
 0.801170   17.337081   -28.473604
 0.803119   17.281299   -28.768334
 0.805068   17.224942   -29.041220
 0.807018   17.168067   -29.332719
 0.808967   17.110574   -29.648937
 0.810916   17.052496   -29.964264
 0.812866   16.993743   -30.305037
 0.814815   16.934337   -30.649426
 0.816764   16.874272   -30.996397
 0.818713   16.813513   -31.368033
 0.820663   16.751968   -31.763208
 0.822612   16.689668   -32.163216
 0.824561   16.626595   -32.566877
 0.826511   16.562690   -32.991331
 0.828460   16.497963   -33.446363
 0.830409   16.432316   -33.890490
 0.832359   16.365823   -34.351140
 0.834308   16.298381   -34.854398
 0.836257   16.229961   -35.349688
 0.838207   16.160552   -35.868834
 0.840156   16.090109   -36.405670
 0.842105   16.018643   -36.937995
 0.844055   15.946087   -37.505884
 0.846004   15.872408   -38.095438
 0.847953   15.797591   -38.690130
 0.849903   15.721555   -39.324784
 0.851852   15.644264   -40.030746
 0.853801   15.565515   -40.789956
 0.855750   15.485265   -41.552007
 0.857700   15.403503   -42.340439
 0.859649   15.320180   -43.159752
 0.861598   15.235266   -43.974413
 0.863548   15.148723   -44.821968
 0.865497   15.060506   -45.708750
 0.867446   14.970551   -46.583400
 0.869396   14.878877   -47.490698
 0.871345   14.785385   -48.449319
 0.873294   14.690021   -49.403011
 0.875244   14.592762   -50.387945
 0.877193   14.493560   -51.415179
 0.879142   14.392346   -52.456801
 0.881092   14.289030   -53.538371
 0.883041   14.183601   -54.659895
 0.884990   14.075965   -55.800866
 0.886940   13.966032   -57.000527
 0.888889   13.853722   -58.253451
 0.890838   13.738960   -59.545041
 0.892787   13.621615   -60.885649
 0.894737   13.501566   -62.296687
 0.896686   13.378722   -63.762966
 0.898636   13.252952   -65.285486
 0.900585   13.124175   -66.901740
 0.902534   12.992169   -68.600109
 0.904483   12.856772   -70.393249
 0.906433   12.717704   -72.335908
 0.908382   12.574736   -74.438083
 0.910331   12.427545   -76.660104
 0.912281   12.275836   -79.084250
 0.914230   12.119198   -81.735597
 0.916179   11.957231   -84.566521
 0.918129   11.789470   -87.674675
 0.920078   11.615391   -91.080628
 0.922027   11.434438   -94.756442
 0.923977   11.245931   -98.803074
 0.925926   11.049209   -103.251659
 0.927875   10.843456   -108.056037
 0.929825   10.627893   -113.321092
 0.931774   10.401623   -119.095389
 0.933723   10.163659   -125.300709
 0.935673   9.913069   -132.051361
 0.937622   9.648798   -139.373990
 0.939571   9.369789   -147.209307
 0.941520   9.074976   -155.615244
 0.943470   8.763037   -165.206713
 0.945419   8.430846   -165.450108
 0.947368   8.118112   -163.976919
 0.949318   7.791493   -171.922571
 0.951267   7.447795   -180.504648
 0.953216   7.087886   -188.413188
 0.955166   6.713164   -195.506597
 0.957115   6.325612   -201.448598
 0.959064   5.927918   -205.769774
 0.961014   5.523312   -208.338250
 0.962963   5.115609   -208.910502
 0.964912   4.708979   -207.173667
 0.966862   4.307841   -203.235994
 0.968811   3.916557   -197.165349
 0.970760   3.539291   -188.977490
 0.972710   3.179743   -179.093534
 0.974659   2.840995   -167.874828
 0.976608   2.525367   -155.630056
 0.978557   2.234349   -142.780597
 0.980507   1.968678   -129.783430
 0.982456   1.728310   -116.971054
 0.984406   1.512621   -104.601336
 0.986355   1.320458   -92.944931
 0.988304   1.150322   -82.083620
 0.990253   1.000496   -72.117249
 0.992203   0.869146   -63.110703
 0.994152   0.754419   -55.065910
 0.996101   0.654499   -47.894404
 0.998051   0.567685   -41.576168
 1.000000   0.492388   -38.633766
514 psinorm omgpp(kRad/s) domgpp/dpsiN
 0.000000   -9.737813   165.152114
 0.001949   -9.415932   212.408911
 0.003899   -8.909537   207.435166
 0.005848   -8.607038   142.007330
 0.007797   -8.355992   118.862746
 0.009747   -8.143612   99.503500
 0.011696   -7.968009   89.289398
 0.013645   -7.795562   84.397895
 0.015595   -7.638950   74.872461
 0.017544   -7.503623   69.221996
 0.019493   -7.369122   67.102076
 0.021442   -7.242059   63.986020
 0.023392   -7.119643   58.087472
 0.025341   -7.015567   54.238726
 0.027290   -6.908221   54.080399
 0.029240   -6.804709   52.224093
 0.031189   -6.704597   50.599660
 0.033138   -6.607472   47.072134
 0.035088   -6.521069   45.430305
 0.037037   -6.430341   45.730863
 0.038986   -6.342810   42.339587
 0.040936   -6.265264   40.931517
 0.042885   -6.183220   43.086994
 0.044834   -6.097311   39.746419
 0.046784   -6.028257   38.456190
 0.048733   -5.947377   38.874659
 0.050682   -5.876724   35.546258
 0.052632   -5.808783   37.978221
 0.054581   -5.728653   34.797688
 0.056530   -5.673142   31.486309
 0.058480   -5.605882   35.776502
 0.060429   -5.533652   33.907371
 0.062378   -5.473711   33.014946
 0.064327   -5.404960   32.858229
 0.066277   -5.345602   29.965104
 0.068226   -5.288125   30.415332
 0.070175   -5.227043   28.959208
 0.072125   -5.175218   29.683578
 0.074074   -5.111313   31.952533
 0.076023   -5.050667   26.985830
 0.077973   -5.006103   25.933497
 0.079922   -4.949558   28.101391
 0.081871   -4.896564   26.709529
 0.083821   -4.845418   27.549013
 0.085770   -4.789153   27.950510
 0.087719   -4.736467   24.734702
 0.089669   -4.692717   23.728829
 0.091618   -4.643951   25.954798
 0.093567   -4.591545   26.426601
 0.095517   -4.540915   23.681447
 0.097466   -4.499207   19.945327
 0.099415   -4.463168   22.519703
 0.101364   -4.411425   27.916345
 0.103314   -4.354319   25.709314
 0.105263   -4.311177   20.277367
 0.107213   -4.275262   17.990528
 0.109162   -4.241031   19.693702
 0.111111   -4.198496   25.855606
 0.113060   -4.140246   24.091367
 0.115010   -4.104575   17.801634
 0.116959   -4.070837   19.932703
 0.118908   -4.026877   20.354499
 0.120858   -3.991479   17.725187
 0.122807   -3.957766   19.838787
 0.124756   -3.914147   21.989041
 0.126706   -3.872031   19.390589
 0.128655   -3.838539   17.924177
 0.130604   -3.802163   20.045413
 0.132554   -3.760379   19.289088
 0.134503   -3.726951   16.085924
 0.136452   -3.697676   18.141604
 0.138402   -3.656210   19.138974
 0.140351   -3.623049   15.938054
 0.142300   -3.594084   14.534781
 0.144250   -3.566378   17.278998
 0.146199   -3.526719   17.224915
 0.148148   -3.499236   14.416872
 0.150097   -3.470522   19.618511
 0.152047   -3.422733   18.889766
 0.153996   -3.396860   13.970958
 0.155945   -3.368275   12.538502
 0.157895   -3.347976   11.751563
 0.159844   -3.322458   19.058003
 0.161793   -3.273688   17.649988
 0.163743   -3.253655   11.674672
 0.165692   -3.228171   15.518956
 0.167641   -3.193163   14.055107
 0.169591   -3.173378   13.317838
 0.171540   -3.141243   15.423010
 0.173489   -3.113260   13.935226
 0.175439   -3.086910   13.231268
 0.177388   -3.061670   11.513829
 0.179337   -3.042029   12.107357
 0.181286   -3.014476   13.813710
 0.183236   -2.988170   13.440910
 0.185185   -2.962070   13.429655
 0.187135   -2.935808   13.105881
 0.189084   -2.910969   13.332129
 0.191033   -2.883839   11.900036
 0.192983   -2.864575   9.571435
 0.194932   -2.846520   9.570344
 0.196881   -2.827270   13.543664
 0.198830   -2.793726   13.508787
 0.200780   -2.774606   7.797538
 0.202729   -2.763320   11.435416
 0.204678   -2.730031   13.425292
 0.206628   -2.710982   9.420605
 0.208577   -2.693299   9.632074
 0.210526   -2.673436   11.615843
 0.212476   -2.648006   11.070491
 0.214425   -2.630268   7.913221
 0.216374   -2.617161   9.836885
 0.218324   -2.591908   11.004304
 0.220273   -2.574251   10.909197
 0.222222   -2.549384   11.392715
 0.224171   -2.529842   6.489047
 0.226121   -2.524090   5.912135
 0.228070   -2.506797   11.068539
 0.230019   -2.480945   12.967950
 0.231969   -2.456235   7.520120
 0.233918   -2.451614   6.100348
 0.235867   -2.432456   11.209266
 0.237817   -2.407906   7.470772
 0.239766   -2.403317   7.668577
 0.241715   -2.378014   9.531760
 0.243665   -2.366160   5.797209
 0.245614   -2.355410   9.188833
 0.247563   -2.330342   9.461274
 0.249513   -2.318527   7.351954
 0.251462   -2.301679   7.576391
 0.253411   -2.288995   6.229878
 0.255361   -2.277389   7.264301
 0.257310   -2.260674   5.941365
 0.259259   -2.254230   7.751403
 0.261209   -2.230442   10.383017
 0.263158   -2.213743   5.605026
 0.265107   -2.208594   4.516130
 0.267056   -2.196139   7.737049
 0.269006   -2.178424   8.769434
 0.270955   -2.161946   5.809334
 0.272904   -2.155779   4.478693
 0.274854   -2.144481   7.111168
 0.276803   -2.128056   7.356379
 0.278752   -2.115806   4.493352
 0.280702   -2.110540   5.551554
 0.282651   -2.094166   7.305715
 0.284600   -2.082062   4.420439
 0.286550   -2.076935   7.046123
 0.288499   -2.054598   7.300925
 0.290448   -2.048476   2.849701
 0.292398   -2.043488   5.477249
 0.294347   -2.027126   5.765269
 0.296296   -2.021015   5.895775
 0.298246   -2.004133   6.926161
 0.300195   -1.994006   4.126241
 0.302144   -1.988048   4.388334
 0.304094   -1.976893   5.490697
 0.306043   -1.966640   3.916402
 0.307992   -1.961627   4.321541
 0.309941   -1.949794   5.863490
 0.311891   -1.938766   2.625704
 0.313840   -1.939551   4.100610
 0.315790   -1.922768   6.914494
 0.317739   -1.912588   3.909940
 0.319688   -1.907528   4.302998
 0.321637   -1.895815   4.356549
 0.323587   -1.890545   3.880132
 0.325536   -1.880688   4.069530
 0.327485   -1.874682   2.861403
 0.329435   -1.869532   3.861803
 0.331384   -1.859627   5.540804
 0.333333   -1.847934   4.343505
 0.335283   -1.842695   2.471718
 0.337232   -1.838296   4.095620
 0.339181   -1.826730   4.240117
 0.341131   -1.821768   2.383326
 0.343080   -1.817437   2.681957
 0.345029   -1.811313   4.328681
 0.346979   -1.800557   3.850852
 0.348928   -1.796296   2.427176
 0.350877   -1.791096   4.306498
 0.352826   -1.779509   4.319911
 0.354776   -1.774256   1.245692
 0.356725   -1.774649   1.214168
 0.358675   -1.769519   3.894106
 0.360624   -1.759468   5.272305
 0.362573   -1.748968   4.230382
 0.364522   -1.742978   1.513581
 0.366472   -1.743069   1.126211
 0.368421   -1.738590   2.698143
 0.370370   -1.732552   4.252218
 0.372320   -1.722008   2.449318
 0.374269   -1.722996   -0.041317
 0.376218   -1.722169   2.930263
 0.378168   -1.711566   3.865072
 0.380117   -1.707096   4.096430
 0.382066   -1.695598   2.935532
 0.384016   -1.695656   1.140619
 0.385965   -1.691153   2.528086
 0.387914   -1.685802   0.200586
 0.389863   -1.690371   1.559639
 0.391813   -1.679713   5.284305
 0.393762   -1.669768   2.772183
 0.395711   -1.668907   0.260412
 0.397661   -1.668753   1.398331
 0.399610   -1.663457   2.763041
 0.401560   -1.657979   2.589489
 0.403509   -1.653361   1.225194
 0.405458   -1.653204   1.642838
 0.407407   -1.646957   2.995621
 0.409357   -1.641524   1.271928
 0.411306   -1.641995   0.179773
 0.413255   -1.640823   1.703767
 0.415205   -1.635349   2.601361
 0.417154   -1.630680   1.477499
 0.419103   -1.629590   1.706148
 0.421053   -1.624026   1.369847
 0.423002   -1.624246   1.516467
 0.424951   -1.618115   3.022741
 0.426901   -1.612461   1.415987
 0.428850   -1.612591   1.384460
 0.430799   -1.607064   1.720238
 0.432748   -1.605885   0.474917
 0.434698   -1.605213   1.608849
 0.436647   -1.599615   2.877508
 0.438597   -1.593993   1.469680
 0.440546   -1.593882   0.154771
 0.442495   -1.593390   0.480601
 0.444444   -1.592008   0.540664
 0.446394   -1.591282   1.489583
 0.448343   -1.586203   2.955086
 0.450292   -1.579763   0.599440
 0.452242   -1.583871   0.220147
 0.454191   -1.578910   2.910445
 0.456140   -1.572526   0.650453
 0.458090   -1.576379   0.315105
 0.460039   -1.571302   1.690178
 0.461988   -1.569790   -0.642440
 0.463938   -1.573810   0.288810
 0.465887   -1.568669   3.028315
 0.467836   -1.562005   0.712072
 0.469786   -1.565898   0.340632
 0.471735   -1.560682   1.614382
 0.473684   -1.559605   0.711962
 0.475633   -1.557907   1.924968
 0.477583   -1.552098   0.542928
 0.479532   -1.555785   0.587379
 0.481482   -1.549802   1.687043
 0.483431   -1.549204   -0.764302
 0.485380   -1.552782   0.719784
 0.487329   -1.546399   1.975110
 0.489279   -1.545083   0.516023
 0.491228   -1.544386   0.610554
 0.493177   -1.542703   0.747071
 0.495127   -1.541474   0.523944
 0.497076   -1.540660   0.741258
 0.499025   -1.538584   0.834503
 0.500975   -1.537407   -0.763536
 0.502924   -1.541559   -0.509164
 0.504873   -1.539392   2.128482
 0.506823   -1.533258   1.746359
 0.508772   -1.532580   0.707712
 0.510721   -1.530499   -0.277362
 0.512671   -1.533664   -0.622723
 0.514620   -1.532929   1.752247
 0.516569   -1.526834   2.082764
 0.518518   -1.524810   -0.298029
 0.520468   -1.527998   -1.748952
 0.522417   -1.531629   0.803100
 0.524366   -1.524868   2.130853
 0.526316   -1.523324   0.639908
 0.528265   -1.522373   -0.419184
 0.530214   -1.524958   -1.437437
 0.532164   -1.527977   0.676943
 0.534113   -1.522323   2.032048
 0.536062   -1.520057   0.970048
 0.538012   -1.518541   -0.540389
 0.539961   -1.522161   -0.380267
 0.541910   -1.520023   2.135868
 0.543860   -1.513831   0.719595
 0.545809   -1.517213   -1.467966
 0.547758   -1.519553   -0.218090
 0.549708   -1.518061   1.834120
 0.551657   -1.512404   0.874796
 0.553606   -1.514651   -2.507357
 0.555556   -1.522183   -0.512737
 0.557505   -1.516657   3.186810
 0.559454   -1.509761   -0.133219
 0.561404   -1.517184   -1.635517
 0.563353   -1.516142   2.004091
 0.565302   -1.509372   0.969497
 0.567252   -1.512367   -1.635520
 0.569201   -1.515748   -1.581898
 0.571150   -1.518533   0.983811
 0.573099   -1.511913   2.111778
 0.575049   -1.510302   -1.584882
 0.576998   -1.518088   -0.333525
 0.578947   -1.511602   3.235566
 0.580897   -1.505473   -1.590946
 0.582846   -1.517796   -3.788264
 0.584795   -1.520239   2.052106
 0.586745   -1.509788   2.929291
 0.588694   -1.508813   -0.313653
 0.590643   -1.511011   -1.350169
 0.592593   -1.514078   -1.712976
 0.594542   -1.517689   -0.382527
 0.596491   -1.515569   0.910087
 0.598441   -1.514141   0.546601
 0.600390   -1.513438   -0.442417
 0.602339   -1.515866   -1.392010
 0.604289   -1.518865   0.558127
 0.606238   -1.513694   1.663525
 0.608187   -1.512381   -0.321451
 0.610136   -1.514947   -1.453627
 0.612086   -1.518049   -1.772210
 0.614035   -1.521856   -1.713982
 0.615984   -1.524730   0.646221
 0.617934   -1.519332   1.552386
 0.619883   -1.518675   -0.524372
 0.621832   -1.521376   -1.599624
 0.623782   -1.524912   -0.832263
 0.625731   -1.524623   0.438902
 0.627680   -1.523201   -1.671213
 0.629630   -1.531144   -1.956131
 0.631579   -1.530832   1.481196
 0.633528   -1.525370   0.417216
 0.635478   -1.529210   -2.073343
 0.637427   -1.533454   -0.949732
 0.639376   -1.532913   0.367676
 0.641325   -1.532021   0.325375
 0.643275   -1.531644   -1.113740
 0.645224   -1.536361   -2.148508
 0.647173   -1.540019   -2.056093
 0.649123   -1.544378   -0.128032
 0.651072   -1.540522   1.136578
 0.653021   -1.539948   -2.180997
 0.654971   -1.549031   -3.672597
 0.656920   -1.554269   -1.296464
 0.658869   -1.554085   -0.080067
 0.660819   -1.554581   -0.480997
 0.662768   -1.555960   -0.391305
 0.664717   -1.556107   -1.335669
 0.666667   -1.561170   -2.821187
 0.668616   -1.567106   -1.700742
 0.670565   -1.567799   -0.530023
 0.672515   -1.569173   -1.967079
 0.674464   -1.575467   -1.885136
 0.676413   -1.576521   -1.836116
 0.678363   -1.582628   -2.157817
 0.680312   -1.584937   -0.990799
 0.682261   -1.586490   -3.230903
 0.684211   -1.597539   -2.479772
 0.686160   -1.596165   -0.183749
 0.688109   -1.598255   -3.464260
 0.690059   -1.609677   -2.756095
 0.692008   -1.609007   -0.636157
 0.693957   -1.612157   -2.664379
 0.695906   -1.619393   -2.804832
 0.697856   -1.623091   -3.206362
 0.699805   -1.631892   -4.338056
 0.701754   -1.640001   -3.175186
 0.703704   -1.644270   -1.283737
 0.705653   -1.645008   -1.364359
 0.707602   -1.649588   -3.615895
 0.709552   -1.659109   -6.195322
 0.711501   -1.673741   -4.041683
 0.713450   -1.674863   -1.818858
 0.715400   -1.680835   -4.439796
 0.717349   -1.692171   -3.404859
 0.719298   -1.694108   -3.393409
 0.721248   -1.705407   -6.068937
 0.723197   -1.717770   -5.075214
 0.725146   -1.725190   -2.897173
 0.727096   -1.729064   -3.341694
 0.729045   -1.738217   -6.873439
 0.730994   -1.755857   -5.659111
 0.732943   -1.760276   -3.688552
 0.734893   -1.770241   -7.632463
 0.736842   -1.790030   -6.552940
 0.738791   -1.795785   -4.352566
 0.740741   -1.807004   -6.032512
 0.742690   -1.819305   -6.156599
 0.744639   -1.831002   -7.412197
 0.746589   -1.848208   -6.828310
 0.748538   -1.857630   -5.847139
 0.750487   -1.871000   -8.284271
 0.752437   -1.889933   -8.840651
 0.754386   -1.905471   -7.905516
 0.756335   -1.920748   -6.965272
 0.758285   -1.932627   -7.507186
 0.760234   -1.950016   -8.893300
 0.762183   -1.967293   -9.131517
 0.764133   -1.985620   -10.871547
 0.766082   -2.009679   -10.126539
 0.768031   -2.025094   -9.100342
 0.769980   -2.045152   -10.627393
 0.771930   -2.066531   -10.016482
 0.773879   -2.084208   -11.577164
 0.775829   -2.111675   -13.315855
 0.777778   -2.136128   -11.493133
 0.779727   -2.156475   -11.635328
 0.781676   -2.181482   -12.098596
 0.783626   -2.203646   -12.870795
 0.785575   -2.231663   -15.472245
 0.787524   -2.263957   -14.716554
 0.789474   -2.289039   -12.131210
 0.791423   -2.311258   -13.600415
 0.793372   -2.342053   -16.276401
 0.795322   -2.374721   -16.005067
 0.797271   -2.404458   -17.558184
 0.799220   -2.443162   -18.021623
 0.801170   -2.474721   -16.634766
 0.803119   -2.508021   -17.032147
 0.805068   -2.541112   -17.417429
 0.807018   -2.575932   -18.474617
 0.808967   -2.613144   -20.136569
 0.810916   -2.654424   -20.478017
 0.812866   -2.692986   -19.197386
 0.814815   -2.729276   -21.069925
 0.816764   -2.775117   -22.492383
 0.818713   -2.816951   -22.056921
 0.820663   -2.861118   -23.173694
 0.822612   -2.907305   -22.471135
 0.824561   -2.948710   -21.742399
 0.826511   -2.992079   -24.004803
 0.828460   -3.042301   -24.612603
 0.830409   -3.088019   -25.092541
 0.832359   -3.140140   -28.464085
 0.834308   -3.198997   -25.573468
 0.836257   -3.239826   -23.690221
 0.838207   -3.291371   -28.250543
 0.840156   -3.349971   -27.701110
 0.842105   -3.399350   -28.129798
 0.844055   -3.459655   -29.231213
 0.846004   -3.513326   -27.382488
 0.847953   -3.566392   -29.551832
 0.849903   -3.628553   -31.631019
 0.851852   -3.689722   -33.491197
 0.853801   -3.759101   -35.666246
 0.855750   -3.828749   -35.054971
 0.857700   -3.895779   -36.146901
 0.859649   -3.969682   -36.503375
 0.861598   -4.038070   -35.583751
 0.863548   -4.108424   -35.560641
 0.865497   -4.176722   -34.628415
 0.867446   -4.243405   -34.742774
 0.869396   -4.312185   -34.652602
 0.871345   -4.378517   -35.779094
 0.873294   -4.451652   -35.855961
 0.875244   -4.518316   -32.419166
 0.877193   -4.578057   -32.277601
 0.879142   -4.644134   -33.307750
 0.881092   -4.707923   -33.042617
 0.883041   -4.772967   -32.750738
 0.884990   -4.835586   -29.348269
 0.886940   -4.887390   -28.936660
 0.888889   -4.948405   -31.949982
 0.890838   -5.011931   -29.179386
 0.892787   -5.062146   -26.946798
 0.894737   -5.116999   -27.860743
 0.896686   -5.170776   -26.952562
 0.898636   -5.222086   -26.249731
 0.900585   -5.273124   -25.656151
 0.902534   -5.322093   -25.436196
 0.904483   -5.372274   -24.758027
 0.906433   -5.418623   -26.524859
 0.908382   -5.475689   -28.159898
 0.910331   -5.528390   -28.528993
 0.912281   -5.586926   -33.307035
 0.914230   -5.658248   -35.078970
 0.916179   -5.723664   -35.655458
 0.918129   -5.797273   -41.378709
 0.920078   -5.884992   -47.303696
 0.922027   -5.981663   -52.647318
 0.923977   -6.090270   -60.231326
 0.925926   -6.216495   -68.587976
 0.927875   -6.357626   -77.063397
 0.929825   -6.516975   -87.600428
 0.931774   -6.699169   -99.162256
 0.933723   -6.903509   -112.166417
 0.935673   -7.136520   -125.954094
 0.937622   -7.394591   -138.851782
 0.939571   -7.677764   -151.480745
 0.941520   -7.985063   -158.569060
 0.943470   -8.296027   -169.060655
 0.945419   -8.644212   -201.409926
 0.947368   -9.081123   -241.463473
 0.949318   -9.585712   -266.708088
 0.951267   -10.121002   -280.088142
 0.953216   -10.677496   -292.153853
 0.955166   -11.260123   -302.747113
 0.957115   -11.857899   -306.510167
 0.959064   -12.454900   -305.972617
 0.961014   -13.050886   -301.154755
 0.962963   -13.629111   -285.909574
 0.964912   -14.165361   -263.091938
 0.966862   -14.654882   -234.410216
 0.968811   -15.079360   -193.503058
 0.970760   -15.409157   -143.555402
 0.972710   -15.639031   -85.840882
 0.974659   -15.743915   -17.532781
 0.976608   -15.707374   59.780601
 0.978557   -15.510890   141.215040
 0.980507   -15.156695   223.315130
 0.982456   -14.640268   306.164602
 0.984406   -13.962877   384.003963
 0.986355   -13.143110   452.156905
 0.988304   -12.200370   506.210634
 0.990253   -11.169900   541.325830
 0.992203   -10.089715   554.509351
 0.994152   -9.007870   545.150504
 0.996101   -7.964718   517.865693
 0.998051   -6.988746   359.073012
 1.000000   -6.564410   217.719904
514 psinorm ommpp() dommpp/dpsiN
 0.000000   -22.504102   506.689437
 0.001949   -21.516564   565.299164
 0.003899   -20.299883   408.204186
 0.005848   -19.924545   149.870663
 0.007797   -19.715688   87.719511
 0.009747   -19.582565   57.638066
 0.011696   -19.490936   38.194301
 0.013645   -19.433684   26.535590
 0.015595   -19.387479   18.952236
 0.017544   -19.359780   10.732463
 0.019493   -19.345644   9.524233
 0.021442   -19.322654   8.255791
 0.023392   -19.313462   4.131269
 0.025341   -19.306545   5.470854
 0.027290   -19.292136   2.554310
 0.029240   -19.296596   -3.942371
 0.031189   -19.307504   -0.132640
 0.033138   -19.297113   3.424392
 0.035088   -19.294156   -1.835688
 0.037037   -19.304263   -1.861415
 0.038986   -19.301412   0.390863
 0.040936   -19.302742   -3.603111
 0.042885   -19.315455   -3.249409
 0.044834   -19.315408   -0.628768
 0.046784   -19.317908   -4.004707
 0.048733   -19.331017   -0.786889
 0.050682   -19.320975   2.217740
 0.052632   -19.322376   -5.484913
 0.054581   -19.342351   -1.890204
 0.056530   -19.329744   3.755817
 0.058480   -19.327713   -3.947114
 0.060429   -19.345124   -4.595408
 0.062378   -19.345625   1.376919
 0.064327   -19.339756   0.283612
 0.066277   -19.344525   -2.302873
 0.068226   -19.348735   1.645142
 0.070175   -19.338112   2.930195
 0.072125   -19.337316   -2.098835
 0.074074   -19.346291   -0.398975
 0.076023   -19.338871   3.944322
 0.077973   -19.330912   -0.846011
 0.079922   -19.342160   0.373156
 0.081871   -19.329457   4.472090
 0.083821   -19.324727   -0.104781
 0.085770   -19.329860   1.546986
 0.087719   -19.318697   3.429579
 0.089669   -19.316493   0.806961
 0.091618   -19.315550   2.670915
 0.093567   -19.306082   2.808738
 0.095517   -19.304603   0.411125
 0.097466   -19.304478   3.985701
 0.099415   -19.289066   7.727341
 0.101364   -19.274357   3.354265
 0.103314   -19.275997   1.365986
 0.105263   -19.269035   5.568534
 0.107213   -19.254281   5.297103
 0.109162   -19.248378   2.635598
 0.111111   -19.244007   4.402251
 0.113060   -19.231218   6.658365
 0.115010   -19.218046   4.271305
 0.116959   -19.214559   6.040553
 0.118908   -19.194500   8.266184
 0.120858   -19.182333   3.990246
 0.122807   -19.178938   5.744450
 0.124756   -19.159941   7.731141
 0.126706   -19.148798   3.473613
 0.128655   -19.146393   7.300801
 0.130604   -19.120339   9.281798
 0.132554   -19.110211   3.170185
 0.134503   -19.107975   9.275132
 0.136452   -19.074057   11.024860
 0.138402   -19.065002   2.629780
 0.140351   -19.063799   8.698828
 0.142300   -19.031094   12.948427
 0.144250   -19.013321   4.602960
 0.146199   -19.013138   6.308878
 0.148148   -18.988729   12.562230
 0.150097   -18.964170   8.322295
 0.152047   -18.956289   6.182576
 0.153996   -18.940068   10.369736
 0.155945   -18.915868   12.252121
 0.157895   -18.892298   9.912934
 0.159844   -18.877213   7.947190
 0.161793   -18.861320   9.805934
 0.163743   -18.838976   9.750292
 0.165692   -18.823300   10.041353
 0.167641   -18.799835   11.667275
 0.169591   -18.777810   9.580797
 0.171540   -18.762476   11.881347
 0.173489   -18.731496   11.493322
 0.175439   -18.717673   7.387870
 0.177388   -18.702692   11.502958
 0.179337   -18.672834   15.310520
 0.181286   -18.643011   13.380708
 0.183236   -18.620667   11.267924
 0.185185   -18.599077   11.355133
 0.187135   -18.576392   9.497408
 0.189084   -18.562043   11.069017
 0.191033   -18.533245   14.854692
 0.192983   -18.504124   13.046268
 0.194932   -18.482374   11.154201
 0.196881   -18.460645   13.113362
 0.198830   -18.431258   14.931400
 0.200780   -18.402428   12.914062
 0.202729   -18.380903   12.941871
 0.204678   -18.351980   14.926984
 0.206628   -18.322702   12.925616
 0.208577   -18.301579   14.440418
 0.210526   -18.266413   14.701703
 0.212476   -18.244264   11.206149
 0.214425   -18.222720   16.379225
 0.216374   -18.180418   16.413513
 0.218324   -18.158735   11.220832
 0.220273   -18.136668   12.787406
 0.222222   -18.108889   16.144410
 0.224171   -18.073737   18.373170
 0.226121   -18.037252   14.724771
 0.228070   -18.016317   14.483325
 0.230019   -17.980796   16.415250
 0.231969   -17.952318   14.705008
 0.233918   -17.923461   16.394682
 0.235867   -17.888411   16.150964
 0.237817   -17.860492   14.692122
 0.239766   -17.831127   16.366537
 0.241715   -17.796695   18.019699
 0.243665   -17.760868   16.588681
 0.245614   -17.732012   16.101939
 0.247563   -17.698102   16.078376
 0.249513   -17.669325   14.657734
 0.251462   -17.640952   18.193472
 0.253411   -17.598407   20.059690
 0.255361   -17.562743   16.299032
 0.257310   -17.534853   18.149227
 0.259259   -17.491997   18.121802
 0.261209   -17.464204   14.380445
 0.263158   -17.435928   16.102703
 0.265107   -17.401436   19.705977
 0.267056   -17.359114   20.231163
 0.269006   -17.322558   16.535560
 0.270955   -17.294637   19.744548
 0.272904   -17.245593   19.710142
 0.274854   -17.217798   14.396062
 0.276803   -17.189463   19.920209
 0.278752   -17.140149   21.730463
 0.280702   -17.104743   16.462245
 0.282651   -17.075960   18.011115
 0.284600   -17.034536   21.404229
 0.286550   -16.992504   18.275062
 0.288499   -16.963275   18.191821
 0.290448   -16.921593   21.325051
 0.292398   -16.880129   18.225547
 0.294347   -16.850525   20.203445
 0.296296   -16.801376   21.494068
 0.298246   -16.766727   16.099684
 0.300195   -16.738600   21.487046
 0.302144   -16.682971   23.481851
 0.304094   -16.647054   16.765700
 0.306043   -16.617598   19.991504
 0.307992   -16.569127   23.153244
 0.309941   -16.527347   19.790366
 0.311891   -16.491968   21.568048
 0.313840   -16.443260   21.643272
 0.315790   -16.407587   18.475467
 0.317739   -16.371224   20.112920
 0.319688   -16.329187   21.390204
 0.321637   -16.287845   23.459228
 0.323587   -16.237715   21.847130
 0.325536   -16.202655   21.470985
 0.327485   -16.154021   23.374267
 0.329435   -16.111522   18.187270
 0.331384   -16.083102   19.830173
 0.333333   -16.034224   25.295124
 0.335283   -15.984476   22.174362
 0.337232   -15.947760   21.780240
 0.339181   -15.899577   22.933880
 0.341131   -15.858344   19.834890
 0.343080   -15.822238   23.703474
 0.345029   -15.765948   25.329650
 0.346979   -15.723484   20.002248
 0.348928   -15.687956   20.061639
 0.350877   -15.645284   23.448901
 0.352826   -15.596552   25.248190
 0.354776   -15.546841   25.274176
 0.356725   -15.498007   23.326379
 0.358675   -15.455895   20.334783
 0.360624   -15.418720   20.151947
 0.362573   -15.377343   24.740946
 0.364522   -15.322279   27.016482
 0.366472   -15.272008   22.305472
 0.368421   -15.235303   23.601548
 0.370370   -15.180009   24.915120
 0.372320   -15.138166   21.728458
 0.374269   -15.095290   25.485444
 0.376218   -15.038824   25.280313
 0.378168   -14.996730   21.883394
 0.380117   -14.953501   23.648958
 0.382066   -14.904546   25.148175
 0.384016   -14.855448   23.768411
 0.385965   -14.811870   23.822341
 0.387914   -14.762589   26.759787
 0.389863   -14.707561   25.079150
 0.391813   -14.664812   22.240921
 0.393762   -14.620844   25.437190
 0.395711   -14.565658   26.906671
 0.397661   -14.515938   25.275257
 0.399610   -14.467109   25.318056
 0.401560   -14.417222   23.961785
 0.403509   -14.373679   23.771214
 0.405458   -14.324562   26.853558
 0.407407   -14.269003   26.886101
 0.409357   -14.219736   23.909223
 0.411306   -14.175779   25.577049
 0.413255   -14.120037   26.996070
 0.415205   -14.070524   25.495461
 0.417154   -14.020630   26.909688
 0.419103   -13.965630   25.177826
 0.421053   -13.922468   24.184443
 0.423002   -13.871339   27.027197
 0.424951   -13.817116   26.722777
 0.426901   -13.767149   26.009038
 0.428850   -13.715707   25.823009
 0.430799   -13.666491   26.588269
 0.432748   -13.612066   26.864156
 0.434698   -13.561750   27.245951
 0.436647   -13.505837   27.048825
 0.438597   -13.456290   24.365441
 0.440546   -13.410834   25.831704
 0.442495   -13.355598   28.220324
 0.444444   -13.300832   28.482940
 0.446394   -13.244542   25.965600
 0.448343   -13.199586   25.618480
 0.450292   -13.144681   30.229759
 0.452242   -13.081716   27.506791
 0.454191   -13.037423   25.243972
 0.456140   -12.983315   28.674927
 0.458090   -12.925617   26.223833
 0.460039   -12.881061   27.002452
 0.461988   -12.820362   29.925412
 0.463938   -12.764385   25.857700
 0.465887   -12.719537   27.359982
 0.467836   -12.657735   30.260078
 0.469786   -12.601556   25.984140
 0.471735   -12.556418   26.023412
 0.473684   -12.500117   30.104362
 0.475633   -12.439071   28.253897
 0.477583   -12.389961   27.077282
 0.479532   -12.333500   28.991642
 0.481482   -12.276922   27.855364
 0.483431   -12.224890   27.901358
 0.485380   -12.168163   28.159162
 0.487329   -12.115126   28.173069
 0.489279   -12.058314   28.011890
 0.491228   -12.005905   28.701553
 0.493177   -11.946435   29.631832
 0.495127   -11.890372   27.879843
 0.497076   -11.837730   29.298587
 0.499025   -11.776166   29.962274
 0.500975   -11.720911   27.247274
 0.502924   -11.669927   28.897997
 0.504873   -11.608266   30.291628
 0.506823   -11.551823   27.610006
 0.508772   -11.500612   28.744713
 0.510721   -11.439776   30.121005
 0.512671   -11.383172   27.722377
 0.514620   -11.331684   27.516026
 0.516569   -11.275915   29.704280
 0.518518   -11.215896   29.723888
 0.520468   -11.160024   29.457778
 0.522417   -11.101042   30.557922
 0.524366   -11.040909   29.799838
 0.526316   -10.984855   27.730236
 0.528265   -10.932787   28.555583
 0.530214   -10.873545   31.200386
 0.532164   -10.811135   29.422478
 0.534113   -10.758821   28.897701
 0.536062   -10.698492   29.696681
 0.538012   -10.643037   29.015992
 0.539961   -10.585359   30.062952
 0.541910   -10.525851   29.517079
 0.543860   -10.470274   29.368565
 0.545809   -10.411345   30.398045
 0.547758   -10.351783   29.335864
 0.549708   -10.296967   27.401422
 0.551657   -10.244943   30.220244
 0.553606   -10.179168   32.531177
 0.555556   -10.118106   28.817189
 0.557505   -10.066805   28.492973
 0.559454   -10.007041   31.026368
 0.561404   -9.945833   28.913605
 0.563353   -9.894302   28.324241
 0.565302   -9.835425   30.583059
 0.567252   -9.775058   30.306167
 0.569201   -9.717260   30.596746
 0.571150   -9.655792   30.658490
 0.573099   -9.597753   28.866550
 0.575049   -9.543243   28.875911
 0.576998   -9.485168   29.557687
 0.578947   -9.428027   28.675593
 0.580897   -9.373363   30.254220
 0.582846   -9.310070   32.462087
 0.584795   -9.246825   28.492434
 0.586745   -9.198986   26.756581
 0.588694   -9.142506   30.985475
 0.590643   -9.078205   31.614822
 0.592593   -9.019243   29.416704
 0.594542   -8.963507   29.015894
 0.596491   -8.906139   29.874574
 0.598441   -8.847025   27.716952
 0.600390   -8.798065   28.569832
 0.602339   -8.735660   31.204821
 0.604289   -8.676399   27.801984
 0.606238   -8.627255   27.576350
 0.608187   -8.568906   30.749596
 0.610136   -8.507393   30.758307
 0.612086   -8.448981   28.923124
 0.614035   -8.394620   29.231221
 0.615984   -8.335038   28.268957
 0.617934   -8.284404   26.970451
 0.619883   -8.229882   29.546140
 0.621832   -8.169233   29.827011
 0.623782   -8.113589   27.800491
 0.625731   -8.060837   27.073976
 0.627680   -8.008055   29.349543
 0.629630   -7.946399   29.386729
 0.631579   -7.893472   26.623230
 0.633528   -7.842622   26.862983
 0.635478   -7.788731   27.178131
 0.637427   -7.736653   27.208132
 0.639376   -7.682674   26.661530
 0.641325   -7.632727   26.406029
 0.643275   -7.579715   27.745553
 0.645224   -7.524548   28.222471
 0.647173   -7.469704   27.181097
 0.649123   -7.418571   24.046880
 0.651072   -7.375941   24.754356
 0.653021   -7.322078   27.938780
 0.654971   -7.267007   26.079336
 0.656920   -7.220390   25.277628
 0.658869   -7.168475   25.708404
 0.660819   -7.120155   22.125399
 0.662768   -7.082203   22.544670
 0.664717   -7.032276   26.454560
 0.666667   -6.979055   24.651575
 0.668616   -6.936154   23.054690
 0.670565   -6.889188   23.197687
 0.672515   -6.845708   21.674294
 0.674464   -6.804678   22.066751
 0.676413   -6.759692   22.195017
 0.678363   -6.718142   20.698013
 0.680312   -6.678989   20.818377
 0.682261   -6.636992   22.151855
 0.684211   -6.592618   20.427233
 0.686160   -6.557341   17.575514
 0.688109   -6.524109   19.401908
 0.690059   -6.481688   18.924090
 0.692008   -6.450318   16.691979
 0.693957   -6.416623   17.628618
 0.695906   -6.381602   16.857664
 0.697856   -6.350897   16.394628
 0.699805   -6.317680   16.214426
 0.701754   -6.287693   14.810547
 0.703704   -6.259935   13.156262
 0.705653   -6.236395   12.443205
 0.707602   -6.211432   12.243765
 0.709552   -6.188658   12.330872
 0.711501   -6.163355   11.609293
 0.713450   -6.143405   9.673010
 0.715400   -6.125641   8.054843
 0.717349   -6.111997   7.318489
 0.719298   -6.097113   8.555868
 0.721248   -6.078636   6.698092
 0.723197   -6.070992   4.231746
 0.725146   -6.062140   3.486378
 0.727096   -6.057401   1.377653
 0.729045   -6.056767   2.060487
 0.730994   -6.049369   2.102577
 0.732943   -6.048571   -1.164061
 0.734893   -6.053911   -2.329613
 0.736842   -6.057655   -2.832491
 0.738791   -6.064952   -5.045231
 0.740741   -6.077329   -7.654216
 0.742690   -6.094793   -8.684425
 0.744639   -6.111181   -8.265981
 0.746589   -6.127022   -10.868822
 0.748538   -6.153553   -13.608320
 0.750487   -6.180067   -13.455263
 0.752437   -6.206015   -16.059513
 0.754386   -6.242677   -19.056929
 0.756335   -6.280298   -20.599653
 0.758285   -6.322998   -23.213646
 0.760234   -6.370806   -25.029201
 0.762183   -6.420562   -25.401477
 0.764133   -6.469846   -26.854448
 0.766082   -6.525264   -32.057707
 0.768031   -6.594807   -35.022229
 0.769980   -6.661781   -34.499093
 0.771930   -6.729319   -37.376107
 0.773879   -6.807505   -41.401970
 0.775829   -6.890748   -43.141931
 0.777778   -6.975714   -46.016326
 0.779727   -7.070120   -49.189203
 0.781676   -7.167454   -52.033848
 0.783626   -7.273004   -56.032425
 0.785575   -7.385920   -56.933982
 0.787524   -7.494932   -59.722203
 0.789474   -7.618785   -67.089356
 0.791423   -7.756507   -69.643991
 0.793372   -7.890257   -69.615568
 0.795322   -8.027940   -74.209692
 0.797271   -8.179594   -77.274481
 0.799220   -8.329156   -80.537774
 0.801170   -8.493618   -88.229027
 0.803119   -8.673153   -91.261167
 0.805068   -8.849354   -92.847055
 0.807018   -9.035168   -98.598907
 0.808967   -9.233785   -102.379655
 0.810916   -9.434244   -106.426710
 0.812866   -9.648749   -111.991591
 0.814815   -9.870896   -113.987680
 0.816764   -10.093073   -118.068582
 0.818713   -10.331127   -125.438883
 0.820663   -10.582166   -130.264197
 0.822612   -10.839024   -133.676292
 0.824561   -11.103236   -138.378739
 0.826511   -11.378568   -144.640892
 0.828460   -11.667184   -149.051663
 0.830409   -11.959572   -151.535542
 0.832359   -12.258024   -157.630170
 0.834308   -12.574163   -165.427843
 0.836257   -12.902862   -170.231136
 0.838207   -13.237897   -174.049378
 0.840156   -13.581476   -178.312846
 0.842105   -13.932960   -183.280886
 0.844055   -14.296094   -190.614624
 0.846004   -14.676158   -196.592328
 0.847953   -15.062411   -203.796105
 0.849903   -15.470770   -222.461163
 0.851852   -15.929761   -243.502546
 0.853801   -16.419943   -252.350852
 0.855750   -16.913425   -256.972335
 0.857700   -17.421886   -264.525577
 0.859649   -17.944802   -268.565780
 0.861598   -18.468755   -272.892471
 0.863548   -19.008818   -282.434404
 0.865497   -19.569956   -286.433110
 0.867446   -20.125335   -288.707319
 0.869396   -20.695633   -298.647328
 0.871345   -21.289748   -303.005594
 0.873294   -21.876749   -305.592597
 0.875244   -22.481263   -315.308610
 0.877193   -23.106127   -320.221273
 0.879142   -23.729485   -323.889091
 0.881092   -24.368979   -331.696850
 0.883041   -25.022764   -335.784382
 0.884990   -25.677866   -342.345858
 0.886940   -26.357583   -351.879484
 0.888889   -27.049838   -356.129404
 0.890838   -27.745775   -361.057708
 0.892787   -28.457241   -368.898243
 0.894737   -29.184117   -375.497107
 0.896686   -29.921298   -380.090467
 0.898636   -30.666093   -387.411346
 0.900585   -31.431804   -395.893612
 0.902534   -32.209287   -401.328812
 0.904483   -32.996184   -412.597502
 0.906433   -33.818022   -428.759311
 0.908382   -34.667902   -438.160535
 0.910331   -35.525972   -449.404548
 0.912281   -36.420148   -467.977856
 0.914230   -37.350599   -481.701660
 0.916179   -38.297822   -497.605786
 0.918129   -39.290787   -520.438138
 0.920078   -40.326987   -536.857192
 0.922027   -41.383456   -556.167617
 0.923977   -42.495513   -585.330131
 0.925926   -43.665628   -606.931679
 0.927875   -44.861333   -629.045432
 0.929825   -46.118307   -663.381749
 0.931774   -47.447821   -689.806943
 0.933723   -48.807175   -714.657607
 0.935673   -50.234305   -753.094755
 0.937622   -51.743449   -786.479215
 0.939571   -53.300001   -810.005239
 0.941520   -54.900849   -841.243005
 0.943470   -56.580047   -880.375347
 0.945419   -58.333394   -904.892561
 0.947368   -60.107319   -926.065457
 0.949318   -61.944155   -957.004377
 0.951267   -63.838649   -969.777880
 0.953216   -65.724350   -976.172753
 0.955166   -67.644763   -989.942076
 0.957115   -69.584123   -981.273008
 0.959064   -71.469766   -963.000168
 0.961014   -73.338852   -948.952471
 0.962963   -75.169750   -908.871309
 0.964912   -76.881632   -856.411242
 0.966862   -78.508854   -807.848737
 0.968811   -80.031488   -731.125824
 0.970760   -81.358782   -639.868299
 0.972710   -82.526252   -553.313182
 0.974659   -83.516241   -446.297319
 0.976608   -84.265919   -317.593062
 0.978557   -84.754219   -190.870863
 0.980507   -85.010005   -63.377797
 0.982456   -85.001465   75.005433
 0.984406   -84.717418   209.213033
 0.986355   -84.185870   348.332059
 0.988304   -83.359619   498.707048
 0.990253   -82.241910   633.043161
 0.992203   -80.891265   750.001783
 0.994152   -79.317768   877.406017
 0.996101   -77.471136   995.414206
 0.998051   -75.436552   61.890797
 1.000000   -77.227862   -919.091715
514 psinorm omepp() domepp/dpsiN
 0.000000   1.342911   -168.162270
 0.001949   1.015163   -205.543272
 0.003899   0.541423   -184.122826
 0.005848   0.297150   -107.696146
 0.007797   0.121623   -72.619864
 0.009747   0.014040   2.371715
 0.011696   0.130756   56.084062
 0.013645   0.232656   47.697492
 0.015595   0.316719   42.616665
 0.017544   0.398819   40.768418
 0.019493   0.475634   36.609847
 0.021442   0.541524   32.291140
 0.023392   0.601534   30.933208
 0.025341   0.662133   29.587492
 0.027290   0.716866   28.223435
 0.029240   0.772176   27.307290
 0.031189   0.823340   24.723626
 0.033138   0.868549   23.776577
 0.035088   0.916046   23.300919
 0.037037   0.959401   21.917269
 0.038986   1.001479   21.958009
 0.040936   1.045016   21.490063
 0.042885   1.085271   19.747357
 0.044834   1.121991   19.998532
 0.046784   1.163247   19.534259
 0.048733   1.198159   17.778869
 0.050682   1.232549   17.800623
 0.052632   1.267564   17.561224
 0.054581   1.301021   18.031764
 0.056530   1.337851   17.260238
 0.058480   1.368316   16.017238
 0.060429   1.400302   16.629800
 0.062378   1.433139   15.481890
 0.064327   1.460650   15.514266
 0.066277   1.493631   16.521332
 0.068226   1.525068   14.730004
 0.070175   1.551049   14.734613
 0.072125   1.582521   14.952963
 0.074074   1.609353   13.374091
 0.076023   1.634653   14.390312
 0.077973   1.665464   15.411224
 0.079922   1.694742   14.048923
 0.081871   1.720226   13.471357
 0.083821   1.747268   13.253321
 0.085770   1.771902   12.456469
 0.087719   1.795823   13.916310
 0.089669   1.826165   14.149103
 0.091618   1.850993   12.550729
 0.093567   1.875088   12.763654
 0.095517   1.900760   13.802401
 0.097466   1.928902   13.838583
 0.099415   1.954702   11.384291
 0.101364   1.973278   10.381368
 0.103314   1.995181   12.278870
 0.105263   2.021151   12.887602
 0.107213   2.045429   13.317049
 0.109162   2.073073   13.800760
 0.111111   2.099224   10.297143
 0.113060   2.113211   9.870287
 0.115010   2.137714   13.436037
 0.116959   2.165597   11.810058
 0.118908   2.183749   10.982928
 0.120858   2.208422   13.301582
 0.122807   2.235611   11.670846
 0.124756   2.253915   10.029774
 0.126706   2.274718   12.128403
 0.128655   2.301201   11.526842
 0.130604   2.319650   10.106592
 0.132554   2.340608   11.985761
 0.134503   2.366380   11.155675
 0.136452   2.384093   9.956945
 0.138402   2.405204   12.068135
 0.140351   2.431144   11.235479
 0.142300   2.449000   10.848251
 0.144250   2.473445   12.151314
 0.146199   2.496379   11.140170
 0.148148   2.516869   10.476284
 0.150097   2.537215   9.455017
 0.152047   2.553732   10.171083
 0.153996   2.576869   11.191452
 0.155945   2.597356   11.391241
 0.157895   2.621285   12.114516
 0.159844   2.644591   9.406021
 0.161793   2.657950   9.372721
 0.163743   2.681140   11.736485
 0.165692   2.703711   10.299919
 0.167641   2.721290   10.724309
 0.169591   2.745528   10.994067
 0.171540   2.764158   9.095892
 0.173489   2.780984   10.340806
 0.175439   2.804481   11.894430
 0.177388   2.827361   11.101294
 0.179337   2.847753   9.596156
 0.181286   2.864766   9.387744
 0.183236   2.884358   10.063616
 0.185185   2.904004   10.087838
 0.187135   2.923690   10.765149
 0.189084   2.945976   10.139523
 0.191033   2.963214   9.506347
 0.192983   2.983043   10.839942
 0.194932   3.005477   11.926924
 0.196881   3.029534   9.582810
 0.198830   3.042831   8.543536
 0.200780   3.062849   12.001236
 0.202729   3.089621   10.081732
 0.204678   3.102147   8.152058
 0.206628   3.121409   10.784199
 0.208577   3.144193   10.383968
 0.210526   3.161886   9.745474
 0.212476   3.182192   10.858840
 0.214425   3.204223   9.995006
 0.216374   3.221153   9.585878
 0.218324   3.241600   10.933475
 0.220273   3.263781   9.663590
 0.222222   3.279269   8.592867
 0.224171   3.297276   10.744344
 0.226121   3.321164   11.866155
 0.228070   3.343543   9.097192
 0.230019   3.356625   7.382822
 0.231969   3.372330   11.103992
 0.233918   3.399914   11.534994
 0.235867   3.417294   8.287482
 0.237817   3.432225   10.712998
 0.239766   3.459057   10.539147
 0.241715   3.473307   8.820761
 0.243665   3.493453   10.783959
 0.245614   3.515353   9.071714
 0.247563   3.528814   9.960056
 0.249513   3.554193   11.088744
 0.251462   3.572053   8.907415
 0.253411   3.588914   9.797989
 0.255361   3.610258   10.321707
 0.257310   3.629160   10.284525
 0.259259   3.650347   9.635629
 0.261209   3.666726   8.848980
 0.263158   3.684848   11.025246
 0.265107   3.709703   11.017932
 0.267056   3.727796   8.651568
 0.269006   3.743434   8.941275
 0.270955   3.762656   9.369398
 0.272904   3.779956   10.870865
 0.274854   3.805046   11.401748
 0.276803   3.824414   8.361939
 0.278752   3.837640   9.626050
 0.280702   3.861952   11.000902
 0.282651   3.880536   9.509431
 0.284600   3.899020   10.169347
 0.286550   3.920188   9.145994
 0.288499   3.934683   9.339343
 0.290448   3.956592   11.083241
 0.292398   3.977897   10.534075
 0.294347   3.997665   9.409418
 0.296296   4.014575   8.514146
 0.298246   4.030862   10.365509
 0.300195   4.054986   9.713077
 0.302144   4.068723   9.051726
 0.304094   4.090282   11.517258
 0.306043   4.113628   9.984678
 0.307992   4.129203   8.885193
 0.309941   4.148263   10.465248
 0.311891   4.170008   10.694134
 0.313840   4.189960   9.394926
 0.315790   4.206637   9.485302
 0.317739   4.226941   10.595233
 0.319688   4.247937   10.105270
 0.321637   4.266332   9.038437
 0.323587   4.283177   9.334540
 0.325536   4.302726   9.764672
 0.327485   4.321240   10.189478
 0.329435   4.342456   11.578073
 0.331384   4.366382   9.834311
 0.333333   4.380790   8.078969
 0.335283   4.397883   10.794926
 0.337232   4.422875   10.137764
 0.339181   4.437400   8.991220
 0.341131   4.457935   11.472294
 0.343080   4.482128   9.964837
 0.345029   4.496778   8.206315
 0.346979   4.514126   10.686609
 0.348928   4.538442   11.803357
 0.350877   4.560136   9.365545
 0.352826   4.574949   8.290778
 0.354776   4.592463   10.089091
 0.356725   4.614284   11.203008
 0.358675   4.636143   10.577237
 0.360624   4.655526   9.508463
 0.362573   4.673207   8.638424
 0.364522   4.689198   9.505849
 0.366472   4.710273   11.753454
 0.368421   4.735023   10.241894
 0.370370   4.750196   8.235657
 0.372320   4.767135   10.964995
 0.374269   4.792944   11.639256
 0.376218   4.812505   9.393057
 0.378168   4.829566   9.693022
 0.380117   4.850296   9.270557
 0.382066   4.865703   9.691444
 0.384016   4.888086   10.846547
 0.385965   4.907995   9.774775
 0.387914   4.926188   10.850179
 0.389863   4.950289   10.872529
 0.391813   4.968577   8.982155
 0.393762   4.985311   9.165985
 0.395711   5.004306   10.684789
 0.397661   5.026973   10.543769
 0.399610   5.045419   9.467819
 0.401560   5.063888   9.930405
 0.403509   5.084136   11.047631
 0.405458   5.106952   9.934696
 0.407407   5.122862   8.853609
 0.409357   5.141473   11.346999
 0.411306   5.167100   11.534230
 0.413255   5.186434   9.765450
 0.415205   5.205175   9.214463
 0.417154   5.222362   9.640167
 0.419103   5.242753   10.914120
 0.421053   5.264917   11.218315
 0.423002   5.286493   9.699114
 0.424951   5.302724   8.777078
 0.426901   5.320716   10.174915
 0.428850   5.342394   10.440055
 0.430799   5.361411   10.173228
 0.432748   5.382049   11.040220
 0.434698   5.404458   9.559199
 0.436647   5.419325   8.722483
 0.438597   5.438469   11.375433
 0.440546   5.463674   11.644294
 0.442495   5.483859   10.525046
 0.444444   5.504701   9.803737
 0.446394   5.522082   10.104777
 0.448343   5.544097   10.173207
 0.450292   5.561737   9.247719
 0.452242   5.580154   10.398919
 0.454191   5.602280   9.974931
 0.456140   5.619037   10.142735
 0.458090   5.641830   11.543345
 0.460039   5.664044   10.024161
 0.461988   5.680904   10.437723
 0.463938   5.704745   11.590908
 0.465887   5.726098   8.730565
 0.467836   5.738776   9.386616
 0.469786   5.762702   11.634661
 0.471735   5.784141   10.557941
 0.473684   5.803857   9.438688
 0.475633   5.820933   9.449604
 0.477583   5.840703   11.249637
 0.479532   5.864793   10.174974
 0.481482   5.880371   9.779843
 0.483431   5.902921   11.734374
 0.485380   5.926111   10.370220
 0.487329   5.943344   9.534383
 0.489279   5.963287   10.680094
 0.491228   5.984985   10.007255
 0.493177   6.002295   9.573387
 0.495127   6.022313   10.967057
 0.497076   6.045054   10.293908
 0.499025   6.062439   9.610977
 0.500975   6.082529   12.094504
 0.502924   6.109592   11.424027
 0.504873   6.127060   8.310291
 0.506823   6.141992   9.698553
 0.508772   6.164871   10.364466
 0.510721   6.182393   10.768569
 0.512671   6.206861   12.163070
 0.514620   6.229818   9.999014
 0.516569   6.245837   8.626525
 0.518518   6.263444   10.559492
 0.520468   6.287011   12.202987
 0.522417   6.311023   9.603337
 0.524366   6.324445   8.413510
 0.526316   6.343830   10.890135
 0.528265   6.366904   11.550677
 0.530214   6.388855   11.120383
 0.532164   6.410262   10.334795
 0.534113   6.429151   9.153890
 0.536062   6.445944   9.554538
 0.538012   6.466406   11.190923
 0.539961   6.489576   10.766482
 0.541910   6.508374   8.999331
 0.543860   6.524663   9.875843
 0.545809   6.546877   11.616175
 0.547758   6.569943   11.185756
 0.549708   6.590489   9.899663
 0.551657   6.608543   9.471606
 0.553606   6.627409   11.197676
 0.555556   6.652206   11.250976
 0.557505   6.671280   8.664076
 0.559454   6.685978   10.130420
 0.561404   6.710784   12.341584
 0.563353   6.734099   9.508575
 0.565302   6.747848   8.816624
 0.567252   6.768478   11.272798
 0.569201   6.791799   11.279386
 0.571150   6.812445   9.089665
 0.573099   6.827231   9.085125
 0.575049   6.847871   12.356442
 0.576998   6.875405   10.862884
 0.578947   6.890215   8.024209
 0.580897   6.906692   11.285569
 0.582846   6.934212   11.937295
 0.584795   6.953224   9.106397
 0.586745   6.969716   9.150165
 0.588694   6.988899   9.792786
 0.590643   7.007888   10.175367
 0.592593   7.028574   11.543462
 0.594542   7.052895   11.118134
 0.596491   7.071912   9.110377
 0.598441   7.088415   10.218113
 0.600390   7.111749   10.605498
 0.602339   7.129755   10.169624
 0.604289   7.151402   10.725706
 0.606238   7.171575   9.406785
 0.608187   7.188070   9.100702
 0.610136   7.207050   10.413345
 0.612086   7.228673   11.518853
 0.614035   7.251961   10.838420
 0.615984   7.270921   9.346246
 0.617934   7.288401   9.643923
 0.619883   7.308521   9.763769
 0.621832   7.326460   9.876823
 0.623782   7.347032   10.689202
 0.625731   7.368137   10.259330
 0.627680   7.387023   10.369315
 0.629630   7.408568   10.415570
 0.631579   7.427635   8.680559
 0.633528   7.442405   9.549489
 0.635478   7.464872   11.697588
 0.637427   7.488014   10.389771
 0.639376   7.505371   9.275914
 0.641325   7.524171   9.270242
 0.643275   7.541515   9.568294
 0.645224   7.561477   9.929924
 0.647173   7.580222   10.540916
 0.649123   7.602578   10.843572
 0.651072   7.622503   8.861028
 0.653021   7.637118   9.207848
 0.654971   7.658407   11.592617
 0.656920   7.682316   10.129557
 0.658869   7.697892   8.396881
 0.660819   7.715056   10.514595
 0.662768   7.738885   10.093410
 0.664717   7.754401   8.363797
 0.666667   7.771497   10.732047
 0.668616   7.796241   10.310855
 0.670565   7.811688   8.070305
 0.672515   7.827707   10.431982
 0.674464   7.852358   10.267846
 0.676413   7.867731   9.568368
 0.678363   7.889669   10.904245
 0.680312   7.910248   8.935607
 0.682261   7.924500   9.263680
 0.684211   7.946371   9.834010
 0.686160   7.962845   8.883160
 0.688109   7.980997   10.236500
 0.690059   8.002759   10.042151
 0.692008   8.020154   9.002232
 0.693957   8.037850   9.420727
 0.695906   8.056876   9.405003
 0.697856   8.074519   9.707657
 0.699805   8.094725   10.033507
 0.701754   8.113630   9.345650
 0.703704   8.131163   8.900879
 0.705653   8.148335   8.213348
 0.707602   8.163178   9.276620
 0.709552   8.184507   11.856913
 0.711501   8.209407   9.427018
 0.713450   8.221254   7.463367
 0.715400   8.238509   10.521035
 0.717349   8.262272   9.362210
 0.719298   8.275003   7.919984
 0.721248   8.293155   10.706563
 0.723197   8.316745   10.026561
 0.725146   8.332238   7.603949
 0.727096   8.346392   8.905014
 0.729045   8.366956   10.865056
 0.730994   8.388744   8.531385
 0.732943   8.400211   7.505810
 0.734893   8.418012   11.040465
 0.736842   8.443254   9.638447
 0.738791   8.455583   7.433521
 0.740741   8.472240   9.718401
 0.742690   8.493473   9.551948
 0.744639   8.509473   8.598707
 0.746589   8.527000   8.920987
 0.748538   8.544256   8.491129
 0.750487   8.560098   8.775341
 0.752437   8.578473   10.066950
 0.754386   8.599348   9.381611
 0.756335   8.615042   7.724426
 0.758285   8.629465   9.008422
 0.760234   8.650163   9.551715
 0.762183   8.666698   8.159577
 0.764133   8.681976   9.180430
 0.766082   8.702489   9.854733
 0.768031   8.720390   8.766704
 0.769980   8.736662   8.041234
 0.771930   8.751742   7.713561
 0.773879   8.766737   9.837960
 0.775829   8.790105   10.473812
 0.777778   8.807578   8.021066
 0.779727   8.821371   7.881769
 0.781676   8.838301   8.375995
 0.783626   8.854028   9.646620
 0.785575   8.875910   9.905082
 0.787524   8.892638   8.016676
 0.789474   8.907166   8.353110
 0.791423   8.925205   9.121782
 0.793372   8.942722   8.698041
 0.795322   8.959118   8.777157
 0.797271   8.976944   8.758386
 0.799220   8.993258   8.334538
 0.801170   9.009440   10.118338
 0.803119   9.032706   9.441005
 0.805068   9.046241   7.564688
 0.807018   9.062202   9.097165
 0.808967   9.081709   9.325238
 0.810916   9.098552   9.547287
 0.812866   9.118936   9.519499
 0.814815   9.135670   8.568084
 0.816764   9.152334   9.044762
 0.818713   9.170927   10.170992
 0.820663   9.191992   10.272767
 0.822612   9.210981   8.944738
 0.824561   9.226859   8.775427
 0.826511   9.245198   10.930970
 0.828460   9.269476   10.251458
 0.830409   9.285158   8.922601
 0.832359   9.304266   12.214056
 0.834308   9.332776   11.537662
 0.836257   9.349240   10.200772
 0.838207   9.372552   12.606842
 0.840156   9.398393   11.300378
 0.842105   9.416601   11.721719
 0.844055   9.444101   14.125288
 0.846004   9.471676   13.676366
 0.847953   9.497411   14.097034
 0.849903   9.526642   15.008261
 0.851852   9.555928   16.067731
 0.853801   9.589274   16.947616
 0.855750   9.621990   17.655093
 0.857700   9.658113   20.010675
 0.859649   9.700009   20.920355
 0.861598   9.739660   21.799296
 0.863548   9.785007   24.990330
 0.865497   9.837094   26.388243
 0.867446   9.887869   27.751864
 0.869396   9.945302   32.534941
 0.871345   10.014716   36.391596
 0.873294   10.087156   38.539716
 0.875244   10.164985   42.653509
 0.877193   10.253457   48.023432
 0.879142   10.352181   53.615713
 0.881092   10.462510   60.117563
 0.883041   10.586572   66.964700
 0.884990   10.723539   74.789033
 0.886940   10.878183   85.228619
 0.888889   11.055833   96.907075
 0.890838   11.255927   108.319128
 0.892787   11.478061   122.114981
 0.894737   11.732070   138.015120
 0.896686   12.016167   153.974770
 0.898636   12.332434   173.867429
 0.900585   12.694053   197.518267
 0.902534   13.102360   224.197747
 0.904483   13.567975   256.772971
 0.906433   14.103554   296.062737
 0.908382   14.722281   337.885100
 0.910331   15.420630   385.258160
 0.912281   16.224457   444.381332
 0.914230   17.153208   506.809140
 0.916179   18.199999   576.338344
 0.918129   19.400430   660.895964
 0.920078   20.776742   753.326711
 0.922027   22.336897   857.090804
 0.923977   24.118652   978.447236
 0.925926   26.151734   1109.959363
 0.927875   28.445273   1254.906645
 0.929825   31.044771   1422.837778
 0.931774   33.992738   1603.268845
 0.933723   37.294313   1799.494587
 0.935673   41.009179   2022.452954
 0.937622   45.179622   2262.210549
 0.939571   49.827276   2528.614938
 0.941520   55.036163   2925.346969
 0.943470   61.233709   1629.767852
 0.945419   61.393724   -176.927187
 0.947368   60.544047   1276.105719
 0.949318   66.372686   3209.574085
 0.951267   73.057735   3445.029093
 0.953216   79.801409   3450.033032
 0.955166   86.509394   3384.182980
 0.957115   92.996450   3199.330290
 0.959064   98.980384   2901.961830
 0.961014   104.310863   2510.458931
 0.962963   108.769109   1990.456709
 0.964912   112.069663   1375.707072
 0.966862   114.132355   712.101974
 0.968811   114.846840   -15.314458
 0.970760   114.072659   -750.195910
 0.972710   111.921120   -1435.860810
 0.974659   108.474903   -2074.916735
 0.976608   103.833094   -2638.113024
 0.978557   98.191538   -3079.713048
 0.980507   91.824923   -3397.882383
 0.982456   84.943461   -3603.394597
 0.984406   77.775142   -3691.568989
 0.986355   70.550064   -3684.971324
 0.988304   63.411124   -3601.474048
 0.990253   56.511519   -3441.723195
 0.992203   49.992042   -3226.558519
 0.994152   43.930933   -2988.215279
 0.996101   38.343979   -2731.298117
 0.998051   33.281873   -1670.749429
 1.000000   31.827877   -746.021598
514 psinorm omgeb(kRad/s) domgeb/dpsiN
 0.000000   -9.737813   165.152114
 0.001949   -9.415932   212.408911
 0.003899   -8.909537   207.435166
 0.005848   -8.607038   142.007330
 0.007797   -8.355992   118.862746
 0.009747   -8.143612   99.503500
 0.011696   -7.968009   89.289398
 0.013645   -7.795562   84.397895
 0.015595   -7.638950   74.872461
 0.017544   -7.503623   69.221996
 0.019493   -7.369122   67.102076
 0.021442   -7.242059   63.986020
 0.023392   -7.119643   58.087472
 0.025341   -7.015567   54.238726
 0.027290   -6.908221   54.080399
 0.029240   -6.804709   52.224093
 0.031189   -6.704597   50.599660
 0.033138   -6.607472   47.072134
 0.035088   -6.521069   45.430305
 0.037037   -6.430341   45.730863
 0.038986   -6.342810   42.339587
 0.040936   -6.265264   40.931517
 0.042885   -6.183220   43.086994
 0.044834   -6.097311   39.746419
 0.046784   -6.028257   38.456190
 0.048733   -5.947377   38.874659
 0.050682   -5.876724   35.546258
 0.052632   -5.808783   37.978221
 0.054581   -5.728653   34.797688
 0.056530   -5.673142   31.486309
 0.058480   -5.605882   35.776502
 0.060429   -5.533652   33.907371
 0.062378   -5.473711   33.014946
 0.064327   -5.404960   32.858229
 0.066277   -5.345602   29.965104
 0.068226   -5.288125   30.415332
 0.070175   -5.227043   28.959208
 0.072125   -5.175218   29.683578
 0.074074   -5.111313   31.952533
 0.076023   -5.050667   26.985830
 0.077973   -5.006103   25.933497
 0.079922   -4.949558   28.101391
 0.081871   -4.896564   26.709529
 0.083821   -4.845418   27.549013
 0.085770   -4.789153   27.950510
 0.087719   -4.736467   24.734702
 0.089669   -4.692717   23.728829
 0.091618   -4.643951   25.954798
 0.093567   -4.591545   26.426601
 0.095517   -4.540915   23.681447
 0.097466   -4.499207   19.945327
 0.099415   -4.463168   22.519703
 0.101364   -4.411425   27.916345
 0.103314   -4.354319   25.709314
 0.105263   -4.311177   20.277367
 0.107213   -4.275262   17.990528
 0.109162   -4.241031   19.693702
 0.111111   -4.198496   25.855606
 0.113060   -4.140246   24.091367
 0.115010   -4.104575   17.801634
 0.116959   -4.070837   19.932703
 0.118908   -4.026877   20.354499
 0.120858   -3.991479   17.725187
 0.122807   -3.957766   19.838787
 0.124756   -3.914147   21.989041
 0.126706   -3.872031   19.390589
 0.128655   -3.838539   17.924177
 0.130604   -3.802163   20.045413
 0.132554   -3.760379   19.289088
 0.134503   -3.726951   16.085924
 0.136452   -3.697676   18.141604
 0.138402   -3.656210   19.138974
 0.140351   -3.623049   15.938054
 0.142300   -3.594084   14.534781
 0.144250   -3.566378   17.278998
 0.146199   -3.526719   17.224915
 0.148148   -3.499236   14.416872
 0.150097   -3.470522   19.618511
 0.152047   -3.422733   18.889766
 0.153996   -3.396860   13.970958
 0.155945   -3.368275   12.538502
 0.157895   -3.347976   11.751563
 0.159844   -3.322458   19.058003
 0.161793   -3.273688   17.649988
 0.163743   -3.253655   11.674672
 0.165692   -3.228171   15.518956
 0.167641   -3.193163   14.055107
 0.169591   -3.173378   13.317838
 0.171540   -3.141243   15.423010
 0.173489   -3.113260   13.935226
 0.175439   -3.086910   13.231268
 0.177388   -3.061670   11.513829
 0.179337   -3.042029   12.107357
 0.181286   -3.014476   13.813710
 0.183236   -2.988170   13.440910
 0.185185   -2.962070   13.429655
 0.187135   -2.935808   13.105881
 0.189084   -2.910969   13.332129
 0.191033   -2.883839   11.900036
 0.192983   -2.864575   9.571435
 0.194932   -2.846520   9.570344
 0.196881   -2.827270   13.543664
 0.198830   -2.793726   13.508787
 0.200780   -2.774606   7.797538
 0.202729   -2.763320   11.435416
 0.204678   -2.730031   13.425292
 0.206628   -2.710982   9.420605
 0.208577   -2.693299   9.632074
 0.210526   -2.673436   11.615843
 0.212476   -2.648006   11.070491
 0.214425   -2.630268   7.913221
 0.216374   -2.617161   9.836885
 0.218324   -2.591908   11.004304
 0.220273   -2.574251   10.909197
 0.222222   -2.549384   11.392715
 0.224171   -2.529842   6.489047
 0.226121   -2.524090   5.912135
 0.228070   -2.506797   11.068539
 0.230019   -2.480945   12.967950
 0.231969   -2.456235   7.520120
 0.233918   -2.451614   6.100348
 0.235867   -2.432456   11.209266
 0.237817   -2.407906   7.470772
 0.239766   -2.403317   7.668577
 0.241715   -2.378014   9.531760
 0.243665   -2.366160   5.797209
 0.245614   -2.355410   9.188833
 0.247563   -2.330342   9.461274
 0.249513   -2.318527   7.351954
 0.251462   -2.301679   7.576391
 0.253411   -2.288995   6.229878
 0.255361   -2.277389   7.264301
 0.257310   -2.260674   5.941365
 0.259259   -2.254230   7.751403
 0.261209   -2.230442   10.383017
 0.263158   -2.213743   5.605026
 0.265107   -2.208594   4.516130
 0.267056   -2.196139   7.737049
 0.269006   -2.178424   8.769434
 0.270955   -2.161946   5.809334
 0.272904   -2.155779   4.478693
 0.274854   -2.144481   7.111168
 0.276803   -2.128056   7.356379
 0.278752   -2.115806   4.493352
 0.280702   -2.110540   5.551554
 0.282651   -2.094166   7.305715
 0.284600   -2.082062   4.420439
 0.286550   -2.076935   7.046123
 0.288499   -2.054598   7.300925
 0.290448   -2.048476   2.849701
 0.292398   -2.043488   5.477249
 0.294347   -2.027126   5.765269
 0.296296   -2.021015   5.895775
 0.298246   -2.004133   6.926161
 0.300195   -1.994006   4.126241
 0.302144   -1.988048   4.388334
 0.304094   -1.976893   5.490697
 0.306043   -1.966640   3.916402
 0.307992   -1.961627   4.321541
 0.309941   -1.949794   5.863490
 0.311891   -1.938766   2.625704
 0.313840   -1.939551   4.100610
 0.315790   -1.922768   6.914494
 0.317739   -1.912588   3.909940
 0.319688   -1.907528   4.302998
 0.321637   -1.895815   4.356549
 0.323587   -1.890545   3.880132
 0.325536   -1.880688   4.069530
 0.327485   -1.874682   2.861403
 0.329435   -1.869532   3.861803
 0.331384   -1.859627   5.540804
 0.333333   -1.847934   4.343505
 0.335283   -1.842695   2.471718
 0.337232   -1.838296   4.095620
 0.339181   -1.826730   4.240117
 0.341131   -1.821768   2.383326
 0.343080   -1.817437   2.681957
 0.345029   -1.811313   4.328681
 0.346979   -1.800557   3.850852
 0.348928   -1.796296   2.427176
 0.350877   -1.791096   4.306498
 0.352826   -1.779509   4.319911
 0.354776   -1.774256   1.245692
 0.356725   -1.774649   1.214168
 0.358675   -1.769519   3.894106
 0.360624   -1.759468   5.272305
 0.362573   -1.748968   4.230382
 0.364522   -1.742978   1.513581
 0.366472   -1.743069   1.126211
 0.368421   -1.738590   2.698143
 0.370370   -1.732552   4.252218
 0.372320   -1.722008   2.449318
 0.374269   -1.722996   -0.041317
 0.376218   -1.722169   2.930263
 0.378168   -1.711566   3.865072
 0.380117   -1.707096   4.096430
 0.382066   -1.695598   2.935532
 0.384016   -1.695656   1.140619
 0.385965   -1.691153   2.528086
 0.387914   -1.685802   0.200586
 0.389863   -1.690371   1.559639
 0.391813   -1.679713   5.284305
 0.393762   -1.669768   2.772183
 0.395711   -1.668907   0.260412
 0.397661   -1.668753   1.398331
 0.399610   -1.663457   2.763041
 0.401560   -1.657979   2.589489
 0.403509   -1.653361   1.225194
 0.405458   -1.653204   1.642838
 0.407407   -1.646957   2.995621
 0.409357   -1.641524   1.271928
 0.411306   -1.641995   0.179773
 0.413255   -1.640823   1.703767
 0.415205   -1.635349   2.601361
 0.417154   -1.630680   1.477499
 0.419103   -1.629590   1.706148
 0.421053   -1.624026   1.369847
 0.423002   -1.624246   1.516467
 0.424951   -1.618115   3.022741
 0.426901   -1.612461   1.415987
 0.428850   -1.612591   1.384460
 0.430799   -1.607064   1.720238
 0.432748   -1.605885   0.474917
 0.434698   -1.605213   1.608849
 0.436647   -1.599615   2.877508
 0.438597   -1.593993   1.469680
 0.440546   -1.593882   0.154771
 0.442495   -1.593390   0.480601
 0.444444   -1.592008   0.540664
 0.446394   -1.591282   1.489583
 0.448343   -1.586203   2.955086
 0.450292   -1.579763   0.599440
 0.452242   -1.583871   0.220147
 0.454191   -1.578910   2.910445
 0.456140   -1.572526   0.650453
 0.458090   -1.576379   0.315105
 0.460039   -1.571302   1.690178
 0.461988   -1.569790   -0.642440
 0.463938   -1.573810   0.288810
 0.465887   -1.568669   3.028315
 0.467836   -1.562005   0.712072
 0.469786   -1.565898   0.340632
 0.471735   -1.560682   1.614382
 0.473684   -1.559605   0.711962
 0.475633   -1.557907   1.924968
 0.477583   -1.552098   0.542928
 0.479532   -1.555785   0.587379
 0.481482   -1.549802   1.687043
 0.483431   -1.549204   -0.764302
 0.485380   -1.552782   0.719784
 0.487329   -1.546399   1.975110
 0.489279   -1.545083   0.516023
 0.491228   -1.544386   0.610554
 0.493177   -1.542703   0.747071
 0.495127   -1.541474   0.523944
 0.497076   -1.540660   0.741258
 0.499025   -1.538584   0.834503
 0.500975   -1.537407   -0.763536
 0.502924   -1.541559   -0.509164
 0.504873   -1.539392   2.128482
 0.506823   -1.533258   1.746359
 0.508772   -1.532580   0.707712
 0.510721   -1.530499   -0.277362
 0.512671   -1.533664   -0.622723
 0.514620   -1.532929   1.752247
 0.516569   -1.526834   2.082764
 0.518518   -1.524810   -0.298029
 0.520468   -1.527998   -1.748952
 0.522417   -1.531629   0.803100
 0.524366   -1.524868   2.130853
 0.526316   -1.523324   0.639908
 0.528265   -1.522373   -0.419184
 0.530214   -1.524958   -1.437437
 0.532164   -1.527977   0.676943
 0.534113   -1.522323   2.032048
 0.536062   -1.520057   0.970048
 0.538012   -1.518541   -0.540389
 0.539961   -1.522161   -0.380267
 0.541910   -1.520023   2.135868
 0.543860   -1.513831   0.719595
 0.545809   -1.517213   -1.467966
 0.547758   -1.519553   -0.218090
 0.549708   -1.518061   1.834120
 0.551657   -1.512404   0.874796
 0.553606   -1.514651   -2.507357
 0.555556   -1.522183   -0.512737
 0.557505   -1.516657   3.186810
 0.559454   -1.509761   -0.133219
 0.561404   -1.517184   -1.635517
 0.563353   -1.516142   2.004091
 0.565302   -1.509372   0.969497
 0.567252   -1.512367   -1.635520
 0.569201   -1.515748   -1.581898
 0.571150   -1.518533   0.983811
 0.573099   -1.511913   2.111778
 0.575049   -1.510302   -1.584882
 0.576998   -1.518088   -0.333525
 0.578947   -1.511602   3.235566
 0.580897   -1.505473   -1.590946
 0.582846   -1.517796   -3.788264
 0.584795   -1.520239   2.052106
 0.586745   -1.509788   2.929291
 0.588694   -1.508813   -0.313653
 0.590643   -1.511011   -1.350169
 0.592593   -1.514078   -1.712976
 0.594542   -1.517689   -0.382527
 0.596491   -1.515569   0.910087
 0.598441   -1.514141   0.546601
 0.600390   -1.513438   -0.442417
 0.602339   -1.515866   -1.392010
 0.604289   -1.518865   0.558127
 0.606238   -1.513694   1.663525
 0.608187   -1.512381   -0.321451
 0.610136   -1.514947   -1.453627
 0.612086   -1.518049   -1.772210
 0.614035   -1.521856   -1.713982
 0.615984   -1.524730   0.646221
 0.617934   -1.519332   1.552386
 0.619883   -1.518675   -0.524372
 0.621832   -1.521376   -1.599624
 0.623782   -1.524912   -0.832263
 0.625731   -1.524623   0.438902
 0.627680   -1.523201   -1.671213
 0.629630   -1.531144   -1.956131
 0.631579   -1.530832   1.481196
 0.633528   -1.525370   0.417216
 0.635478   -1.529210   -2.073343
 0.637427   -1.533454   -0.949732
 0.639376   -1.532913   0.367676
 0.641325   -1.532021   0.325375
 0.643275   -1.531644   -1.113740
 0.645224   -1.536361   -2.148508
 0.647173   -1.540019   -2.056093
 0.649123   -1.544378   -0.128032
 0.651072   -1.540522   1.136578
 0.653021   -1.539948   -2.180997
 0.654971   -1.549031   -3.672597
 0.656920   -1.554269   -1.296464
 0.658869   -1.554085   -0.080067
 0.660819   -1.554581   -0.480997
 0.662768   -1.555960   -0.391305
 0.664717   -1.556107   -1.335669
 0.666667   -1.561170   -2.821187
 0.668616   -1.567106   -1.700742
 0.670565   -1.567799   -0.530023
 0.672515   -1.569173   -1.967079
 0.674464   -1.575467   -1.885136
 0.676413   -1.576521   -1.836116
 0.678363   -1.582628   -2.157817
 0.680312   -1.584937   -0.990799
 0.682261   -1.586490   -3.230903
 0.684211   -1.597539   -2.479772
 0.686160   -1.596165   -0.183749
 0.688109   -1.598255   -3.464260
 0.690059   -1.609677   -2.756095
 0.692008   -1.609007   -0.636157
 0.693957   -1.612157   -2.664379
 0.695906   -1.619393   -2.804832
 0.697856   -1.623091   -3.206362
 0.699805   -1.631892   -4.338056
 0.701754   -1.640001   -3.175186
 0.703704   -1.644270   -1.283737
 0.705653   -1.645008   -1.364359
 0.707602   -1.649588   -3.615895
 0.709552   -1.659109   -6.195322
 0.711501   -1.673741   -4.041683
 0.713450   -1.674863   -1.818858
 0.715400   -1.680835   -4.439796
 0.717349   -1.692171   -3.404859
 0.719298   -1.694108   -3.393409
 0.721248   -1.705407   -6.068937
 0.723197   -1.717770   -5.075214
 0.725146   -1.725190   -2.897173
 0.727096   -1.729064   -3.341694
 0.729045   -1.738217   -6.873439
 0.730994   -1.755857   -5.659111
 0.732943   -1.760276   -3.688552
 0.734893   -1.770241   -7.632463
 0.736842   -1.790030   -6.552940
 0.738791   -1.795785   -4.352566
 0.740741   -1.807004   -6.032512
 0.742690   -1.819305   -6.156599
 0.744639   -1.831002   -7.412197
 0.746589   -1.848208   -6.828310
 0.748538   -1.857630   -5.847139
 0.750487   -1.871000   -8.284271
 0.752437   -1.889933   -8.840651
 0.754386   -1.905471   -7.905516
 0.756335   -1.920748   -6.965272
 0.758285   -1.932627   -7.507186
 0.760234   -1.950016   -8.893300
 0.762183   -1.967293   -9.131517
 0.764133   -1.985620   -10.871547
 0.766082   -2.009679   -10.126539
 0.768031   -2.025094   -9.100342
 0.769980   -2.045152   -10.627393
 0.771930   -2.066531   -10.016482
 0.773879   -2.084208   -11.577164
 0.775829   -2.111675   -13.315855
 0.777778   -2.136128   -11.493133
 0.779727   -2.156475   -11.635328
 0.781676   -2.181482   -12.098596
 0.783626   -2.203646   -12.870795
 0.785575   -2.231663   -15.472245
 0.787524   -2.263957   -14.716554
 0.789474   -2.289039   -12.131210
 0.791423   -2.311258   -13.600415
 0.793372   -2.342053   -16.276401
 0.795322   -2.374721   -16.005067
 0.797271   -2.404458   -17.558184
 0.799220   -2.443162   -18.021623
 0.801170   -2.474721   -16.634766
 0.803119   -2.508021   -17.032147
 0.805068   -2.541112   -17.417429
 0.807018   -2.575932   -18.474617
 0.808967   -2.613144   -20.136569
 0.810916   -2.654424   -20.478017
 0.812866   -2.692986   -19.197386
 0.814815   -2.729276   -21.069925
 0.816764   -2.775117   -22.492383
 0.818713   -2.816951   -22.056921
 0.820663   -2.861118   -23.173694
 0.822612   -2.907305   -22.471135
 0.824561   -2.948710   -21.742399
 0.826511   -2.992079   -24.004803
 0.828460   -3.042301   -24.612603
 0.830409   -3.088019   -25.092541
 0.832359   -3.140140   -28.464085
 0.834308   -3.198997   -25.573468
 0.836257   -3.239826   -23.690221
 0.838207   -3.291371   -28.250543
 0.840156   -3.349971   -27.701110
 0.842105   -3.399350   -28.129798
 0.844055   -3.459655   -29.231213
 0.846004   -3.513326   -27.382488
 0.847953   -3.566392   -29.551832
 0.849903   -3.628553   -31.631019
 0.851852   -3.689722   -33.491197
 0.853801   -3.759101   -35.666246
 0.855750   -3.828749   -35.054971
 0.857700   -3.895779   -36.146901
 0.859649   -3.969682   -36.503375
 0.861598   -4.038070   -35.583751
 0.863548   -4.108424   -35.560641
 0.865497   -4.176722   -34.628415
 0.867446   -4.243405   -34.742774
 0.869396   -4.312185   -34.652602
 0.871345   -4.378517   -35.779094
 0.873294   -4.451652   -35.855961
 0.875244   -4.518316   -32.419166
 0.877193   -4.578057   -32.277601
 0.879142   -4.644134   -33.307750
 0.881092   -4.707923   -33.042617
 0.883041   -4.772967   -32.750738
 0.884990   -4.835586   -29.348269
 0.886940   -4.887390   -28.936660
 0.888889   -4.948405   -31.949982
 0.890838   -5.011931   -29.179386
 0.892787   -5.062146   -26.946798
 0.894737   -5.116999   -27.860743
 0.896686   -5.170776   -26.952562
 0.898636   -5.222086   -26.249731
 0.900585   -5.273124   -25.656151
 0.902534   -5.322093   -25.436196
 0.904483   -5.372274   -24.758027
 0.906433   -5.418623   -26.524859
 0.908382   -5.475689   -28.159898
 0.910331   -5.528390   -28.528993
 0.912281   -5.586926   -33.307035
 0.914230   -5.658248   -35.078970
 0.916179   -5.723664   -35.655458
 0.918129   -5.797273   -41.378709
 0.920078   -5.884992   -47.303696
 0.922027   -5.981663   -52.647318
 0.923977   -6.090270   -60.231326
 0.925926   -6.216495   -68.587976
 0.927875   -6.357626   -77.063397
 0.929825   -6.516975   -87.600428
 0.931774   -6.699169   -99.162256
 0.933723   -6.903509   -112.166417
 0.935673   -7.136520   -125.954094
 0.937622   -7.394591   -138.851782
 0.939571   -7.677764   -151.480745
 0.941520   -7.985063   -158.569060
 0.943470   -8.296027   -169.060655
 0.945419   -8.644212   -201.409926
 0.947368   -9.081123   -241.463473
 0.949318   -9.585712   -266.708088
 0.951267   -10.121002   -280.088142
 0.953216   -10.677496   -292.153853
 0.955166   -11.260123   -302.747113
 0.957115   -11.857899   -306.510167
 0.959064   -12.454900   -305.972617
 0.961014   -13.050886   -301.154755
 0.962963   -13.629111   -285.909574
 0.964912   -14.165361   -263.091938
 0.966862   -14.654882   -234.410216
 0.968811   -15.079360   -193.503058
 0.970760   -15.409157   -143.555402
 0.972710   -15.639031   -85.840882
 0.974659   -15.743915   -17.532781
 0.976608   -15.707374   59.780601
 0.978557   -15.510890   141.215040
 0.980507   -15.156695   223.315130
 0.982456   -14.640268   306.164602
 0.984406   -13.962877   384.003963
 0.986355   -13.143110   452.156905
 0.988304   -12.200370   506.210634
 0.990253   -11.169900   541.325830
 0.992203   -10.089715   554.509351
 0.994152   -9.007870   545.150504
 0.996101   -7.964718   517.865693
 0.998051   -6.988746   359.073012
 1.000000   -6.564410   217.719904
514 psinorm ommvb() dommvb/dpsiN
 0.000000   12.766289   -341.537323
 0.001949   12.100633   -352.890253
 0.003899   11.390347   -200.769020
 0.005848   11.317507   -7.863332
 0.007797   11.359696   31.143235
 0.009747   11.438954   41.865434
 0.011696   11.522927   51.095097
 0.013645   11.638122   57.862305
 0.015595   11.748529   55.920225
 0.017544   11.856157   58.489533
 0.019493   11.976521   57.577843
 0.021442   12.080595   55.730229
 0.023392   12.193818   53.956203
 0.025341   12.290979   48.767872
 0.027290   12.383915   51.526089
 0.029240   12.491887   56.166464
 0.031189   12.602907   50.732300
 0.033138   12.689641   43.647742
 0.035088   12.773088   47.265993
 0.037037   12.873922   47.592278
 0.038986   12.958602   41.948724
 0.040936   13.037477   44.534628
 0.042885   13.132235   46.336404
 0.044834   13.218097   40.375187
 0.046784   13.289650   42.460897
 0.048733   13.383640   39.661548
 0.050682   13.444251   33.328518
 0.052632   13.513592   43.463134
 0.054581   13.613698   36.687892
 0.056530   13.656602   27.730492
 0.058480   13.721831   39.723616
 0.060429   13.811472   38.502779
 0.062378   13.871914   31.638027
 0.064327   13.934797   32.574617
 0.066277   13.998923   32.267977
 0.068226   14.060611   28.770189
 0.070175   14.111070   26.029013
 0.072125   14.162098   31.782413
 0.074074   14.234978   32.351509
 0.076023   14.288204   23.041508
 0.077973   14.324808   26.779508
 0.079922   14.392602   27.728235
 0.081871   14.432893   22.237439
 0.083821   14.479309   27.653794
 0.085770   14.540707   26.403524
 0.087719   14.582229   21.305123
 0.089669   14.623776   22.921868
 0.091618   14.671599   23.283883
 0.093567   14.714537   23.617862
 0.095517   14.763688   23.270321
 0.097466   14.805272   15.959626
 0.099415   14.825898   14.792363
 0.101364   14.862932   24.562081
 0.103314   14.921677   24.343328
 0.105263   14.957858   14.708833
 0.107213   14.979019   12.693425
 0.109162   15.007346   17.058104
 0.111111   15.045512   21.453356
 0.113060   15.090971   17.433002
 0.115010   15.113471   13.530330
 0.116959   15.143722   13.892150
 0.118908   15.167623   12.088315
 0.120858   15.190854   13.734941
 0.122807   15.221172   14.094337
 0.124756   15.245794   14.257900
 0.126706   15.276766   15.916976
 0.128655   15.307854   10.623375
 0.130604   15.318176   10.763616
 0.132554   15.349832   16.118902
 0.134503   15.381024   6.810792
 0.136452   15.376381   7.116744
 0.138402   15.408791   16.509194
 0.140351   15.440751   7.239227
 0.142300   15.437010   1.586355
 0.144250   15.446943   12.676038
 0.146199   15.486419   10.916037
 0.148148   15.489493   1.854642
 0.150097   15.493648   11.296216
 0.152047   15.533556   12.707190
 0.153996   15.543209   3.601222
 0.155945   15.547593   0.286381
 0.157895   15.544322   1.838629
 0.159844   15.554755   11.110813
 0.161793   15.587631   7.844055
 0.163743   15.585321   1.924380
 0.165692   15.595128   5.477603
 0.167641   15.606673   2.387831
 0.169591   15.604431   3.737041
 0.171540   15.621234   3.541663
 0.173489   15.618237   2.441905
 0.175439   15.630763   5.843398
 0.177388   15.641021   0.010871
 0.179337   15.630805   -3.203163
 0.181286   15.628536   0.433001
 0.183236   15.632496   2.172986
 0.185185   15.637008   2.074522
 0.187135   15.640585   3.608473
 0.189084   15.651074   2.263112
 0.191033   15.649406   -2.954656
 0.192983   15.639549   -3.474833
 0.194932   15.635855   -1.583856
 0.196881   15.633375   0.430302
 0.198830   15.637532   -1.422614
 0.200780   15.627821   -5.116524
 0.202729   15.617583   -1.506455
 0.204678   15.621949   -1.501692
 0.206628   15.611720   -3.505011
 0.208577   15.608280   -4.808344
 0.210526   15.592977   -3.085860
 0.212476   15.596258   -0.135657
 0.214425   15.592452   -8.466005
 0.216374   15.563257   -6.576628
 0.218324   15.566827   -0.216527
 0.220273   15.562417   -1.878209
 0.222222   15.559505   -4.751695
 0.224171   15.543895   -11.884123
 0.226121   15.513161   -8.812636
 0.228070   15.509520   -3.414786
 0.230019   15.499851   -3.447299
 0.231969   15.496082   -7.184888
 0.233918   15.471847   -10.294334
 0.235867   15.455955   -4.941698
 0.237817   15.452586   -7.221351
 0.239766   15.427810   -8.697959
 0.241715   15.418681   -8.487940
 0.243665   15.394708   -10.791472
 0.245614   15.376602   -6.913106
 0.247563   15.367761   -6.617102
 0.249513   15.350798   -7.305780
 0.251462   15.339273   -10.617081
 0.253411   15.309413   -13.829812
 0.255361   15.285353   -9.034731
 0.257310   15.274180   -12.207862
 0.259259   15.237767   -10.370399
 0.261209   15.233762   -3.997428
 0.263158   15.222185   -10.497677
 0.265107   15.192842   -15.189847
 0.267056   15.162975   -12.494115
 0.269006   15.144133   -7.766126
 0.270955   15.132691   -13.935214
 0.272904   15.089814   -15.231449
 0.274854   15.073317   -7.284894
 0.276803   15.061408   -12.563830
 0.278752   15.024343   -17.237111
 0.280702   14.994204   -10.910691
 0.282651   14.981793   -10.705400
 0.284600   14.952474   -16.983790
 0.286550   14.915570   -11.228938
 0.288499   14.908677   -10.890896
 0.290448   14.873117   -18.475350
 0.292398   14.836641   -12.748298
 0.294347   14.823399   -14.438176
 0.296296   14.780361   -15.598293
 0.298246   14.762595   -9.173523
 0.300195   14.744594   -17.360805
 0.302144   14.694922   -19.093517
 0.304094   14.670161   -11.275003
 0.306043   14.650958   -16.075102
 0.307992   14.607500   -18.831703
 0.309941   14.577552   -13.926876
 0.311891   14.553202   -18.942345
 0.313840   14.503709   -17.542662
 0.315790   14.484819   -11.560973
 0.317739   14.458636   -16.202980
 0.319688   14.421660   -17.087206
 0.321637   14.392030   -19.102679
 0.323587   14.347171   -17.966998
 0.325536   14.321967   -17.401456
 0.327485   14.279340   -20.512864
 0.329435   14.241990   -14.325467
 0.331384   14.223475   -14.289369
 0.333333   14.186290   -20.951619
 0.335283   14.141781   -19.702645
 0.337232   14.109463   -17.684620
 0.339181   14.072846   -18.693762
 0.341131   14.036577   -17.451563
 0.343080   14.004800   -21.021517
 0.345029   13.954635   -21.000969
 0.346979   13.922927   -16.151397
 0.348928   13.891660   -17.634462
 0.350877   13.854188   -19.142403
 0.352826   13.817043   -20.928280
 0.354776   13.772585   -24.028483
 0.356725   13.723358   -22.112211
 0.358675   13.686376   -16.440677
 0.360624   13.659251   -14.879641
 0.362573   13.628375   -20.510564
 0.364522   13.579301   -25.502902
 0.366472   13.528938   -21.179261
 0.368421   13.496714   -20.903405
 0.370370   13.447457   -20.662902
 0.372320   13.416158   -19.279140
 0.374269   13.372294   -25.526762
 0.376218   13.316655   -22.350050
 0.378168   13.285164   -18.018322
 0.380117   13.246405   -19.552527
 0.382066   13.208948   -22.212643
 0.384016   13.159792   -22.627792
 0.385965   13.120717   -21.294255
 0.387914   13.076787   -26.559201
 0.389863   13.017189   -23.519510
 0.391813   12.985099   -16.956616
 0.393762   12.951076   -22.665007
 0.395711   12.896751   -26.646259
 0.397661   12.847185   -23.876926
 0.399610   12.803651   -22.555015
 0.401560   12.759243   -21.372296
 0.403509   12.720318   -22.546020
 0.405458   12.671358   -25.210720
 0.407407   12.622047   -23.890480
 0.409357   12.578212   -22.637295
 0.411306   12.533784   -25.397276
 0.413255   12.479213   -25.292303
 0.415205   12.435175   -22.894100
 0.417154   12.389950   -25.432189
 0.419103   12.336040   -23.471678
 0.421053   12.298442   -22.814596
 0.423002   12.247093   -25.510730
 0.424951   12.199001   -23.700037
 0.426901   12.154689   -24.593051
 0.428850   12.103117   -24.438548
 0.430799   12.059427   -24.868031
 0.432748   12.006181   -26.389239
 0.434698   11.956537   -25.637103
 0.436647   11.906223   -24.171317
 0.438597   11.862297   -22.895761
 0.440546   11.816953   -25.676933
 0.442495   11.762208   -27.739723
 0.444444   11.708823   -27.942276
 0.446394   11.653260   -24.476017
 0.448343   11.613383   -22.663394
 0.450292   11.564918   -29.630319
 0.452242   11.497845   -27.286644
 0.454191   11.458513   -22.333527
 0.456140   11.410789   -28.024474
 0.458090   11.349239   -25.908728
 0.460039   11.309760   -25.312274
 0.461988   11.250572   -30.567852
 0.463938   11.190575   -25.568890
 0.465887   11.150868   -24.331667
 0.467836   11.095730   -29.548006
 0.469786   11.035658   -25.643508
 0.471735   10.995736   -24.409030
 0.473684   10.940511   -29.392401
 0.475633   10.881164   -26.328929
 0.477583   10.837863   -26.534354
 0.479532   10.777716   -28.404263
 0.481482   10.727120   -26.168321
 0.483431   10.675686   -28.665660
 0.485380   10.615381   -27.439379
 0.487329   10.568727   -26.197959
 0.489279   10.513231   -27.495867
 0.491228   10.461519   -28.090999
 0.493177   10.403732   -28.884760
 0.495127   10.348899   -27.355899
 0.497076   10.297070   -28.557330
 0.499025   10.237582   -29.127771
 0.500975   10.183503   -28.010810
 0.502924   10.128368   -29.407161
 0.504873   10.068874   -28.163146
 0.506823   10.018565   -25.863648
 0.508772   9.968032   -28.037001
 0.510721   9.909277   -30.398366
 0.512671   9.849508   -28.345100
 0.514620   9.798755   -25.763779
 0.516569   9.749081   -27.621516
 0.518518   9.691086   -30.021917
 0.520468   9.632025   -31.206730
 0.522417   9.569413   -29.754822
 0.524366   9.516041   -27.668985
 0.526316   9.461531   -27.090328
 0.528265   9.410414   -28.974768
 0.530214   9.348587   -32.637824
 0.532164   9.283157   -28.745535
 0.534113   9.236499   -26.865653
 0.536062   9.178435   -28.726633
 0.538012   9.124496   -29.556381
 0.539961   9.063198   -30.443219
 0.541910   9.005828   -27.381211
 0.543860   8.956443   -28.648970
 0.545809   8.894132   -31.866011
 0.547758   8.832229   -29.553954
 0.549708   8.778906   -25.567301
 0.551657   8.732539   -29.345447
 0.553606   8.664517   -35.038534
 0.555556   8.595924   -29.329926
 0.557505   8.550148   -25.306163
 0.559454   8.497280   -31.159587
 0.561404   8.428649   -30.549122
 0.563353   8.378160   -26.320150
 0.565302   8.326053   -29.613562
 0.567252   8.262691   -31.941687
 0.569201   8.201511   -32.178645
 0.571150   8.137258   -29.674679
 0.573099   8.085839   -26.754772
 0.575049   8.032941   -30.460793
 0.576998   7.967080   -29.891212
 0.578947   7.916425   -25.440027
 0.580897   7.867890   -31.845166
 0.582846   7.792274   -36.250351
 0.584795   7.726586   -26.440328
 0.586745   7.689198   -23.827290
 0.588694   7.633693   -31.299129
 0.590643   7.567194   -32.964992
 0.592593   7.505165   -31.129680
 0.594542   7.445818   -29.398421
 0.596491   7.390570   -28.964487
 0.598441   7.332884   -27.170351
 0.600390   7.284628   -29.012249
 0.602339   7.219795   -32.596831
 0.604289   7.157534   -27.243857
 0.606238   7.113561   -25.912825
 0.608187   7.056526   -31.071047
 0.610136   6.992447   -32.211934
 0.612086   6.930933   -30.695334
 0.614035   6.872764   -30.945203
 0.615984   6.810308   -27.622736
 0.617934   6.765071   -25.418065
 0.619883   6.711208   -30.070512
 0.621832   6.647857   -31.426635
 0.623782   6.588677   -28.632754
 0.625731   6.536214   -26.635074
 0.627680   6.484854   -31.020756
 0.629630   6.415255   -31.342860
 0.631579   6.362639   -25.142034
 0.633528   6.317251   -26.445766
 0.635478   6.259521   -29.251474
 0.637427   6.203199   -28.157864
 0.639376   6.149762   -26.293854
 0.641325   6.100706   -26.080654
 0.643275   6.048071   -28.859293
 0.645224   5.988187   -30.370979
 0.647173   5.929685   -29.237190
 0.649123   5.874193   -24.174911
 0.651072   5.835419   -23.617778
 0.653021   5.782131   -30.119777
 0.654971   5.717976   -29.751933
 0.656920   5.666121   -26.574092
 0.658869   5.614390   -25.788470
 0.660819   5.565574   -22.606396
 0.662768   5.526243   -22.935975
 0.664717   5.476169   -27.790229
 0.666667   5.417885   -27.472762
 0.668616   5.369048   -24.755432
 0.670565   5.321388   -23.727710
 0.672515   5.276535   -23.641374
 0.674464   5.229212   -23.951888
 0.676413   5.183171   -24.031134
 0.678363   5.135513   -22.855830
 0.680312   5.094053   -21.809176
 0.682261   5.050501   -25.382758
 0.684211   4.995079   -22.907005
 0.686160   4.961176   -17.759263
 0.688109   4.925854   -22.866168
 0.690059   4.872011   -21.680185
 0.692008   4.841311   -17.328136
 0.693957   4.804466   -20.292997
 0.695906   4.762209   -19.662496
 0.697856   4.727806   -19.600990
 0.699805   4.685788   -20.552482
 0.701754   4.647693   -17.985733
 0.703704   4.615665   -14.439999
 0.705653   4.591387   -13.807564
 0.707602   4.561843   -15.859660
 0.709552   4.529549   -18.526194
 0.711501   4.489614   -15.650977
 0.713450   4.468541   -11.491868
 0.715400   4.444805   -12.494639
 0.717349   4.419825   -10.723348
 0.719298   4.403006   -11.949277
 0.721248   4.373228   -12.767029
 0.723197   4.353222   -9.306959
 0.725146   4.336950   -6.383551
 0.727096   4.328337   -4.719346
 0.729045   4.318550   -8.933926
 0.730994   4.293512   -7.761688
 0.732943   4.288295   -2.524490
 0.734893   4.283669   -5.302851
 0.736842   4.267625   -3.720449
 0.738791   4.269167   0.692665
 0.740741   4.270325   1.621704
 0.742690   4.275488   2.527826
 0.744639   4.280179   0.853784
 0.746589   4.278814   4.040512
 0.748538   4.295923   7.761181
 0.750487   4.309067   5.170992
 0.752437   4.316082   7.218861
 0.754386   4.337206   11.151413
 0.756335   4.359550   13.634381
 0.758285   4.390371   15.706459
 0.760234   4.420790   16.135902
 0.762183   4.453269   16.269960
 0.764133   4.484225   15.982901
 0.766082   4.515586   21.931168
 0.768031   4.569713   25.921888
 0.769980   4.616629   23.871699
 0.771930   4.662788   27.359625
 0.773879   4.723297   29.824806
 0.775829   4.779073   29.826076
 0.777778   4.839586   34.523194
 0.779727   4.913644   37.553876
 0.781676   4.985972   39.935252
 0.783626   5.069358   43.161630
 0.785575   5.154258   41.461736
 0.787524   5.230975   45.005649
 0.789474   5.329746   54.958146
 0.791423   5.445249   56.043576
 0.793372   5.548204   53.339168
 0.795322   5.653219   58.204625
 0.797271   5.775135   59.716297
 0.799220   5.885993   62.516151
 0.801170   6.018897   71.594261
 0.803119   6.165132   74.229021
 0.805068   6.308242   75.429626
 0.807018   6.459236   80.124290
 0.808967   6.620641   82.243085
 0.810916   6.779820   85.948693
 0.812866   6.955763   92.794204
 0.814815   7.141619   92.917755
 0.816764   7.317957   95.576199
 0.818713   7.514176   103.381962
 0.820663   7.721049   107.090503
 0.822612   7.931719   111.205157
 0.824561   8.154526   116.636340
 0.826511   8.386489   120.636089
 0.828460   8.624883   124.439061
 0.830409   8.871553   126.443001
 0.832359   9.117884   129.166085
 0.834308   9.375165   139.854375
 0.836257   9.663036   146.540916
 0.838207   9.946526   145.798834
 0.840156   10.231505   150.611735
 0.842105   10.533611   155.151089
 0.844055   10.836440   161.383411
 0.846004   11.162832   169.209840
 0.847953   11.496019   174.244273
 0.849903   11.842217   190.830144
 0.851852   12.240040   210.011349
 0.853801   12.660842   216.684606
 0.855750   13.084676   221.917364
 0.857700   13.526106   228.378676
 0.859649   13.975121   232.062406
 0.861598   14.430686   237.308720
 0.863548   14.900395   246.873763
 0.865497   15.393234   251.804695
 0.867446   15.881929   253.964546
 0.869396   16.383449   263.994726
 0.871345   16.911231   267.226501
 0.873294   17.425098   269.736637
 0.875244   17.962946   282.889444
 0.877193   18.528069   287.943672
 0.879142   19.085351   290.581341
 0.881092   19.661055   298.654233
 0.883041   20.249797   303.033644
 0.884990   20.842280   312.997589
 0.886940   21.470192   322.942825
 0.888889   22.101433   324.179423
 0.890838   22.733844   331.878321
 0.892787   23.395094   341.951445
 0.894737   24.067118   347.636364
 0.896686   24.750523   353.137905
 0.898636   25.444008   361.161615
 0.900585   26.158681   370.237461
 0.902534   26.887193   375.892616
 0.904483   27.623910   387.839475
 0.906433   28.399399   402.234451
 0.908382   29.192213   410.000637
 0.910331   29.997581   420.875555
 0.912281   30.833222   434.670821
 0.914230   31.692351   446.622690
 0.916179   32.574157   461.950328
 0.918129   33.493514   479.059429
 0.920078   34.441995   489.553496
 0.922027   35.401794   503.520299
 0.923977   36.405243   525.098805
 0.925926   37.449133   538.343703
 0.927875   38.503706   551.982035
 0.929825   39.601333   575.781321
 0.931774   40.748652   590.644687
 0.933723   41.903666   602.491190
 0.935673   43.097785   627.140661
 0.937622   44.348857   647.627433
 0.939571   45.622237   658.524494
 0.941520   46.915786   682.673945
 0.943470   48.284020   711.314691
 0.945419   49.689183   703.482635
 0.947368   51.026196   684.601983
 0.949318   52.358443   690.296289
 0.951267   53.717647   689.689738
 0.953216   55.046854   684.018900
 0.955166   56.384640   687.194963
 0.957115   57.726224   674.762841
 0.959064   59.014866   657.027551
 0.961014   60.287967   647.797716
 0.962963   61.540639   622.961735
 0.964912   62.716271   593.319303
 0.966862   63.853972   573.438521
 0.968811   64.952128   537.622767
 0.970760   65.949625   496.312897
 0.972710   66.887221   467.472299
 0.974659   67.772326   428.764538
 0.976608   68.558545   377.373662
 0.978557   69.243329   332.085903
 0.980507   69.853310   286.692927
 0.982456   70.361197   231.159169
 0.984406   70.754540   174.790930
 0.986355   71.042761   103.824846
 0.988304   71.159250   7.503586
 0.990253   71.072010   -91.717331
 0.992203   70.801550   -195.492432
 0.994152   70.309898   -332.255513
 0.996101   69.506418   -477.548513
 0.998051   68.447806   297.182215
 1.000000   70.663452   1136.811619
514 psinorm omevb() domevb/dpsiN
 0.000000   -11.080724   333.314384
 0.001949   -10.431095   417.952183
 0.003899   -9.450959   391.557992
 0.005848   -8.904188   249.703476
 0.007797   -8.477615   191.482610
 0.009747   -8.157652   97.131785
 0.011696   -8.098765   33.205336
 0.013645   -8.028218   36.700403
 0.015595   -7.955669   32.255796
 0.017544   -7.902442   28.453578
 0.019493   -7.844757   30.492229
 0.021442   -7.783584   31.694880
 0.023392   -7.721178   27.154264
 0.025341   -7.677699   24.651234
 0.027290   -7.625087   25.856964
 0.029240   -7.576885   24.916802
 0.031189   -7.527937   25.876034
 0.033138   -7.476021   23.295558
 0.035088   -7.437114   22.129386
 0.037037   -7.389742   23.813593
 0.038986   -7.344289   20.381578
 0.040936   -7.310281   19.441454
 0.042885   -7.268491   23.339637
 0.044834   -7.219303   19.747886
 0.046784   -7.191505   18.921930
 0.048733   -7.145535   21.095790
 0.050682   -7.109273   17.745635
 0.052632   -7.076347   20.416997
 0.054581   -7.029674   16.765924
 0.056530   -7.010993   14.226071
 0.058480   -6.974198   19.759263
 0.060429   -6.933954   17.277571
 0.062378   -6.906850   17.533056
 0.064327   -6.865610   17.343963
 0.066277   -6.839233   13.443771
 0.068226   -6.813192   15.685328
 0.070175   -6.778092   14.224595
 0.072125   -6.757738   14.730616
 0.074074   -6.720666   18.578442
 0.076023   -6.685320   12.595518
 0.077973   -6.671567   10.522273
 0.079922   -6.644300   14.052468
 0.081871   -6.616790   13.238172
 0.083821   -6.592686   14.295692
 0.085770   -6.561055   15.494041
 0.087719   -6.532291   10.818392
 0.089669   -6.518882   9.579727
 0.091618   -6.494945   13.404069
 0.093567   -6.466633   13.662946
 0.095517   -6.441674   9.879046
 0.097466   -6.428109   6.106744
 0.099415   -6.417870   11.135413
 0.101364   -6.384703   17.534977
 0.103314   -6.349500   13.430444
 0.105263   -6.332329   7.389766
 0.107213   -6.320691   4.673479
 0.109162   -6.314104   5.892942
 0.111111   -6.297720   15.558464
 0.113060   -6.253457   14.221080
 0.115010   -6.242289   4.365597
 0.116959   -6.236433   8.122645
 0.118908   -6.210627   9.371571
 0.120858   -6.199901   4.423605
 0.122807   -6.193377   8.167941
 0.124756   -6.168062   11.959267
 0.126706   -6.146750   7.262186
 0.128655   -6.139740   6.397335
 0.130604   -6.121813   9.938821
 0.132554   -6.100987   7.303327
 0.134503   -6.093331   4.930250
 0.136452   -6.081769   8.184659
 0.138402   -6.061414   7.070839
 0.140351   -6.054193   4.702575
 0.142300   -6.043084   3.686530
 0.144250   -6.039823   5.127684
 0.146199   -6.023098   6.084744
 0.148148   -6.016105   3.940588
 0.150097   -6.007737   10.163494
 0.152047   -5.976466   8.718683
 0.153996   -5.973728   2.779505
 0.155945   -5.965631   1.147261
 0.157895   -5.969261   -0.362952
 0.159844   -5.967049   9.651982
 0.161793   -5.931638   8.277267
 0.163743   -5.934796   -0.061813
 0.165692   -5.931882   5.219037
 0.167641   -5.914452   3.330798
 0.169591   -5.918906   2.323771
 0.171540   -5.905401   6.327118
 0.173489   -5.894243   3.594420
 0.175439   -5.891391   1.336838
 0.177388   -5.889031   0.412535
 0.179337   -5.889782   2.511201
 0.181286   -5.879242   4.425966
 0.183236   -5.872528   3.377294
 0.185185   -5.866074   3.341817
 0.187135   -5.859498   2.340732
 0.189084   -5.856945   3.192606
 0.191033   -5.847053   2.393689
 0.192983   -5.847618   -1.268507
 0.194932   -5.851997   -2.356580
 0.196881   -5.856804   3.960854
 0.198830   -5.836558   4.965251
 0.200780   -5.837455   -4.203698
 0.202729   -5.852940   1.353684
 0.204678   -5.832178   5.273235
 0.206628   -5.832391   -1.363595
 0.208577   -5.837492   -0.751894
 0.210526   -5.835322   1.870369
 0.212476   -5.830198   0.211651
 0.214425   -5.834492   -2.081786
 0.216374   -5.838313   0.251007
 0.218324   -5.833508   0.070829
 0.220273   -5.838032   1.245607
 0.222222   -5.828653   2.799848
 0.224171   -5.827118   -4.255297
 0.226121   -5.845255   -5.954020
 0.228070   -5.850340   1.971347
 0.230019   -5.837570   5.585128
 0.231969   -5.828565   -3.583871
 0.233918   -5.851527   -5.434646
 0.235867   -5.849750   2.921783
 0.237817   -5.840131   -3.242227
 0.239766   -5.862375   -2.870569
 0.241715   -5.851321   0.710999
 0.243665   -5.859612   -4.986750
 0.245614   -5.870763   0.117119
 0.247563   -5.859156   -0.498782
 0.249513   -5.872720   -3.736790
 0.251462   -5.873732   -1.331024
 0.253411   -5.877909   -3.568111
 0.255361   -5.887647   -3.057406
 0.257310   -5.889833   -4.343159
 0.259259   -5.904577   -1.884226
 0.261209   -5.897169   1.534037
 0.263158   -5.898591   -5.420220
 0.265107   -5.918297   -6.501802
 0.267056   -5.923935   -0.914519
 0.269006   -5.921858   -0.171842
 0.270955   -5.924602   -3.560064
 0.272904   -5.935735   -6.392173
 0.274854   -5.949527   -4.290581
 0.276803   -5.952470   -1.005560
 0.278752   -5.953447   -5.132698
 0.280702   -5.972492   -5.449348
 0.282651   -5.974702   -2.203716
 0.284600   -5.981082   -5.748908
 0.286550   -5.997122   -2.099871
 0.288499   -5.989281   -2.038417
 0.290448   -6.005068   -8.233539
 0.292398   -6.021384   -5.056826
 0.294347   -6.024791   -3.644149
 0.296296   -6.035589   -2.618371
 0.298246   -6.034994   -3.439348
 0.300195   -6.048992   -5.586836
 0.302144   -6.056772   -4.663392
 0.304094   -6.067176   -6.026561
 0.306043   -6.080268   -6.068276
 0.307992   -6.090830   -4.563653
 0.309941   -6.098057   -4.601758
 0.311891   -6.108774   -8.068430
 0.313840   -6.129511   -5.294316
 0.315790   -6.129406   -2.570808
 0.317739   -6.139529   -6.685293
 0.319688   -6.155465   -5.802272
 0.321637   -6.162146   -4.681888
 0.323587   -6.173722   -5.454408
 0.325536   -6.183414   -5.695143
 0.327485   -6.195922   -7.328075
 0.329435   -6.211988   -7.716269
 0.331384   -6.226008   -4.293507
 0.333333   -6.228724   -3.735463
 0.335283   -6.240578   -8.323208
 0.337232   -6.261172   -6.042144
 0.339181   -6.264130   -4.751103
 0.341131   -6.279703   -9.088968
 0.343080   -6.299566   -7.282880
 0.345029   -6.308091   -3.877634
 0.346979   -6.314684   -6.835757
 0.348928   -6.334737   -9.376181
 0.350877   -6.351232   -5.059047
 0.352826   -6.354457   -3.970867
 0.354776   -6.366719   -8.843398
 0.356725   -6.388933   -9.988840
 0.358675   -6.405663   -6.683131
 0.360624   -6.414994   -4.236157
 0.362573   -6.422175   -4.408042
 0.364522   -6.432177   -7.992268
 0.366472   -6.453343   -10.627243
 0.368421   -6.473613   -7.543750
 0.370370   -6.482748   -3.983439
 0.372320   -6.489143   -8.515677
 0.374269   -6.515940   -11.680574
 0.376218   -6.534673   -6.462794
 0.378168   -6.541133   -5.827951
 0.380117   -6.557392   -5.174126
 0.382066   -6.561301   -6.755912
 0.384016   -6.583742   -9.705928
 0.385965   -6.599148   -7.246689
 0.387914   -6.611990   -10.649593
 0.389863   -6.640660   -9.312889
 0.391813   -6.648290   -3.697850
 0.393762   -6.655079   -6.393801
 0.395711   -6.673213   -10.424376
 0.397661   -6.695726   -9.145438
 0.399610   -6.708876   -6.704778
 0.401560   -6.721868   -7.340916
 0.403509   -6.737497   -9.822438
 0.405458   -6.760155   -8.291859
 0.407407   -6.769819   -5.857988
 0.409357   -6.782998   -10.075071
 0.411306   -6.809095   -11.354457
 0.413255   -6.827257   -8.061683
 0.415205   -6.840525   -6.613102
 0.417154   -6.853042   -8.162668
 0.419103   -6.872343   -9.207973
 0.421053   -6.888943   -9.848468
 0.423002   -6.910739   -8.182647
 0.424951   -6.920838   -5.754338
 0.426901   -6.933177   -8.758928
 0.428850   -6.954985   -9.055595
 0.430799   -6.968475   -8.452990
 0.432748   -6.987934   -10.565303
 0.434698   -7.009671   -7.950350
 0.436647   -7.018939   -5.844975
 0.438597   -7.032462   -9.905753
 0.440546   -7.057556   -11.489523
 0.442495   -7.077248   -10.044446
 0.444444   -7.096709   -9.263072
 0.446394   -7.113364   -8.615194
 0.448343   -7.130300   -7.218121
 0.450292   -7.141500   -8.648279
 0.452242   -7.164025   -10.178772
 0.454191   -7.181190   -7.064486
 0.456140   -7.191562   -9.492281
 0.458090   -7.218208   -11.228240
 0.460039   -7.235346   -8.333983
 0.461988   -7.250694   -11.080163
 0.463938   -7.278554   -11.302097
 0.465887   -7.294767   -5.702250
 0.467836   -7.300782   -8.674544
 0.469786   -7.328600   -11.294029
 0.471735   -7.344823   -8.943558
 0.473684   -7.363462   -8.726726
 0.475633   -7.378840   -7.524636
 0.477583   -7.392800   -10.706709
 0.479532   -7.420578   -9.587595
 0.481482   -7.430173   -8.092800
 0.483431   -7.452126   -12.498676
 0.485380   -7.478893   -9.650436
 0.487329   -7.489743   -7.559273
 0.489279   -7.508370   -10.164071
 0.491228   -7.529371   -9.396701
 0.493177   -7.544999   -8.826316
 0.495127   -7.563787   -10.443113
 0.497076   -7.585715   -9.552650
 0.499025   -7.601023   -8.776474
 0.500975   -7.619936   -12.858040
 0.502924   -7.651150   -11.933192
 0.504873   -7.666452   -6.181810
 0.506823   -7.675250   -7.952194
 0.508772   -7.697450   -9.656753
 0.510721   -7.712892   -11.045930
 0.512671   -7.740525   -12.785793
 0.514620   -7.762746   -8.246767
 0.516569   -7.772671   -6.543761
 0.518518   -7.788254   -10.857521
 0.520468   -7.815010   -13.951939
 0.522417   -7.842652   -8.800236
 0.524366   -7.849313   -6.282657
 0.526316   -7.867154   -10.250227
 0.528265   -7.889277   -11.969861
 0.530214   -7.913812   -12.557820
 0.532164   -7.938239   -9.657853
 0.534113   -7.951474   -7.121842
 0.536062   -7.966000   -8.584490
 0.538012   -7.984947   -11.731311
 0.539961   -8.011737   -11.146749
 0.541910   -8.028397   -6.863463
 0.543860   -8.038494   -9.156248
 0.545809   -8.064090   -13.084141
 0.547758   -8.089496   -11.403846
 0.549708   -8.108550   -8.065542
 0.551657   -8.120947   -8.596809
 0.553606   -8.142060   -13.705033
 0.555556   -8.174389   -11.763713
 0.557505   -8.187937   -5.477266
 0.559454   -8.195739   -10.263639
 0.561404   -8.227967   -13.977101
 0.563353   -8.250241   -7.504484
 0.565302   -8.257220   -7.847127
 0.567252   -8.280845   -12.908318
 0.569201   -8.307548   -12.861284
 0.571150   -8.330979   -8.105854
 0.573099   -8.339144   -6.973347
 0.575049   -8.358173   -13.941324
 0.576998   -8.393493   -11.196409
 0.578947   -8.401817   -4.788643
 0.580897   -8.412165   -12.876516
 0.582846   -8.452007   -15.725559
 0.584795   -8.473463   -7.054291
 0.586745   -8.479504   -6.220874
 0.588694   -8.497712   -10.106439
 0.590643   -8.518899   -11.525536
 0.592593   -8.542652   -13.256439
 0.594542   -8.570584   -11.500662
 0.596491   -8.587481   -8.200290
 0.598441   -8.602556   -9.671512
 0.600390   -8.625186   -11.047915
 0.602339   -8.645620   -11.561634
 0.604289   -8.670267   -10.167579
 0.606238   -8.685269   -7.743260
 0.608187   -8.700451   -9.422154
 0.610136   -8.721996   -11.866972
 0.612086   -8.746722   -13.291064
 0.614035   -8.773817   -12.552402
 0.615984   -8.795651   -8.700025
 0.617934   -8.807733   -8.091537
 0.619883   -8.827196   -10.288141
 0.621832   -8.847836   -11.476447
 0.623782   -8.871944   -11.521465
 0.625731   -8.892760   -9.820429
 0.627680   -8.910224   -12.040528
 0.629630   -8.939713   -12.371701
 0.631579   -8.958467   -7.199363
 0.633528   -8.967776   -9.132273
 0.635478   -8.994083   -13.770931
 0.637427   -9.021468   -11.339503
 0.639376   -9.038284   -8.908238
 0.641325   -9.056192   -8.944867
 0.643275   -9.073160   -10.682034
 0.645224   -9.097838   -12.078433
 0.647173   -9.120241   -12.597008
 0.649123   -9.146956   -10.971604
 0.651072   -9.163025   -7.724450
 0.653021   -9.177065   -11.388844
 0.654971   -9.207439   -15.265214
 0.656920   -9.236585   -11.426021
 0.658869   -9.251977   -8.476947
 0.660819   -9.269638   -10.995592
 0.662768   -9.294845   -10.484715
 0.664717   -9.310507   -9.699467
 0.666667   -9.332667   -13.553233
 0.668616   -9.363347   -12.011597
 0.670565   -9.379488   -8.600328
 0.672515   -9.396880   -12.399061
 0.674464   -9.427825   -12.152982
 0.676413   -9.444253   -11.404484
 0.678363   -9.472297   -13.062061
 0.680312   -9.495184   -9.926405
 0.682261   -9.510990   -12.494584
 0.684211   -9.543909   -12.313782
 0.686160   -9.559011   -9.066909
 0.688109   -9.579252   -13.700760
 0.690059   -9.612436   -12.798246
 0.692008   -9.629161   -9.638389
 0.693957   -9.650007   -12.085106
 0.695906   -9.676269   -12.209834
 0.697856   -9.697610   -12.914019
 0.699805   -9.726617   -14.371563
 0.701754   -9.753631   -12.520836
 0.703704   -9.775433   -10.184616
 0.705653   -9.793343   -9.577707
 0.707602   -9.812767   -12.892515
 0.709552   -9.843616   -18.052235
 0.711501   -9.883148   -13.468701
 0.713450   -9.896117   -9.282225
 0.715400   -9.919344   -14.960831
 0.717349   -9.954444   -12.767070
 0.719298   -9.969110   -11.313393
 0.721248   -9.998562   -16.775500
 0.723197   -10.034515   -15.101774
 0.725146   -10.057429   -10.501122
 0.727096   -10.075456   -12.246708
 0.729045   -10.105173   -17.738495
 0.730994   -10.144601   -14.190497
 0.732943   -10.160487   -11.194362
 0.734893   -10.188254   -18.672928
 0.736842   -10.233284   -16.191387
 0.738791   -10.251368   -11.786087
 0.740741   -10.279243   -15.750912
 0.742690   -10.312778   -15.708547
 0.744639   -10.340475   -16.010904
 0.746589   -10.375208   -15.749297
 0.748538   -10.401886   -14.338268
 0.750487   -10.431098   -17.059612
 0.752437   -10.468405   -18.907601
 0.754386   -10.504819   -17.287127
 0.756335   -10.535790   -14.689698
 0.758285   -10.562092   -16.515608
 0.760234   -10.600179   -18.445015
 0.762183   -10.633991   -17.291095
 0.764133   -10.667597   -20.051977
 0.766082   -10.712168   -19.981272
 0.768031   -10.745484   -17.867046
 0.769980   -10.781814   -18.668627
 0.771930   -10.818273   -17.730043
 0.773879   -10.850945   -21.415124
 0.775829   -10.901780   -23.789667
 0.777778   -10.943705   -19.514199
 0.779727   -10.977846   -19.517097
 0.781676   -11.019783   -20.474591
 0.783626   -11.057674   -22.517415
 0.785575   -11.107572   -25.377327
 0.787524   -11.156595   -22.733230
 0.789474   -11.196204   -20.484321
 0.791423   -11.236463   -22.722197
 0.793372   -11.284775   -24.974442
 0.795322   -11.333839   -24.782223
 0.797271   -11.381402   -26.316570
 0.799220   -11.436421   -26.356162
 0.801170   -11.484161   -26.753104
 0.803119   -11.540727   -26.473152
 0.805068   -11.587353   -24.982116
 0.807018   -11.638134   -27.571782
 0.808967   -11.694853   -29.461808
 0.810916   -11.752976   -30.025304
 0.812866   -11.811922   -28.716886
 0.814815   -11.864946   -29.638009
 0.816764   -11.927451   -31.537145
 0.818713   -11.987878   -32.227913
 0.820663   -12.053110   -33.446461
 0.822612   -12.118286   -31.415872
 0.824561   -12.175569   -30.517826
 0.826511   -12.237277   -34.935773
 0.828460   -12.311777   -34.864061
 0.830409   -12.373177   -34.015142
 0.832359   -12.444407   -40.678141
 0.834308   -12.531773   -37.111130
 0.836257   -12.589066   -33.890993
 0.838207   -12.663923   -40.857385
 0.840156   -12.748364   -39.001488
 0.842105   -12.815951   -39.851517
 0.844055   -12.903756   -43.356501
 0.846004   -12.985001   -41.058854
 0.847953   -13.063803   -43.648866
 0.849903   -13.155194   -46.639280
 0.851852   -13.245650   -49.558928
 0.853801   -13.348375   -52.613862
 0.855750   -13.450739   -52.710064
 0.857700   -13.553892   -56.157576
 0.859649   -13.669691   -57.423730
 0.861598   -13.777730   -57.383047
 0.863548   -13.893431   -60.550971
 0.865497   -14.013816   -61.016658
 0.867446   -14.131274   -62.494638
 0.869396   -14.257487   -67.187543
 0.871345   -14.393233   -72.170690
 0.873294   -14.538808   -74.395677
 0.875244   -14.683301   -75.072675
 0.877193   -14.831514   -80.301033
 0.879142   -14.996315   -86.923462
 0.881092   -15.170434   -93.160180
 0.883041   -15.359539   -99.715439
 0.884990   -15.559124   -104.137302
 0.886940   -15.765574   -114.165279
 0.888889   -16.004238   -128.857057
 0.890838   -16.267858   -137.498515
 0.892787   -16.540208   -149.061779
 0.894737   -16.849069   -165.875864
 0.896686   -17.186943   -180.927331
 0.898636   -17.554520   -200.117160
 0.900585   -17.967176   -223.174418
 0.902534   -18.424454   -249.633942
 0.904483   -18.940249   -281.530998
 0.906433   -19.522177   -322.587597
 0.908382   -20.197970   -366.044998
 0.910331   -20.949020   -413.787154
 0.912281   -21.811383   -477.688367
 0.914230   -22.811456   -541.888110
 0.916179   -23.923663   -611.993801
 0.918129   -25.197703   -702.274673
 0.920078   -26.661734   -800.630407
 0.922027   -28.318560   -909.738122
 0.923977   -30.208922   -1038.678563
 0.925926   -32.368229   -1178.547338
 0.927875   -34.802900   -1331.970042
 0.929825   -37.561746   -1510.438206
 0.931774   -40.691907   -1702.431101
 0.933723   -44.197822   -1911.661004
 0.935673   -48.145699   -2148.407048
 0.937622   -52.574214   -2401.062331
 0.939571   -57.505040   -2680.095683
 0.941520   -63.021227   -3083.916030
 0.943470   -69.529736   -1798.828508
 0.945419   -70.037936   -24.482740
 0.947368   -69.625170   -1517.569193
 0.949318   -75.958398   -3476.282173
 0.951267   -83.178737   -3725.117235
 0.953216   -90.478905   -3742.186885
 0.955166   -97.769517   -3686.930093
 0.957115   -104.854349   -3505.840457
 0.959064   -111.435283   -3207.934447
 0.961014   -117.361748   -2811.613686
 0.962963   -122.398220   -2276.366283
 0.964912   -126.235024   -1638.799010
 0.966862   -128.787237   -946.512190
 0.968811   -129.926199   -178.188600
 0.970760   -129.481817   606.640508
 0.972710   -127.560151   1350.019927
 0.974659   -124.218818   2057.383954
 0.976608   -119.540468   2697.893625
 0.978557   -113.702429   3220.928089
 0.980507   -106.981618   3621.197514
 0.982456   -99.583729   3909.559199
 0.984406   -91.738019   4075.572952
 0.986355   -83.693174   4137.128228
 0.988304   -75.611493   4107.684682
 0.990253   -67.681419   3983.049024
 0.992203   -60.081757   3781.067870
 0.994152   -52.938803   3533.365783
 0.996101   -46.308697   3249.163810
 0.998051   -40.270619   2029.822440
 1.000000   -38.392286   963.741502
514 psinorm er(kV/m) der/dpsiN
 0.000000   -0.000000   176.592861
 0.001949   0.344179   118.404129
 0.003899   0.461541   51.887781
 0.005848   0.546507   38.864052
 0.007797   0.613033   31.259750
 0.009747   0.668383   26.631575
 0.011696   0.716873   22.993298
 0.013645   0.758010   19.918224
 0.015595   0.794532   18.004568
 0.017544   0.828212   16.225836
 0.019493   0.857780   14.440195
 0.021442   0.884500   13.045985
 0.023392   0.908645   12.263651
 0.025341   0.932316   11.400417
 0.027290   0.953084   10.230670
 0.029240   0.972204   9.409995
 0.031189   0.989775   8.642083
 0.033138   1.005891   8.249239
 0.035088   1.021938   7.656101
 0.037037   1.035743   6.843266
 0.038986   1.048613   6.684408
 0.040936   1.061806   6.248931
 0.042885   1.072979   5.243246
 0.044834   1.082244   5.235519
 0.046784   1.093393   4.897325
 0.048733   1.101341   4.304467
 0.050682   1.110172   4.427157
 0.052632   1.118602   3.480804
 0.054581   1.123745   3.663616
 0.056530   1.132883   3.894736
 0.058480   1.138929   2.637145
 0.060429   1.143166   2.642824
 0.062378   1.149231   2.455909
 0.064327   1.152739   2.135538
 0.066277   1.157558   2.411321
 0.068226   1.162141   1.992069
 0.070175   1.165323   2.012828
 0.072125   1.169990   1.541355
 0.074074   1.171335   0.728608
 0.076023   1.172830   1.595921
 0.077973   1.177559   1.574182
 0.079922   1.178969   0.812027
 0.081871   1.180724   0.895434
 0.083821   1.182460   0.447100
 0.085770   1.182468   0.110541
 0.087719   1.182891   0.682118
 0.089669   1.185129   0.717537
 0.091618   1.185690   -0.057380
 0.093567   1.184905   -0.387878
 0.095517   1.184178   0.123870
 0.097466   1.185387   0.919116
 0.099415   1.187760   0.055402
 0.101364   1.185603   -1.576505
 0.103314   1.181613   -1.171864
 0.105263   1.181032   0.131340
 0.107213   1.182125   0.607370
 0.109162   1.183400   -0.017268
 0.111111   1.182058   -1.914308
 0.113060   1.175938   -1.578577
 0.115010   1.175906   0.056066
 0.116959   1.176157   -0.699297
 0.118908   1.173181   -0.956687
 0.120858   1.172428   -0.324213
 0.122807   1.171916   -1.083909
 0.124756   1.168203   -1.861047
 0.126706   1.164660   -1.217914
 0.128655   1.163453   -0.901755
 0.130604   1.161145   -1.670631
 0.132554   1.156938   -1.560798
 0.134503   1.155058   -0.688311
 0.136452   1.154255   -1.444631
 0.138402   1.149424   -1.868466
 0.140351   1.146969   -0.972771
 0.142300   1.145632   -0.631112
 0.144250   1.144508   -1.615334
 0.146199   1.139336   -1.697167
 0.148148   1.137893   -0.887972
 0.150097   1.135874   -2.689651
 0.152047   1.127402   -2.547028
 0.153996   1.125940   -1.022708
 0.155945   1.123416   -0.625500
 0.157895   1.123502   -0.443087
 0.159844   1.121689   -2.995799
 0.161793   1.111825   -2.605166
 0.163743   1.111537   -0.661888
 0.165692   1.109245   -2.058417
 0.167641   1.103513   -1.631951
 0.169591   1.102885   -1.464297
 0.171540   1.097806   -2.275705
 0.173489   1.094014   -1.834759
 0.175439   1.090652   -1.662494
 0.177388   1.087532   -1.122211
 0.179337   1.086278   -1.401402
 0.181286   1.082069   -2.077822
 0.183236   1.078177   -2.013572
 0.185185   1.074218   -2.079524
 0.187135   1.070069   -2.030766
 0.189084   1.066300   -2.184256
 0.191033   1.061554   -1.723302
 0.192983   1.059583   -0.925072
 0.194932   1.057947   -0.979145
 0.196881   1.055766   -2.521080
 0.198830   1.048120   -2.566915
 0.200780   1.045760   -0.476682
 0.202729   1.046260   -1.910394
 0.204678   1.038313   -2.719312
 0.206628   1.035660   -1.251686
 0.208577   1.033433   -1.381221
 0.210526   1.030276   -2.195324
 0.212476   1.024872   -2.035267
 0.214425   1.022339   -0.858535
 0.216374   1.021526   -1.656179
 0.218324   1.015879   -2.159304
 0.220273   1.013105   -2.177469
 0.222222   1.007392   -2.418215
 0.224171   1.003679   -0.519583
 0.226121   1.005368   -0.330470
 0.228070   1.002393   -2.430158
 0.230019   0.995896   -3.241411
 0.231969   0.989755   -1.091597
 0.233918   0.991635   -0.559095
 0.235867   0.987575   -2.666649
 0.237817   0.981237   -1.182305
 0.239766   0.982961   -1.306874
 0.241715   0.976143   -2.103429
 0.243665   0.974763   -0.606921
 0.245614   0.973776   -2.044737
 0.247563   0.966792   -2.192377
 0.249513   0.965231   -1.356665
 0.251462   0.961504   -1.483704
 0.253411   0.959447   -0.954598
 0.255361   0.957782   -1.422893
 0.257310   0.953901   -0.894996
 0.259259   0.954293   -1.696999
 0.261209   0.947280   -2.846068
 0.263158   0.943195   -0.847418
 0.265107   0.943977   -0.412394
 0.267056   0.941588   -1.819551
 0.269006   0.936881   -2.294589
 0.270955   0.932641   -1.047893
 0.272904   0.932797   -0.498426
 0.274854   0.930696   -1.663071
 0.276803   0.926314   -1.795992
 0.278752   0.923695   -0.572273
 0.280702   0.924084   -1.061912
 0.282651   0.919558   -1.856423
 0.284600   0.916848   -0.614080
 0.286550   0.917165   -1.803305
 0.288499   0.909820   -1.942133
 0.290448   0.909594   0.003401
 0.292398   0.909834   -1.189642
 0.294347   0.904959   -1.338626
 0.296296   0.904616   -1.423216
 0.298246   0.899407   -1.907126
 0.300195   0.897179   -0.671084
 0.302144   0.896791   -0.809693
 0.304094   0.894020   -1.329460
 0.306043   0.891607   -0.638243
 0.307992   0.891532   -0.842963
 0.309941   0.888321   -1.564027
 0.311891   0.885434   -0.105424
 0.313840   0.887908   -0.801260
 0.315790   0.882306   -2.109166
 0.317739   0.879683   -0.750816
 0.319688   0.879380   -0.950826
 0.321637   0.875976   -0.990725
 0.323587   0.875518   -0.786955
 0.325536   0.872909   -0.887746
 0.327485   0.872058   -0.341164
 0.329435   0.871579   -0.823266
 0.331384   0.868849   -1.624980
 0.333333   0.865245   -1.083831
 0.335283   0.864625   -0.225340
 0.337232   0.864366   -1.006690
 0.339181   0.860701   -1.092124
 0.341131   0.860109   -0.234933
 0.343080   0.859784   -0.391916
 0.345029   0.858582   -1.189853
 0.346979   0.855144   -0.979695
 0.348928   0.854760   -0.316770
 0.350877   0.853909   -1.227304
 0.352826   0.849976   -1.249883
 0.354776   0.849038   0.207209
 0.356725   0.850783   0.211564
 0.358675   0.849861   -1.087148
 0.360624   0.846545   -1.765342
 0.362573   0.842980   -1.279346
 0.364522   0.841558   0.020427
 0.366472   0.843061   0.198299
 0.368421   0.842333   -0.573867
 0.370370   0.840824   -1.339662
 0.372320   0.837108   -0.474868
 0.374269   0.838970   0.725168
 0.376218   0.839935   -0.733146
 0.378168   0.836109   -1.199686
 0.380117   0.835256   -1.326005
 0.382066   0.830940   -0.767670
 0.384016   0.832266   0.100898
 0.385965   0.831334   -0.591406
 0.387914   0.829960   0.543074
 0.389863   0.833451   -0.141109
 0.391813   0.829406   -1.993969
 0.393762   0.825677   -0.768891
 0.395711   0.826409   0.460655
 0.397661   0.827473   -0.114517
 0.399610   0.825964   -0.803144
 0.401560   0.824341   -0.729143
 0.403509   0.823121   -0.062348
 0.405458   0.824098   -0.280360
 0.407407   0.822028   -0.964235
 0.409357   0.820339   -0.113478
 0.411306   0.821584   0.425442
 0.413255   0.821997   -0.345360
 0.415205   0.820236   -0.803849
 0.417154   0.818863   -0.246470
 0.419103   0.819276   -0.368466
 0.421053   0.817425   -0.207222
 0.423002   0.818466   -0.290916
 0.424951   0.816291   -1.057173
 0.426901   0.814344   -0.253271
 0.428850   0.815302   -0.245179
 0.430799   0.813389   -0.421238
 0.432748   0.813660   0.201595
 0.434698   0.814175   -0.381691
 0.436647   0.812173   -1.034749
 0.438597   0.810140   -0.330245
 0.440546   0.810884   0.328365
 0.442495   0.811420   0.154870
 0.444444   0.811488   0.114740
 0.446394   0.811868   -0.379582
 0.448343   0.810009   -1.137858
 0.450292   0.807432   0.056132
 0.452242   0.810231   0.239083
 0.454191   0.808367   -1.146130
 0.456140   0.805763   0.005448
 0.458090   0.808391   0.167260
 0.460039   0.806418   -0.547368
 0.461988   0.806257   0.642550
 0.463938   0.808924   0.155173
 0.465887   0.806865   -1.262551
 0.467836   0.804003   -0.078028
 0.469786   0.806563   0.105583
 0.471735   0.804417   -0.555838
 0.473684   0.804397   -0.096010
 0.475633   0.804043   -0.728808
 0.477583   0.801554   -0.020786
 0.479532   0.803959   -0.049850
 0.481482   0.801357   -0.623580
 0.483431   0.801526   0.637628
 0.485380   0.803842   -0.137489
 0.487329   0.800991   -0.793727
 0.489279   0.800749   -0.045538
 0.491228   0.800813   -0.101217
 0.493177   0.800354   -0.179210
 0.495127   0.800114   -0.071016
 0.497076   0.800077   -0.190618
 0.499025   0.799371   -0.246868
 0.500975   0.799115   0.576125
 0.502924   0.801616   0.437433
 0.504873   0.800820   -0.942408
 0.506823   0.797941   -0.752211
 0.508772   0.797886   -0.219210
 0.510721   0.797086   0.286511
 0.512671   0.799004   0.458922
 0.514620   0.798876   -0.785564
 0.516569   0.795942   -0.964976
 0.518518   0.795115   0.269257
 0.520468   0.796994   1.020181
 0.522417   0.799093   -0.317388
 0.524366   0.795756   -1.016208
 0.526316   0.795132   -0.244548
 0.528265   0.794803   0.302958
 0.530214   0.796313   0.830476
 0.532164   0.798041   -0.278903
 0.534113   0.795228   -0.991440
 0.536062   0.794176   -0.440763
 0.538012   0.793509   0.343524
 0.539961   0.795514   0.254222
 0.541910   0.794500   -1.066413
 0.543860   0.791355   -0.333421
 0.545809   0.793198   0.802454
 0.547758   0.794483   0.140970
 0.549708   0.793746   -0.940516
 0.551657   0.790817   -0.448141
 0.553606   0.791999   1.311657
 0.555556   0.795933   0.262162
 0.557505   0.793025   -1.680382
 0.559454   0.789383   0.047763
 0.561404   0.793215   0.827442
 0.563353   0.792611   -1.081340
 0.565302   0.789000   -0.546050
 0.567252   0.790485   0.811442
 0.569201   0.792164   0.776526
 0.571150   0.793512   -0.571739
 0.573099   0.789935   -1.165192
 0.575049   0.788970   0.762619
 0.576998   0.792906   0.103304
 0.578947   0.789373   -1.765687
 0.580897   0.786022   0.750119
 0.582846   0.792292   1.891623
 0.584795   0.793395   -1.162280
 0.586745   0.787757   -1.626091
 0.588694   0.787053   0.059996
 0.590643   0.787991   0.594787
 0.592593   0.789372   0.776071
 0.594542   0.791017   0.074978
 0.596491   0.789664   -0.606138
 0.598441   0.788654   -0.424894
 0.600390   0.788007   0.082477
 0.602339   0.788975   0.569117
 0.604289   0.790226   -0.452031
 0.606238   0.787215   -1.033731
 0.608187   0.786197   -0.006038
 0.610136   0.787191   0.575583
 0.612086   0.788441   0.733510
 0.614035   0.790051   0.698810
 0.615984   0.791165   -0.531145
 0.617934   0.787978   -1.006193
 0.619883   0.787241   0.066253
 0.621832   0.788236   0.618634
 0.623782   0.789653   0.216184
 0.625731   0.789080   -0.446182
 0.627680   0.787914   0.640405
 0.629630   0.791579   0.781792
 0.631579   0.790964   -0.999975
 0.633528   0.787682   -0.456644
 0.635478   0.789186   0.822113
 0.637427   0.790887   0.234483
 0.639376   0.790100   -0.450655
 0.641325   0.789130   -0.436128
 0.643275   0.788400   0.296358
 0.645224   0.790284   0.822779
 0.647173   0.791607   0.766254
 0.649123   0.793272   -0.230745
 0.651072   0.790710   -0.886050
 0.653021   0.789818   0.810784
 0.654971   0.793873   1.567138
 0.656920   0.795930   0.339745
 0.658869   0.795198   -0.289306
 0.660819   0.794802   -0.090467
 0.662768   0.794845   -0.141958
 0.664717   0.794248   0.332490
 0.666667   0.796143   1.081044
 0.668616   0.798463   0.502203
 0.670565   0.798100   -0.101690
 0.672515   0.798067   0.621682
 0.674464   0.800523   0.572285
 0.676413   0.800298   0.539683
 0.678363   0.802628   0.695395
 0.680312   0.803010   0.095686
 0.682261   0.803001   1.222192
 0.684211   0.807778   0.834615
 0.686160   0.806259   -0.333362
 0.688109   0.806478   1.315211
 0.690059   0.811389   0.951849
 0.692008   0.810193   -0.124435
 0.693957   0.810904   0.888773
 0.695906   0.813657   0.952381
 0.697856   0.814616   1.144775
 0.699805   0.818119   1.703741
 0.701754   0.821258   1.112175
 0.703704   0.822455   0.156187
 0.705653   0.821868   0.187959
 0.707602   0.823187   1.303879
 0.709552   0.826953   2.577564
 0.711501   0.833236   1.494826
 0.713450   0.832779   0.377668
 0.715400   0.834710   1.667533
 0.717349   0.839280   1.142359
 0.719298   0.839163   1.124656
 0.721248   0.843667   2.437219
 0.723197   0.848665   1.931676
 0.725146   0.851197   0.843425
 0.727096   0.851953   1.051461
 0.729045   0.855295   2.779986
 0.730994   0.862789   2.170127
 0.732943   0.863754   1.187933
 0.734893   0.867422   3.107538
 0.736842   0.875868   2.564308
 0.738791   0.877418   1.471404
 0.740741   0.881607   2.278766
 0.742690   0.886303   2.326260
 0.744639   0.890674   2.919474
 0.746589   0.897687   2.620261
 0.748538   0.900893   2.128353
 0.750487   0.905983   3.291909
 0.752437   0.913729   3.542449
 0.754386   0.919796   3.070598
 0.756335   0.925698   2.599572
 0.758285   0.929931   2.841000
 0.760234   0.936774   3.486317
 0.762183   0.943521   3.578282
 0.764133   0.950726   4.387024
 0.766082   0.960624   4.006686
 0.768031   0.966344   3.492922
 0.769980   0.974240   4.197945
 0.771930   0.982712   3.884870
 0.773879   0.989388   4.602381
 0.775829   1.000659   5.395978
 0.777778   1.010427   4.504751
 0.779727   1.018219   4.546417
 0.781676   1.028149   4.736175
 0.783626   1.036684   5.070116
 0.785575   1.047916   6.262129
 0.787524   1.061094   5.873346
 0.789474   1.070815   4.628952
 0.791423   1.079143   5.284675
 0.793372   1.091414   6.496003
 0.795322   1.104471   6.331360
 0.797271   1.116101   7.013261
 0.799220   1.131809   7.186821
 0.801170   1.144121   6.504910
 0.803119   1.157171   6.649702
 0.805068   1.170041   6.783663
 0.807018   1.183621   7.229164
 0.808967   1.198227   7.946980
 0.810916   1.214599   8.051640
 0.812866   1.229620   7.419789
 0.814815   1.243529   8.224499
 0.816764   1.261679   8.814963
 0.818713   1.277890   8.556812
 0.820663   1.295043   9.007160
 0.822612   1.313008   8.636685
 0.824561   1.328708   8.252838
 0.826511   1.345186   9.212229
 0.828460   1.364625   9.421603
 0.830409   1.381912   9.569149
 0.832359   1.401937   11.010975
 0.834308   1.424842   9.655333
 0.836257   1.439573   8.741682
 0.838207   1.458928   10.696659
 0.840156   1.481278   10.386209
 0.842105   1.499414   10.498737
 0.844055   1.522215   10.916013
 0.846004   1.541977   10.024377
 0.847953   1.561290   10.886287
 0.849903   1.584424   11.711626
 0.851852   1.606954   12.432145
 0.853801   1.632885   13.285659
 0.855750   1.658741   12.922022
 0.857700   1.683267   13.297973
 0.859649   1.710589   13.364814
 0.861598   1.735363   12.871750
 0.863548   1.760776   12.756673
 0.865497   1.785102   12.254197
 0.867446   1.808543   12.205587
 0.869396   1.832692   12.061833
 0.871345   1.855573   12.437848
 0.873294   1.881175   12.369393
 0.875244   1.903799   10.810265
 0.877193   1.923325   10.659397
 0.879142   1.945350   11.013929
 0.881092   1.966268   10.826678
 0.883041   1.987563   10.623632
 0.884990   2.007679   9.121306
 0.886940   2.023124   8.851993
 0.888889   2.042191   10.016503
 0.890838   2.062169   8.814825
 0.892787   2.076551   7.849374
 0.894737   2.092774   8.198385
 0.896686   2.108517   7.804697
 0.898636   2.123204   7.484668
 0.900585   2.137700   7.222873
 0.902534   2.151359   7.115546
 0.904483   2.165436   6.813520
 0.906433   2.177924   7.528575
 0.908382   2.194788   8.177095
 0.910331   2.209798   8.337901
 0.912281   2.227299   10.323846
 0.914230   2.250048   11.051466
 0.916179   2.270377   11.293211
 0.918129   2.294082   13.583732
 0.920078   2.323337   15.980968
 0.922027   2.356376   18.181461
 0.923977   2.394229   21.305795
 0.925926   2.439444   24.782865
 0.927875   2.490833   28.297953
 0.929825   2.549781   32.646882
 0.931774   2.618118   37.420212
 0.933723   2.695645   42.839728
 0.935673   2.785157   48.554819
 0.937622   2.884955   53.872947
 0.939571   2.995153   59.225453
 0.941520   3.115816   62.359759
 0.943470   3.238295   66.779667
 0.945419   3.376182   79.930727
 0.947368   3.549865   96.094122
 0.949318   3.750867   106.436889
 0.951267   3.964856   112.358207
 0.953216   4.188839   117.929159
 0.955166   4.424667   123.052660
 0.957115   4.668617   125.195165
 0.959064   4.912678   125.315114
 0.961014   5.157221   123.887037
 0.962963   5.395717   118.396682
 0.964912   5.618731   109.691159
 0.966862   5.823393   97.697883
 0.968811   5.999670   79.868155
 0.970760   6.134719   58.287810
 0.972710   6.226912   33.495512
 0.974659   6.265346   4.355867
 0.976608   6.243891   -28.406929
 0.978557   6.154616   -63.291965
 0.980507   5.997081   -98.984392
 0.982456   5.768712   -134.435465
 0.984406   5.472883   -167.010965
 0.986355   5.117567   -195.155289
 0.988304   4.712167   -217.814781
 0.990253   4.268525   -233.490716
 0.992203   3.801775   -239.796787
 0.994152   3.333558   -238.077717
 0.996101   2.873748   -235.815463
 0.998051   2.414114   -269.498463
 1.000000   1.823041   -303.269525
514 psinorm omghb() domghb/dpsiN
 0.000000   0.000000   250.226036
 0.001949   0.487691   216.747863
 0.003899   0.845033   154.237808
 0.005848   1.089122   101.840536
 0.007797   1.242007   60.566569
 0.009747   1.325235   30.372044
 0.011696   1.360453   11.190165
 0.013645   1.368854   4.247444
 0.015595   1.377013   35.210629
 0.017544   1.506079   52.414748
 0.019493   1.581326   38.333054
 0.021442   1.655501   34.937265
 0.023392   1.717540   28.791473
 0.025341   1.767765   29.114688
 0.027290   1.831029   30.106029
 0.029240   1.885143   23.624377
 0.031189   1.923149   24.447122
 0.033138   1.980438   27.184098
 0.035088   2.029135   25.808433
 0.037037   2.081064   23.886304
 0.038986   2.122244   19.467438
 0.040936   2.156964   24.402720
 0.042885   2.217377   28.326046
 0.044834   2.267379   20.961516
 0.046784   2.299097   16.291065
 0.048733   2.330898   15.817021
 0.050682   2.360751   17.027902
 0.052632   2.397293   17.906629
 0.054581   2.430571   18.974291
 0.056530   2.471255   24.829629
 0.058480   2.527390   17.636135
 0.060429   2.540040   10.877539
 0.062378   2.569790   18.741748
 0.064327   2.613096   17.895586
 0.066277   2.639556   15.865529
 0.068226   2.674951   6.952876
 0.070175   2.666659   0.443665
 0.072125   2.676690   10.087698
 0.074074   2.705981   16.946674
 0.076023   2.742748   21.720403
 0.077973   2.790674   15.280374
 0.079922   2.802345   5.212682
 0.081871   2.810993   12.199148
 0.083821   2.849925   21.243491
 0.085770   2.893819   18.280131
 0.087719   2.921181   0.820084
 0.089669   2.896990   -12.678334
 0.091618   2.871749   5.521018
 0.093567   2.918511   26.002091
 0.095517   2.973135   20.117860
 0.097466   2.996967   -0.195270
 0.099415   2.972374   -2.677076
 0.101364   2.986531   8.709874
 0.103314   3.006336   8.769498
 0.105263   3.020726   13.939676
 0.107213   3.060700   16.522600
 0.109162   3.085156   -7.294719
 0.111111   3.032265   -28.273274
 0.113060   2.974947   -1.581452
 0.115010   3.026155   30.933676
 0.116959   3.095548   14.690836
 0.118908   3.083420   -8.505700
 0.120858   3.062379   -2.651038
 0.122807   3.073067   9.769597
 0.124756   3.100461   30.183407
 0.126706   3.190785   26.913734
 0.128655   3.205437   3.920165
 0.130604   3.206065   -9.413299
 0.132554   3.168715   -22.653007
 0.134503   3.117748   -24.489291
 0.136452   3.073256   -29.340454
 0.138402   3.003337   -14.602974
 0.140351   3.016276   8.341393
 0.142300   3.035852   27.298455
 0.144250   3.122747   41.632321
 0.146199   3.198182   -3.949780
 0.148148   3.107351   -23.531689
 0.150097   3.106455   13.175370
 0.152047   3.158749   2.269379
 0.153996   3.115353   -15.353213
 0.155945   3.098902   -17.759835
 0.157895   3.046088   -12.268240
 0.159844   3.051039   -3.718125
 0.161793   3.031595   4.140299
 0.163743   3.067210   43.393668
 0.165692   3.200737   25.174610
 0.167641   3.165341   -27.996572
 0.169591   3.091559   -48.230115
 0.171540   2.977312   -39.950872
 0.173489   2.935830   8.994509
 0.175439   3.012442   4.499437
 0.177388   2.953443   -7.522445
 0.179337   2.983120   29.248763
 0.181286   3.067455   21.848552
 0.183236   3.068265   -8.974830
 0.185185   3.032481   -12.158610
 0.187135   3.020871   2.756541
 0.189084   3.043211   -25.205494
 0.191033   2.922620   -55.080199
 0.192983   2.828467   -25.808963
 0.194932   2.821945   -1.399072
 0.196881   2.823013   -4.034936
 0.198830   2.806217   4.972761
 0.200780   2.842429   27.258649
 0.202729   2.912481   14.697444
 0.204678   2.899720   -18.531037
 0.206628   2.840205   -41.122617
 0.208577   2.739404   -32.781923
 0.210526   2.712421   30.689071
 0.212476   2.859150   32.606483
 0.214425   2.839639   -38.796368
 0.216374   2.707921   -38.600776
 0.218324   2.689192   3.458536
 0.220273   2.721380   0.188969
 0.222222   2.689929   -24.491154
 0.224171   2.625914   3.247836
 0.226121   2.702665   -3.665341
 0.228070   2.611709   -34.239968
 0.230019   2.569197   5.363081
 0.231969   2.632674   -0.694656
 0.233918   2.566555   -9.228578
 0.235867   2.596701   -6.056306
 0.237817   2.542899   -40.951404
 0.239766   2.437058   -21.533607
 0.241715   2.458961   20.127955
 0.243665   2.515554   30.341788
 0.245614   2.577261   -32.012286
 0.247563   2.390771   -61.001837
 0.249513   2.339484   4.182648
 0.251462   2.407018   -0.999639
 0.253411   2.335587   -18.342590
 0.255361   2.335537   -23.730850
 0.257310   2.243108   -17.905776
 0.259259   2.265740   31.781912
 0.261209   2.367066   13.885928
 0.263158   2.319957   -16.049896
 0.265107   2.304504   -5.431179
 0.267056   2.298786   -25.813344
 0.269006   2.203812   -39.962886
 0.270955   2.142954   -24.746690
 0.272904   2.107349   -14.192893
 0.274854   2.087624   -2.694658
 0.276803   2.096828   -4.496104
 0.278752   2.070098   -16.245610
 0.280702   2.033481   6.776287
 0.282651   2.096468   5.355985
 0.284600   2.054359   -31.152498
 0.286550   1.974985   -12.952335
 0.288499   2.003802   15.624368
 0.290448   2.035889   1.007662
 0.292398   2.007700   -15.863958
 0.294347   1.974038   -10.341135
 0.296296   1.967390   -17.856848
 0.298246   1.904385   -15.063332
 0.300195   1.908624   -4.748089
 0.302144   1.885877   -44.680461
 0.304094   1.734349   -58.192407
 0.306043   1.658946   -21.226456
 0.307992   1.651608   -1.562608
 0.309941   1.652855   18.252559
 0.311891   1.722810   25.097735
 0.313840   1.750732   7.184733
 0.315790   1.750809   -4.599531
 0.317739   1.732808   -24.131910
 0.319688   1.656743   -33.587022
 0.321637   1.601886   -7.336650
 0.323587   1.628179   -9.735473
 0.325536   1.563974   -37.065232
 0.327485   1.483698   4.419462
 0.329435   1.581297   28.407025
 0.331384   1.594501   -17.535547
 0.333333   1.512943   -19.239513
 0.335283   1.519531   -9.575735
 0.337232   1.475633   -30.228272
 0.339181   1.401701   -33.079804
 0.341131   1.346665   -5.531898
 0.343080   1.380087   20.944890
 0.345029   1.428308   6.359316
 0.346979   1.404845   -34.122475
 0.348928   1.295308   -39.050962
 0.350877   1.252624   14.491372
 0.352826   1.351796   25.730614
 0.354776   1.352898   -11.206445
 0.356725   1.308125   -29.782387
 0.358675   1.236763   -1.962811
 0.360624   1.300403   17.947032
 0.362573   1.306720   -20.756073
 0.364522   1.219496   -28.795136
 0.366472   1.194480   -46.710137
 0.368421   1.037441   -58.466051
 0.370370   0.966579   -10.621066
 0.372320   0.996081   34.139733
 0.374269   1.099652   73.761948
 0.376218   1.283605   34.127300
 0.378168   1.232594   -55.733772
 0.380117   1.066358   -48.407953
 0.382066   1.043900   5.324694
 0.384016   1.087153   10.152515
 0.385965   1.083508   -39.053006
 0.387914   0.934924   -60.655906
 0.389863   0.847072   -1.566398
 0.391813   0.928904   22.559111
 0.393762   0.935068   12.850344
 0.395711   0.978994   7.110420
 0.397661   0.962761   -4.014156
 0.399610   0.963335   -21.458844
 0.401560   0.879050   -60.030614
 0.403509   0.729309   -21.280510
 0.405458   0.796098   20.655553
 0.407407   0.809824   -6.438027
 0.409357   0.770969   -31.783237
 0.411306   0.685925   -26.595616
 0.413255   0.667300   12.184336
 0.415205   0.733475   21.674642
 0.417154   0.751834   11.211843
 0.419103   0.777179   30.132335
 0.421053   0.869354   21.510590
 0.423002   0.861100   -28.326292
 0.424951   0.758938   -30.468573
 0.426901   0.742347   6.443265
 0.428850   0.784030   11.360578
 0.430799   0.786631   -11.744781
 0.432748   0.738249   -32.592495
 0.434698   0.659537   -56.359775
 0.436647   0.518534   -21.066268
 0.438597   0.577502   11.931385
 0.440546   0.565091   -25.522541
 0.442495   0.478016   -1.761601
 0.444444   0.558225   14.355014
 0.446394   0.533932   -3.289256
 0.448343   0.545382   35.913116
 0.450292   0.673921   32.650867
 0.452242   0.672621   -35.589925
 0.454191   0.535226   -44.860923
 0.456140   0.497753   -32.865146
 0.458090   0.407058   -33.024582
 0.460039   0.368963   0.159946
 0.461988   0.407681   10.870797
 0.463938   0.411330   6.706762
 0.465887   0.433821   19.499237
 0.467836   0.487338   33.605034
 0.469786   0.564859   25.295909
 0.471735   0.585996   -0.765877
 0.473684   0.561874   -25.001336
 0.475633   0.488541   -43.159547
 0.477583   0.393584   -20.777768
 0.479532   0.407472   7.361166
 0.481482   0.422286   -14.949376
 0.483431   0.349230   -15.940649
 0.485380   0.360149   -0.689829
 0.487329   0.346541   12.688461
 0.489279   0.409661   18.953119
 0.491228   0.420466   -35.688706
 0.493177   0.270546   -40.387167
 0.495127   0.263069   -16.494356
 0.497076   0.206260   -13.672749
 0.499025   0.209773   22.943244
 0.500975   0.295758   11.880332
 0.502924   0.256159   -11.740054
 0.504873   0.249995   20.285275
 0.506823   0.335298   44.685191
 0.508772   0.424221   7.069740
 0.510721   0.362856   -28.997258
 0.512671   0.311165   -30.088996
 0.514620   0.245546   -30.486247
 0.516569   0.192330   0.234665
 0.518518   0.246461   10.386495
 0.520468   0.232792   -20.482765
 0.522417   0.166625   -27.332165
 0.524366   0.126251   -11.241227
 0.526316   0.122815   5.668042
 0.528265   0.148336   13.179799
 0.530214   0.174190   21.927757
 0.532164   0.233850   16.811275
 0.534113   0.239764   -4.722171
 0.536062   0.215443   -1.532050
 0.538012   0.233813   11.729533
 0.539961   0.261172   22.685886
 0.541910   0.322242   -22.343065
 0.543860   0.173949   -85.068747
 0.545809   -0.009423   -23.101107
 0.547758   0.083901   27.956434
 0.549708   0.099540   -17.628101
 0.551657   0.015220   -24.393332
 0.553606   0.004454   27.232492
 0.555556   0.121465   60.447319
 0.557505   0.240138   -3.574841
 0.559454   0.107530   -56.383258
 0.561404   0.020323   2.022505
 0.563353   0.115323   18.349899
 0.565302   0.091851   -47.303752
 0.567252   -0.069185   -29.406361
 0.569201   -0.022911   49.325838
 0.571150   0.123087   21.061542
 0.573099   0.059187   -51.246479
 0.575049   -0.076760   -18.479147
 0.576998   -0.012966   51.847179
 0.578947   0.125340   36.350997
 0.580897   0.128697   -24.999830
 0.582846   0.027919   -48.065181
 0.584795   -0.058661   -15.982258
 0.586745   -0.034339   5.083686
 0.588694   -0.038825   -13.947245
 0.590643   -0.088705   -8.705103
 0.592593   -0.072732   -0.748675
 0.594542   -0.091606   -37.754322
 0.596491   -0.219898   -13.464672
 0.598441   -0.144000   76.645778
 0.600390   0.078868   70.769714
 0.602339   0.131860   -24.816175
 0.604289   -0.017994   -79.357040
 0.606238   -0.177548   -62.048883
 0.608187   -0.259861   -12.748767
 0.610136   -0.227243   7.899157
 0.612086   -0.229080   -9.841428
 0.614035   -0.265597   0.213604
 0.615984   -0.228247   7.972901
 0.617934   -0.234533   -1.143441
 0.619883   -0.232709   9.330479
 0.621832   -0.198162   9.530573
 0.623782   -0.195566   -18.643462
 0.625731   -0.270813   -43.354871
 0.627680   -0.364563   -30.060866
 0.629630   -0.387985   32.018406
 0.631579   -0.239812   60.229990
 0.633528   -0.153208   25.803967
 0.635478   -0.139239   -25.622428
 0.637427   -0.253044   -47.828486
 0.639376   -0.325675   -11.733164
 0.641325   -0.298780   -12.306417
 0.643275   -0.373710   -32.455024
 0.645224   -0.425334   -22.665091
 0.647173   -0.462058   -41.208680
 0.649123   -0.586052   -55.817064
 0.651072   -0.679704   -8.989155
 0.653021   -0.621091   42.302606
 0.654971   -0.514742   32.546900
 0.656920   -0.494147   -10.533951
 0.658869   -0.555803   -16.827505
 0.660819   -0.559728   -8.190242
 0.662768   -0.587725   13.849346
 0.664717   -0.505743   10.429105
 0.666667   -0.547125   -56.936540
 0.668616   -0.727667   -53.816915
 0.670565   -0.756903   -24.119759
 0.672515   -0.821729   -28.076519
 0.674464   -0.866384   5.637576
 0.676413   -0.799753   6.590681
 0.678363   -0.840742   -33.349333
 0.680312   -0.929758   -29.294370
 0.682261   -0.954932   -2.177729
 0.684211   -0.938227   15.023575
 0.686160   -0.896368   6.453823
 0.688109   -0.913070   -16.476830
 0.690059   -0.960627   -52.116510
 0.692008   -1.116217   -59.972251
 0.693957   -1.194398   -22.204583
 0.695906   -1.202770   -2.538263
 0.697856   -1.204292   -6.265264
 0.699805   -1.227188   -25.800157
 0.701754   -1.304861   -40.985244
 0.703704   -1.386991   -30.746257
 0.705653   -1.424763   -11.143346
 0.707602   -1.430428   -7.119211
 0.709552   -1.452529   -24.420634
 0.711501   -1.525618   -66.273495
 0.713450   -1.710863   -72.912682
 0.715400   -1.809860   -4.135270
 0.717349   -1.727080   21.729840
 0.719298   -1.725157   -12.864762
 0.721248   -1.777267   -23.503894
 0.723197   -1.816806   -60.971665
 0.725146   -2.014935   -65.979573
 0.727096   -2.073989   -38.215836
 0.729045   -2.163923   -52.504353
 0.730994   -2.278651   -27.034762
 0.732943   -2.269304   -36.989030
 0.734893   -2.422954   -70.363929
 0.736842   -2.543670   -26.283046
 0.738791   -2.525406   8.865887
 0.740741   -2.509103   -19.654494
 0.742690   -2.601983   -75.886312
 0.744639   -2.804908   -64.625203
 0.746589   -2.853877   -40.453883
 0.748538   -2.962607   -67.320872
 0.750487   -3.116294   -31.851963
 0.752437   -3.086704   -19.337840
 0.754386   -3.191623   -55.660993
 0.756335   -3.303670   -57.292682
 0.758285   -3.415007   -74.689022
 0.760234   -3.594847   -55.604102
 0.762183   -3.631752   -38.382667
 0.764133   -3.744540   -86.283939
 0.766082   -3.968116   -97.782321
 0.768031   -4.125696   -76.966121
 0.769980   -4.268130   -50.156630
 0.771930   -4.321211   -27.761871
 0.773879   -4.376372   -50.366056
 0.775829   -4.517632   -93.620012
 0.777778   -4.741354   -103.040700
 0.779727   -4.919285   -58.752925
 0.781676   -4.970373   -40.067256
 0.783626   -5.075535   -40.904172
 0.785575   -5.129885   -46.408956
 0.787524   -5.256437   -94.849413
 0.789474   -5.499762   -119.095165
 0.791423   -5.720800   -99.340703
 0.793372   -5.886993   -83.937756
 0.795322   -6.048071   -68.343102
 0.797271   -6.153491   -74.391692
 0.799220   -6.338050   -104.246939
 0.801170   -6.559969   -71.262241
 0.803119   -6.615986   -29.744939
 0.805068   -6.675914   -53.354374
 0.807018   -6.824060   -83.314972
 0.808967   -7.000745   -105.121176
 0.810916   -7.233822   -133.153577
 0.812866   -7.519938   -108.958678
 0.814815   -7.658728   -70.996934
 0.816764   -7.796684   -53.605678
 0.818713   -7.867683   -26.033453
 0.820663   -7.898168   -63.551330
 0.822612   -8.115374   -107.159748
 0.824561   -8.315876   -75.041414
 0.826511   -8.407904   -61.270745
 0.828460   -8.554743   -76.592162
 0.830409   -8.706461   -80.450407
 0.832359   -8.868424   -89.367486
 0.834308   -9.054892   -72.503447
 0.836257   -9.151042   -33.275246
 0.838207   -9.184600   -12.103654
 0.840156   -9.198245   -30.142508
 0.842105   -9.302095   -74.929242
 0.844055   -9.490437   -121.172751
 0.846004   -9.774499   -172.299225
 0.847953   -10.162060   -172.254124
 0.849903   -10.446064   -170.355950
 0.851852   -10.826228   -195.774812
 0.853801   -11.209195   -154.389426
 0.855750   -11.428038   -98.930740
 0.857700   -11.594899   -25.207298
 0.859649   -11.526442   51.271840
 0.861598   -11.395041   53.955817
 0.863548   -11.316095   61.329070
 0.865497   -11.155961   76.399651
 0.867446   -11.018289   80.107830
 0.869396   -10.843602   91.681196
 0.871345   -10.660829   67.485643
 0.873294   -10.580543   71.949294
 0.875244   -10.380237   118.735574
 0.877193   -10.117625   123.769104
 0.879142   -9.897785   121.987342
 0.881092   -9.641977   130.540878
 0.883041   -9.388805   128.297248
 0.884990   -9.141875   118.288037
 0.886940   -8.927616   123.493610
 0.888889   -8.660400   148.886355
 0.890838   -8.347257   141.496201
 0.892787   -8.108848   135.387994
 0.894737   -7.819353   133.556983
 0.896686   -7.588080   118.191827
 0.898636   -7.358524   127.218448
 0.900585   -7.092074   75.833824
 0.902534   -7.062924   -18.237483
 0.904483   -7.163164   -53.271115
 0.906433   -7.270632   -95.836898
 0.908382   -7.536750   -171.654197
 0.910331   -7.939740   -237.386416
 0.912281   -8.462381   -311.146182
 0.914230   -9.152813   -398.288398
 0.916179   -10.014909   -490.364824
 0.918129   -11.064841   -591.964514
 0.920078   -12.322872   -715.937643
 0.922027   -13.855566   -847.796506
 0.923977   -15.628553   -994.921072
 0.925926   -17.734592   -1167.719741
 0.927875   -20.180325   -1335.313744
 0.929825   -22.941141   -1454.228477
 0.931774   -25.850285   -1439.007501
 0.933723   -28.550393   -1365.685930
 0.935673   -31.175055   -1450.399896
 0.937622   -34.205293   -1743.161323
 0.939571   -37.969898   -2128.717229
 0.941520   -42.503033   -2510.961708
 0.943470   -47.760508   -2856.552476
 0.945419   -53.640410   -3088.947073
 0.947368   -59.801224   -3139.343466
 0.949318   -65.880667   -2990.534079
 0.951267   -71.461570   -2604.684918
 0.953216   -76.033729   -1969.270253
 0.955166   -79.139001   -1154.765425
 0.957115   -80.537034   -289.890747
 0.959064   -80.268996   498.863395
 0.961014   -78.591243   1301.267115
 0.962963   -75.196237   2288.418869
 0.964912   -69.670986   3466.396969
 0.966862   -61.679491   4772.583398
 0.968811   -51.064032   6132.433611
 0.970760   -37.775265   7484.477007
 0.972710   -21.880723   8735.902015
 0.974659   -3.715153   9798.807555
 0.976608   16.315028   10593.533733
 0.978557   37.578442   10973.900151
 0.980507   59.102393   10808.808937
 0.982456   79.722446   10030.941762
 0.984406   98.211937   9177.358537
 0.986355   115.505576   6235.147488
 0.988304   122.516542   2405.386493
 0.990253   124.881772   17.303914
 0.992203   122.581617   -2307.921302
 0.994152   115.885443   -4619.641153
 0.996101   104.574256   -7257.888606
 0.998051   87.584026   -14442.170741
 1.000000   48.275687   -20168.465202
514 psinorm nb(10^20/m^3) dnb/dpsiN
 0.000000   0.000000   0.000000
 0.001949   0.000000   0.000000
 0.003899   0.000000   0.000000
 0.005848   0.000000   0.000000
 0.007797   0.000000   0.000000
 0.009747   0.000000   0.000000
 0.011696   0.000000   0.000000
 0.013645   0.000000   0.000000
 0.015595   0.000000   0.000000
 0.017544   0.000000   0.000000
 0.019493   0.000000   0.000000
 0.021442   0.000000   0.000000
 0.023392   0.000000   0.000000
 0.025341   0.000000   0.000000
 0.027290   0.000000   0.000000
 0.029240   0.000000   0.000000
 0.031189   0.000000   0.000000
 0.033138   0.000000   0.000000
 0.035088   0.000000   0.000000
 0.037037   0.000000   0.000000
 0.038986   0.000000   0.000000
 0.040936   0.000000   0.000000
 0.042885   0.000000   0.000000
 0.044834   0.000000   0.000000
 0.046784   0.000000   0.000000
 0.048733   0.000000   0.000000
 0.050682   0.000000   0.000000
 0.052632   0.000000   0.000000
 0.054581   0.000000   0.000000
 0.056530   0.000000   0.000000
 0.058480   0.000000   0.000000
 0.060429   0.000000   0.000000
 0.062378   0.000000   0.000000
 0.064327   0.000000   0.000000
 0.066277   0.000000   0.000000
 0.068226   0.000000   0.000000
 0.070175   0.000000   0.000000
 0.072125   0.000000   0.000000
 0.074074   0.000000   0.000000
 0.076023   0.000000   0.000000
 0.077973   0.000000   0.000000
 0.079922   0.000000   0.000000
 0.081871   0.000000   0.000000
 0.083821   0.000000   0.000000
 0.085770   0.000000   0.000000
 0.087719   0.000000   0.000000
 0.089669   0.000000   0.000000
 0.091618   0.000000   0.000000
 0.093567   0.000000   0.000000
 0.095517   0.000000   0.000000
 0.097466   0.000000   0.000000
 0.099415   0.000000   0.000000
 0.101364   0.000000   0.000000
 0.103314   0.000000   0.000000
 0.105263   0.000000   0.000000
 0.107213   0.000000   0.000000
 0.109162   0.000000   0.000000
 0.111111   0.000000   0.000000
 0.113060   0.000000   0.000000
 0.115010   0.000000   0.000000
 0.116959   0.000000   0.000000
 0.118908   0.000000   0.000000
 0.120858   0.000000   0.000000
 0.122807   0.000000   0.000000
 0.124756   0.000000   0.000000
 0.126706   0.000000   0.000000
 0.128655   0.000000   0.000000
 0.130604   0.000000   0.000000
 0.132554   0.000000   0.000000
 0.134503   0.000000   0.000000
 0.136452   0.000000   0.000000
 0.138402   0.000000   0.000000
 0.140351   0.000000   0.000000
 0.142300   0.000000   0.000000
 0.144250   0.000000   0.000000
 0.146199   0.000000   0.000000
 0.148148   0.000000   0.000000
 0.150097   0.000000   0.000000
 0.152047   0.000000   0.000000
 0.153996   0.000000   0.000000
 0.155945   0.000000   0.000000
 0.157895   0.000000   0.000000
 0.159844   0.000000   0.000000
 0.161793   0.000000   0.000000
 0.163743   0.000000   0.000000
 0.165692   0.000000   0.000000
 0.167641   0.000000   0.000000
 0.169591   0.000000   0.000000
 0.171540   0.000000   0.000000
 0.173489   0.000000   0.000000
 0.175439   0.000000   0.000000
 0.177388   0.000000   0.000000
 0.179337   0.000000   0.000000
 0.181286   0.000000   0.000000
 0.183236   0.000000   0.000000
 0.185185   0.000000   0.000000
 0.187135   0.000000   0.000000
 0.189084   0.000000   0.000000
 0.191033   0.000000   0.000000
 0.192983   0.000000   0.000000
 0.194932   0.000000   0.000000
 0.196881   0.000000   0.000000
 0.198830   0.000000   0.000000
 0.200780   0.000000   0.000000
 0.202729   0.000000   0.000000
 0.204678   0.000000   0.000000
 0.206628   0.000000   0.000000
 0.208577   0.000000   0.000000
 0.210526   0.000000   0.000000
 0.212476   0.000000   0.000000
 0.214425   0.000000   0.000000
 0.216374   0.000000   0.000000
 0.218324   0.000000   0.000000
 0.220273   0.000000   0.000000
 0.222222   0.000000   0.000000
 0.224171   0.000000   0.000000
 0.226121   0.000000   0.000000
 0.228070   0.000000   0.000000
 0.230019   0.000000   0.000000
 0.231969   0.000000   0.000000
 0.233918   0.000000   0.000000
 0.235867   0.000000   0.000000
 0.237817   0.000000   0.000000
 0.239766   0.000000   0.000000
 0.241715   0.000000   0.000000
 0.243665   0.000000   0.000000
 0.245614   0.000000   0.000000
 0.247563   0.000000   0.000000
 0.249513   0.000000   0.000000
 0.251462   0.000000   0.000000
 0.253411   0.000000   0.000000
 0.255361   0.000000   0.000000
 0.257310   0.000000   0.000000
 0.259259   0.000000   0.000000
 0.261209   0.000000   0.000000
 0.263158   0.000000   0.000000
 0.265107   0.000000   0.000000
 0.267056   0.000000   0.000000
 0.269006   0.000000   0.000000
 0.270955   0.000000   0.000000
 0.272904   0.000000   0.000000
 0.274854   0.000000   0.000000
 0.276803   0.000000   0.000000
 0.278752   0.000000   0.000000
 0.280702   0.000000   0.000000
 0.282651   0.000000   0.000000
 0.284600   0.000000   0.000000
 0.286550   0.000000   0.000000
 0.288499   0.000000   0.000000
 0.290448   0.000000   0.000000
 0.292398   0.000000   0.000000
 0.294347   0.000000   0.000000
 0.296296   0.000000   0.000000
 0.298246   0.000000   0.000000
 0.300195   0.000000   0.000000
 0.302144   0.000000   0.000000
 0.304094   0.000000   0.000000
 0.306043   0.000000   0.000000
 0.307992   0.000000   0.000000
 0.309941   0.000000   0.000000
 0.311891   0.000000   0.000000
 0.313840   0.000000   0.000000
 0.315790   0.000000   0.000000
 0.317739   0.000000   0.000000
 0.319688   0.000000   0.000000
 0.321637   0.000000   0.000000
 0.323587   0.000000   0.000000
 0.325536   0.000000   0.000000
 0.327485   0.000000   0.000000
 0.329435   0.000000   0.000000
 0.331384   0.000000   0.000000
 0.333333   0.000000   0.000000
 0.335283   0.000000   0.000000
 0.337232   0.000000   0.000000
 0.339181   0.000000   0.000000
 0.341131   0.000000   0.000000
 0.343080   0.000000   0.000000
 0.345029   0.000000   0.000000
 0.346979   0.000000   0.000000
 0.348928   0.000000   0.000000
 0.350877   0.000000   0.000000
 0.352826   0.000000   0.000000
 0.354776   0.000000   0.000000
 0.356725   0.000000   0.000000
 0.358675   0.000000   0.000000
 0.360624   0.000000   0.000000
 0.362573   0.000000   0.000000
 0.364522   0.000000   0.000000
 0.366472   0.000000   0.000000
 0.368421   0.000000   0.000000
 0.370370   0.000000   0.000000
 0.372320   0.000000   0.000000
 0.374269   0.000000   0.000000
 0.376218   0.000000   0.000000
 0.378168   0.000000   0.000000
 0.380117   0.000000   0.000000
 0.382066   0.000000   0.000000
 0.384016   0.000000   0.000000
 0.385965   0.000000   0.000000
 0.387914   0.000000   0.000000
 0.389863   0.000000   0.000000
 0.391813   0.000000   0.000000
 0.393762   0.000000   0.000000
 0.395711   0.000000   0.000000
 0.397661   0.000000   0.000000
 0.399610   0.000000   0.000000
 0.401560   0.000000   0.000000
 0.403509   0.000000   0.000000
 0.405458   0.000000   0.000000
 0.407407   0.000000   0.000000
 0.409357   0.000000   0.000000
 0.411306   0.000000   0.000000
 0.413255   0.000000   0.000000
 0.415205   0.000000   0.000000
 0.417154   0.000000   0.000000
 0.419103   0.000000   0.000000
 0.421053   0.000000   0.000000
 0.423002   0.000000   0.000000
 0.424951   0.000000   0.000000
 0.426901   0.000000   0.000000
 0.428850   0.000000   0.000000
 0.430799   0.000000   0.000000
 0.432748   0.000000   0.000000
 0.434698   0.000000   0.000000
 0.436647   0.000000   0.000000
 0.438597   0.000000   0.000000
 0.440546   0.000000   0.000000
 0.442495   0.000000   0.000000
 0.444444   0.000000   0.000000
 0.446394   0.000000   0.000000
 0.448343   0.000000   0.000000
 0.450292   0.000000   0.000000
 0.452242   0.000000   0.000000
 0.454191   0.000000   0.000000
 0.456140   0.000000   0.000000
 0.458090   0.000000   0.000000
 0.460039   0.000000   0.000000
 0.461988   0.000000   0.000000
 0.463938   0.000000   0.000000
 0.465887   0.000000   0.000000
 0.467836   0.000000   0.000000
 0.469786   0.000000   0.000000
 0.471735   0.000000   0.000000
 0.473684   0.000000   0.000000
 0.475633   0.000000   0.000000
 0.477583   0.000000   0.000000
 0.479532   0.000000   0.000000
 0.481482   0.000000   0.000000
 0.483431   0.000000   0.000000
 0.485380   0.000000   0.000000
 0.487329   0.000000   0.000000
 0.489279   0.000000   0.000000
 0.491228   0.000000   0.000000
 0.493177   0.000000   0.000000
 0.495127   0.000000   0.000000
 0.497076   0.000000   0.000000
 0.499025   0.000000   0.000000
 0.500975   0.000000   0.000000
 0.502924   0.000000   0.000000
 0.504873   0.000000   0.000000
 0.506823   0.000000   0.000000
 0.508772   0.000000   0.000000
 0.510721   0.000000   0.000000
 0.512671   0.000000   0.000000
 0.514620   0.000000   0.000000
 0.516569   0.000000   0.000000
 0.518518   0.000000   0.000000
 0.520468   0.000000   0.000000
 0.522417   0.000000   0.000000
 0.524366   0.000000   0.000000
 0.526316   0.000000   0.000000
 0.528265   0.000000   0.000000
 0.530214   0.000000   0.000000
 0.532164   0.000000   0.000000
 0.534113   0.000000   0.000000
 0.536062   0.000000   0.000000
 0.538012   0.000000   0.000000
 0.539961   0.000000   0.000000
 0.541910   0.000000   0.000000
 0.543860   0.000000   0.000000
 0.545809   0.000000   0.000000
 0.547758   0.000000   0.000000
 0.549708   0.000000   0.000000
 0.551657   0.000000   0.000000
 0.553606   0.000000   0.000000
 0.555556   0.000000   0.000000
 0.557505   0.000000   0.000000
 0.559454   0.000000   0.000000
 0.561404   0.000000   0.000000
 0.563353   0.000000   0.000000
 0.565302   0.000000   0.000000
 0.567252   0.000000   0.000000
 0.569201   0.000000   0.000000
 0.571150   0.000000   0.000000
 0.573099   0.000000   0.000000
 0.575049   0.000000   0.000000
 0.576998   0.000000   0.000000
 0.578947   0.000000   0.000000
 0.580897   0.000000   0.000000
 0.582846   0.000000   0.000000
 0.584795   0.000000   0.000000
 0.586745   0.000000   0.000000
 0.588694   0.000000   0.000000
 0.590643   0.000000   0.000000
 0.592593   0.000000   0.000000
 0.594542   0.000000   0.000000
 0.596491   0.000000   0.000000
 0.598441   0.000000   0.000000
 0.600390   0.000000   0.000000
 0.602339   0.000000   0.000000
 0.604289   0.000000   0.000000
 0.606238   0.000000   0.000000
 0.608187   0.000000   0.000000
 0.610136   0.000000   0.000000
 0.612086   0.000000   0.000000
 0.614035   0.000000   0.000000
 0.615984   0.000000   0.000000
 0.617934   0.000000   0.000000
 0.619883   0.000000   0.000000
 0.621832   0.000000   0.000000
 0.623782   0.000000   0.000000
 0.625731   0.000000   0.000000
 0.627680   0.000000   0.000000
 0.629630   0.000000   0.000000
 0.631579   0.000000   0.000000
 0.633528   0.000000   0.000000
 0.635478   0.000000   0.000000
 0.637427   0.000000   0.000000
 0.639376   0.000000   0.000000
 0.641325   0.000000   0.000000
 0.643275   0.000000   0.000000
 0.645224   0.000000   0.000000
 0.647173   0.000000   0.000000
 0.649123   0.000000   0.000000
 0.651072   0.000000   0.000000
 0.653021   0.000000   0.000000
 0.654971   0.000000   0.000000
 0.656920   0.000000   0.000000
 0.658869   0.000000   0.000000
 0.660819   0.000000   0.000000
 0.662768   0.000000   0.000000
 0.664717   0.000000   0.000000
 0.666667   0.000000   0.000000
 0.668616   0.000000   0.000000
 0.670565   0.000000   0.000000
 0.672515   0.000000   0.000000
 0.674464   0.000000   0.000000
 0.676413   0.000000   0.000000
 0.678363   0.000000   0.000000
 0.680312   0.000000   0.000000
 0.682261   0.000000   0.000000
 0.684211   0.000000   0.000000
 0.686160   0.000000   0.000000
 0.688109   0.000000   0.000000
 0.690059   0.000000   0.000000
 0.692008   0.000000   0.000000
 0.693957   0.000000   0.000000
 0.695906   0.000000   0.000000
 0.697856   0.000000   0.000000
 0.699805   0.000000   0.000000
 0.701754   0.000000   0.000000
 0.703704   0.000000   0.000000
 0.705653   0.000000   0.000000
 0.707602   0.000000   0.000000
 0.709552   0.000000   0.000000
 0.711501   0.000000   0.000000
 0.713450   0.000000   0.000000
 0.715400   0.000000   0.000000
 0.717349   0.000000   0.000000
 0.719298   0.000000   0.000000
 0.721248   0.000000   0.000000
 0.723197   0.000000   0.000000
 0.725146   0.000000   0.000000
 0.727096   0.000000   0.000000
 0.729045   0.000000   0.000000
 0.730994   0.000000   0.000000
 0.732943   0.000000   0.000000
 0.734893   0.000000   0.000000
 0.736842   0.000000   0.000000
 0.738791   0.000000   0.000000
 0.740741   0.000000   0.000000
 0.742690   0.000000   0.000000
 0.744639   0.000000   0.000000
 0.746589   0.000000   0.000000
 0.748538   0.000000   0.000000
 0.750487   0.000000   0.000000
 0.752437   0.000000   0.000000
 0.754386   0.000000   0.000000
 0.756335   0.000000   0.000000
 0.758285   0.000000   0.000000
 0.760234   0.000000   0.000000
 0.762183   0.000000   0.000000
 0.764133   0.000000   0.000000
 0.766082   0.000000   0.000000
 0.768031   0.000000   0.000000
 0.769980   0.000000   0.000000
 0.771930   0.000000   0.000000
 0.773879   0.000000   0.000000
 0.775829   0.000000   0.000000
 0.777778   0.000000   0.000000
 0.779727   0.000000   0.000000
 0.781676   0.000000   0.000000
 0.783626   0.000000   0.000000
 0.785575   0.000000   0.000000
 0.787524   0.000000   0.000000
 0.789474   0.000000   0.000000
 0.791423   0.000000   0.000000
 0.793372   0.000000   0.000000
 0.795322   0.000000   0.000000
 0.797271   0.000000   0.000000
 0.799220   0.000000   0.000000
 0.801170   0.000000   0.000000
 0.803119   0.000000   0.000000
 0.805068   0.000000   0.000000
 0.807018   0.000000   0.000000
 0.808967   0.000000   0.000000
 0.810916   0.000000   0.000000
 0.812866   0.000000   0.000000
 0.814815   0.000000   0.000000
 0.816764   0.000000   0.000000
 0.818713   0.000000   0.000000
 0.820663   0.000000   0.000000
 0.822612   0.000000   0.000000
 0.824561   0.000000   0.000000
 0.826511   0.000000   0.000000
 0.828460   0.000000   0.000000
 0.830409   0.000000   0.000000
 0.832359   0.000000   0.000000
 0.834308   0.000000   0.000000
 0.836257   0.000000   0.000000
 0.838207   0.000000   0.000000
 0.840156   0.000000   0.000000
 0.842105   0.000000   0.000000
 0.844055   0.000000   0.000000
 0.846004   0.000000   0.000000
 0.847953   0.000000   0.000000
 0.849903   0.000000   0.000000
 0.851852   0.000000   0.000000
 0.853801   0.000000   0.000000
 0.855750   0.000000   0.000000
 0.857700   0.000000   0.000000
 0.859649   0.000000   0.000000
 0.861598   0.000000   0.000000
 0.863548   0.000000   0.000000
 0.865497   0.000000   0.000000
 0.867446   0.000000   0.000000
 0.869396   0.000000   0.000000
 0.871345   0.000000   0.000000
 0.873294   0.000000   0.000000
 0.875244   0.000000   0.000000
 0.877193   0.000000   0.000000
 0.879142   0.000000   0.000000
 0.881092   0.000000   0.000000
 0.883041   0.000000   0.000000
 0.884990   0.000000   0.000000
 0.886940   0.000000   0.000000
 0.888889   0.000000   0.000000
 0.890838   0.000000   0.000000
 0.892787   0.000000   0.000000
 0.894737   0.000000   0.000000
 0.896686   0.000000   0.000000
 0.898636   0.000000   0.000000
 0.900585   0.000000   0.000000
 0.902534   0.000000   0.000000
 0.904483   0.000000   0.000000
 0.906433   0.000000   0.000000
 0.908382   0.000000   0.000000
 0.910331   0.000000   0.000000
 0.912281   0.000000   0.000000
 0.914230   0.000000   0.000000
 0.916179   0.000000   0.000000
 0.918129   0.000000   0.000000
 0.920078   0.000000   0.000000
 0.922027   0.000000   0.000000
 0.923977   0.000000   0.000000
 0.925926   0.000000   0.000000
 0.927875   0.000000   0.000000
 0.929825   0.000000   0.000000
 0.931774   0.000000   0.000000
 0.933723   0.000000   0.000000
 0.935673   0.000000   0.000000
 0.937622   0.000000   0.000000
 0.939571   0.000000   0.000000
 0.941520   0.000000   0.000000
 0.943470   0.000000   0.000000
 0.945419   0.000000   0.000000
 0.947368   0.000000   0.000000
 0.949318   0.000000   0.000000
 0.951267   0.000000   0.000000
 0.953216   0.000000   0.000000
 0.955166   0.000000   0.000000
 0.957115   0.000000   0.000000
 0.959064   0.000000   0.000000
 0.961014   0.000000   0.000000
 0.962963   0.000000   0.000000
 0.964912   0.000000   0.000000
 0.966862   0.000000   0.000000
 0.968811   0.000000   0.000000
 0.970760   0.000000   0.000000
 0.972710   0.000000   0.000000
 0.974659   0.000000   0.000000
 0.976608   0.000000   0.000000
 0.978557   0.000000   0.000000
 0.980507   0.000000   0.000000
 0.982456   0.000000   0.000000
 0.984406   0.000000   0.000000
 0.986355   0.000000   0.000000
 0.988304   0.000000   0.000000
 0.990253   0.000000   0.000000
 0.992203   0.000000   0.000000
 0.994152   0.000000   0.000000
 0.996101   0.000000   0.000000
 0.998051   0.000000   0.000000
 1.000000   0.000000   0.000000
514 psinorm pb(KPa) dpb/dpsiN
 0.000000   0.000000   0.000000
 0.001949   0.000000   0.000000
 0.003899   0.000000   0.000000
 0.005848   0.000000   0.000000
 0.007797   0.000000   0.000000
 0.009747   0.000000   0.000000
 0.011696   0.000000   0.000000
 0.013645   0.000000   0.000000
 0.015595   0.000000   0.000000
 0.017544   0.000000   0.000000
 0.019493   0.000000   0.000000
 0.021442   0.000000   0.000000
 0.023392   0.000000   0.000000
 0.025341   0.000000   0.000000
 0.027290   0.000000   0.000000
 0.029240   0.000000   0.000000
 0.031189   0.000000   0.000000
 0.033138   0.000000   0.000000
 0.035088   0.000000   0.000000
 0.037037   0.000000   0.000000
 0.038986   0.000000   0.000000
 0.040936   0.000000   0.000000
 0.042885   0.000000   0.000000
 0.044834   0.000000   0.000000
 0.046784   0.000000   0.000000
 0.048733   0.000000   0.000000
 0.050682   0.000000   0.000000
 0.052632   0.000000   0.000000
 0.054581   0.000000   0.000000
 0.056530   0.000000   0.000000
 0.058480   0.000000   0.000000
 0.060429   0.000000   0.000000
 0.062378   0.000000   0.000000
 0.064327   0.000000   0.000000
 0.066277   0.000000   0.000000
 0.068226   0.000000   0.000000
 0.070175   0.000000   0.000000
 0.072125   0.000000   0.000000
 0.074074   0.000000   0.000000
 0.076023   0.000000   0.000000
 0.077973   0.000000   0.000000
 0.079922   0.000000   0.000000
 0.081871   0.000000   0.000000
 0.083821   0.000000   0.000000
 0.085770   0.000000   0.000000
 0.087719   0.000000   0.000000
 0.089669   0.000000   0.000000
 0.091618   0.000000   0.000000
 0.093567   0.000000   0.000000
 0.095517   0.000000   0.000000
 0.097466   0.000000   0.000000
 0.099415   0.000000   0.000000
 0.101364   0.000000   0.000000
 0.103314   0.000000   0.000000
 0.105263   0.000000   0.000000
 0.107213   0.000000   0.000000
 0.109162   0.000000   0.000000
 0.111111   0.000000   0.000000
 0.113060   0.000000   0.000000
 0.115010   0.000000   0.000000
 0.116959   0.000000   0.000000
 0.118908   0.000000   0.000000
 0.120858   0.000000   0.000000
 0.122807   0.000000   0.000000
 0.124756   0.000000   0.000000
 0.126706   0.000000   0.000000
 0.128655   0.000000   0.000000
 0.130604   0.000000   0.000000
 0.132554   0.000000   0.000000
 0.134503   0.000000   0.000000
 0.136452   0.000000   0.000000
 0.138402   0.000000   0.000000
 0.140351   0.000000   0.000000
 0.142300   0.000000   0.000000
 0.144250   0.000000   0.000000
 0.146199   0.000000   0.000000
 0.148148   0.000000   0.000000
 0.150097   0.000000   0.000000
 0.152047   0.000000   0.000000
 0.153996   0.000000   0.000000
 0.155945   0.000000   0.000000
 0.157895   0.000000   0.000000
 0.159844   0.000000   0.000000
 0.161793   0.000000   0.000000
 0.163743   0.000000   0.000000
 0.165692   0.000000   0.000000
 0.167641   0.000000   0.000000
 0.169591   0.000000   0.000000
 0.171540   0.000000   0.000000
 0.173489   0.000000   0.000000
 0.175439   0.000000   0.000000
 0.177388   0.000000   0.000000
 0.179337   0.000000   0.000000
 0.181286   0.000000   0.000000
 0.183236   0.000000   0.000000
 0.185185   0.000000   0.000000
 0.187135   0.000000   0.000000
 0.189084   0.000000   0.000000
 0.191033   0.000000   0.000000
 0.192983   0.000000   0.000000
 0.194932   0.000000   0.000000
 0.196881   0.000000   0.000000
 0.198830   0.000000   0.000000
 0.200780   0.000000   0.000000
 0.202729   0.000000   0.000000
 0.204678   0.000000   0.000000
 0.206628   0.000000   0.000000
 0.208577   0.000000   0.000000
 0.210526   0.000000   0.000000
 0.212476   0.000000   0.000000
 0.214425   0.000000   0.000000
 0.216374   0.000000   0.000000
 0.218324   0.000000   0.000000
 0.220273   0.000000   0.000000
 0.222222   0.000000   0.000000
 0.224171   0.000000   0.000000
 0.226121   0.000000   0.000000
 0.228070   0.000000   0.000000
 0.230019   0.000000   0.000000
 0.231969   0.000000   0.000000
 0.233918   0.000000   0.000000
 0.235867   0.000000   0.000000
 0.237817   0.000000   0.000000
 0.239766   0.000000   0.000000
 0.241715   0.000000   0.000000
 0.243665   0.000000   0.000000
 0.245614   0.000000   0.000000
 0.247563   0.000000   0.000000
 0.249513   0.000000   0.000000
 0.251462   0.000000   0.000000
 0.253411   0.000000   0.000000
 0.255361   0.000000   0.000000
 0.257310   0.000000   0.000000
 0.259259   0.000000   0.000000
 0.261209   0.000000   0.000000
 0.263158   0.000000   0.000000
 0.265107   0.000000   0.000000
 0.267056   0.000000   0.000000
 0.269006   0.000000   0.000000
 0.270955   0.000000   0.000000
 0.272904   0.000000   0.000000
 0.274854   0.000000   0.000000
 0.276803   0.000000   0.000000
 0.278752   0.000000   0.000000
 0.280702   0.000000   0.000000
 0.282651   0.000000   0.000000
 0.284600   0.000000   0.000000
 0.286550   0.000000   0.000000
 0.288499   0.000000   0.000000
 0.290448   0.000000   0.000000
 0.292398   0.000000   0.000000
 0.294347   0.000000   0.000000
 0.296296   0.000000   0.000000
 0.298246   0.000000   0.000000
 0.300195   0.000000   0.000000
 0.302144   0.000000   0.000000
 0.304094   0.000000   0.000000
 0.306043   0.000000   0.000000
 0.307992   0.000000   0.000000
 0.309941   0.000000   0.000000
 0.311891   0.000000   0.000000
 0.313840   0.000000   0.000000
 0.315790   0.000000   0.000000
 0.317739   0.000000   0.000000
 0.319688   0.000000   0.000000
 0.321637   0.000000   0.000000
 0.323587   0.000000   0.000000
 0.325536   0.000000   0.000000
 0.327485   0.000000   0.000000
 0.329435   0.000000   0.000000
 0.331384   0.000000   0.000000
 0.333333   0.000000   0.000000
 0.335283   0.000000   0.000000
 0.337232   0.000000   0.000000
 0.339181   0.000000   0.000000
 0.341131   0.000000   0.000000
 0.343080   0.000000   0.000000
 0.345029   0.000000   0.000000
 0.346979   0.000000   0.000000
 0.348928   0.000000   0.000000
 0.350877   0.000000   0.000000
 0.352826   0.000000   0.000000
 0.354776   0.000000   0.000000
 0.356725   0.000000   0.000000
 0.358675   0.000000   0.000000
 0.360624   0.000000   0.000000
 0.362573   0.000000   0.000000
 0.364522   0.000000   0.000000
 0.366472   0.000000   0.000000
 0.368421   0.000000   0.000000
 0.370370   0.000000   0.000000
 0.372320   0.000000   0.000000
 0.374269   0.000000   0.000000
 0.376218   0.000000   0.000000
 0.378168   0.000000   0.000000
 0.380117   0.000000   0.000000
 0.382066   0.000000   0.000000
 0.384016   0.000000   0.000000
 0.385965   0.000000   0.000000
 0.387914   0.000000   0.000000
 0.389863   0.000000   0.000000
 0.391813   0.000000   0.000000
 0.393762   0.000000   0.000000
 0.395711   0.000000   0.000000
 0.397661   0.000000   0.000000
 0.399610   0.000000   0.000000
 0.401560   0.000000   0.000000
 0.403509   0.000000   0.000000
 0.405458   0.000000   0.000000
 0.407407   0.000000   0.000000
 0.409357   0.000000   0.000000
 0.411306   0.000000   0.000000
 0.413255   0.000000   0.000000
 0.415205   0.000000   0.000000
 0.417154   0.000000   0.000000
 0.419103   0.000000   0.000000
 0.421053   0.000000   0.000000
 0.423002   0.000000   0.000000
 0.424951   0.000000   0.000000
 0.426901   0.000000   0.000000
 0.428850   0.000000   0.000000
 0.430799   0.000000   0.000000
 0.432748   0.000000   0.000000
 0.434698   0.000000   0.000000
 0.436647   0.000000   0.000000
 0.438597   0.000000   0.000000
 0.440546   0.000000   0.000000
 0.442495   0.000000   0.000000
 0.444444   0.000000   0.000000
 0.446394   0.000000   0.000000
 0.448343   0.000000   0.000000
 0.450292   0.000000   0.000000
 0.452242   0.000000   0.000000
 0.454191   0.000000   0.000000
 0.456140   0.000000   0.000000
 0.458090   0.000000   0.000000
 0.460039   0.000000   0.000000
 0.461988   0.000000   0.000000
 0.463938   0.000000   0.000000
 0.465887   0.000000   0.000000
 0.467836   0.000000   0.000000
 0.469786   0.000000   0.000000
 0.471735   0.000000   0.000000
 0.473684   0.000000   0.000000
 0.475633   0.000000   0.000000
 0.477583   0.000000   0.000000
 0.479532   0.000000   0.000000
 0.481482   0.000000   0.000000
 0.483431   0.000000   0.000000
 0.485380   0.000000   0.000000
 0.487329   0.000000   0.000000
 0.489279   0.000000   0.000000
 0.491228   0.000000   0.000000
 0.493177   0.000000   0.000000
 0.495127   0.000000   0.000000
 0.497076   0.000000   0.000000
 0.499025   0.000000   0.000000
 0.500975   0.000000   0.000000
 0.502924   0.000000   0.000000
 0.504873   0.000000   0.000000
 0.506823   0.000000   0.000000
 0.508772   0.000000   0.000000
 0.510721   0.000000   0.000000
 0.512671   0.000000   0.000000
 0.514620   0.000000   0.000000
 0.516569   0.000000   0.000000
 0.518518   0.000000   0.000000
 0.520468   0.000000   0.000000
 0.522417   0.000000   0.000000
 0.524366   0.000000   0.000000
 0.526316   0.000000   0.000000
 0.528265   0.000000   0.000000
 0.530214   0.000000   0.000000
 0.532164   0.000000   0.000000
 0.534113   0.000000   0.000000
 0.536062   0.000000   0.000000
 0.538012   0.000000   0.000000
 0.539961   0.000000   0.000000
 0.541910   0.000000   0.000000
 0.543860   0.000000   0.000000
 0.545809   0.000000   0.000000
 0.547758   0.000000   0.000000
 0.549708   0.000000   0.000000
 0.551657   0.000000   0.000000
 0.553606   0.000000   0.000000
 0.555556   0.000000   0.000000
 0.557505   0.000000   0.000000
 0.559454   0.000000   0.000000
 0.561404   0.000000   0.000000
 0.563353   0.000000   0.000000
 0.565302   0.000000   0.000000
 0.567252   0.000000   0.000000
 0.569201   0.000000   0.000000
 0.571150   0.000000   0.000000
 0.573099   0.000000   0.000000
 0.575049   0.000000   0.000000
 0.576998   0.000000   0.000000
 0.578947   0.000000   0.000000
 0.580897   0.000000   0.000000
 0.582846   0.000000   0.000000
 0.584795   0.000000   0.000000
 0.586745   0.000000   0.000000
 0.588694   0.000000   0.000000
 0.590643   0.000000   0.000000
 0.592593   0.000000   0.000000
 0.594542   0.000000   0.000000
 0.596491   0.000000   0.000000
 0.598441   0.000000   0.000000
 0.600390   0.000000   0.000000
 0.602339   0.000000   0.000000
 0.604289   0.000000   0.000000
 0.606238   0.000000   0.000000
 0.608187   0.000000   0.000000
 0.610136   0.000000   0.000000
 0.612086   0.000000   0.000000
 0.614035   0.000000   0.000000
 0.615984   0.000000   0.000000
 0.617934   0.000000   0.000000
 0.619883   0.000000   0.000000
 0.621832   0.000000   0.000000
 0.623782   0.000000   0.000000
 0.625731   0.000000   0.000000
 0.627680   0.000000   0.000000
 0.629630   0.000000   0.000000
 0.631579   0.000000   0.000000
 0.633528   0.000000   0.000000
 0.635478   0.000000   0.000000
 0.637427   0.000000   0.000000
 0.639376   0.000000   0.000000
 0.641325   0.000000   0.000000
 0.643275   0.000000   0.000000
 0.645224   0.000000   0.000000
 0.647173   0.000000   0.000000
 0.649123   0.000000   0.000000
 0.651072   0.000000   0.000000
 0.653021   0.000000   0.000000
 0.654971   0.000000   0.000000
 0.656920   0.000000   0.000000
 0.658869   0.000000   0.000000
 0.660819   0.000000   0.000000
 0.662768   0.000000   0.000000
 0.664717   0.000000   0.000000
 0.666667   0.000000   0.000000
 0.668616   0.000000   0.000000
 0.670565   0.000000   0.000000
 0.672515   0.000000   0.000000
 0.674464   0.000000   0.000000
 0.676413   0.000000   0.000000
 0.678363   0.000000   0.000000
 0.680312   0.000000   0.000000
 0.682261   0.000000   0.000000
 0.684211   0.000000   0.000000
 0.686160   0.000000   0.000000
 0.688109   0.000000   0.000000
 0.690059   0.000000   0.000000
 0.692008   0.000000   0.000000
 0.693957   0.000000   0.000000
 0.695906   0.000000   0.000000
 0.697856   0.000000   0.000000
 0.699805   0.000000   0.000000
 0.701754   0.000000   0.000000
 0.703704   0.000000   0.000000
 0.705653   0.000000   0.000000
 0.707602   0.000000   0.000000
 0.709552   0.000000   0.000000
 0.711501   0.000000   0.000000
 0.713450   0.000000   0.000000
 0.715400   0.000000   0.000000
 0.717349   0.000000   0.000000
 0.719298   0.000000   0.000000
 0.721248   0.000000   0.000000
 0.723197   0.000000   0.000000
 0.725146   0.000000   0.000000
 0.727096   0.000000   0.000000
 0.729045   0.000000   0.000000
 0.730994   0.000000   0.000000
 0.732943   0.000000   0.000000
 0.734893   0.000000   0.000000
 0.736842   0.000000   0.000000
 0.738791   0.000000   0.000000
 0.740741   0.000000   0.000000
 0.742690   0.000000   0.000000
 0.744639   0.000000   0.000000
 0.746589   0.000000   0.000000
 0.748538   0.000000   0.000000
 0.750487   0.000000   0.000000
 0.752437   0.000000   0.000000
 0.754386   0.000000   0.000000
 0.756335   0.000000   0.000000
 0.758285   0.000000   0.000000
 0.760234   0.000000   0.000000
 0.762183   0.000000   0.000000
 0.764133   0.000000   0.000000
 0.766082   0.000000   0.000000
 0.768031   0.000000   0.000000
 0.769980   0.000000   0.000000
 0.771930   0.000000   0.000000
 0.773879   0.000000   0.000000
 0.775829   0.000000   0.000000
 0.777778   0.000000   0.000000
 0.779727   0.000000   0.000000
 0.781676   0.000000   0.000000
 0.783626   0.000000   0.000000
 0.785575   0.000000   0.000000
 0.787524   0.000000   0.000000
 0.789474   0.000000   0.000000
 0.791423   0.000000   0.000000
 0.793372   0.000000   0.000000
 0.795322   0.000000   0.000000
 0.797271   0.000000   0.000000
 0.799220   0.000000   0.000000
 0.801170   0.000000   0.000000
 0.803119   0.000000   0.000000
 0.805068   0.000000   0.000000
 0.807018   0.000000   0.000000
 0.808967   0.000000   0.000000
 0.810916   0.000000   0.000000
 0.812866   0.000000   0.000000
 0.814815   0.000000   0.000000
 0.816764   0.000000   0.000000
 0.818713   0.000000   0.000000
 0.820663   0.000000   0.000000
 0.822612   0.000000   0.000000
 0.824561   0.000000   0.000000
 0.826511   0.000000   0.000000
 0.828460   0.000000   0.000000
 0.830409   0.000000   0.000000
 0.832359   0.000000   0.000000
 0.834308   0.000000   0.000000
 0.836257   0.000000   0.000000
 0.838207   0.000000   0.000000
 0.840156   0.000000   0.000000
 0.842105   0.000000   0.000000
 0.844055   0.000000   0.000000
 0.846004   0.000000   0.000000
 0.847953   0.000000   0.000000
 0.849903   0.000000   0.000000
 0.851852   0.000000   0.000000
 0.853801   0.000000   0.000000
 0.855750   0.000000   0.000000
 0.857700   0.000000   0.000000
 0.859649   0.000000   0.000000
 0.861598   0.000000   0.000000
 0.863548   0.000000   0.000000
 0.865497   0.000000   0.000000
 0.867446   0.000000   0.000000
 0.869396   0.000000   0.000000
 0.871345   0.000000   0.000000
 0.873294   0.000000   0.000000
 0.875244   0.000000   0.000000
 0.877193   0.000000   0.000000
 0.879142   0.000000   0.000000
 0.881092   0.000000   0.000000
 0.883041   0.000000   0.000000
 0.884990   0.000000   0.000000
 0.886940   0.000000   0.000000
 0.888889   0.000000   0.000000
 0.890838   0.000000   0.000000
 0.892787   0.000000   0.000000
 0.894737   0.000000   0.000000
 0.896686   0.000000   0.000000
 0.898636   0.000000   0.000000
 0.900585   0.000000   0.000000
 0.902534   0.000000   0.000000
 0.904483   0.000000   0.000000
 0.906433   0.000000   0.000000
 0.908382   0.000000   0.000000
 0.910331   0.000000   0.000000
 0.912281   0.000000   0.000000
 0.914230   0.000000   0.000000
 0.916179   0.000000   0.000000
 0.918129   0.000000   0.000000
 0.920078   0.000000   0.000000
 0.922027   0.000000   0.000000
 0.923977   0.000000   0.000000
 0.925926   0.000000   0.000000
 0.927875   0.000000   0.000000
 0.929825   0.000000   0.000000
 0.931774   0.000000   0.000000
 0.933723   0.000000   0.000000
 0.935673   0.000000   0.000000
 0.937622   0.000000   0.000000
 0.939571   0.000000   0.000000
 0.941520   0.000000   0.000000
 0.943470   0.000000   0.000000
 0.945419   0.000000   0.000000
 0.947368   0.000000   0.000000
 0.949318   0.000000   0.000000
 0.951267   0.000000   0.000000
 0.953216   0.000000   0.000000
 0.955166   0.000000   0.000000
 0.957115   0.000000   0.000000
 0.959064   0.000000   0.000000
 0.961014   0.000000   0.000000
 0.962963   0.000000   0.000000
 0.964912   0.000000   0.000000
 0.966862   0.000000   0.000000
 0.968811   0.000000   0.000000
 0.970760   0.000000   0.000000
 0.972710   0.000000   0.000000
 0.974659   0.000000   0.000000
 0.976608   0.000000   0.000000
 0.978557   0.000000   0.000000
 0.980507   0.000000   0.000000
 0.982456   0.000000   0.000000
 0.984406   0.000000   0.000000
 0.986355   0.000000   0.000000
 0.988304   0.000000   0.000000
 0.990253   0.000000   0.000000
 0.992203   0.000000   0.000000
 0.994152   0.000000   0.000000
 0.996101   0.000000   0.000000
 0.998051   0.000000   0.000000
 1.000000   0.000000   0.000000
514 psinorm vtor1(km/s) dvtor1/dpsiN
 0.000000   0.000000   0.000000
 0.001949   0.000000   0.000000
 0.003899   0.000000   0.000000
 0.005848   0.000000   0.000000
 0.007797   0.000000   0.000000
 0.009747   0.000000   0.000000
 0.011696   0.000000   0.000000
 0.013645   0.000000   0.000000
 0.015595   0.000000   0.000000
 0.017544   0.000000   0.000000
 0.019493   0.000000   0.000000
 0.021442   0.000000   0.000000
 0.023392   0.000000   0.000000
 0.025341   0.000000   0.000000
 0.027290   0.000000   0.000000
 0.029240   0.000000   0.000000
 0.031189   0.000000   0.000000
 0.033138   0.000000   0.000000
 0.035088   0.000000   0.000000
 0.037037   0.000000   0.000000
 0.038986   0.000000   0.000000
 0.040936   0.000000   0.000000
 0.042885   0.000000   0.000000
 0.044834   0.000000   0.000000
 0.046784   0.000000   0.000000
 0.048733   0.000000   0.000000
 0.050682   0.000000   0.000000
 0.052632   0.000000   0.000000
 0.054581   0.000000   0.000000
 0.056530   0.000000   0.000000
 0.058480   0.000000   0.000000
 0.060429   0.000000   0.000000
 0.062378   0.000000   0.000000
 0.064327   0.000000   0.000000
 0.066277   0.000000   0.000000
 0.068226   0.000000   0.000000
 0.070175   0.000000   0.000000
 0.072125   0.000000   0.000000
 0.074074   0.000000   0.000000
 0.076023   0.000000   0.000000
 0.077973   0.000000   0.000000
 0.079922   0.000000   0.000000
 0.081871   0.000000   0.000000
 0.083821   0.000000   0.000000
 0.085770   0.000000   0.000000
 0.087719   0.000000   0.000000
 0.089669   0.000000   0.000000
 0.091618   0.000000   0.000000
 0.093567   0.000000   0.000000
 0.095517   0.000000   0.000000
 0.097466   0.000000   0.000000
 0.099415   0.000000   0.000000
 0.101364   0.000000   0.000000
 0.103314   0.000000   0.000000
 0.105263   0.000000   0.000000
 0.107213   0.000000   0.000000
 0.109162   0.000000   0.000000
 0.111111   0.000000   0.000000
 0.113060   0.000000   0.000000
 0.115010   0.000000   0.000000
 0.116959   0.000000   0.000000
 0.118908   0.000000   0.000000
 0.120858   0.000000   0.000000
 0.122807   0.000000   0.000000
 0.124756   0.000000   0.000000
 0.126706   0.000000   0.000000
 0.128655   0.000000   0.000000
 0.130604   0.000000   0.000000
 0.132554   0.000000   0.000000
 0.134503   0.000000   0.000000
 0.136452   0.000000   0.000000
 0.138402   0.000000   0.000000
 0.140351   0.000000   0.000000
 0.142300   0.000000   0.000000
 0.144250   0.000000   0.000000
 0.146199   0.000000   0.000000
 0.148148   0.000000   0.000000
 0.150097   0.000000   0.000000
 0.152047   0.000000   0.000000
 0.153996   0.000000   0.000000
 0.155945   0.000000   0.000000
 0.157895   0.000000   0.000000
 0.159844   0.000000   0.000000
 0.161793   0.000000   0.000000
 0.163743   0.000000   0.000000
 0.165692   0.000000   0.000000
 0.167641   0.000000   0.000000
 0.169591   0.000000   0.000000
 0.171540   0.000000   0.000000
 0.173489   0.000000   0.000000
 0.175439   0.000000   0.000000
 0.177388   0.000000   0.000000
 0.179337   0.000000   0.000000
 0.181286   0.000000   0.000000
 0.183236   0.000000   0.000000
 0.185185   0.000000   0.000000
 0.187135   0.000000   0.000000
 0.189084   0.000000   0.000000
 0.191033   0.000000   0.000000
 0.192983   0.000000   0.000000
 0.194932   0.000000   0.000000
 0.196881   0.000000   0.000000
 0.198830   0.000000   0.000000
 0.200780   0.000000   0.000000
 0.202729   0.000000   0.000000
 0.204678   0.000000   0.000000
 0.206628   0.000000   0.000000
 0.208577   0.000000   0.000000
 0.210526   0.000000   0.000000
 0.212476   0.000000   0.000000
 0.214425   0.000000   0.000000
 0.216374   0.000000   0.000000
 0.218324   0.000000   0.000000
 0.220273   0.000000   0.000000
 0.222222   0.000000   0.000000
 0.224171   0.000000   0.000000
 0.226121   0.000000   0.000000
 0.228070   0.000000   0.000000
 0.230019   0.000000   0.000000
 0.231969   0.000000   0.000000
 0.233918   0.000000   0.000000
 0.235867   0.000000   0.000000
 0.237817   0.000000   0.000000
 0.239766   0.000000   0.000000
 0.241715   0.000000   0.000000
 0.243665   0.000000   0.000000
 0.245614   0.000000   0.000000
 0.247563   0.000000   0.000000
 0.249513   0.000000   0.000000
 0.251462   0.000000   0.000000
 0.253411   0.000000   0.000000
 0.255361   0.000000   0.000000
 0.257310   0.000000   0.000000
 0.259259   0.000000   0.000000
 0.261209   0.000000   0.000000
 0.263158   0.000000   0.000000
 0.265107   0.000000   0.000000
 0.267056   0.000000   0.000000
 0.269006   0.000000   0.000000
 0.270955   0.000000   0.000000
 0.272904   0.000000   0.000000
 0.274854   0.000000   0.000000
 0.276803   0.000000   0.000000
 0.278752   0.000000   0.000000
 0.280702   0.000000   0.000000
 0.282651   0.000000   0.000000
 0.284600   0.000000   0.000000
 0.286550   0.000000   0.000000
 0.288499   0.000000   0.000000
 0.290448   0.000000   0.000000
 0.292398   0.000000   0.000000
 0.294347   0.000000   0.000000
 0.296296   0.000000   0.000000
 0.298246   0.000000   0.000000
 0.300195   0.000000   0.000000
 0.302144   0.000000   0.000000
 0.304094   0.000000   0.000000
 0.306043   0.000000   0.000000
 0.307992   0.000000   0.000000
 0.309941   0.000000   0.000000
 0.311891   0.000000   0.000000
 0.313840   0.000000   0.000000
 0.315790   0.000000   0.000000
 0.317739   0.000000   0.000000
 0.319688   0.000000   0.000000
 0.321637   0.000000   0.000000
 0.323587   0.000000   0.000000
 0.325536   0.000000   0.000000
 0.327485   0.000000   0.000000
 0.329435   0.000000   0.000000
 0.331384   0.000000   0.000000
 0.333333   0.000000   0.000000
 0.335283   0.000000   0.000000
 0.337232   0.000000   0.000000
 0.339181   0.000000   0.000000
 0.341131   0.000000   0.000000
 0.343080   0.000000   0.000000
 0.345029   0.000000   0.000000
 0.346979   0.000000   0.000000
 0.348928   0.000000   0.000000
 0.350877   0.000000   0.000000
 0.352826   0.000000   0.000000
 0.354776   0.000000   0.000000
 0.356725   0.000000   0.000000
 0.358675   0.000000   0.000000
 0.360624   0.000000   0.000000
 0.362573   0.000000   0.000000
 0.364522   0.000000   0.000000
 0.366472   0.000000   0.000000
 0.368421   0.000000   0.000000
 0.370370   0.000000   0.000000
 0.372320   0.000000   0.000000
 0.374269   0.000000   0.000000
 0.376218   0.000000   0.000000
 0.378168   0.000000   0.000000
 0.380117   0.000000   0.000000
 0.382066   0.000000   0.000000
 0.384016   0.000000   0.000000
 0.385965   0.000000   0.000000
 0.387914   0.000000   0.000000
 0.389863   0.000000   0.000000
 0.391813   0.000000   0.000000
 0.393762   0.000000   0.000000
 0.395711   0.000000   0.000000
 0.397661   0.000000   0.000000
 0.399610   0.000000   0.000000
 0.401560   0.000000   0.000000
 0.403509   0.000000   0.000000
 0.405458   0.000000   0.000000
 0.407407   0.000000   0.000000
 0.409357   0.000000   0.000000
 0.411306   0.000000   0.000000
 0.413255   0.000000   0.000000
 0.415205   0.000000   0.000000
 0.417154   0.000000   0.000000
 0.419103   0.000000   0.000000
 0.421053   0.000000   0.000000
 0.423002   0.000000   0.000000
 0.424951   0.000000   0.000000
 0.426901   0.000000   0.000000
 0.428850   0.000000   0.000000
 0.430799   0.000000   0.000000
 0.432748   0.000000   0.000000
 0.434698   0.000000   0.000000
 0.436647   0.000000   0.000000
 0.438597   0.000000   0.000000
 0.440546   0.000000   0.000000
 0.442495   0.000000   0.000000
 0.444444   0.000000   0.000000
 0.446394   0.000000   0.000000
 0.448343   0.000000   0.000000
 0.450292   0.000000   0.000000
 0.452242   0.000000   0.000000
 0.454191   0.000000   0.000000
 0.456140   0.000000   0.000000
 0.458090   0.000000   0.000000
 0.460039   0.000000   0.000000
 0.461988   0.000000   0.000000
 0.463938   0.000000   0.000000
 0.465887   0.000000   0.000000
 0.467836   0.000000   0.000000
 0.469786   0.000000   0.000000
 0.471735   0.000000   0.000000
 0.473684   0.000000   0.000000
 0.475633   0.000000   0.000000
 0.477583   0.000000   0.000000
 0.479532   0.000000   0.000000
 0.481482   0.000000   0.000000
 0.483431   0.000000   0.000000
 0.485380   0.000000   0.000000
 0.487329   0.000000   0.000000
 0.489279   0.000000   0.000000
 0.491228   0.000000   0.000000
 0.493177   0.000000   0.000000
 0.495127   0.000000   0.000000
 0.497076   0.000000   0.000000
 0.499025   0.000000   0.000000
 0.500975   0.000000   0.000000
 0.502924   0.000000   0.000000
 0.504873   0.000000   0.000000
 0.506823   0.000000   0.000000
 0.508772   0.000000   0.000000
 0.510721   0.000000   0.000000
 0.512671   0.000000   0.000000
 0.514620   0.000000   0.000000
 0.516569   0.000000   0.000000
 0.518518   0.000000   0.000000
 0.520468   0.000000   0.000000
 0.522417   0.000000   0.000000
 0.524366   0.000000   0.000000
 0.526316   0.000000   0.000000
 0.528265   0.000000   0.000000
 0.530214   0.000000   0.000000
 0.532164   0.000000   0.000000
 0.534113   0.000000   0.000000
 0.536062   0.000000   0.000000
 0.538012   0.000000   0.000000
 0.539961   0.000000   0.000000
 0.541910   0.000000   0.000000
 0.543860   0.000000   0.000000
 0.545809   0.000000   0.000000
 0.547758   0.000000   0.000000
 0.549708   0.000000   0.000000
 0.551657   0.000000   0.000000
 0.553606   0.000000   0.000000
 0.555556   0.000000   0.000000
 0.557505   0.000000   0.000000
 0.559454   0.000000   0.000000
 0.561404   0.000000   0.000000
 0.563353   0.000000   0.000000
 0.565302   0.000000   0.000000
 0.567252   0.000000   0.000000
 0.569201   0.000000   0.000000
 0.571150   0.000000   0.000000
 0.573099   0.000000   0.000000
 0.575049   0.000000   0.000000
 0.576998   0.000000   0.000000
 0.578947   0.000000   0.000000
 0.580897   0.000000   0.000000
 0.582846   0.000000   0.000000
 0.584795   0.000000   0.000000
 0.586745   0.000000   0.000000
 0.588694   0.000000   0.000000
 0.590643   0.000000   0.000000
 0.592593   0.000000   0.000000
 0.594542   0.000000   0.000000
 0.596491   0.000000   0.000000
 0.598441   0.000000   0.000000
 0.600390   0.000000   0.000000
 0.602339   0.000000   0.000000
 0.604289   0.000000   0.000000
 0.606238   0.000000   0.000000
 0.608187   0.000000   0.000000
 0.610136   0.000000   0.000000
 0.612086   0.000000   0.000000
 0.614035   0.000000   0.000000
 0.615984   0.000000   0.000000
 0.617934   0.000000   0.000000
 0.619883   0.000000   0.000000
 0.621832   0.000000   0.000000
 0.623782   0.000000   0.000000
 0.625731   0.000000   0.000000
 0.627680   0.000000   0.000000
 0.629630   0.000000   0.000000
 0.631579   0.000000   0.000000
 0.633528   0.000000   0.000000
 0.635478   0.000000   0.000000
 0.637427   0.000000   0.000000
 0.639376   0.000000   0.000000
 0.641325   0.000000   0.000000
 0.643275   0.000000   0.000000
 0.645224   0.000000   0.000000
 0.647173   0.000000   0.000000
 0.649123   0.000000   0.000000
 0.651072   0.000000   0.000000
 0.653021   0.000000   0.000000
 0.654971   0.000000   0.000000
 0.656920   0.000000   0.000000
 0.658869   0.000000   0.000000
 0.660819   0.000000   0.000000
 0.662768   0.000000   0.000000
 0.664717   0.000000   0.000000
 0.666667   0.000000   0.000000
 0.668616   0.000000   0.000000
 0.670565   0.000000   0.000000
 0.672515   0.000000   0.000000
 0.674464   0.000000   0.000000
 0.676413   0.000000   0.000000
 0.678363   0.000000   0.000000
 0.680312   0.000000   0.000000
 0.682261   0.000000   0.000000
 0.684211   0.000000   0.000000
 0.686160   0.000000   0.000000
 0.688109   0.000000   0.000000
 0.690059   0.000000   0.000000
 0.692008   0.000000   0.000000
 0.693957   0.000000   0.000000
 0.695906   0.000000   0.000000
 0.697856   0.000000   0.000000
 0.699805   0.000000   0.000000
 0.701754   0.000000   0.000000
 0.703704   0.000000   0.000000
 0.705653   0.000000   0.000000
 0.707602   0.000000   0.000000
 0.709552   0.000000   0.000000
 0.711501   0.000000   0.000000
 0.713450   0.000000   0.000000
 0.715400   0.000000   0.000000
 0.717349   0.000000   0.000000
 0.719298   0.000000   0.000000
 0.721248   0.000000   0.000000
 0.723197   0.000000   0.000000
 0.725146   0.000000   0.000000
 0.727096   0.000000   0.000000
 0.729045   0.000000   0.000000
 0.730994   0.000000   0.000000
 0.732943   0.000000   0.000000
 0.734893   0.000000   0.000000
 0.736842   0.000000   0.000000
 0.738791   0.000000   0.000000
 0.740741   0.000000   0.000000
 0.742690   0.000000   0.000000
 0.744639   0.000000   0.000000
 0.746589   0.000000   0.000000
 0.748538   0.000000   0.000000
 0.750487   0.000000   0.000000
 0.752437   0.000000   0.000000
 0.754386   0.000000   0.000000
 0.756335   0.000000   0.000000
 0.758285   0.000000   0.000000
 0.760234   0.000000   0.000000
 0.762183   0.000000   0.000000
 0.764133   0.000000   0.000000
 0.766082   0.000000   0.000000
 0.768031   0.000000   0.000000
 0.769980   0.000000   0.000000
 0.771930   0.000000   0.000000
 0.773879   0.000000   0.000000
 0.775829   0.000000   0.000000
 0.777778   0.000000   0.000000
 0.779727   0.000000   0.000000
 0.781676   0.000000   0.000000
 0.783626   0.000000   0.000000
 0.785575   0.000000   0.000000
 0.787524   0.000000   0.000000
 0.789474   0.000000   0.000000
 0.791423   0.000000   0.000000
 0.793372   0.000000   0.000000
 0.795322   0.000000   0.000000
 0.797271   0.000000   0.000000
 0.799220   0.000000   0.000000
 0.801170   0.000000   0.000000
 0.803119   0.000000   0.000000
 0.805068   0.000000   0.000000
 0.807018   0.000000   0.000000
 0.808967   0.000000   0.000000
 0.810916   0.000000   0.000000
 0.812866   0.000000   0.000000
 0.814815   0.000000   0.000000
 0.816764   0.000000   0.000000
 0.818713   0.000000   0.000000
 0.820663   0.000000   0.000000
 0.822612   0.000000   0.000000
 0.824561   0.000000   0.000000
 0.826511   0.000000   0.000000
 0.828460   0.000000   0.000000
 0.830409   0.000000   0.000000
 0.832359   0.000000   0.000000
 0.834308   0.000000   0.000000
 0.836257   0.000000   0.000000
 0.838207   0.000000   0.000000
 0.840156   0.000000   0.000000
 0.842105   0.000000   0.000000
 0.844055   0.000000   0.000000
 0.846004   0.000000   0.000000
 0.847953   0.000000   0.000000
 0.849903   0.000000   0.000000
 0.851852   0.000000   0.000000
 0.853801   0.000000   0.000000
 0.855750   0.000000   0.000000
 0.857700   0.000000   0.000000
 0.859649   0.000000   0.000000
 0.861598   0.000000   0.000000
 0.863548   0.000000   0.000000
 0.865497   0.000000   0.000000
 0.867446   0.000000   0.000000
 0.869396   0.000000   0.000000
 0.871345   0.000000   0.000000
 0.873294   0.000000   0.000000
 0.875244   0.000000   0.000000
 0.877193   0.000000   0.000000
 0.879142   0.000000   0.000000
 0.881092   0.000000   0.000000
 0.883041   0.000000   0.000000
 0.884990   0.000000   0.000000
 0.886940   0.000000   0.000000
 0.888889   0.000000   0.000000
 0.890838   0.000000   0.000000
 0.892787   0.000000   0.000000
 0.894737   0.000000   0.000000
 0.896686   0.000000   0.000000
 0.898636   0.000000   0.000000
 0.900585   0.000000   0.000000
 0.902534   0.000000   0.000000
 0.904483   0.000000   0.000000
 0.906433   0.000000   0.000000
 0.908382   0.000000   0.000000
 0.910331   0.000000   0.000000
 0.912281   0.000000   0.000000
 0.914230   0.000000   0.000000
 0.916179   0.000000   0.000000
 0.918129   0.000000   0.000000
 0.920078   0.000000   0.000000
 0.922027   0.000000   0.000000
 0.923977   0.000000   0.000000
 0.925926   0.000000   0.000000
 0.927875   0.000000   0.000000
 0.929825   0.000000   0.000000
 0.931774   0.000000   0.000000
 0.933723   0.000000   0.000000
 0.935673   0.000000   0.000000
 0.937622   0.000000   0.000000
 0.939571   0.000000   0.000000
 0.941520   0.000000   0.000000
 0.943470   0.000000   0.000000
 0.945419   0.000000   0.000000
 0.947368   0.000000   0.000000
 0.949318   0.000000   0.000000
 0.951267   0.000000   0.000000
 0.953216   0.000000   0.000000
 0.955166   0.000000   0.000000
 0.957115   0.000000   0.000000
 0.959064   0.000000   0.000000
 0.961014   0.000000   0.000000
 0.962963   0.000000   0.000000
 0.964912   0.000000   0.000000
 0.966862   0.000000   0.000000
 0.968811   0.000000   0.000000
 0.970760   0.000000   0.000000
 0.972710   0.000000   0.000000
 0.974659   0.000000   0.000000
 0.976608   0.000000   0.000000
 0.978557   0.000000   0.000000
 0.980507   0.000000   0.000000
 0.982456   0.000000   0.000000
 0.984406   0.000000   0.000000
 0.986355   0.000000   0.000000
 0.988304   0.000000   0.000000
 0.990253   0.000000   0.000000
 0.992203   0.000000   0.000000
 0.994152   0.000000   0.000000
 0.996101   0.000000   0.000000
 0.998051   0.000000   0.000000
 1.000000   0.000000   0.000000
514 psinorm vpol1(km/s) dvpol1/dpsiN
 0.000000   0.000000   0.000000
 0.001949   0.000000   0.000000
 0.003899   0.000000   0.000000
 0.005848   0.000000   0.000000
 0.007797   0.000000   0.000000
 0.009747   0.000000   0.000000
 0.011696   0.000000   0.000000
 0.013645   0.000000   0.000000
 0.015595   0.000000   0.000000
 0.017544   0.000000   0.000000
 0.019493   0.000000   0.000000
 0.021442   0.000000   0.000000
 0.023392   0.000000   0.000000
 0.025341   0.000000   0.000000
 0.027290   0.000000   0.000000
 0.029240   0.000000   0.000000
 0.031189   0.000000   0.000000
 0.033138   0.000000   0.000000
 0.035088   0.000000   0.000000
 0.037037   0.000000   0.000000
 0.038986   0.000000   0.000000
 0.040936   0.000000   0.000000
 0.042885   0.000000   0.000000
 0.044834   0.000000   0.000000
 0.046784   0.000000   0.000000
 0.048733   0.000000   0.000000
 0.050682   0.000000   0.000000
 0.052632   0.000000   0.000000
 0.054581   0.000000   0.000000
 0.056530   0.000000   0.000000
 0.058480   0.000000   0.000000
 0.060429   0.000000   0.000000
 0.062378   0.000000   0.000000
 0.064327   0.000000   0.000000
 0.066277   0.000000   0.000000
 0.068226   0.000000   0.000000
 0.070175   0.000000   0.000000
 0.072125   0.000000   0.000000
 0.074074   0.000000   0.000000
 0.076023   0.000000   0.000000
 0.077973   0.000000   0.000000
 0.079922   0.000000   0.000000
 0.081871   0.000000   0.000000
 0.083821   0.000000   0.000000
 0.085770   0.000000   0.000000
 0.087719   0.000000   0.000000
 0.089669   0.000000   0.000000
 0.091618   0.000000   0.000000
 0.093567   0.000000   0.000000
 0.095517   0.000000   0.000000
 0.097466   0.000000   0.000000
 0.099415   0.000000   0.000000
 0.101364   0.000000   0.000000
 0.103314   0.000000   0.000000
 0.105263   0.000000   0.000000
 0.107213   0.000000   0.000000
 0.109162   0.000000   0.000000
 0.111111   0.000000   0.000000
 0.113060   0.000000   0.000000
 0.115010   0.000000   0.000000
 0.116959   0.000000   0.000000
 0.118908   0.000000   0.000000
 0.120858   0.000000   0.000000
 0.122807   0.000000   0.000000
 0.124756   0.000000   0.000000
 0.126706   0.000000   0.000000
 0.128655   0.000000   0.000000
 0.130604   0.000000   0.000000
 0.132554   0.000000   0.000000
 0.134503   0.000000   0.000000
 0.136452   0.000000   0.000000
 0.138402   0.000000   0.000000
 0.140351   0.000000   0.000000
 0.142300   0.000000   0.000000
 0.144250   0.000000   0.000000
 0.146199   0.000000   0.000000
 0.148148   0.000000   0.000000
 0.150097   0.000000   0.000000
 0.152047   0.000000   0.000000
 0.153996   0.000000   0.000000
 0.155945   0.000000   0.000000
 0.157895   0.000000   0.000000
 0.159844   0.000000   0.000000
 0.161793   0.000000   0.000000
 0.163743   0.000000   0.000000
 0.165692   0.000000   0.000000
 0.167641   0.000000   0.000000
 0.169591   0.000000   0.000000
 0.171540   0.000000   0.000000
 0.173489   0.000000   0.000000
 0.175439   0.000000   0.000000
 0.177388   0.000000   0.000000
 0.179337   0.000000   0.000000
 0.181286   0.000000   0.000000
 0.183236   0.000000   0.000000
 0.185185   0.000000   0.000000
 0.187135   0.000000   0.000000
 0.189084   0.000000   0.000000
 0.191033   0.000000   0.000000
 0.192983   0.000000   0.000000
 0.194932   0.000000   0.000000
 0.196881   0.000000   0.000000
 0.198830   0.000000   0.000000
 0.200780   0.000000   0.000000
 0.202729   0.000000   0.000000
 0.204678   0.000000   0.000000
 0.206628   0.000000   0.000000
 0.208577   0.000000   0.000000
 0.210526   0.000000   0.000000
 0.212476   0.000000   0.000000
 0.214425   0.000000   0.000000
 0.216374   0.000000   0.000000
 0.218324   0.000000   0.000000
 0.220273   0.000000   0.000000
 0.222222   0.000000   0.000000
 0.224171   0.000000   0.000000
 0.226121   0.000000   0.000000
 0.228070   0.000000   0.000000
 0.230019   0.000000   0.000000
 0.231969   0.000000   0.000000
 0.233918   0.000000   0.000000
 0.235867   0.000000   0.000000
 0.237817   0.000000   0.000000
 0.239766   0.000000   0.000000
 0.241715   0.000000   0.000000
 0.243665   0.000000   0.000000
 0.245614   0.000000   0.000000
 0.247563   0.000000   0.000000
 0.249513   0.000000   0.000000
 0.251462   0.000000   0.000000
 0.253411   0.000000   0.000000
 0.255361   0.000000   0.000000
 0.257310   0.000000   0.000000
 0.259259   0.000000   0.000000
 0.261209   0.000000   0.000000
 0.263158   0.000000   0.000000
 0.265107   0.000000   0.000000
 0.267056   0.000000   0.000000
 0.269006   0.000000   0.000000
 0.270955   0.000000   0.000000
 0.272904   0.000000   0.000000
 0.274854   0.000000   0.000000
 0.276803   0.000000   0.000000
 0.278752   0.000000   0.000000
 0.280702   0.000000   0.000000
 0.282651   0.000000   0.000000
 0.284600   0.000000   0.000000
 0.286550   0.000000   0.000000
 0.288499   0.000000   0.000000
 0.290448   0.000000   0.000000
 0.292398   0.000000   0.000000
 0.294347   0.000000   0.000000
 0.296296   0.000000   0.000000
 0.298246   0.000000   0.000000
 0.300195   0.000000   0.000000
 0.302144   0.000000   0.000000
 0.304094   0.000000   0.000000
 0.306043   0.000000   0.000000
 0.307992   0.000000   0.000000
 0.309941   0.000000   0.000000
 0.311891   0.000000   0.000000
 0.313840   0.000000   0.000000
 0.315790   0.000000   0.000000
 0.317739   0.000000   0.000000
 0.319688   0.000000   0.000000
 0.321637   0.000000   0.000000
 0.323587   0.000000   0.000000
 0.325536   0.000000   0.000000
 0.327485   0.000000   0.000000
 0.329435   0.000000   0.000000
 0.331384   0.000000   0.000000
 0.333333   0.000000   0.000000
 0.335283   0.000000   0.000000
 0.337232   0.000000   0.000000
 0.339181   0.000000   0.000000
 0.341131   0.000000   0.000000
 0.343080   0.000000   0.000000
 0.345029   0.000000   0.000000
 0.346979   0.000000   0.000000
 0.348928   0.000000   0.000000
 0.350877   0.000000   0.000000
 0.352826   0.000000   0.000000
 0.354776   0.000000   0.000000
 0.356725   0.000000   0.000000
 0.358675   0.000000   0.000000
 0.360624   0.000000   0.000000
 0.362573   0.000000   0.000000
 0.364522   0.000000   0.000000
 0.366472   0.000000   0.000000
 0.368421   0.000000   0.000000
 0.370370   0.000000   0.000000
 0.372320   0.000000   0.000000
 0.374269   0.000000   0.000000
 0.376218   0.000000   0.000000
 0.378168   0.000000   0.000000
 0.380117   0.000000   0.000000
 0.382066   0.000000   0.000000
 0.384016   0.000000   0.000000
 0.385965   0.000000   0.000000
 0.387914   0.000000   0.000000
 0.389863   0.000000   0.000000
 0.391813   0.000000   0.000000
 0.393762   0.000000   0.000000
 0.395711   0.000000   0.000000
 0.397661   0.000000   0.000000
 0.399610   0.000000   0.000000
 0.401560   0.000000   0.000000
 0.403509   0.000000   0.000000
 0.405458   0.000000   0.000000
 0.407407   0.000000   0.000000
 0.409357   0.000000   0.000000
 0.411306   0.000000   0.000000
 0.413255   0.000000   0.000000
 0.415205   0.000000   0.000000
 0.417154   0.000000   0.000000
 0.419103   0.000000   0.000000
 0.421053   0.000000   0.000000
 0.423002   0.000000   0.000000
 0.424951   0.000000   0.000000
 0.426901   0.000000   0.000000
 0.428850   0.000000   0.000000
 0.430799   0.000000   0.000000
 0.432748   0.000000   0.000000
 0.434698   0.000000   0.000000
 0.436647   0.000000   0.000000
 0.438597   0.000000   0.000000
 0.440546   0.000000   0.000000
 0.442495   0.000000   0.000000
 0.444444   0.000000   0.000000
 0.446394   0.000000   0.000000
 0.448343   0.000000   0.000000
 0.450292   0.000000   0.000000
 0.452242   0.000000   0.000000
 0.454191   0.000000   0.000000
 0.456140   0.000000   0.000000
 0.458090   0.000000   0.000000
 0.460039   0.000000   0.000000
 0.461988   0.000000   0.000000
 0.463938   0.000000   0.000000
 0.465887   0.000000   0.000000
 0.467836   0.000000   0.000000
 0.469786   0.000000   0.000000
 0.471735   0.000000   0.000000
 0.473684   0.000000   0.000000
 0.475633   0.000000   0.000000
 0.477583   0.000000   0.000000
 0.479532   0.000000   0.000000
 0.481482   0.000000   0.000000
 0.483431   0.000000   0.000000
 0.485380   0.000000   0.000000
 0.487329   0.000000   0.000000
 0.489279   0.000000   0.000000
 0.491228   0.000000   0.000000
 0.493177   0.000000   0.000000
 0.495127   0.000000   0.000000
 0.497076   0.000000   0.000000
 0.499025   0.000000   0.000000
 0.500975   0.000000   0.000000
 0.502924   0.000000   0.000000
 0.504873   0.000000   0.000000
 0.506823   0.000000   0.000000
 0.508772   0.000000   0.000000
 0.510721   0.000000   0.000000
 0.512671   0.000000   0.000000
 0.514620   0.000000   0.000000
 0.516569   0.000000   0.000000
 0.518518   0.000000   0.000000
 0.520468   0.000000   0.000000
 0.522417   0.000000   0.000000
 0.524366   0.000000   0.000000
 0.526316   0.000000   0.000000
 0.528265   0.000000   0.000000
 0.530214   0.000000   0.000000
 0.532164   0.000000   0.000000
 0.534113   0.000000   0.000000
 0.536062   0.000000   0.000000
 0.538012   0.000000   0.000000
 0.539961   0.000000   0.000000
 0.541910   0.000000   0.000000
 0.543860   0.000000   0.000000
 0.545809   0.000000   0.000000
 0.547758   0.000000   0.000000
 0.549708   0.000000   0.000000
 0.551657   0.000000   0.000000
 0.553606   0.000000   0.000000
 0.555556   0.000000   0.000000
 0.557505   0.000000   0.000000
 0.559454   0.000000   0.000000
 0.561404   0.000000   0.000000
 0.563353   0.000000   0.000000
 0.565302   0.000000   0.000000
 0.567252   0.000000   0.000000
 0.569201   0.000000   0.000000
 0.571150   0.000000   0.000000
 0.573099   0.000000   0.000000
 0.575049   0.000000   0.000000
 0.576998   0.000000   0.000000
 0.578947   0.000000   0.000000
 0.580897   0.000000   0.000000
 0.582846   0.000000   0.000000
 0.584795   0.000000   0.000000
 0.586745   0.000000   0.000000
 0.588694   0.000000   0.000000
 0.590643   0.000000   0.000000
 0.592593   0.000000   0.000000
 0.594542   0.000000   0.000000
 0.596491   0.000000   0.000000
 0.598441   0.000000   0.000000
 0.600390   0.000000   0.000000
 0.602339   0.000000   0.000000
 0.604289   0.000000   0.000000
 0.606238   0.000000   0.000000
 0.608187   0.000000   0.000000
 0.610136   0.000000   0.000000
 0.612086   0.000000   0.000000
 0.614035   0.000000   0.000000
 0.615984   0.000000   0.000000
 0.617934   0.000000   0.000000
 0.619883   0.000000   0.000000
 0.621832   0.000000   0.000000
 0.623782   0.000000   0.000000
 0.625731   0.000000   0.000000
 0.627680   0.000000   0.000000
 0.629630   0.000000   0.000000
 0.631579   0.000000   0.000000
 0.633528   0.000000   0.000000
 0.635478   0.000000   0.000000
 0.637427   0.000000   0.000000
 0.639376   0.000000   0.000000
 0.641325   0.000000   0.000000
 0.643275   0.000000   0.000000
 0.645224   0.000000   0.000000
 0.647173   0.000000   0.000000
 0.649123   0.000000   0.000000
 0.651072   0.000000   0.000000
 0.653021   0.000000   0.000000
 0.654971   0.000000   0.000000
 0.656920   0.000000   0.000000
 0.658869   0.000000   0.000000
 0.660819   0.000000   0.000000
 0.662768   0.000000   0.000000
 0.664717   0.000000   0.000000
 0.666667   0.000000   0.000000
 0.668616   0.000000   0.000000
 0.670565   0.000000   0.000000
 0.672515   0.000000   0.000000
 0.674464   0.000000   0.000000
 0.676413   0.000000   0.000000
 0.678363   0.000000   0.000000
 0.680312   0.000000   0.000000
 0.682261   0.000000   0.000000
 0.684211   0.000000   0.000000
 0.686160   0.000000   0.000000
 0.688109   0.000000   0.000000
 0.690059   0.000000   0.000000
 0.692008   0.000000   0.000000
 0.693957   0.000000   0.000000
 0.695906   0.000000   0.000000
 0.697856   0.000000   0.000000
 0.699805   0.000000   0.000000
 0.701754   0.000000   0.000000
 0.703704   0.000000   0.000000
 0.705653   0.000000   0.000000
 0.707602   0.000000   0.000000
 0.709552   0.000000   0.000000
 0.711501   0.000000   0.000000
 0.713450   0.000000   0.000000
 0.715400   0.000000   0.000000
 0.717349   0.000000   0.000000
 0.719298   0.000000   0.000000
 0.721248   0.000000   0.000000
 0.723197   0.000000   0.000000
 0.725146   0.000000   0.000000
 0.727096   0.000000   0.000000
 0.729045   0.000000   0.000000
 0.730994   0.000000   0.000000
 0.732943   0.000000   0.000000
 0.734893   0.000000   0.000000
 0.736842   0.000000   0.000000
 0.738791   0.000000   0.000000
 0.740741   0.000000   0.000000
 0.742690   0.000000   0.000000
 0.744639   0.000000   0.000000
 0.746589   0.000000   0.000000
 0.748538   0.000000   0.000000
 0.750487   0.000000   0.000000
 0.752437   0.000000   0.000000
 0.754386   0.000000   0.000000
 0.756335   0.000000   0.000000
 0.758285   0.000000   0.000000
 0.760234   0.000000   0.000000
 0.762183   0.000000   0.000000
 0.764133   0.000000   0.000000
 0.766082   0.000000   0.000000
 0.768031   0.000000   0.000000
 0.769980   0.000000   0.000000
 0.771930   0.000000   0.000000
 0.773879   0.000000   0.000000
 0.775829   0.000000   0.000000
 0.777778   0.000000   0.000000
 0.779727   0.000000   0.000000
 0.781676   0.000000   0.000000
 0.783626   0.000000   0.000000
 0.785575   0.000000   0.000000
 0.787524   0.000000   0.000000
 0.789474   0.000000   0.000000
 0.791423   0.000000   0.000000
 0.793372   0.000000   0.000000
 0.795322   0.000000   0.000000
 0.797271   0.000000   0.000000
 0.799220   0.000000   0.000000
 0.801170   0.000000   0.000000
 0.803119   0.000000   0.000000
 0.805068   0.000000   0.000000
 0.807018   0.000000   0.000000
 0.808967   0.000000   0.000000
 0.810916   0.000000   0.000000
 0.812866   0.000000   0.000000
 0.814815   0.000000   0.000000
 0.816764   0.000000   0.000000
 0.818713   0.000000   0.000000
 0.820663   0.000000   0.000000
 0.822612   0.000000   0.000000
 0.824561   0.000000   0.000000
 0.826511   0.000000   0.000000
 0.828460   0.000000   0.000000
 0.830409   0.000000   0.000000
 0.832359   0.000000   0.000000
 0.834308   0.000000   0.000000
 0.836257   0.000000   0.000000
 0.838207   0.000000   0.000000
 0.840156   0.000000   0.000000
 0.842105   0.000000   0.000000
 0.844055   0.000000   0.000000
 0.846004   0.000000   0.000000
 0.847953   0.000000   0.000000
 0.849903   0.000000   0.000000
 0.851852   0.000000   0.000000
 0.853801   0.000000   0.000000
 0.855750   0.000000   0.000000
 0.857700   0.000000   0.000000
 0.859649   0.000000   0.000000
 0.861598   0.000000   0.000000
 0.863548   0.000000   0.000000
 0.865497   0.000000   0.000000
 0.867446   0.000000   0.000000
 0.869396   0.000000   0.000000
 0.871345   0.000000   0.000000
 0.873294   0.000000   0.000000
 0.875244   0.000000   0.000000
 0.877193   0.000000   0.000000
 0.879142   0.000000   0.000000
 0.881092   0.000000   0.000000
 0.883041   0.000000   0.000000
 0.884990   0.000000   0.000000
 0.886940   0.000000   0.000000
 0.888889   0.000000   0.000000
 0.890838   0.000000   0.000000
 0.892787   0.000000   0.000000
 0.894737   0.000000   0.000000
 0.896686   0.000000   0.000000
 0.898636   0.000000   0.000000
 0.900585   0.000000   0.000000
 0.902534   0.000000   0.000000
 0.904483   0.000000   0.000000
 0.906433   0.000000   0.000000
 0.908382   0.000000   0.000000
 0.910331   0.000000   0.000000
 0.912281   0.000000   0.000000
 0.914230   0.000000   0.000000
 0.916179   0.000000   0.000000
 0.918129   0.000000   0.000000
 0.920078   0.000000   0.000000
 0.922027   0.000000   0.000000
 0.923977   0.000000   0.000000
 0.925926   0.000000   0.000000
 0.927875   0.000000   0.000000
 0.929825   0.000000   0.000000
 0.931774   0.000000   0.000000
 0.933723   0.000000   0.000000
 0.935673   0.000000   0.000000
 0.937622   0.000000   0.000000
 0.939571   0.000000   0.000000
 0.941520   0.000000   0.000000
 0.943470   0.000000   0.000000
 0.945419   0.000000   0.000000
 0.947368   0.000000   0.000000
 0.949318   0.000000   0.000000
 0.951267   0.000000   0.000000
 0.953216   0.000000   0.000000
 0.955166   0.000000   0.000000
 0.957115   0.000000   0.000000
 0.959064   0.000000   0.000000
 0.961014   0.000000   0.000000
 0.962963   0.000000   0.000000
 0.964912   0.000000   0.000000
 0.966862   0.000000   0.000000
 0.968811   0.000000   0.000000
 0.970760   0.000000   0.000000
 0.972710   0.000000   0.000000
 0.974659   0.000000   0.000000
 0.976608   0.000000   0.000000
 0.978557   0.000000   0.000000
 0.980507   0.000000   0.000000
 0.982456   0.000000   0.000000
 0.984406   0.000000   0.000000
 0.986355   0.000000   0.000000
 0.988304   0.000000   0.000000
 0.990253   0.000000   0.000000
 0.992203   0.000000   0.000000
 0.994152   0.000000   0.000000
 0.996101   0.000000   0.000000
 0.998051   0.000000   0.000000
 1.000000   0.000000   0.000000
514 psinorm kpol(km/s/T) dkpol/dpsiN
 0.000000   0.000000   0.000000
 0.001949   0.000000   0.000000
 0.003899   0.000000   0.000000
 0.005848   0.000000   0.000000
 0.007797   0.000000   0.000000
 0.009747   0.000000   0.000000
 0.011696   0.000000   0.000000
 0.013645   0.000000   0.000000
 0.015595   0.000000   0.000000
 0.017544   0.000000   0.000000
 0.019493   0.000000   0.000000
 0.021442   0.000000   0.000000
 0.023392   0.000000   0.000000
 0.025341   0.000000   0.000000
 0.027290   0.000000   0.000000
 0.029240   0.000000   0.000000
 0.031189   0.000000   0.000000
 0.033138   0.000000   0.000000
 0.035088   0.000000   0.000000
 0.037037   0.000000   0.000000
 0.038986   0.000000   0.000000
 0.040936   0.000000   0.000000
 0.042885   0.000000   0.000000
 0.044834   0.000000   0.000000
 0.046784   0.000000   0.000000
 0.048733   0.000000   0.000000
 0.050682   0.000000   0.000000
 0.052632   0.000000   0.000000
 0.054581   0.000000   0.000000
 0.056530   0.000000   0.000000
 0.058480   0.000000   0.000000
 0.060429   0.000000   0.000000
 0.062378   0.000000   0.000000
 0.064327   0.000000   0.000000
 0.066277   0.000000   0.000000
 0.068226   0.000000   0.000000
 0.070175   0.000000   0.000000
 0.072125   0.000000   0.000000
 0.074074   0.000000   0.000000
 0.076023   0.000000   0.000000
 0.077973   0.000000   0.000000
 0.079922   0.000000   0.000000
 0.081871   0.000000   0.000000
 0.083821   0.000000   0.000000
 0.085770   0.000000   0.000000
 0.087719   0.000000   0.000000
 0.089669   0.000000   0.000000
 0.091618   0.000000   0.000000
 0.093567   0.000000   0.000000
 0.095517   0.000000   0.000000
 0.097466   0.000000   0.000000
 0.099415   0.000000   0.000000
 0.101364   0.000000   0.000000
 0.103314   0.000000   0.000000
 0.105263   0.000000   0.000000
 0.107213   0.000000   0.000000
 0.109162   0.000000   0.000000
 0.111111   0.000000   0.000000
 0.113060   0.000000   0.000000
 0.115010   0.000000   0.000000
 0.116959   0.000000   0.000000
 0.118908   0.000000   0.000000
 0.120858   0.000000   0.000000
 0.122807   0.000000   0.000000
 0.124756   0.000000   0.000000
 0.126706   0.000000   0.000000
 0.128655   0.000000   0.000000
 0.130604   0.000000   0.000000
 0.132554   0.000000   0.000000
 0.134503   0.000000   0.000000
 0.136452   0.000000   0.000000
 0.138402   0.000000   0.000000
 0.140351   0.000000   0.000000
 0.142300   0.000000   0.000000
 0.144250   0.000000   0.000000
 0.146199   0.000000   0.000000
 0.148148   0.000000   0.000000
 0.150097   0.000000   0.000000
 0.152047   0.000000   0.000000
 0.153996   0.000000   0.000000
 0.155945   0.000000   0.000000
 0.157895   0.000000   0.000000
 0.159844   0.000000   0.000000
 0.161793   0.000000   0.000000
 0.163743   0.000000   0.000000
 0.165692   0.000000   0.000000
 0.167641   0.000000   0.000000
 0.169591   0.000000   0.000000
 0.171540   0.000000   0.000000
 0.173489   0.000000   0.000000
 0.175439   0.000000   0.000000
 0.177388   0.000000   0.000000
 0.179337   0.000000   0.000000
 0.181286   0.000000   0.000000
 0.183236   0.000000   0.000000
 0.185185   0.000000   0.000000
 0.187135   0.000000   0.000000
 0.189084   0.000000   0.000000
 0.191033   0.000000   0.000000
 0.192983   0.000000   0.000000
 0.194932   0.000000   0.000000
 0.196881   0.000000   0.000000
 0.198830   0.000000   0.000000
 0.200780   0.000000   0.000000
 0.202729   0.000000   0.000000
 0.204678   0.000000   0.000000
 0.206628   0.000000   0.000000
 0.208577   0.000000   0.000000
 0.210526   0.000000   0.000000
 0.212476   0.000000   0.000000
 0.214425   0.000000   0.000000
 0.216374   0.000000   0.000000
 0.218324   0.000000   0.000000
 0.220273   0.000000   0.000000
 0.222222   0.000000   0.000000
 0.224171   0.000000   0.000000
 0.226121   0.000000   0.000000
 0.228070   0.000000   0.000000
 0.230019   0.000000   0.000000
 0.231969   0.000000   0.000000
 0.233918   0.000000   0.000000
 0.235867   0.000000   0.000000
 0.237817   0.000000   0.000000
 0.239766   0.000000   0.000000
 0.241715   0.000000   0.000000
 0.243665   0.000000   0.000000
 0.245614   0.000000   0.000000
 0.247563   0.000000   0.000000
 0.249513   0.000000   0.000000
 0.251462   0.000000   0.000000
 0.253411   0.000000   0.000000
 0.255361   0.000000   0.000000
 0.257310   0.000000   0.000000
 0.259259   0.000000   0.000000
 0.261209   0.000000   0.000000
 0.263158   0.000000   0.000000
 0.265107   0.000000   0.000000
 0.267056   0.000000   0.000000
 0.269006   0.000000   0.000000
 0.270955   0.000000   0.000000
 0.272904   0.000000   0.000000
 0.274854   0.000000   0.000000
 0.276803   0.000000   0.000000
 0.278752   0.000000   0.000000
 0.280702   0.000000   0.000000
 0.282651   0.000000   0.000000
 0.284600   0.000000   0.000000
 0.286550   0.000000   0.000000
 0.288499   0.000000   0.000000
 0.290448   0.000000   0.000000
 0.292398   0.000000   0.000000
 0.294347   0.000000   0.000000
 0.296296   0.000000   0.000000
 0.298246   0.000000   0.000000
 0.300195   0.000000   0.000000
 0.302144   0.000000   0.000000
 0.304094   0.000000   0.000000
 0.306043   0.000000   0.000000
 0.307992   0.000000   0.000000
 0.309941   0.000000   0.000000
 0.311891   0.000000   0.000000
 0.313840   0.000000   0.000000
 0.315790   0.000000   0.000000
 0.317739   0.000000   0.000000
 0.319688   0.000000   0.000000
 0.321637   0.000000   0.000000
 0.323587   0.000000   0.000000
 0.325536   0.000000   0.000000
 0.327485   0.000000   0.000000
 0.329435   0.000000   0.000000
 0.331384   0.000000   0.000000
 0.333333   0.000000   0.000000
 0.335283   0.000000   0.000000
 0.337232   0.000000   0.000000
 0.339181   0.000000   0.000000
 0.341131   0.000000   0.000000
 0.343080   0.000000   0.000000
 0.345029   0.000000   0.000000
 0.346979   0.000000   0.000000
 0.348928   0.000000   0.000000
 0.350877   0.000000   0.000000
 0.352826   0.000000   0.000000
 0.354776   0.000000   0.000000
 0.356725   0.000000   0.000000
 0.358675   0.000000   0.000000
 0.360624   0.000000   0.000000
 0.362573   0.000000   0.000000
 0.364522   0.000000   0.000000
 0.366472   0.000000   0.000000
 0.368421   0.000000   0.000000
 0.370370   0.000000   0.000000
 0.372320   0.000000   0.000000
 0.374269   0.000000   0.000000
 0.376218   0.000000   0.000000
 0.378168   0.000000   0.000000
 0.380117   0.000000   0.000000
 0.382066   0.000000   0.000000
 0.384016   0.000000   0.000000
 0.385965   0.000000   0.000000
 0.387914   0.000000   0.000000
 0.389863   0.000000   0.000000
 0.391813   0.000000   0.000000
 0.393762   0.000000   0.000000
 0.395711   0.000000   0.000000
 0.397661   0.000000   0.000000
 0.399610   0.000000   0.000000
 0.401560   0.000000   0.000000
 0.403509   0.000000   0.000000
 0.405458   0.000000   0.000000
 0.407407   0.000000   0.000000
 0.409357   0.000000   0.000000
 0.411306   0.000000   0.000000
 0.413255   0.000000   0.000000
 0.415205   0.000000   0.000000
 0.417154   0.000000   0.000000
 0.419103   0.000000   0.000000
 0.421053   0.000000   0.000000
 0.423002   0.000000   0.000000
 0.424951   0.000000   0.000000
 0.426901   0.000000   0.000000
 0.428850   0.000000   0.000000
 0.430799   0.000000   0.000000
 0.432748   0.000000   0.000000
 0.434698   0.000000   0.000000
 0.436647   0.000000   0.000000
 0.438597   0.000000   0.000000
 0.440546   0.000000   0.000000
 0.442495   0.000000   0.000000
 0.444444   0.000000   0.000000
 0.446394   0.000000   0.000000
 0.448343   0.000000   0.000000
 0.450292   0.000000   0.000000
 0.452242   0.000000   0.000000
 0.454191   0.000000   0.000000
 0.456140   0.000000   0.000000
 0.458090   0.000000   0.000000
 0.460039   0.000000   0.000000
 0.461988   0.000000   0.000000
 0.463938   0.000000   0.000000
 0.465887   0.000000   0.000000
 0.467836   0.000000   0.000000
 0.469786   0.000000   0.000000
 0.471735   0.000000   0.000000
 0.473684   0.000000   0.000000
 0.475633   0.000000   0.000000
 0.477583   0.000000   0.000000
 0.479532   0.000000   0.000000
 0.481482   0.000000   0.000000
 0.483431   0.000000   0.000000
 0.485380   0.000000   0.000000
 0.487329   0.000000   0.000000
 0.489279   0.000000   0.000000
 0.491228   0.000000   0.000000
 0.493177   0.000000   0.000000
 0.495127   0.000000   0.000000
 0.497076   0.000000   0.000000
 0.499025   0.000000   0.000000
 0.500975   0.000000   0.000000
 0.502924   0.000000   0.000000
 0.504873   0.000000   0.000000
 0.506823   0.000000   0.000000
 0.508772   0.000000   0.000000
 0.510721   0.000000   0.000000
 0.512671   0.000000   0.000000
 0.514620   0.000000   0.000000
 0.516569   0.000000   0.000000
 0.518518   0.000000   0.000000
 0.520468   0.000000   0.000000
 0.522417   0.000000   0.000000
 0.524366   0.000000   0.000000
 0.526316   0.000000   0.000000
 0.528265   0.000000   0.000000
 0.530214   0.000000   0.000000
 0.532164   0.000000   0.000000
 0.534113   0.000000   0.000000
 0.536062   0.000000   0.000000
 0.538012   0.000000   0.000000
 0.539961   0.000000   0.000000
 0.541910   0.000000   0.000000
 0.543860   0.000000   0.000000
 0.545809   0.000000   0.000000
 0.547758   0.000000   0.000000
 0.549708   0.000000   0.000000
 0.551657   0.000000   0.000000
 0.553606   0.000000   0.000000
 0.555556   0.000000   0.000000
 0.557505   0.000000   0.000000
 0.559454   0.000000   0.000000
 0.561404   0.000000   0.000000
 0.563353   0.000000   0.000000
 0.565302   0.000000   0.000000
 0.567252   0.000000   0.000000
 0.569201   0.000000   0.000000
 0.571150   0.000000   0.000000
 0.573099   0.000000   0.000000
 0.575049   0.000000   0.000000
 0.576998   0.000000   0.000000
 0.578947   0.000000   0.000000
 0.580897   0.000000   0.000000
 0.582846   0.000000   0.000000
 0.584795   0.000000   0.000000
 0.586745   0.000000   0.000000
 0.588694   0.000000   0.000000
 0.590643   0.000000   0.000000
 0.592593   0.000000   0.000000
 0.594542   0.000000   0.000000
 0.596491   0.000000   0.000000
 0.598441   0.000000   0.000000
 0.600390   0.000000   0.000000
 0.602339   0.000000   0.000000
 0.604289   0.000000   0.000000
 0.606238   0.000000   0.000000
 0.608187   0.000000   0.000000
 0.610136   0.000000   0.000000
 0.612086   0.000000   0.000000
 0.614035   0.000000   0.000000
 0.615984   0.000000   0.000000
 0.617934   0.000000   0.000000
 0.619883   0.000000   0.000000
 0.621832   0.000000   0.000000
 0.623782   0.000000   0.000000
 0.625731   0.000000   0.000000
 0.627680   0.000000   0.000000
 0.629630   0.000000   0.000000
 0.631579   0.000000   0.000000
 0.633528   0.000000   0.000000
 0.635478   0.000000   0.000000
 0.637427   0.000000   0.000000
 0.639376   0.000000   0.000000
 0.641325   0.000000   0.000000
 0.643275   0.000000   0.000000
 0.645224   0.000000   0.000000
 0.647173   0.000000   0.000000
 0.649123   0.000000   0.000000
 0.651072   0.000000   0.000000
 0.653021   0.000000   0.000000
 0.654971   0.000000   0.000000
 0.656920   0.000000   0.000000
 0.658869   0.000000   0.000000
 0.660819   0.000000   0.000000
 0.662768   0.000000   0.000000
 0.664717   0.000000   0.000000
 0.666667   0.000000   0.000000
 0.668616   0.000000   0.000000
 0.670565   0.000000   0.000000
 0.672515   0.000000   0.000000
 0.674464   0.000000   0.000000
 0.676413   0.000000   0.000000
 0.678363   0.000000   0.000000
 0.680312   0.000000   0.000000
 0.682261   0.000000   0.000000
 0.684211   0.000000   0.000000
 0.686160   0.000000   0.000000
 0.688109   0.000000   0.000000
 0.690059   0.000000   0.000000
 0.692008   0.000000   0.000000
 0.693957   0.000000   0.000000
 0.695906   0.000000   0.000000
 0.697856   0.000000   0.000000
 0.699805   0.000000   0.000000
 0.701754   0.000000   0.000000
 0.703704   0.000000   0.000000
 0.705653   0.000000   0.000000
 0.707602   0.000000   0.000000
 0.709552   0.000000   0.000000
 0.711501   0.000000   0.000000
 0.713450   0.000000   0.000000
 0.715400   0.000000   0.000000
 0.717349   0.000000   0.000000
 0.719298   0.000000   0.000000
 0.721248   0.000000   0.000000
 0.723197   0.000000   0.000000
 0.725146   0.000000   0.000000
 0.727096   0.000000   0.000000
 0.729045   0.000000   0.000000
 0.730994   0.000000   0.000000
 0.732943   0.000000   0.000000
 0.734893   0.000000   0.000000
 0.736842   0.000000   0.000000
 0.738791   0.000000   0.000000
 0.740741   0.000000   0.000000
 0.742690   0.000000   0.000000
 0.744639   0.000000   0.000000
 0.746589   0.000000   0.000000
 0.748538   0.000000   0.000000
 0.750487   0.000000   0.000000
 0.752437   0.000000   0.000000
 0.754386   0.000000   0.000000
 0.756335   0.000000   0.000000
 0.758285   0.000000   0.000000
 0.760234   0.000000   0.000000
 0.762183   0.000000   0.000000
 0.764133   0.000000   0.000000
 0.766082   0.000000   0.000000
 0.768031   0.000000   0.000000
 0.769980   0.000000   0.000000
 0.771930   0.000000   0.000000
 0.773879   0.000000   0.000000
 0.775829   0.000000   0.000000
 0.777778   0.000000   0.000000
 0.779727   0.000000   0.000000
 0.781676   0.000000   0.000000
 0.783626   0.000000   0.000000
 0.785575   0.000000   0.000000
 0.787524   0.000000   0.000000
 0.789474   0.000000   0.000000
 0.791423   0.000000   0.000000
 0.793372   0.000000   0.000000
 0.795322   0.000000   0.000000
 0.797271   0.000000   0.000000
 0.799220   0.000000   0.000000
 0.801170   0.000000   0.000000
 0.803119   0.000000   0.000000
 0.805068   0.000000   0.000000
 0.807018   0.000000   0.000000
 0.808967   0.000000   0.000000
 0.810916   0.000000   0.000000
 0.812866   0.000000   0.000000
 0.814815   0.000000   0.000000
 0.816764   0.000000   0.000000
 0.818713   0.000000   0.000000
 0.820663   0.000000   0.000000
 0.822612   0.000000   0.000000
 0.824561   0.000000   0.000000
 0.826511   0.000000   0.000000
 0.828460   0.000000   0.000000
 0.830409   0.000000   0.000000
 0.832359   0.000000   0.000000
 0.834308   0.000000   0.000000
 0.836257   0.000000   0.000000
 0.838207   0.000000   0.000000
 0.840156   0.000000   0.000000
 0.842105   0.000000   0.000000
 0.844055   0.000000   0.000000
 0.846004   0.000000   0.000000
 0.847953   0.000000   0.000000
 0.849903   0.000000   0.000000
 0.851852   0.000000   0.000000
 0.853801   0.000000   0.000000
 0.855750   0.000000   0.000000
 0.857700   0.000000   0.000000
 0.859649   0.000000   0.000000
 0.861598   0.000000   0.000000
 0.863548   0.000000   0.000000
 0.865497   0.000000   0.000000
 0.867446   0.000000   0.000000
 0.869396   0.000000   0.000000
 0.871345   0.000000   0.000000
 0.873294   0.000000   0.000000
 0.875244   0.000000   0.000000
 0.877193   0.000000   0.000000
 0.879142   0.000000   0.000000
 0.881092   0.000000   0.000000
 0.883041   0.000000   0.000000
 0.884990   0.000000   0.000000
 0.886940   0.000000   0.000000
 0.888889   0.000000   0.000000
 0.890838   0.000000   0.000000
 0.892787   0.000000   0.000000
 0.894737   0.000000   0.000000
 0.896686   0.000000   0.000000
 0.898636   0.000000   0.000000
 0.900585   0.000000   0.000000
 0.902534   0.000000   0.000000
 0.904483   0.000000   0.000000
 0.906433   0.000000   0.000000
 0.908382   0.000000   0.000000
 0.910331   0.000000   0.000000
 0.912281   0.000000   0.000000
 0.914230   0.000000   0.000000
 0.916179   0.000000   0.000000
 0.918129   0.000000   0.000000
 0.920078   0.000000   0.000000
 0.922027   0.000000   0.000000
 0.923977   0.000000   0.000000
 0.925926   0.000000   0.000000
 0.927875   0.000000   0.000000
 0.929825   0.000000   0.000000
 0.931774   0.000000   0.000000
 0.933723   0.000000   0.000000
 0.935673   0.000000   0.000000
 0.937622   0.000000   0.000000
 0.939571   0.000000   0.000000
 0.941520   0.000000   0.000000
 0.943470   0.000000   0.000000
 0.945419   0.000000   0.000000
 0.947368   0.000000   0.000000
 0.949318   0.000000   0.000000
 0.951267   0.000000   0.000000
 0.953216   0.000000   0.000000
 0.955166   0.000000   0.000000
 0.957115   0.000000   0.000000
 0.959064   0.000000   0.000000
 0.961014   0.000000   0.000000
 0.962963   0.000000   0.000000
 0.964912   0.000000   0.000000
 0.966862   0.000000   0.000000
 0.968811   0.000000   0.000000
 0.970760   0.000000   0.000000
 0.972710   0.000000   0.000000
 0.974659   0.000000   0.000000
 0.976608   0.000000   0.000000
 0.978557   0.000000   0.000000
 0.980507   0.000000   0.000000
 0.982456   0.000000   0.000000
 0.984406   0.000000   0.000000
 0.986355   0.000000   0.000000
 0.988304   0.000000   0.000000
 0.990253   0.000000   0.000000
 0.992203   0.000000   0.000000
 0.994152   0.000000   0.000000
 0.996101   0.000000   0.000000
 0.998051   0.000000   0.000000
 1.000000   0.000000   0.000000
514 psinorm omeg(kRad/s) domeg/dpsiN
 0.000000   0.000000   0.000000
 0.001949   0.000000   0.000000
 0.003899   0.000000   0.000000
 0.005848   0.000000   0.000000
 0.007797   0.000000   0.000000
 0.009747   0.000000   0.000000
 0.011696   0.000000   0.000000
 0.013645   0.000000   0.000000
 0.015595   0.000000   0.000000
 0.017544   0.000000   0.000000
 0.019493   0.000000   0.000000
 0.021442   0.000000   0.000000
 0.023392   0.000000   0.000000
 0.025341   0.000000   0.000000
 0.027290   0.000000   0.000000
 0.029240   0.000000   0.000000
 0.031189   0.000000   0.000000
 0.033138   0.000000   0.000000
 0.035088   0.000000   0.000000
 0.037037   0.000000   0.000000
 0.038986   0.000000   0.000000
 0.040936   0.000000   0.000000
 0.042885   0.000000   0.000000
 0.044834   0.000000   0.000000
 0.046784   0.000000   0.000000
 0.048733   0.000000   0.000000
 0.050682   0.000000   0.000000
 0.052632   0.000000   0.000000
 0.054581   0.000000   0.000000
 0.056530   0.000000   0.000000
 0.058480   0.000000   0.000000
 0.060429   0.000000   0.000000
 0.062378   0.000000   0.000000
 0.064327   0.000000   0.000000
 0.066277   0.000000   0.000000
 0.068226   0.000000   0.000000
 0.070175   0.000000   0.000000
 0.072125   0.000000   0.000000
 0.074074   0.000000   0.000000
 0.076023   0.000000   0.000000
 0.077973   0.000000   0.000000
 0.079922   0.000000   0.000000
 0.081871   0.000000   0.000000
 0.083821   0.000000   0.000000
 0.085770   0.000000   0.000000
 0.087719   0.000000   0.000000
 0.089669   0.000000   0.000000
 0.091618   0.000000   0.000000
 0.093567   0.000000   0.000000
 0.095517   0.000000   0.000000
 0.097466   0.000000   0.000000
 0.099415   0.000000   0.000000
 0.101364   0.000000   0.000000
 0.103314   0.000000   0.000000
 0.105263   0.000000   0.000000
 0.107213   0.000000   0.000000
 0.109162   0.000000   0.000000
 0.111111   0.000000   0.000000
 0.113060   0.000000   0.000000
 0.115010   0.000000   0.000000
 0.116959   0.000000   0.000000
 0.118908   0.000000   0.000000
 0.120858   0.000000   0.000000
 0.122807   0.000000   0.000000
 0.124756   0.000000   0.000000
 0.126706   0.000000   0.000000
 0.128655   0.000000   0.000000
 0.130604   0.000000   0.000000
 0.132554   0.000000   0.000000
 0.134503   0.000000   0.000000
 0.136452   0.000000   0.000000
 0.138402   0.000000   0.000000
 0.140351   0.000000   0.000000
 0.142300   0.000000   0.000000
 0.144250   0.000000   0.000000
 0.146199   0.000000   0.000000
 0.148148   0.000000   0.000000
 0.150097   0.000000   0.000000
 0.152047   0.000000   0.000000
 0.153996   0.000000   0.000000
 0.155945   0.000000   0.000000
 0.157895   0.000000   0.000000
 0.159844   0.000000   0.000000
 0.161793   0.000000   0.000000
 0.163743   0.000000   0.000000
 0.165692   0.000000   0.000000
 0.167641   0.000000   0.000000
 0.169591   0.000000   0.000000
 0.171540   0.000000   0.000000
 0.173489   0.000000   0.000000
 0.175439   0.000000   0.000000
 0.177388   0.000000   0.000000
 0.179337   0.000000   0.000000
 0.181286   0.000000   0.000000
 0.183236   0.000000   0.000000
 0.185185   0.000000   0.000000
 0.187135   0.000000   0.000000
 0.189084   0.000000   0.000000
 0.191033   0.000000   0.000000
 0.192983   0.000000   0.000000
 0.194932   0.000000   0.000000
 0.196881   0.000000   0.000000
 0.198830   0.000000   0.000000
 0.200780   0.000000   0.000000
 0.202729   0.000000   0.000000
 0.204678   0.000000   0.000000
 0.206628   0.000000   0.000000
 0.208577   0.000000   0.000000
 0.210526   0.000000   0.000000
 0.212476   0.000000   0.000000
 0.214425   0.000000   0.000000
 0.216374   0.000000   0.000000
 0.218324   0.000000   0.000000
 0.220273   0.000000   0.000000
 0.222222   0.000000   0.000000
 0.224171   0.000000   0.000000
 0.226121   0.000000   0.000000
 0.228070   0.000000   0.000000
 0.230019   0.000000   0.000000
 0.231969   0.000000   0.000000
 0.233918   0.000000   0.000000
 0.235867   0.000000   0.000000
 0.237817   0.000000   0.000000
 0.239766   0.000000   0.000000
 0.241715   0.000000   0.000000
 0.243665   0.000000   0.000000
 0.245614   0.000000   0.000000
 0.247563   0.000000   0.000000
 0.249513   0.000000   0.000000
 0.251462   0.000000   0.000000
 0.253411   0.000000   0.000000
 0.255361   0.000000   0.000000
 0.257310   0.000000   0.000000
 0.259259   0.000000   0.000000
 0.261209   0.000000   0.000000
 0.263158   0.000000   0.000000
 0.265107   0.000000   0.000000
 0.267056   0.000000   0.000000
 0.269006   0.000000   0.000000
 0.270955   0.000000   0.000000
 0.272904   0.000000   0.000000
 0.274854   0.000000   0.000000
 0.276803   0.000000   0.000000
 0.278752   0.000000   0.000000
 0.280702   0.000000   0.000000
 0.282651   0.000000   0.000000
 0.284600   0.000000   0.000000
 0.286550   0.000000   0.000000
 0.288499   0.000000   0.000000
 0.290448   0.000000   0.000000
 0.292398   0.000000   0.000000
 0.294347   0.000000   0.000000
 0.296296   0.000000   0.000000
 0.298246   0.000000   0.000000
 0.300195   0.000000   0.000000
 0.302144   0.000000   0.000000
 0.304094   0.000000   0.000000
 0.306043   0.000000   0.000000
 0.307992   0.000000   0.000000
 0.309941   0.000000   0.000000
 0.311891   0.000000   0.000000
 0.313840   0.000000   0.000000
 0.315790   0.000000   0.000000
 0.317739   0.000000   0.000000
 0.319688   0.000000   0.000000
 0.321637   0.000000   0.000000
 0.323587   0.000000   0.000000
 0.325536   0.000000   0.000000
 0.327485   0.000000   0.000000
 0.329435   0.000000   0.000000
 0.331384   0.000000   0.000000
 0.333333   0.000000   0.000000
 0.335283   0.000000   0.000000
 0.337232   0.000000   0.000000
 0.339181   0.000000   0.000000
 0.341131   0.000000   0.000000
 0.343080   0.000000   0.000000
 0.345029   0.000000   0.000000
 0.346979   0.000000   0.000000
 0.348928   0.000000   0.000000
 0.350877   0.000000   0.000000
 0.352826   0.000000   0.000000
 0.354776   0.000000   0.000000
 0.356725   0.000000   0.000000
 0.358675   0.000000   0.000000
 0.360624   0.000000   0.000000
 0.362573   0.000000   0.000000
 0.364522   0.000000   0.000000
 0.366472   0.000000   0.000000
 0.368421   0.000000   0.000000
 0.370370   0.000000   0.000000
 0.372320   0.000000   0.000000
 0.374269   0.000000   0.000000
 0.376218   0.000000   0.000000
 0.378168   0.000000   0.000000
 0.380117   0.000000   0.000000
 0.382066   0.000000   0.000000
 0.384016   0.000000   0.000000
 0.385965   0.000000   0.000000
 0.387914   0.000000   0.000000
 0.389863   0.000000   0.000000
 0.391813   0.000000   0.000000
 0.393762   0.000000   0.000000
 0.395711   0.000000   0.000000
 0.397661   0.000000   0.000000
 0.399610   0.000000   0.000000
 0.401560   0.000000   0.000000
 0.403509   0.000000   0.000000
 0.405458   0.000000   0.000000
 0.407407   0.000000   0.000000
 0.409357   0.000000   0.000000
 0.411306   0.000000   0.000000
 0.413255   0.000000   0.000000
 0.415205   0.000000   0.000000
 0.417154   0.000000   0.000000
 0.419103   0.000000   0.000000
 0.421053   0.000000   0.000000
 0.423002   0.000000   0.000000
 0.424951   0.000000   0.000000
 0.426901   0.000000   0.000000
 0.428850   0.000000   0.000000
 0.430799   0.000000   0.000000
 0.432748   0.000000   0.000000
 0.434698   0.000000   0.000000
 0.436647   0.000000   0.000000
 0.438597   0.000000   0.000000
 0.440546   0.000000   0.000000
 0.442495   0.000000   0.000000
 0.444444   0.000000   0.000000
 0.446394   0.000000   0.000000
 0.448343   0.000000   0.000000
 0.450292   0.000000   0.000000
 0.452242   0.000000   0.000000
 0.454191   0.000000   0.000000
 0.456140   0.000000   0.000000
 0.458090   0.000000   0.000000
 0.460039   0.000000   0.000000
 0.461988   0.000000   0.000000
 0.463938   0.000000   0.000000
 0.465887   0.000000   0.000000
 0.467836   0.000000   0.000000
 0.469786   0.000000   0.000000
 0.471735   0.000000   0.000000
 0.473684   0.000000   0.000000
 0.475633   0.000000   0.000000
 0.477583   0.000000   0.000000
 0.479532   0.000000   0.000000
 0.481482   0.000000   0.000000
 0.483431   0.000000   0.000000
 0.485380   0.000000   0.000000
 0.487329   0.000000   0.000000
 0.489279   0.000000   0.000000
 0.491228   0.000000   0.000000
 0.493177   0.000000   0.000000
 0.495127   0.000000   0.000000
 0.497076   0.000000   0.000000
 0.499025   0.000000   0.000000
 0.500975   0.000000   0.000000
 0.502924   0.000000   0.000000
 0.504873   0.000000   0.000000
 0.506823   0.000000   0.000000
 0.508772   0.000000   0.000000
 0.510721   0.000000   0.000000
 0.512671   0.000000   0.000000
 0.514620   0.000000   0.000000
 0.516569   0.000000   0.000000
 0.518518   0.000000   0.000000
 0.520468   0.000000   0.000000
 0.522417   0.000000   0.000000
 0.524366   0.000000   0.000000
 0.526316   0.000000   0.000000
 0.528265   0.000000   0.000000
 0.530214   0.000000   0.000000
 0.532164   0.000000   0.000000
 0.534113   0.000000   0.000000
 0.536062   0.000000   0.000000
 0.538012   0.000000   0.000000
 0.539961   0.000000   0.000000
 0.541910   0.000000   0.000000
 0.543860   0.000000   0.000000
 0.545809   0.000000   0.000000
 0.547758   0.000000   0.000000
 0.549708   0.000000   0.000000
 0.551657   0.000000   0.000000
 0.553606   0.000000   0.000000
 0.555556   0.000000   0.000000
 0.557505   0.000000   0.000000
 0.559454   0.000000   0.000000
 0.561404   0.000000   0.000000
 0.563353   0.000000   0.000000
 0.565302   0.000000   0.000000
 0.567252   0.000000   0.000000
 0.569201   0.000000   0.000000
 0.571150   0.000000   0.000000
 0.573099   0.000000   0.000000
 0.575049   0.000000   0.000000
 0.576998   0.000000   0.000000
 0.578947   0.000000   0.000000
 0.580897   0.000000   0.000000
 0.582846   0.000000   0.000000
 0.584795   0.000000   0.000000
 0.586745   0.000000   0.000000
 0.588694   0.000000   0.000000
 0.590643   0.000000   0.000000
 0.592593   0.000000   0.000000
 0.594542   0.000000   0.000000
 0.596491   0.000000   0.000000
 0.598441   0.000000   0.000000
 0.600390   0.000000   0.000000
 0.602339   0.000000   0.000000
 0.604289   0.000000   0.000000
 0.606238   0.000000   0.000000
 0.608187   0.000000   0.000000
 0.610136   0.000000   0.000000
 0.612086   0.000000   0.000000
 0.614035   0.000000   0.000000
 0.615984   0.000000   0.000000
 0.617934   0.000000   0.000000
 0.619883   0.000000   0.000000
 0.621832   0.000000   0.000000
 0.623782   0.000000   0.000000
 0.625731   0.000000   0.000000
 0.627680   0.000000   0.000000
 0.629630   0.000000   0.000000
 0.631579   0.000000   0.000000
 0.633528   0.000000   0.000000
 0.635478   0.000000   0.000000
 0.637427   0.000000   0.000000
 0.639376   0.000000   0.000000
 0.641325   0.000000   0.000000
 0.643275   0.000000   0.000000
 0.645224   0.000000   0.000000
 0.647173   0.000000   0.000000
 0.649123   0.000000   0.000000
 0.651072   0.000000   0.000000
 0.653021   0.000000   0.000000
 0.654971   0.000000   0.000000
 0.656920   0.000000   0.000000
 0.658869   0.000000   0.000000
 0.660819   0.000000   0.000000
 0.662768   0.000000   0.000000
 0.664717   0.000000   0.000000
 0.666667   0.000000   0.000000
 0.668616   0.000000   0.000000
 0.670565   0.000000   0.000000
 0.672515   0.000000   0.000000
 0.674464   0.000000   0.000000
 0.676413   0.000000   0.000000
 0.678363   0.000000   0.000000
 0.680312   0.000000   0.000000
 0.682261   0.000000   0.000000
 0.684211   0.000000   0.000000
 0.686160   0.000000   0.000000
 0.688109   0.000000   0.000000
 0.690059   0.000000   0.000000
 0.692008   0.000000   0.000000
 0.693957   0.000000   0.000000
 0.695906   0.000000   0.000000
 0.697856   0.000000   0.000000
 0.699805   0.000000   0.000000
 0.701754   0.000000   0.000000
 0.703704   0.000000   0.000000
 0.705653   0.000000   0.000000
 0.707602   0.000000   0.000000
 0.709552   0.000000   0.000000
 0.711501   0.000000   0.000000
 0.713450   0.000000   0.000000
 0.715400   0.000000   0.000000
 0.717349   0.000000   0.000000
 0.719298   0.000000   0.000000
 0.721248   0.000000   0.000000
 0.723197   0.000000   0.000000
 0.725146   0.000000   0.000000
 0.727096   0.000000   0.000000
 0.729045   0.000000   0.000000
 0.730994   0.000000   0.000000
 0.732943   0.000000   0.000000
 0.734893   0.000000   0.000000
 0.736842   0.000000   0.000000
 0.738791   0.000000   0.000000
 0.740741   0.000000   0.000000
 0.742690   0.000000   0.000000
 0.744639   0.000000   0.000000
 0.746589   0.000000   0.000000
 0.748538   0.000000   0.000000
 0.750487   0.000000   0.000000
 0.752437   0.000000   0.000000
 0.754386   0.000000   0.000000
 0.756335   0.000000   0.000000
 0.758285   0.000000   0.000000
 0.760234   0.000000   0.000000
 0.762183   0.000000   0.000000
 0.764133   0.000000   0.000000
 0.766082   0.000000   0.000000
 0.768031   0.000000   0.000000
 0.769980   0.000000   0.000000
 0.771930   0.000000   0.000000
 0.773879   0.000000   0.000000
 0.775829   0.000000   0.000000
 0.777778   0.000000   0.000000
 0.779727   0.000000   0.000000
 0.781676   0.000000   0.000000
 0.783626   0.000000   0.000000
 0.785575   0.000000   0.000000
 0.787524   0.000000   0.000000
 0.789474   0.000000   0.000000
 0.791423   0.000000   0.000000
 0.793372   0.000000   0.000000
 0.795322   0.000000   0.000000
 0.797271   0.000000   0.000000
 0.799220   0.000000   0.000000
 0.801170   0.000000   0.000000
 0.803119   0.000000   0.000000
 0.805068   0.000000   0.000000
 0.807018   0.000000   0.000000
 0.808967   0.000000   0.000000
 0.810916   0.000000   0.000000
 0.812866   0.000000   0.000000
 0.814815   0.000000   0.000000
 0.816764   0.000000   0.000000
 0.818713   0.000000   0.000000
 0.820663   0.000000   0.000000
 0.822612   0.000000   0.000000
 0.824561   0.000000   0.000000
 0.826511   0.000000   0.000000
 0.828460   0.000000   0.000000
 0.830409   0.000000   0.000000
 0.832359   0.000000   0.000000
 0.834308   0.000000   0.000000
 0.836257   0.000000   0.000000
 0.838207   0.000000   0.000000
 0.840156   0.000000   0.000000
 0.842105   0.000000   0.000000
 0.844055   0.000000   0.000000
 0.846004   0.000000   0.000000
 0.847953   0.000000   0.000000
 0.849903   0.000000   0.000000
 0.851852   0.000000   0.000000
 0.853801   0.000000   0.000000
 0.855750   0.000000   0.000000
 0.857700   0.000000   0.000000
 0.859649   0.000000   0.000000
 0.861598   0.000000   0.000000
 0.863548   0.000000   0.000000
 0.865497   0.000000   0.000000
 0.867446   0.000000   0.000000
 0.869396   0.000000   0.000000
 0.871345   0.000000   0.000000
 0.873294   0.000000   0.000000
 0.875244   0.000000   0.000000
 0.877193   0.000000   0.000000
 0.879142   0.000000   0.000000
 0.881092   0.000000   0.000000
 0.883041   0.000000   0.000000
 0.884990   0.000000   0.000000
 0.886940   0.000000   0.000000
 0.888889   0.000000   0.000000
 0.890838   0.000000   0.000000
 0.892787   0.000000   0.000000
 0.894737   0.000000   0.000000
 0.896686   0.000000   0.000000
 0.898636   0.000000   0.000000
 0.900585   0.000000   0.000000
 0.902534   0.000000   0.000000
 0.904483   0.000000   0.000000
 0.906433   0.000000   0.000000
 0.908382   0.000000   0.000000
 0.910331   0.000000   0.000000
 0.912281   0.000000   0.000000
 0.914230   0.000000   0.000000
 0.916179   0.000000   0.000000
 0.918129   0.000000   0.000000
 0.920078   0.000000   0.000000
 0.922027   0.000000   0.000000
 0.923977   0.000000   0.000000
 0.925926   0.000000   0.000000
 0.927875   0.000000   0.000000
 0.929825   0.000000   0.000000
 0.931774   0.000000   0.000000
 0.933723   0.000000   0.000000
 0.935673   0.000000   0.000000
 0.937622   0.000000   0.000000
 0.939571   0.000000   0.000000
 0.941520   0.000000   0.000000
 0.943470   0.000000   0.000000
 0.945419   0.000000   0.000000
 0.947368   0.000000   0.000000
 0.949318   0.000000   0.000000
 0.951267   0.000000   0.000000
 0.953216   0.000000   0.000000
 0.955166   0.000000   0.000000
 0.957115   0.000000   0.000000
 0.959064   0.000000   0.000000
 0.961014   0.000000   0.000000
 0.962963   0.000000   0.000000
 0.964912   0.000000   0.000000
 0.966862   0.000000   0.000000
 0.968811   0.000000   0.000000
 0.970760   0.000000   0.000000
 0.972710   0.000000   0.000000
 0.974659   0.000000   0.000000
 0.976608   0.000000   0.000000
 0.978557   0.000000   0.000000
 0.980507   0.000000   0.000000
 0.982456   0.000000   0.000000
 0.984406   0.000000   0.000000
 0.986355   0.000000   0.000000
 0.988304   0.000000   0.000000
 0.990253   0.000000   0.000000
 0.992203   0.000000   0.000000
 0.994152   0.000000   0.000000
 0.996101   0.000000   0.000000
 0.998051   0.000000   0.000000
 1.000000   0.000000   0.000000
514 psinorm omegp(kRad/s) domegp/dpsiN
 0.000000   0.000000   0.000000
 0.001949   0.000000   0.000000
 0.003899   0.000000   0.000000
 0.005848   0.000000   0.000000
 0.007797   0.000000   0.000000
 0.009747   0.000000   0.000000
 0.011696   0.000000   0.000000
 0.013645   0.000000   0.000000
 0.015595   0.000000   0.000000
 0.017544   0.000000   0.000000
 0.019493   0.000000   0.000000
 0.021442   0.000000   0.000000
 0.023392   0.000000   0.000000
 0.025341   0.000000   0.000000
 0.027290   0.000000   0.000000
 0.029240   0.000000   0.000000
 0.031189   0.000000   0.000000
 0.033138   0.000000   0.000000
 0.035088   0.000000   0.000000
 0.037037   0.000000   0.000000
 0.038986   0.000000   0.000000
 0.040936   0.000000   0.000000
 0.042885   0.000000   0.000000
 0.044834   0.000000   0.000000
 0.046784   0.000000   0.000000
 0.048733   0.000000   0.000000
 0.050682   0.000000   0.000000
 0.052632   0.000000   0.000000
 0.054581   0.000000   0.000000
 0.056530   0.000000   0.000000
 0.058480   0.000000   0.000000
 0.060429   0.000000   0.000000
 0.062378   0.000000   0.000000
 0.064327   0.000000   0.000000
 0.066277   0.000000   0.000000
 0.068226   0.000000   0.000000
 0.070175   0.000000   0.000000
 0.072125   0.000000   0.000000
 0.074074   0.000000   0.000000
 0.076023   0.000000   0.000000
 0.077973   0.000000   0.000000
 0.079922   0.000000   0.000000
 0.081871   0.000000   0.000000
 0.083821   0.000000   0.000000
 0.085770   0.000000   0.000000
 0.087719   0.000000   0.000000
 0.089669   0.000000   0.000000
 0.091618   0.000000   0.000000
 0.093567   0.000000   0.000000
 0.095517   0.000000   0.000000
 0.097466   0.000000   0.000000
 0.099415   0.000000   0.000000
 0.101364   0.000000   0.000000
 0.103314   0.000000   0.000000
 0.105263   0.000000   0.000000
 0.107213   0.000000   0.000000
 0.109162   0.000000   0.000000
 0.111111   0.000000   0.000000
 0.113060   0.000000   0.000000
 0.115010   0.000000   0.000000
 0.116959   0.000000   0.000000
 0.118908   0.000000   0.000000
 0.120858   0.000000   0.000000
 0.122807   0.000000   0.000000
 0.124756   0.000000   0.000000
 0.126706   0.000000   0.000000
 0.128655   0.000000   0.000000
 0.130604   0.000000   0.000000
 0.132554   0.000000   0.000000
 0.134503   0.000000   0.000000
 0.136452   0.000000   0.000000
 0.138402   0.000000   0.000000
 0.140351   0.000000   0.000000
 0.142300   0.000000   0.000000
 0.144250   0.000000   0.000000
 0.146199   0.000000   0.000000
 0.148148   0.000000   0.000000
 0.150097   0.000000   0.000000
 0.152047   0.000000   0.000000
 0.153996   0.000000   0.000000
 0.155945   0.000000   0.000000
 0.157895   0.000000   0.000000
 0.159844   0.000000   0.000000
 0.161793   0.000000   0.000000
 0.163743   0.000000   0.000000
 0.165692   0.000000   0.000000
 0.167641   0.000000   0.000000
 0.169591   0.000000   0.000000
 0.171540   0.000000   0.000000
 0.173489   0.000000   0.000000
 0.175439   0.000000   0.000000
 0.177388   0.000000   0.000000
 0.179337   0.000000   0.000000
 0.181286   0.000000   0.000000
 0.183236   0.000000   0.000000
 0.185185   0.000000   0.000000
 0.187135   0.000000   0.000000
 0.189084   0.000000   0.000000
 0.191033   0.000000   0.000000
 0.192983   0.000000   0.000000
 0.194932   0.000000   0.000000
 0.196881   0.000000   0.000000
 0.198830   0.000000   0.000000
 0.200780   0.000000   0.000000
 0.202729   0.000000   0.000000
 0.204678   0.000000   0.000000
 0.206628   0.000000   0.000000
 0.208577   0.000000   0.000000
 0.210526   0.000000   0.000000
 0.212476   0.000000   0.000000
 0.214425   0.000000   0.000000
 0.216374   0.000000   0.000000
 0.218324   0.000000   0.000000
 0.220273   0.000000   0.000000
 0.222222   0.000000   0.000000
 0.224171   0.000000   0.000000
 0.226121   0.000000   0.000000
 0.228070   0.000000   0.000000
 0.230019   0.000000   0.000000
 0.231969   0.000000   0.000000
 0.233918   0.000000   0.000000
 0.235867   0.000000   0.000000
 0.237817   0.000000   0.000000
 0.239766   0.000000   0.000000
 0.241715   0.000000   0.000000
 0.243665   0.000000   0.000000
 0.245614   0.000000   0.000000
 0.247563   0.000000   0.000000
 0.249513   0.000000   0.000000
 0.251462   0.000000   0.000000
 0.253411   0.000000   0.000000
 0.255361   0.000000   0.000000
 0.257310   0.000000   0.000000
 0.259259   0.000000   0.000000
 0.261209   0.000000   0.000000
 0.263158   0.000000   0.000000
 0.265107   0.000000   0.000000
 0.267056   0.000000   0.000000
 0.269006   0.000000   0.000000
 0.270955   0.000000   0.000000
 0.272904   0.000000   0.000000
 0.274854   0.000000   0.000000
 0.276803   0.000000   0.000000
 0.278752   0.000000   0.000000
 0.280702   0.000000   0.000000
 0.282651   0.000000   0.000000
 0.284600   0.000000   0.000000
 0.286550   0.000000   0.000000
 0.288499   0.000000   0.000000
 0.290448   0.000000   0.000000
 0.292398   0.000000   0.000000
 0.294347   0.000000   0.000000
 0.296296   0.000000   0.000000
 0.298246   0.000000   0.000000
 0.300195   0.000000   0.000000
 0.302144   0.000000   0.000000
 0.304094   0.000000   0.000000
 0.306043   0.000000   0.000000
 0.307992   0.000000   0.000000
 0.309941   0.000000   0.000000
 0.311891   0.000000   0.000000
 0.313840   0.000000   0.000000
 0.315790   0.000000   0.000000
 0.317739   0.000000   0.000000
 0.319688   0.000000   0.000000
 0.321637   0.000000   0.000000
 0.323587   0.000000   0.000000
 0.325536   0.000000   0.000000
 0.327485   0.000000   0.000000
 0.329435   0.000000   0.000000
 0.331384   0.000000   0.000000
 0.333333   0.000000   0.000000
 0.335283   0.000000   0.000000
 0.337232   0.000000   0.000000
 0.339181   0.000000   0.000000
 0.341131   0.000000   0.000000
 0.343080   0.000000   0.000000
 0.345029   0.000000   0.000000
 0.346979   0.000000   0.000000
 0.348928   0.000000   0.000000
 0.350877   0.000000   0.000000
 0.352826   0.000000   0.000000
 0.354776   0.000000   0.000000
 0.356725   0.000000   0.000000
 0.358675   0.000000   0.000000
 0.360624   0.000000   0.000000
 0.362573   0.000000   0.000000
 0.364522   0.000000   0.000000
 0.366472   0.000000   0.000000
 0.368421   0.000000   0.000000
 0.370370   0.000000   0.000000
 0.372320   0.000000   0.000000
 0.374269   0.000000   0.000000
 0.376218   0.000000   0.000000
 0.378168   0.000000   0.000000
 0.380117   0.000000   0.000000
 0.382066   0.000000   0.000000
 0.384016   0.000000   0.000000
 0.385965   0.000000   0.000000
 0.387914   0.000000   0.000000
 0.389863   0.000000   0.000000
 0.391813   0.000000   0.000000
 0.393762   0.000000   0.000000
 0.395711   0.000000   0.000000
 0.397661   0.000000   0.000000
 0.399610   0.000000   0.000000
 0.401560   0.000000   0.000000
 0.403509   0.000000   0.000000
 0.405458   0.000000   0.000000
 0.407407   0.000000   0.000000
 0.409357   0.000000   0.000000
 0.411306   0.000000   0.000000
 0.413255   0.000000   0.000000
 0.415205   0.000000   0.000000
 0.417154   0.000000   0.000000
 0.419103   0.000000   0.000000
 0.421053   0.000000   0.000000
 0.423002   0.000000   0.000000
 0.424951   0.000000   0.000000
 0.426901   0.000000   0.000000
 0.428850   0.000000   0.000000
 0.430799   0.000000   0.000000
 0.432748   0.000000   0.000000
 0.434698   0.000000   0.000000
 0.436647   0.000000   0.000000
 0.438597   0.000000   0.000000
 0.440546   0.000000   0.000000
 0.442495   0.000000   0.000000
 0.444444   0.000000   0.000000
 0.446394   0.000000   0.000000
 0.448343   0.000000   0.000000
 0.450292   0.000000   0.000000
 0.452242   0.000000   0.000000
 0.454191   0.000000   0.000000
 0.456140   0.000000   0.000000
 0.458090   0.000000   0.000000
 0.460039   0.000000   0.000000
 0.461988   0.000000   0.000000
 0.463938   0.000000   0.000000
 0.465887   0.000000   0.000000
 0.467836   0.000000   0.000000
 0.469786   0.000000   0.000000
 0.471735   0.000000   0.000000
 0.473684   0.000000   0.000000
 0.475633   0.000000   0.000000
 0.477583   0.000000   0.000000
 0.479532   0.000000   0.000000
 0.481482   0.000000   0.000000
 0.483431   0.000000   0.000000
 0.485380   0.000000   0.000000
 0.487329   0.000000   0.000000
 0.489279   0.000000   0.000000
 0.491228   0.000000   0.000000
 0.493177   0.000000   0.000000
 0.495127   0.000000   0.000000
 0.497076   0.000000   0.000000
 0.499025   0.000000   0.000000
 0.500975   0.000000   0.000000
 0.502924   0.000000   0.000000
 0.504873   0.000000   0.000000
 0.506823   0.000000   0.000000
 0.508772   0.000000   0.000000
 0.510721   0.000000   0.000000
 0.512671   0.000000   0.000000
 0.514620   0.000000   0.000000
 0.516569   0.000000   0.000000
 0.518518   0.000000   0.000000
 0.520468   0.000000   0.000000
 0.522417   0.000000   0.000000
 0.524366   0.000000   0.000000
 0.526316   0.000000   0.000000
 0.528265   0.000000   0.000000
 0.530214   0.000000   0.000000
 0.532164   0.000000   0.000000
 0.534113   0.000000   0.000000
 0.536062   0.000000   0.000000
 0.538012   0.000000   0.000000
 0.539961   0.000000   0.000000
 0.541910   0.000000   0.000000
 0.543860   0.000000   0.000000
 0.545809   0.000000   0.000000
 0.547758   0.000000   0.000000
 0.549708   0.000000   0.000000
 0.551657   0.000000   0.000000
 0.553606   0.000000   0.000000
 0.555556   0.000000   0.000000
 0.557505   0.000000   0.000000
 0.559454   0.000000   0.000000
 0.561404   0.000000   0.000000
 0.563353   0.000000   0.000000
 0.565302   0.000000   0.000000
 0.567252   0.000000   0.000000
 0.569201   0.000000   0.000000
 0.571150   0.000000   0.000000
 0.573099   0.000000   0.000000
 0.575049   0.000000   0.000000
 0.576998   0.000000   0.000000
 0.578947   0.000000   0.000000
 0.580897   0.000000   0.000000
 0.582846   0.000000   0.000000
 0.584795   0.000000   0.000000
 0.586745   0.000000   0.000000
 0.588694   0.000000   0.000000
 0.590643   0.000000   0.000000
 0.592593   0.000000   0.000000
 0.594542   0.000000   0.000000
 0.596491   0.000000   0.000000
 0.598441   0.000000   0.000000
 0.600390   0.000000   0.000000
 0.602339   0.000000   0.000000
 0.604289   0.000000   0.000000
 0.606238   0.000000   0.000000
 0.608187   0.000000   0.000000
 0.610136   0.000000   0.000000
 0.612086   0.000000   0.000000
 0.614035   0.000000   0.000000
 0.615984   0.000000   0.000000
 0.617934   0.000000   0.000000
 0.619883   0.000000   0.000000
 0.621832   0.000000   0.000000
 0.623782   0.000000   0.000000
 0.625731   0.000000   0.000000
 0.627680   0.000000   0.000000
 0.629630   0.000000   0.000000
 0.631579   0.000000   0.000000
 0.633528   0.000000   0.000000
 0.635478   0.000000   0.000000
 0.637427   0.000000   0.000000
 0.639376   0.000000   0.000000
 0.641325   0.000000   0.000000
 0.643275   0.000000   0.000000
 0.645224   0.000000   0.000000
 0.647173   0.000000   0.000000
 0.649123   0.000000   0.000000
 0.651072   0.000000   0.000000
 0.653021   0.000000   0.000000
 0.654971   0.000000   0.000000
 0.656920   0.000000   0.000000
 0.658869   0.000000   0.000000
 0.660819   0.000000   0.000000
 0.662768   0.000000   0.000000
 0.664717   0.000000   0.000000
 0.666667   0.000000   0.000000
 0.668616   0.000000   0.000000
 0.670565   0.000000   0.000000
 0.672515   0.000000   0.000000
 0.674464   0.000000   0.000000
 0.676413   0.000000   0.000000
 0.678363   0.000000   0.000000
 0.680312   0.000000   0.000000
 0.682261   0.000000   0.000000
 0.684211   0.000000   0.000000
 0.686160   0.000000   0.000000
 0.688109   0.000000   0.000000
 0.690059   0.000000   0.000000
 0.692008   0.000000   0.000000
 0.693957   0.000000   0.000000
 0.695906   0.000000   0.000000
 0.697856   0.000000   0.000000
 0.699805   0.000000   0.000000
 0.701754   0.000000   0.000000
 0.703704   0.000000   0.000000
 0.705653   0.000000   0.000000
 0.707602   0.000000   0.000000
 0.709552   0.000000   0.000000
 0.711501   0.000000   0.000000
 0.713450   0.000000   0.000000
 0.715400   0.000000   0.000000
 0.717349   0.000000   0.000000
 0.719298   0.000000   0.000000
 0.721248   0.000000   0.000000
 0.723197   0.000000   0.000000
 0.725146   0.000000   0.000000
 0.727096   0.000000   0.000000
 0.729045   0.000000   0.000000
 0.730994   0.000000   0.000000
 0.732943   0.000000   0.000000
 0.734893   0.000000   0.000000
 0.736842   0.000000   0.000000
 0.738791   0.000000   0.000000
 0.740741   0.000000   0.000000
 0.742690   0.000000   0.000000
 0.744639   0.000000   0.000000
 0.746589   0.000000   0.000000
 0.748538   0.000000   0.000000
 0.750487   0.000000   0.000000
 0.752437   0.000000   0.000000
 0.754386   0.000000   0.000000
 0.756335   0.000000   0.000000
 0.758285   0.000000   0.000000
 0.760234   0.000000   0.000000
 0.762183   0.000000   0.000000
 0.764133   0.000000   0.000000
 0.766082   0.000000   0.000000
 0.768031   0.000000   0.000000
 0.769980   0.000000   0.000000
 0.771930   0.000000   0.000000
 0.773879   0.000000   0.000000
 0.775829   0.000000   0.000000
 0.777778   0.000000   0.000000
 0.779727   0.000000   0.000000
 0.781676   0.000000   0.000000
 0.783626   0.000000   0.000000
 0.785575   0.000000   0.000000
 0.787524   0.000000   0.000000
 0.789474   0.000000   0.000000
 0.791423   0.000000   0.000000
 0.793372   0.000000   0.000000
 0.795322   0.000000   0.000000
 0.797271   0.000000   0.000000
 0.799220   0.000000   0.000000
 0.801170   0.000000   0.000000
 0.803119   0.000000   0.000000
 0.805068   0.000000   0.000000
 0.807018   0.000000   0.000000
 0.808967   0.000000   0.000000
 0.810916   0.000000   0.000000
 0.812866   0.000000   0.000000
 0.814815   0.000000   0.000000
 0.816764   0.000000   0.000000
 0.818713   0.000000   0.000000
 0.820663   0.000000   0.000000
 0.822612   0.000000   0.000000
 0.824561   0.000000   0.000000
 0.826511   0.000000   0.000000
 0.828460   0.000000   0.000000
 0.830409   0.000000   0.000000
 0.832359   0.000000   0.000000
 0.834308   0.000000   0.000000
 0.836257   0.000000   0.000000
 0.838207   0.000000   0.000000
 0.840156   0.000000   0.000000
 0.842105   0.000000   0.000000
 0.844055   0.000000   0.000000
 0.846004   0.000000   0.000000
 0.847953   0.000000   0.000000
 0.849903   0.000000   0.000000
 0.851852   0.000000   0.000000
 0.853801   0.000000   0.000000
 0.855750   0.000000   0.000000
 0.857700   0.000000   0.000000
 0.859649   0.000000   0.000000
 0.861598   0.000000   0.000000
 0.863548   0.000000   0.000000
 0.865497   0.000000   0.000000
 0.867446   0.000000   0.000000
 0.869396   0.000000   0.000000
 0.871345   0.000000   0.000000
 0.873294   0.000000   0.000000
 0.875244   0.000000   0.000000
 0.877193   0.000000   0.000000
 0.879142   0.000000   0.000000
 0.881092   0.000000   0.000000
 0.883041   0.000000   0.000000
 0.884990   0.000000   0.000000
 0.886940   0.000000   0.000000
 0.888889   0.000000   0.000000
 0.890838   0.000000   0.000000
 0.892787   0.000000   0.000000
 0.894737   0.000000   0.000000
 0.896686   0.000000   0.000000
 0.898636   0.000000   0.000000
 0.900585   0.000000   0.000000
 0.902534   0.000000   0.000000
 0.904483   0.000000   0.000000
 0.906433   0.000000   0.000000
 0.908382   0.000000   0.000000
 0.910331   0.000000   0.000000
 0.912281   0.000000   0.000000
 0.914230   0.000000   0.000000
 0.916179   0.000000   0.000000
 0.918129   0.000000   0.000000
 0.920078   0.000000   0.000000
 0.922027   0.000000   0.000000
 0.923977   0.000000   0.000000
 0.925926   0.000000   0.000000
 0.927875   0.000000   0.000000
 0.929825   0.000000   0.000000
 0.931774   0.000000   0.000000
 0.933723   0.000000   0.000000
 0.935673   0.000000   0.000000
 0.937622   0.000000   0.000000
 0.939571   0.000000   0.000000
 0.941520   0.000000   0.000000
 0.943470   0.000000   0.000000
 0.945419   0.000000   0.000000
 0.947368   0.000000   0.000000
 0.949318   0.000000   0.000000
 0.951267   0.000000   0.000000
 0.953216   0.000000   0.000000
 0.955166   0.000000   0.000000
 0.957115   0.000000   0.000000
 0.959064   0.000000   0.000000
 0.961014   0.000000   0.000000
 0.962963   0.000000   0.000000
 0.964912   0.000000   0.000000
 0.966862   0.000000   0.000000
 0.968811   0.000000   0.000000
 0.970760   0.000000   0.000000
 0.972710   0.000000   0.000000
 0.974659   0.000000   0.000000
 0.976608   0.000000   0.000000
 0.978557   0.000000   0.000000
 0.980507   0.000000   0.000000
 0.982456   0.000000   0.000000
 0.984406   0.000000   0.000000
 0.986355   0.000000   0.000000
 0.988304   0.000000   0.000000
 0.990253   0.000000   0.000000
 0.992203   0.000000   0.000000
 0.994152   0.000000   0.000000
 0.996101   0.000000   0.000000
 0.998051   0.000000   0.000000
 1.000000   0.000000   0.000000
514 psinorm omgvb(kRad/s) domgvb/dpsiN
 0.000000   0.000000   0.000000
 0.001949   0.000000   0.000000
 0.003899   0.000000   0.000000
 0.005848   0.000000   0.000000
 0.007797   0.000000   0.000000
 0.009747   0.000000   0.000000
 0.011696   0.000000   0.000000
 0.013645   0.000000   0.000000
 0.015595   0.000000   0.000000
 0.017544   0.000000   0.000000
 0.019493   0.000000   0.000000
 0.021442   0.000000   0.000000
 0.023392   0.000000   0.000000
 0.025341   0.000000   0.000000
 0.027290   0.000000   0.000000
 0.029240   0.000000   0.000000
 0.031189   0.000000   0.000000
 0.033138   0.000000   0.000000
 0.035088   0.000000   0.000000
 0.037037   0.000000   0.000000
 0.038986   0.000000   0.000000
 0.040936   0.000000   0.000000
 0.042885   0.000000   0.000000
 0.044834   0.000000   0.000000
 0.046784   0.000000   0.000000
 0.048733   0.000000   0.000000
 0.050682   0.000000   0.000000
 0.052632   0.000000   0.000000
 0.054581   0.000000   0.000000
 0.056530   0.000000   0.000000
 0.058480   0.000000   0.000000
 0.060429   0.000000   0.000000
 0.062378   0.000000   0.000000
 0.064327   0.000000   0.000000
 0.066277   0.000000   0.000000
 0.068226   0.000000   0.000000
 0.070175   0.000000   0.000000
 0.072125   0.000000   0.000000
 0.074074   0.000000   0.000000
 0.076023   0.000000   0.000000
 0.077973   0.000000   0.000000
 0.079922   0.000000   0.000000
 0.081871   0.000000   0.000000
 0.083821   0.000000   0.000000
 0.085770   0.000000   0.000000
 0.087719   0.000000   0.000000
 0.089669   0.000000   0.000000
 0.091618   0.000000   0.000000
 0.093567   0.000000   0.000000
 0.095517   0.000000   0.000000
 0.097466   0.000000   0.000000
 0.099415   0.000000   0.000000
 0.101364   0.000000   0.000000
 0.103314   0.000000   0.000000
 0.105263   0.000000   0.000000
 0.107213   0.000000   0.000000
 0.109162   0.000000   0.000000
 0.111111   0.000000   0.000000
 0.113060   0.000000   0.000000
 0.115010   0.000000   0.000000
 0.116959   0.000000   0.000000
 0.118908   0.000000   0.000000
 0.120858   0.000000   0.000000
 0.122807   0.000000   0.000000
 0.124756   0.000000   0.000000
 0.126706   0.000000   0.000000
 0.128655   0.000000   0.000000
 0.130604   0.000000   0.000000
 0.132554   0.000000   0.000000
 0.134503   0.000000   0.000000
 0.136452   0.000000   0.000000
 0.138402   0.000000   0.000000
 0.140351   0.000000   0.000000
 0.142300   0.000000   0.000000
 0.144250   0.000000   0.000000
 0.146199   0.000000   0.000000
 0.148148   0.000000   0.000000
 0.150097   0.000000   0.000000
 0.152047   0.000000   0.000000
 0.153996   0.000000   0.000000
 0.155945   0.000000   0.000000
 0.157895   0.000000   0.000000
 0.159844   0.000000   0.000000
 0.161793   0.000000   0.000000
 0.163743   0.000000   0.000000
 0.165692   0.000000   0.000000
 0.167641   0.000000   0.000000
 0.169591   0.000000   0.000000
 0.171540   0.000000   0.000000
 0.173489   0.000000   0.000000
 0.175439   0.000000   0.000000
 0.177388   0.000000   0.000000
 0.179337   0.000000   0.000000
 0.181286   0.000000   0.000000
 0.183236   0.000000   0.000000
 0.185185   0.000000   0.000000
 0.187135   0.000000   0.000000
 0.189084   0.000000   0.000000
 0.191033   0.000000   0.000000
 0.192983   0.000000   0.000000
 0.194932   0.000000   0.000000
 0.196881   0.000000   0.000000
 0.198830   0.000000   0.000000
 0.200780   0.000000   0.000000
 0.202729   0.000000   0.000000
 0.204678   0.000000   0.000000
 0.206628   0.000000   0.000000
 0.208577   0.000000   0.000000
 0.210526   0.000000   0.000000
 0.212476   0.000000   0.000000
 0.214425   0.000000   0.000000
 0.216374   0.000000   0.000000
 0.218324   0.000000   0.000000
 0.220273   0.000000   0.000000
 0.222222   0.000000   0.000000
 0.224171   0.000000   0.000000
 0.226121   0.000000   0.000000
 0.228070   0.000000   0.000000
 0.230019   0.000000   0.000000
 0.231969   0.000000   0.000000
 0.233918   0.000000   0.000000
 0.235867   0.000000   0.000000
 0.237817   0.000000   0.000000
 0.239766   0.000000   0.000000
 0.241715   0.000000   0.000000
 0.243665   0.000000   0.000000
 0.245614   0.000000   0.000000
 0.247563   0.000000   0.000000
 0.249513   0.000000   0.000000
 0.251462   0.000000   0.000000
 0.253411   0.000000   0.000000
 0.255361   0.000000   0.000000
 0.257310   0.000000   0.000000
 0.259259   0.000000   0.000000
 0.261209   0.000000   0.000000
 0.263158   0.000000   0.000000
 0.265107   0.000000   0.000000
 0.267056   0.000000   0.000000
 0.269006   0.000000   0.000000
 0.270955   0.000000   0.000000
 0.272904   0.000000   0.000000
 0.274854   0.000000   0.000000
 0.276803   0.000000   0.000000
 0.278752   0.000000   0.000000
 0.280702   0.000000   0.000000
 0.282651   0.000000   0.000000
 0.284600   0.000000   0.000000
 0.286550   0.000000   0.000000
 0.288499   0.000000   0.000000
 0.290448   0.000000   0.000000
 0.292398   0.000000   0.000000
 0.294347   0.000000   0.000000
 0.296296   0.000000   0.000000
 0.298246   0.000000   0.000000
 0.300195   0.000000   0.000000
 0.302144   0.000000   0.000000
 0.304094   0.000000   0.000000
 0.306043   0.000000   0.000000
 0.307992   0.000000   0.000000
 0.309941   0.000000   0.000000
 0.311891   0.000000   0.000000
 0.313840   0.000000   0.000000
 0.315790   0.000000   0.000000
 0.317739   0.000000   0.000000
 0.319688   0.000000   0.000000
 0.321637   0.000000   0.000000
 0.323587   0.000000   0.000000
 0.325536   0.000000   0.000000
 0.327485   0.000000   0.000000
 0.329435   0.000000   0.000000
 0.331384   0.000000   0.000000
 0.333333   0.000000   0.000000
 0.335283   0.000000   0.000000
 0.337232   0.000000   0.000000
 0.339181   0.000000   0.000000
 0.341131   0.000000   0.000000
 0.343080   0.000000   0.000000
 0.345029   0.000000   0.000000
 0.346979   0.000000   0.000000
 0.348928   0.000000   0.000000
 0.350877   0.000000   0.000000
 0.352826   0.000000   0.000000
 0.354776   0.000000   0.000000
 0.356725   0.000000   0.000000
 0.358675   0.000000   0.000000
 0.360624   0.000000   0.000000
 0.362573   0.000000   0.000000
 0.364522   0.000000   0.000000
 0.366472   0.000000   0.000000
 0.368421   0.000000   0.000000
 0.370370   0.000000   0.000000
 0.372320   0.000000   0.000000
 0.374269   0.000000   0.000000
 0.376218   0.000000   0.000000
 0.378168   0.000000   0.000000
 0.380117   0.000000   0.000000
 0.382066   0.000000   0.000000
 0.384016   0.000000   0.000000
 0.385965   0.000000   0.000000
 0.387914   0.000000   0.000000
 0.389863   0.000000   0.000000
 0.391813   0.000000   0.000000
 0.393762   0.000000   0.000000
 0.395711   0.000000   0.000000
 0.397661   0.000000   0.000000
 0.399610   0.000000   0.000000
 0.401560   0.000000   0.000000
 0.403509   0.000000   0.000000
 0.405458   0.000000   0.000000
 0.407407   0.000000   0.000000
 0.409357   0.000000   0.000000
 0.411306   0.000000   0.000000
 0.413255   0.000000   0.000000
 0.415205   0.000000   0.000000
 0.417154   0.000000   0.000000
 0.419103   0.000000   0.000000
 0.421053   0.000000   0.000000
 0.423002   0.000000   0.000000
 0.424951   0.000000   0.000000
 0.426901   0.000000   0.000000
 0.428850   0.000000   0.000000
 0.430799   0.000000   0.000000
 0.432748   0.000000   0.000000
 0.434698   0.000000   0.000000
 0.436647   0.000000   0.000000
 0.438597   0.000000   0.000000
 0.440546   0.000000   0.000000
 0.442495   0.000000   0.000000
 0.444444   0.000000   0.000000
 0.446394   0.000000   0.000000
 0.448343   0.000000   0.000000
 0.450292   0.000000   0.000000
 0.452242   0.000000   0.000000
 0.454191   0.000000   0.000000
 0.456140   0.000000   0.000000
 0.458090   0.000000   0.000000
 0.460039   0.000000   0.000000
 0.461988   0.000000   0.000000
 0.463938   0.000000   0.000000
 0.465887   0.000000   0.000000
 0.467836   0.000000   0.000000
 0.469786   0.000000   0.000000
 0.471735   0.000000   0.000000
 0.473684   0.000000   0.000000
 0.475633   0.000000   0.000000
 0.477583   0.000000   0.000000
 0.479532   0.000000   0.000000
 0.481482   0.000000   0.000000
 0.483431   0.000000   0.000000
 0.485380   0.000000   0.000000
 0.487329   0.000000   0.000000
 0.489279   0.000000   0.000000
 0.491228   0.000000   0.000000
 0.493177   0.000000   0.000000
 0.495127   0.000000   0.000000
 0.497076   0.000000   0.000000
 0.499025   0.000000   0.000000
 0.500975   0.000000   0.000000
 0.502924   0.000000   0.000000
 0.504873   0.000000   0.000000
 0.506823   0.000000   0.000000
 0.508772   0.000000   0.000000
 0.510721   0.000000   0.000000
 0.512671   0.000000   0.000000
 0.514620   0.000000   0.000000
 0.516569   0.000000   0.000000
 0.518518   0.000000   0.000000
 0.520468   0.000000   0.000000
 0.522417   0.000000   0.000000
 0.524366   0.000000   0.000000
 0.526316   0.000000   0.000000
 0.528265   0.000000   0.000000
 0.530214   0.000000   0.000000
 0.532164   0.000000   0.000000
 0.534113   0.000000   0.000000
 0.536062   0.000000   0.000000
 0.538012   0.000000   0.000000
 0.539961   0.000000   0.000000
 0.541910   0.000000   0.000000
 0.543860   0.000000   0.000000
 0.545809   0.000000   0.000000
 0.547758   0.000000   0.000000
 0.549708   0.000000   0.000000
 0.551657   0.000000   0.000000
 0.553606   0.000000   0.000000
 0.555556   0.000000   0.000000
 0.557505   0.000000   0.000000
 0.559454   0.000000   0.000000
 0.561404   0.000000   0.000000
 0.563353   0.000000   0.000000
 0.565302   0.000000   0.000000
 0.567252   0.000000   0.000000
 0.569201   0.000000   0.000000
 0.571150   0.000000   0.000000
 0.573099   0.000000   0.000000
 0.575049   0.000000   0.000000
 0.576998   0.000000   0.000000
 0.578947   0.000000   0.000000
 0.580897   0.000000   0.000000
 0.582846   0.000000   0.000000
 0.584795   0.000000   0.000000
 0.586745   0.000000   0.000000
 0.588694   0.000000   0.000000
 0.590643   0.000000   0.000000
 0.592593   0.000000   0.000000
 0.594542   0.000000   0.000000
 0.596491   0.000000   0.000000
 0.598441   0.000000   0.000000
 0.600390   0.000000   0.000000
 0.602339   0.000000   0.000000
 0.604289   0.000000   0.000000
 0.606238   0.000000   0.000000
 0.608187   0.000000   0.000000
 0.610136   0.000000   0.000000
 0.612086   0.000000   0.000000
 0.614035   0.000000   0.000000
 0.615984   0.000000   0.000000
 0.617934   0.000000   0.000000
 0.619883   0.000000   0.000000
 0.621832   0.000000   0.000000
 0.623782   0.000000   0.000000
 0.625731   0.000000   0.000000
 0.627680   0.000000   0.000000
 0.629630   0.000000   0.000000
 0.631579   0.000000   0.000000
 0.633528   0.000000   0.000000
 0.635478   0.000000   0.000000
 0.637427   0.000000   0.000000
 0.639376   0.000000   0.000000
 0.641325   0.000000   0.000000
 0.643275   0.000000   0.000000
 0.645224   0.000000   0.000000
 0.647173   0.000000   0.000000
 0.649123   0.000000   0.000000
 0.651072   0.000000   0.000000
 0.653021   0.000000   0.000000
 0.654971   0.000000   0.000000
 0.656920   0.000000   0.000000
 0.658869   0.000000   0.000000
 0.660819   0.000000   0.000000
 0.662768   0.000000   0.000000
 0.664717   0.000000   0.000000
 0.666667   0.000000   0.000000
 0.668616   0.000000   0.000000
 0.670565   0.000000   0.000000
 0.672515   0.000000   0.000000
 0.674464   0.000000   0.000000
 0.676413   0.000000   0.000000
 0.678363   0.000000   0.000000
 0.680312   0.000000   0.000000
 0.682261   0.000000   0.000000
 0.684211   0.000000   0.000000
 0.686160   0.000000   0.000000
 0.688109   0.000000   0.000000
 0.690059   0.000000   0.000000
 0.692008   0.000000   0.000000
 0.693957   0.000000   0.000000
 0.695906   0.000000   0.000000
 0.697856   0.000000   0.000000
 0.699805   0.000000   0.000000
 0.701754   0.000000   0.000000
 0.703704   0.000000   0.000000
 0.705653   0.000000   0.000000
 0.707602   0.000000   0.000000
 0.709552   0.000000   0.000000
 0.711501   0.000000   0.000000
 0.713450   0.000000   0.000000
 0.715400   0.000000   0.000000
 0.717349   0.000000   0.000000
 0.719298   0.000000   0.000000
 0.721248   0.000000   0.000000
 0.723197   0.000000   0.000000
 0.725146   0.000000   0.000000
 0.727096   0.000000   0.000000
 0.729045   0.000000   0.000000
 0.730994   0.000000   0.000000
 0.732943   0.000000   0.000000
 0.734893   0.000000   0.000000
 0.736842   0.000000   0.000000
 0.738791   0.000000   0.000000
 0.740741   0.000000   0.000000
 0.742690   0.000000   0.000000
 0.744639   0.000000   0.000000
 0.746589   0.000000   0.000000
 0.748538   0.000000   0.000000
 0.750487   0.000000   0.000000
 0.752437   0.000000   0.000000
 0.754386   0.000000   0.000000
 0.756335   0.000000   0.000000
 0.758285   0.000000   0.000000
 0.760234   0.000000   0.000000
 0.762183   0.000000   0.000000
 0.764133   0.000000   0.000000
 0.766082   0.000000   0.000000
 0.768031   0.000000   0.000000
 0.769980   0.000000   0.000000
 0.771930   0.000000   0.000000
 0.773879   0.000000   0.000000
 0.775829   0.000000   0.000000
 0.777778   0.000000   0.000000
 0.779727   0.000000   0.000000
 0.781676   0.000000   0.000000
 0.783626   0.000000   0.000000
 0.785575   0.000000   0.000000
 0.787524   0.000000   0.000000
 0.789474   0.000000   0.000000
 0.791423   0.000000   0.000000
 0.793372   0.000000   0.000000
 0.795322   0.000000   0.000000
 0.797271   0.000000   0.000000
 0.799220   0.000000   0.000000
 0.801170   0.000000   0.000000
 0.803119   0.000000   0.000000
 0.805068   0.000000   0.000000
 0.807018   0.000000   0.000000
 0.808967   0.000000   0.000000
 0.810916   0.000000   0.000000
 0.812866   0.000000   0.000000
 0.814815   0.000000   0.000000
 0.816764   0.000000   0.000000
 0.818713   0.000000   0.000000
 0.820663   0.000000   0.000000
 0.822612   0.000000   0.000000
 0.824561   0.000000   0.000000
 0.826511   0.000000   0.000000
 0.828460   0.000000   0.000000
 0.830409   0.000000   0.000000
 0.832359   0.000000   0.000000
 0.834308   0.000000   0.000000
 0.836257   0.000000   0.000000
 0.838207   0.000000   0.000000
 0.840156   0.000000   0.000000
 0.842105   0.000000   0.000000
 0.844055   0.000000   0.000000
 0.846004   0.000000   0.000000
 0.847953   0.000000   0.000000
 0.849903   0.000000   0.000000
 0.851852   0.000000   0.000000
 0.853801   0.000000   0.000000
 0.855750   0.000000   0.000000
 0.857700   0.000000   0.000000
 0.859649   0.000000   0.000000
 0.861598   0.000000   0.000000
 0.863548   0.000000   0.000000
 0.865497   0.000000   0.000000
 0.867446   0.000000   0.000000
 0.869396   0.000000   0.000000
 0.871345   0.000000   0.000000
 0.873294   0.000000   0.000000
 0.875244   0.000000   0.000000
 0.877193   0.000000   0.000000
 0.879142   0.000000   0.000000
 0.881092   0.000000   0.000000
 0.883041   0.000000   0.000000
 0.884990   0.000000   0.000000
 0.886940   0.000000   0.000000
 0.888889   0.000000   0.000000
 0.890838   0.000000   0.000000
 0.892787   0.000000   0.000000
 0.894737   0.000000   0.000000
 0.896686   0.000000   0.000000
 0.898636   0.000000   0.000000
 0.900585   0.000000   0.000000
 0.902534   0.000000   0.000000
 0.904483   0.000000   0.000000
 0.906433   0.000000   0.000000
 0.908382   0.000000   0.000000
 0.910331   0.000000   0.000000
 0.912281   0.000000   0.000000
 0.914230   0.000000   0.000000
 0.916179   0.000000   0.000000
 0.918129   0.000000   0.000000
 0.920078   0.000000   0.000000
 0.922027   0.000000   0.000000
 0.923977   0.000000   0.000000
 0.925926   0.000000   0.000000
 0.927875   0.000000   0.000000
 0.929825   0.000000   0.000000
 0.931774   0.000000   0.000000
 0.933723   0.000000   0.000000
 0.935673   0.000000   0.000000
 0.937622   0.000000   0.000000
 0.939571   0.000000   0.000000
 0.941520   0.000000   0.000000
 0.943470   0.000000   0.000000
 0.945419   0.000000   0.000000
 0.947368   0.000000   0.000000
 0.949318   0.000000   0.000000
 0.951267   0.000000   0.000000
 0.953216   0.000000   0.000000
 0.955166   0.000000   0.000000
 0.957115   0.000000   0.000000
 0.959064   0.000000   0.000000
 0.961014   0.000000   0.000000
 0.962963   0.000000   0.000000
 0.964912   0.000000   0.000000
 0.966862   0.000000   0.000000
 0.968811   0.000000   0.000000
 0.970760   0.000000   0.000000
 0.972710   0.000000   0.000000
 0.974659   0.000000   0.000000
 0.976608   0.000000   0.000000
 0.978557   0.000000   0.000000
 0.980507   0.000000   0.000000
 0.982456   0.000000   0.000000
 0.984406   0.000000   0.000000
 0.986355   0.000000   0.000000
 0.988304   0.000000   0.000000
 0.990253   0.000000   0.000000
 0.992203   0.000000   0.000000
 0.994152   0.000000   0.000000
 0.996101   0.000000   0.000000
 0.998051   0.000000   0.000000
 1.000000   0.000000   0.000000
