514 psinorm ne(10^20/m^3) dne/dpsiN
 0.000000   0.660095   -0.733803
 0.001949   0.658664   -0.742500
 0.003899   0.657200   -0.754519
 0.005848   0.655723   -0.759521
 0.007797   0.654239   -0.762485
 0.009747   0.652750   -0.763998
 0.011696   0.651260   -0.764980
 0.013645   0.649768   -0.765773
 0.015595   0.648274   -0.765737
 0.017544   0.646782   -0.765789
 0.019493   0.645289   -0.765747
 0.021442   0.643797   -0.765304
 0.023392   0.642305   -0.764648
 0.025341   0.640816   -0.764084
 0.027290   0.639327   -0.763333
 0.029240   0.637840   -0.762674
 0.031189   0.636353   -0.761805
 0.033138   0.634870   -0.760749
 0.035088   0.633387   -0.759787
 0.037037   0.631908   -0.758618
 0.038986   0.630430   -0.757563
 0.040936   0.628954   -0.756601
 0.042885   0.627480   -0.755434
 0.044834   0.626009   -0.754080
 0.046784   0.624540   -0.753120
 0.048733   0.623073   -0.751657
 0.050682   0.621610   -0.750306
 0.052632   0.620147   -0.749050
 0.054581   0.618689   -0.747591
 0.056530   0.617233   -0.746542
 0.058480   0.615779   -0.744992
 0.060429   0.614329   -0.743538
 0.062378   0.612880   -0.742289
 0.064327   0.611435   -0.740653
 0.066277   0.609993   -0.739405
 0.068226   0.608552   -0.737958
 0.070175   0.607116   -0.736327
 0.072125   0.605681   -0.735085
 0.074074   0.604250   -0.733349
 0.076023   0.602823   -0.731725
 0.077973   0.601397   -0.730488
 0.079922   0.599974   -0.729052
 0.081871   0.598555   -0.727433
 0.083821   0.597138   -0.725908
 0.085770   0.595725   -0.724186
 0.087719   0.594315   -0.722575
 0.089669   0.592907   -0.721348
 0.091618   0.591503   -0.719633
 0.093567   0.590102   -0.718028
 0.095517   0.588703   -0.716516
 0.097466   0.587309   -0.715098
 0.099415   0.585916   -0.713591
 0.101364   0.584527   -0.711706
 0.103314   0.583141   -0.709914
 0.105263   0.581759   -0.708414
 0.107213   0.580379   -0.706916
 0.109162   0.579003   -0.705510
 0.111111   0.577629   -0.704017
 0.113060   0.576259   -0.701861
 0.115010   0.574892   -0.700371
 0.116959   0.573528   -0.698975
 0.118908   0.572168   -0.697115
 0.120858   0.570810   -0.695632
 0.122807   0.569455   -0.694242
 0.124756   0.568104   -0.692390
 0.126706   0.566756   -0.690629
 0.128655   0.565411   -0.689245
 0.130604   0.564069   -0.687402
 0.132554   0.562731   -0.685649
 0.134503   0.561396   -0.684272
 0.136452   0.560063   -0.682438
 0.138402   0.558735   -0.680693
 0.140351   0.557409   -0.679323
 0.142300   0.556087   -0.677496
 0.144250   0.554768   -0.676041
 0.146199   0.553451   -0.674396
 0.148148   0.552139   -0.672665
 0.150097   0.550829   -0.671131
 0.152047   0.549522   -0.669124
 0.153996   0.548220   -0.667489
 0.155945   0.546920   -0.665963
 0.157895   0.545623   -0.664525
 0.159844   0.544329   -0.662897
 0.161793   0.543039   -0.660820
 0.163743   0.541753   -0.659389
 0.165692   0.540468   -0.657769
 0.167641   0.539189   -0.655979
 0.169591   0.537911   -0.654556
 0.171540   0.536637   -0.652666
 0.173489   0.535367   -0.650885
 0.175439   0.534099   -0.649469
 0.177388   0.532834   -0.647864
 0.179337   0.531574   -0.646176
 0.181286   0.530316   -0.644407
 0.183236   0.529061   -0.642724
 0.185185   0.527810   -0.641045
 0.187135   0.526562   -0.639368
 0.189084   0.525317   -0.637779
 0.191033   0.524076   -0.636024
 0.192983   0.522837   -0.634355
 0.194932   0.521602   -0.632773
 0.196881   0.520370   -0.631382
 0.198830   0.519141   -0.629366
 0.200780   0.517916   -0.627708
 0.202729   0.516694   -0.626408
 0.204678   0.515475   -0.624401
 0.206628   0.514259   -0.622750
 0.208577   0.513047   -0.621186
 0.210526   0.511838   -0.619459
 0.212476   0.510631   -0.617817
 0.214425   0.509429   -0.616260
 0.216374   0.508229   -0.614542
 0.218324   0.507033   -0.612907
 0.220273   0.505839   -0.611358
 0.222222   0.504650   -0.609460
 0.224171   0.503464   -0.607754
 0.226121   0.502280   -0.606398
 0.228070   0.501099   -0.604859
 0.230019   0.499922   -0.602892
 0.231969   0.498749   -0.601009
 0.233918   0.497579   -0.599744
 0.235867   0.496411   -0.598055
 0.237817   0.495247   -0.596180
 0.239766   0.494086   -0.594921
 0.241715   0.492928   -0.592974
 0.243665   0.491774   -0.591373
 0.245614   0.490622   -0.589856
 0.247563   0.489475   -0.587918
 0.249513   0.488330   -0.586590
 0.251462   0.487188   -0.584816
 0.253411   0.486050   -0.583151
 0.255361   0.484914   -0.581566
 0.257310   0.483783   -0.579800
 0.259259   0.482654   -0.578407
 0.261209   0.481528   -0.576567
 0.263158   0.480406   -0.574809
 0.265107   0.479287   -0.573501
 0.267056   0.478171   -0.571855
 0.269006   0.477057   -0.570026
 0.270955   0.475948   -0.568279
 0.272904   0.474842   -0.566642
 0.274854   0.473739   -0.565344
 0.276803   0.472638   -0.563605
 0.278752   0.471542   -0.561715
 0.280702   0.470448   -0.560424
 0.282651   0.469357   -0.558693
 0.284600   0.468270   -0.557071
 0.286550   0.467185   -0.555528
 0.288499   0.466104   -0.553545
 0.290448   0.465027   -0.552191
 0.292398   0.463951   -0.550656
 0.294347   0.462880   -0.548940
 0.296296   0.461811   -0.547335
 0.298246   0.460746   -0.545549
 0.300195   0.459684   -0.544099
 0.302144   0.458625   -0.542246
 0.304094   0.457570   -0.540725
 0.306043   0.456517   -0.539282
 0.307992   0.455468   -0.537510
 0.309941   0.454422   -0.535924
 0.311891   0.453378   -0.534413
 0.313840   0.452338   -0.532906
 0.315790   0.451301   -0.531145
 0.317739   0.450267   -0.529460
 0.319688   0.449237   -0.527960
 0.321637   0.448209   -0.526390
 0.323587   0.447184   -0.524640
 0.325536   0.446163   -0.522966
 0.327485   0.445146   -0.521404
 0.329435   0.444130   -0.519915
 0.331384   0.443119   -0.518501
 0.333333   0.442109   -0.516694
 0.335283   0.441104   -0.514960
 0.337232   0.440101   -0.513554
 0.339181   0.439102   -0.511755
 0.341131   0.438106   -0.510281
 0.343080   0.437113   -0.508882
 0.345029   0.436123   -0.507091
 0.346979   0.435136   -0.505374
 0.348928   0.434152   -0.503981
 0.350877   0.433171   -0.502519
 0.352826   0.432193   -0.500740
 0.354776   0.431219   -0.499033
 0.356725   0.430248   -0.497580
 0.358675   0.429279   -0.496127
 0.360624   0.428313   -0.494498
 0.362573   0.427351   -0.492802
 0.364522   0.426392   -0.491041
 0.366472   0.425436   -0.489598
 0.368421   0.424483   -0.488227
 0.370370   0.423533   -0.486474
 0.372320   0.422586   -0.484790
 0.374269   0.421643   -0.483426
 0.376218   0.420702   -0.481928
 0.378168   0.419764   -0.480252
 0.380117   0.418830   -0.478647
 0.382066   0.417898   -0.476911
 0.384016   0.416970   -0.475489
 0.385965   0.416044   -0.473892
 0.387914   0.415123   -0.472230
 0.389863   0.414204   -0.470995
 0.391813   0.413286   -0.469337
 0.393762   0.412374   -0.467504
 0.395711   0.411464   -0.466031
 0.397661   0.410557   -0.464626
 0.399610   0.409653   -0.462980
 0.401560   0.408751   -0.461335
 0.403509   0.407854   -0.459759
 0.405458   0.406959   -0.458363
 0.407407   0.406067   -0.456662
 0.409357   0.405179   -0.455027
 0.411306   0.404293   -0.453704
 0.413255   0.403410   -0.452252
 0.415205   0.402530   -0.450625
 0.417154   0.401653   -0.448823
 0.419103   0.400780   -0.447380
 0.421053   0.399909   -0.446002
 0.423002   0.399041   -0.444449
 0.424951   0.398177   -0.442771
 0.426901   0.397315   -0.441159
 0.428850   0.396456   -0.439614
 0.430799   0.395601   -0.438007
 0.432748   0.394749   -0.436580
 0.434698   0.393899   -0.435218
 0.436647   0.393052   -0.433379
 0.438597   0.392209   -0.431782
 0.440546   0.391369   -0.430490
 0.442495   0.390531   -0.428898
 0.444444   0.389697   -0.427485
 0.446394   0.388864   -0.425897
 0.448343   0.388036   -0.424374
 0.450292   0.387210   -0.422731
 0.452242   0.386388   -0.421150
 0.454191   0.385568   -0.419634
 0.456140   0.384752   -0.417998
 0.458090   0.383938   -0.416663
 0.460039   0.383128   -0.415153
 0.461988   0.382320   -0.413525
 0.463938   0.381515   -0.412195
 0.465887   0.380713   -0.410693
 0.467836   0.379914   -0.408836
 0.469786   0.379119   -0.407513
 0.471735   0.378326   -0.406017
 0.473684   0.377536   -0.404463
 0.475633   0.376749   -0.402853
 0.477583   0.375966   -0.401304
 0.479532   0.375184   -0.399992
 0.481482   0.374406   -0.398213
 0.483431   0.373632   -0.396730
 0.485380   0.372859   -0.395425
 0.487329   0.372090   -0.393830
 0.489279   0.371324   -0.392294
 0.491228   0.370561   -0.390820
 0.493177   0.369801   -0.389232
 0.495127   0.369043   -0.387704
 0.497076   0.368289   -0.386236
 0.499025   0.367538   -0.384656
 0.500975   0.366789   -0.383135
 0.502924   0.366044   -0.381906
 0.504873   0.365300   -0.380333
 0.506823   0.364561   -0.378586
 0.508772   0.363824   -0.377131
 0.510721   0.363091   -0.375566
 0.512671   0.362360   -0.374290
 0.514620   0.361631   -0.372841
 0.516569   0.360907   -0.371107
 0.518518   0.360185   -0.369552
 0.520468   0.359466   -0.368284
 0.522417   0.358749   -0.366844
 0.524366   0.358036   -0.365065
 0.526316   0.357326   -0.363573
 0.528265   0.356618   -0.362140
 0.530214   0.355914   -0.360828
 0.532164   0.355211   -0.359343
 0.534113   0.354513   -0.357686
 0.536062   0.353817   -0.356152
 0.538012   0.353124   -0.354674
 0.539961   0.352434   -0.353253
 0.541910   0.351747   -0.351726
 0.543860   0.351063   -0.350026
 0.545809   0.350382   -0.348611
 0.547758   0.349704   -0.347320
 0.549708   0.349028   -0.345855
 0.551657   0.348355   -0.344218
 0.553606   0.347686   -0.342706
 0.555556   0.347019   -0.341475
 0.557505   0.346355   -0.339845
 0.559454   0.345695   -0.338112
 0.561404   0.345037   -0.336888
 0.563353   0.344381   -0.335491
 0.565302   0.343729   -0.333766
 0.567252   0.343080   -0.332321
 0.569201   0.342433   -0.330931
 0.571150   0.341790   -0.329491
 0.573099   0.341149   -0.327776
 0.575049   0.340512   -0.326340
 0.576998   0.339877   -0.325183
 0.578947   0.339244   -0.323476
 0.580897   0.338615   -0.321820
 0.582846   0.337989   -0.320669
 0.584795   0.337365   -0.319194
 0.586745   0.336745   -0.317546
 0.588694   0.336127   -0.315950
 0.590643   0.335513   -0.314483
 0.592593   0.334901   -0.313066
 0.594542   0.334293   -0.311701
 0.596491   0.333686   -0.310241
 0.598441   0.333083   -0.308606
 0.600390   0.332483   -0.307247
 0.602339   0.331885   -0.305793
 0.604289   0.331291   -0.304389
 0.606238   0.330699   -0.302813
 0.608187   0.330110   -0.301191
 0.610136   0.329524   -0.299746
 0.612086   0.328941   -0.298351
 0.614035   0.328361   -0.297006
 0.615984   0.327784   -0.295567
 0.617934   0.327209   -0.293956
 0.619883   0.326638   -0.292394
 0.621832   0.326069   -0.290963
 0.623782   0.325503   -0.289580
 0.625731   0.324940   -0.288025
 0.627680   0.324380   -0.286600
 0.629630   0.323823   -0.285224
 0.631579   0.323268   -0.283675
 0.633528   0.322717   -0.282036
 0.635478   0.322169   -0.280666
 0.637427   0.321622   -0.279344
 0.639376   0.321080   -0.277757
 0.641325   0.320540   -0.276348
 0.643275   0.320002   -0.274766
 0.645224   0.319468   -0.273231
 0.647173   0.318937   -0.271829
 0.649123   0.318409   -0.270473
 0.651072   0.317883   -0.268944
 0.653021   0.317360   -0.267329
 0.654971   0.316840   -0.265980
 0.656920   0.316323   -0.264676
 0.658869   0.315809   -0.263068
 0.660819   0.315297   -0.261505
 0.662768   0.314789   -0.260208
 0.664717   0.314283   -0.258607
 0.666667   0.313781   -0.257050
 0.668616   0.313281   -0.255758
 0.670565   0.312784   -0.254164
 0.672515   0.312290   -0.252614
 0.674464   0.311799   -0.251328
 0.676413   0.311310   -0.249741
 0.678363   0.310825   -0.248415
 0.680312   0.310342   -0.246916
 0.682261   0.309863   -0.245335
 0.684211   0.309385   -0.244016
 0.686160   0.308911   -0.242305
 0.688109   0.308441   -0.240949
 0.690059   0.307972   -0.239636
 0.692008   0.307506   -0.237931
 0.693957   0.307044   -0.236405
 0.695906   0.306585   -0.235058
 0.697856   0.306128   -0.233535
 0.699805   0.305674   -0.232056
 0.701754   0.305223   -0.230715
 0.703704   0.304775   -0.229198
 0.705653   0.304330   -0.227508
 0.707602   0.303888   -0.225957
 0.709552   0.303449   -0.224663
 0.711501   0.303012   -0.223411
 0.713450   0.302578   -0.221651
 0.715400   0.302148   -0.220147
 0.717349   0.301719   -0.218900
 0.719298   0.301294   -0.217146
 0.721248   0.300873   -0.215648
 0.723197   0.300454   -0.214407
 0.725146   0.300037   -0.212876
 0.727096   0.299624   -0.211168
 0.729045   0.299214   -0.209717
 0.730994   0.298806   -0.208445
 0.732943   0.298401   -0.206708
 0.734893   0.298000   -0.205224
 0.736842   0.297601   -0.203994
 0.738791   0.297205   -0.202264
 0.740741   0.296812   -0.200786
 0.742690   0.296422   -0.199347
 0.744639   0.296035   -0.197837
 0.746589   0.295651   -0.196365
 0.748538   0.295270   -0.194717
 0.750487   0.294892   -0.193214
 0.752437   0.294516   -0.191748
 0.754386   0.294144   -0.190319
 0.756335   0.293774   -0.188823
 0.758285   0.293408   -0.187148
 0.760234   0.293045   -0.185725
 0.762183   0.292684   -0.184235
 0.764133   0.292326   -0.182566
 0.766082   0.291972   -0.181148
 0.768031   0.291620   -0.179698
 0.769980   0.291272   -0.178216
 0.771930   0.290925   -0.176555
 0.773879   0.290583   -0.174897
 0.775829   0.290243   -0.173668
 0.777778   0.289906   -0.172046
 0.779727   0.289573   -0.170393
 0.781676   0.289242   -0.168924
 0.783626   0.288914   -0.167274
 0.785575   0.288590   -0.165873
 0.787524   0.288268   -0.164410
 0.789474   0.287949   -0.162766
 0.791423   0.287633   -0.161156
 0.793372   0.287321   -0.159699
 0.795322   0.287010   -0.158060
 0.797271   0.286704   -0.156455
 0.799220   0.286400   -0.155004
 0.801170   0.286100   -0.153371
 0.803119   0.285803   -0.151984
 0.805068   0.285507   -0.150326
 0.807018   0.285216   -0.148699
 0.808967   0.284928   -0.147103
 0.810916   0.284643   -0.145663
 0.812866   0.284360   -0.144254
 0.814815   0.284081   -0.142451
 0.816764   0.283804   -0.140832
 0.818713   0.283532   -0.139400
 0.820663   0.283261   -0.137998
 0.822612   0.282994   -0.136413
 0.824561   0.282729   -0.134774
 0.826511   0.282468   -0.133164
 0.828460   0.282210   -0.131795
 0.830409   0.281954   -0.130162
 0.832359   0.281703   -0.128557
 0.834308   0.281453   -0.127405
 0.836257   0.281206   -0.125777
 0.838207   0.280963   -0.124389
 0.840156   0.280721   -0.123029
 0.842105   0.280483   -0.121406
 0.844055   0.280248   -0.120234
 0.846004   0.280014   -0.118878
 0.847953   0.279784   -0.117684
 0.849903   0.279555   -0.116517
 0.851852   0.279330   -0.115165
 0.853801   0.279107   -0.114212
 0.855750   0.278885   -0.113237
 0.857700   0.278665   -0.112287
 0.859649   0.278447   -0.111575
 0.861598   0.278230   -0.110815
 0.863548   0.278015   -0.110293
 0.865497   0.277800   -0.110010
 0.867446   0.277586   -0.109677
 0.869396   0.277372   -0.109582
 0.871345   0.277159   -0.109938
 0.873294   0.276944   -0.110667
 0.875244   0.276727   -0.111424
 0.877193   0.276509   -0.112419
 0.879142   0.276289   -0.114209
 0.881092   0.276064   -0.116240
 0.883041   0.275836   -0.118724
 0.884990   0.275601   -0.121997
 0.886940   0.275360   -0.125727
 0.888889   0.275111   -0.130335
 0.890838   0.274852   -0.135973
 0.892787   0.274581   -0.142422
 0.894737   0.274297   -0.149972
 0.896686   0.273996   -0.158962
 0.898636   0.273677   -0.169800
 0.900585   0.273334   -0.182546
 0.902534   0.272965   -0.196947
 0.904483   0.272567   -0.213405
 0.906433   0.272133   -0.232258
 0.908382   0.271661   -0.253913
 0.910331   0.271144   -0.278189
 0.912281   0.270576   -0.305938
 0.914230   0.269951   -0.337774
 0.916179   0.269260   -0.373246
 0.918129   0.268495   -0.413493
 0.920078   0.267648   -0.458907
 0.922027   0.266707   -0.509799
 0.923977   0.265660   -0.567204
 0.925926   0.264495   -0.631712
 0.927875   0.263197   -0.703302
 0.929825   0.261753   -0.782948
 0.931774   0.260145   -0.871860
 0.933723   0.258354   -0.969634
 0.935673   0.256364   -1.077453
 0.937622   0.254153   -1.195869
 0.939571   0.251703   -1.324413
 0.941520   0.248991   -1.462923
 0.943470   0.245999   -1.610565
 0.945419   0.242711   -1.769343
 0.947368   0.239102   -1.941816
 0.949318   0.235140   -2.126739
 0.951267   0.230810   -2.319523
 0.953216   0.226099   -2.516409
 0.955166   0.220998   -2.717431
 0.957115   0.215504   -2.918834
 0.959064   0.209620   -3.115144
 0.961014   0.203357   -3.304939
 0.962963   0.196735   -3.483626
 0.964912   0.189778   -3.644234
 0.966862   0.182526   -3.785521
 0.968811   0.175019   -3.903356
 0.970760   0.167310   -3.991257
 0.972710   0.159457   -4.049509
 0.974659   0.151521   -4.075949
 0.976608   0.143569   -4.068325
 0.978557   0.135663   -4.026436
 0.980507   0.127870   -3.953780
 0.982456   0.120247   -3.851785
 0.984406   0.112852   -3.722995
 0.986355   0.105731   -3.572782
 0.988304   0.098925   -3.403154
 0.990253   0.092466   -3.218560
 0.992203   0.086376   -3.024740
 0.994152   0.080672   -2.826290
 0.996101   0.075359   -2.624699
 0.998051   0.070438   -2.424736
 1.000000   0.065905   -2.326088
514 psinorm te(KeV) dte/dpsiN
 0.000000   2.738809   -1.670419
 0.001949   2.735553   -1.737423
 0.003899   2.732035   -1.833415
 0.005848   2.728405   -1.881755
 0.007797   2.724700   -1.915472
 0.009747   2.720937   -1.941846
 0.011696   2.717128   -1.963954
 0.013645   2.713281   -1.981815
 0.015595   2.709401   -1.997141
 0.017544   2.705494   -2.011325
 0.019493   2.701561   -2.024072
 0.021442   2.697604   -2.034809
 0.023392   2.693627   -2.044438
 0.025341   2.689633   -2.053791
 0.027290   2.685622   -2.061945
 0.029240   2.681594   -2.069841
 0.031189   2.677551   -2.077196
 0.033138   2.673497   -2.083342
 0.035088   2.669428   -2.089795
 0.037037   2.665349   -2.095720
 0.038986   2.661259   -2.100704
 0.040936   2.657158   -2.105726
 0.042885   2.653049   -2.110506
 0.044834   2.648931   -2.114892
 0.046784   2.644803   -2.119045
 0.048733   2.640669   -2.123241
 0.050682   2.636527   -2.126758
 0.052632   2.632377   -2.130048
 0.054581   2.628222   -2.133663
 0.056530   2.624060   -2.136592
 0.058480   2.619891   -2.139577
 0.060429   2.615718   -2.142616
 0.062378   2.611539   -2.145030
 0.064327   2.607356   -2.147367
 0.066277   2.603167   -2.149765
 0.068226   2.598974   -2.152498
 0.070175   2.594776   -2.154257
 0.072125   2.590575   -2.156081
 0.074074   2.586370   -2.158519
 0.076023   2.582161   -2.159977
 0.077973   2.577948   -2.161505
 0.079922   2.573733   -2.163375
 0.081871   2.569515   -2.164810
 0.083821   2.565293   -2.166317
 0.085770   2.561069   -2.167896
 0.087719   2.556842   -2.168761
 0.089669   2.552613   -2.169976
 0.091618   2.548381   -2.171539
 0.093567   2.544148   -2.172383
 0.095517   2.539911   -2.173306
 0.097466   2.535674   -2.174581
 0.099415   2.531435   -2.175492
 0.101364   2.527194   -2.175766
 0.103314   2.522951   -2.176667
 0.105263   2.518707   -2.177560
 0.107213   2.514461   -2.177906
 0.109162   2.510216   -2.178880
 0.111111   2.505968   -2.179760
 0.113060   2.501719   -2.179727
 0.115010   2.497469   -2.180053
 0.116959   2.493219   -2.181010
 0.118908   2.488968   -2.180961
 0.120858   2.484715   -2.181274
 0.122807   2.480463   -2.181947
 0.124756   2.476210   -2.181883
 0.126706   2.471956   -2.182182
 0.128655   2.467702   -2.182573
 0.130604   2.463448   -2.182494
 0.132554   2.459192   -2.182779
 0.134503   2.454937   -2.182890
 0.136452   2.450683   -2.182527
 0.138402   2.446428   -2.182800
 0.140351   2.442173   -2.182901
 0.142300   2.437919   -2.182524
 0.144250   2.433663   -2.182516
 0.146199   2.429409   -2.182875
 0.148148   2.425154   -2.182859
 0.150097   2.420900   -2.181929
 0.152047   2.416647   -2.181905
 0.153996   2.412393   -2.182250
 0.155945   2.408140   -2.181308
 0.157895   2.403888   -2.181005
 0.159844   2.399637   -2.181341
 0.161793   2.395385   -2.180656
 0.163743   2.391134   -2.180075
 0.165692   2.386885   -2.180134
 0.167641   2.382636   -2.179437
 0.169591   2.378387   -2.179114
 0.171540   2.374140   -2.179164
 0.173489   2.369893   -2.178189
 0.175439   2.365647   -2.177589
 0.177388   2.361403   -2.177631
 0.179337   2.357159   -2.177291
 0.181286   2.352916   -2.176303
 0.183236   2.348673   -2.175690
 0.185185   2.344433   -2.175075
 0.187135   2.340193   -2.174457
 0.189084   2.335954   -2.174216
 0.191033   2.331717   -2.173212
 0.192983   2.327481   -2.172585
 0.194932   2.323247   -2.172337
 0.196881   2.319013   -2.171705
 0.198830   2.314781   -2.170687
 0.200780   2.310550   -2.170049
 0.202729   2.306320   -2.169791
 0.204678   2.302092   -2.168500
 0.206628   2.297865   -2.167589
 0.208577   2.293640   -2.167324
 0.210526   2.289417   -2.166288
 0.212476   2.285194   -2.165634
 0.214425   2.280973   -2.165098
 0.216374   2.276755   -2.163790
 0.218324   2.272537   -2.163128
 0.220273   2.268321   -2.162585
 0.222222   2.264107   -2.161656
 0.224171   2.259894   -2.160600
 0.226121   2.255683   -2.159665
 0.228070   2.251474   -2.159114
 0.230019   2.247266   -2.157788
 0.231969   2.243061   -2.156846
 0.233918   2.238857   -2.156550
 0.235867   2.234654   -2.155217
 0.237817   2.230454   -2.154006
 0.239766   2.226256   -2.153443
 0.241715   2.222060   -2.152363
 0.243665   2.217864   -2.151407
 0.245614   2.213671   -2.150577
 0.247563   2.209481   -2.149229
 0.249513   2.205291   -2.148527
 0.251462   2.201104   -2.147692
 0.253411   2.196920   -2.146076
 0.255361   2.192736   -2.145368
 0.257310   2.188555   -2.144788
 0.259259   2.184376   -2.143165
 0.261209   2.180199   -2.142190
 0.263158   2.176024   -2.141345
 0.265107   2.171852   -2.140367
 0.267056   2.167680   -2.138996
 0.269006   2.163512   -2.137754
 0.270955   2.159345   -2.137161
 0.272904   2.155181   -2.135524
 0.274854   2.151019   -2.134536
 0.276803   2.146859   -2.133938
 0.278752   2.142701   -2.132295
 0.280702   2.138545   -2.131043
 0.282651   2.134392   -2.130182
 0.284600   2.130241   -2.128792
 0.286550   2.126092   -2.127792
 0.288499   2.121945   -2.126927
 0.290448   2.117801   -2.125273
 0.292398   2.113659   -2.124268
 0.294347   2.109518   -2.123656
 0.296296   2.105381   -2.121740
 0.298246   2.101246   -2.120472
 0.300195   2.097113   -2.119856
 0.302144   2.092983   -2.118191
 0.304094   2.088854   -2.117176
 0.306043   2.084728   -2.116299
 0.307992   2.080605   -2.114769
 0.309941   2.076484   -2.113354
 0.311891   2.072365   -2.112332
 0.313840   2.068248   -2.110798
 0.315790   2.064135   -2.109518
 0.317739   2.060023   -2.108889
 0.319688   2.055914   -2.107607
 0.321637   2.051808   -2.105926
 0.323587   2.047703   -2.104640
 0.325536   2.043602   -2.103751
 0.327485   2.039503   -2.102066
 0.329435   2.035406   -2.100776
 0.331384   2.031312   -2.099884
 0.333333   2.027221   -2.098195
 0.335283   2.023131   -2.096902
 0.337232   2.019045   -2.096261
 0.339181   2.014960   -2.094567
 0.341131   2.010878   -2.093016
 0.343080   2.006799   -2.092118
 0.345029   2.002723   -2.090421
 0.346979   1.998649   -2.089121
 0.348928   1.994577   -2.088221
 0.350877   1.990509   -2.086920
 0.352826   1.986443   -2.085217
 0.354776   1.982379   -2.083913
 0.356725   1.978317   -2.082609
 0.358675   1.974258   -2.081303
 0.360624   1.970202   -2.080145
 0.362573   1.966150   -2.078838
 0.364522   1.962099   -2.077381
 0.366472   1.958050   -2.075819
 0.368421   1.954006   -2.074911
 0.370370   1.949962   -2.073200
 0.372320   1.945922   -2.071636
 0.374269   1.941885   -2.070977
 0.376218   1.937849   -2.069263
 0.378168   1.933817   -2.067697
 0.380117   1.929787   -2.066785
 0.382066   1.925761   -2.065068
 0.384016   1.921736   -2.063752
 0.385965   1.917714   -2.062587
 0.387914   1.913696   -2.061271
 0.389863   1.909679   -2.059551
 0.391813   1.905666   -2.058232
 0.393762   1.901654   -2.057318
 0.395711   1.897646   -2.055344
 0.397661   1.893640   -2.054024
 0.399610   1.889638   -2.052704
 0.401560   1.885637   -2.051384
 0.403509   1.881639   -2.050218
 0.405458   1.877645   -2.048897
 0.407407   1.873653   -2.047171
 0.409357   1.869663   -2.045849
 0.411306   1.865676   -2.044932
 0.413255   1.861692   -2.042955
 0.415205   1.857710   -2.041632
 0.417154   1.853732   -2.040715
 0.419103   1.849756   -2.038986
 0.421053   1.845782   -2.037414
 0.423002   1.841812   -2.036497
 0.424951   1.837843   -2.034768
 0.426901   1.833878   -2.033195
 0.428850   1.829916   -2.032279
 0.430799   1.825956   -2.030956
 0.432748   1.821999   -2.029226
 0.434698   1.818044   -2.027654
 0.436647   1.814094   -2.026330
 0.438597   1.810144   -2.025007
 0.440546   1.806198   -2.023844
 0.442495   1.802255   -2.022769
 0.444444   1.798313   -2.021039
 0.446394   1.794375   -2.019221
 0.448343   1.790440   -2.018308
 0.450292   1.786507   -2.016825
 0.452242   1.782577   -2.015256
 0.454191   1.778650   -2.014344
 0.456140   1.774725   -2.012614
 0.458090   1.770803   -2.011046
 0.460039   1.766884   -2.010136
 0.461988   1.762967   -2.008407
 0.463938   1.759053   -2.007088
 0.465887   1.755142   -2.005934
 0.467836   1.751234   -2.004206
 0.469786   1.747327   -2.002889
 0.471735   1.743425   -2.001737
 0.473684   1.739525   -2.000422
 0.475633   1.735627   -1.998697
 0.477583   1.731732   -1.997382
 0.479532   1.727839   -1.996069
 0.481482   1.723949   -1.994756
 0.483431   1.720062   -1.993856
 0.485380   1.716177   -1.992301
 0.487329   1.712296   -1.990579
 0.489279   1.708416   -1.989270
 0.491228   1.704539   -1.988130
 0.493177   1.700666   -1.986412
 0.495127   1.696794   -1.985106
 0.497076   1.692926   -1.984215
 0.499025   1.689060   -1.982499
 0.500975   1.685196   -1.981196
 0.502924   1.681335   -1.980310
 0.504873   1.677477   -1.978597
 0.506823   1.673621   -1.977054
 0.508772   1.669768   -1.976172
 0.510721   1.665918   -1.974463
 0.512671   1.662070   -1.973169
 0.514620   1.658224   -1.972292
 0.516569   1.654382   -1.971002
 0.518518   1.650541   -1.969298
 0.520468   1.646704   -1.967767
 0.522417   1.642869   -1.967141
 0.524366   1.639036   -1.965441
 0.526316   1.635206   -1.963916
 0.528265   1.631378   -1.963052
 0.530214   1.627554   -1.961358
 0.532164   1.623731   -1.960324
 0.534113   1.619910   -1.959466
 0.536062   1.616093   -1.957534
 0.538012   1.612278   -1.956264
 0.539961   1.608466   -1.955413
 0.541910   1.604656   -1.953972
 0.543860   1.600847   -1.952707
 0.545809   1.597042   -1.951622
 0.547758   1.593240   -1.950186
 0.549708   1.589438   -1.948929
 0.551657   1.585641   -1.947851
 0.553606   1.581846   -1.946422
 0.555556   1.578052   -1.945172
 0.557505   1.574261   -1.944344
 0.559454   1.570473   -1.942922
 0.561404   1.566686   -1.941679
 0.563353   1.562902   -1.940860
 0.565302   1.559121   -1.939203
 0.567252   1.555341   -1.937969
 0.569201   1.551564   -1.937159
 0.571150   1.547790   -1.935931
 0.573099   1.544018   -1.934526
 0.575049   1.540247   -1.933304
 0.576998   1.536480   -1.932506
 0.578947   1.532714   -1.931109
 0.580897   1.528951   -1.929896
 0.582846   1.525190   -1.929109
 0.584795   1.521431   -1.927720
 0.586745   1.517674   -1.926517
 0.588694   1.513920   -1.925740
 0.590643   1.510167   -1.924361
 0.592593   1.506417   -1.923168
 0.594542   1.502669   -1.922642
 0.596491   1.498922   -1.921272
 0.598441   1.495178   -1.920090
 0.600390   1.491436   -1.919336
 0.602339   1.487696   -1.917737
 0.604289   1.483958   -1.916805
 0.606238   1.480222   -1.916303
 0.608187   1.476489   -1.915141
 0.610136   1.472757   -1.913795
 0.612086   1.469027   -1.912879
 0.614035   1.465299   -1.912155
 0.615984   1.461573   -1.910820
 0.617934   1.457849   -1.909917
 0.619883   1.454126   -1.909445
 0.621832   1.450406   -1.907884
 0.623782   1.446688   -1.906754
 0.625731   1.442971   -1.906534
 0.627680   1.439256   -1.905224
 0.629630   1.435543   -1.904346
 0.631579   1.431831   -1.903664
 0.633528   1.428122   -1.902367
 0.635478   1.424414   -1.901741
 0.637427   1.420707   -1.901074
 0.639376   1.417003   -1.900221
 0.641325   1.413300   -1.898942
 0.643275   1.409599   -1.898097
 0.645224   1.405900   -1.897689
 0.647173   1.402202   -1.896424
 0.649123   1.398505   -1.895833
 0.651072   1.394810   -1.895441
 0.653021   1.391117   -1.894191
 0.654971   1.387425   -1.893378
 0.656920   1.383735   -1.893003
 0.658869   1.380046   -1.892005
 0.660819   1.376358   -1.891208
 0.662768   1.372672   -1.890851
 0.664717   1.368987   -1.889869
 0.666667   1.365303   -1.889089
 0.668616   1.361622   -1.888987
 0.670565   1.357940   -1.888022
 0.672515   1.354260   -1.887023
 0.674464   1.350583   -1.886939
 0.676413   1.346905   -1.885990
 0.678363   1.343229   -1.885483
 0.680312   1.339553   -1.885419
 0.682261   1.335880   -1.884251
 0.684211   1.332207   -1.883763
 0.686160   1.328535   -1.883718
 0.688109   1.324864   -1.882569
 0.690059   1.321195   -1.882100
 0.692008   1.317526   -1.882312
 0.693957   1.313858   -1.881857
 0.695906   1.310190   -1.880968
 0.697856   1.306524   -1.880526
 0.699805   1.302858   -1.880531
 0.701754   1.299193   -1.879662
 0.703704   1.295529   -1.879240
 0.705653   1.291866   -1.879503
 0.707602   1.288203   -1.878654
 0.709552   1.284541   -1.878254
 0.711501   1.280880   -1.878540
 0.713450   1.277219   -1.877947
 0.715400   1.273558   -1.877569
 0.717349   1.269898   -1.877643
 0.719298   1.266239   -1.877307
 0.721248   1.262579   -1.877187
 0.723197   1.258919   -1.877285
 0.725146   1.255261   -1.876735
 0.727096   1.251602   -1.876639
 0.729045   1.247944   -1.876997
 0.730994   1.244285   -1.876917
 0.732943   1.240628   -1.876397
 0.734893   1.236969   -1.876333
 0.736842   1.233312   -1.876960
 0.738791   1.229653   -1.876698
 0.740741   1.225995   -1.876424
 0.742690   1.222337   -1.877078
 0.744639   1.218678   -1.876840
 0.746589   1.215019   -1.876826
 0.748538   1.211360   -1.877507
 0.750487   1.207700   -1.877293
 0.752437   1.204040   -1.877540
 0.754386   1.200380   -1.878249
 0.756335   1.196719   -1.878060
 0.758285   1.193057   -1.878334
 0.760234   1.189395   -1.879072
 0.762183   1.185733   -1.879143
 0.764133   1.182069   -1.879679
 0.766082   1.178404   -1.880446
 0.768031   1.174739   -1.880766
 0.769980   1.171073   -1.880873
 0.771930   1.167405   -1.881447
 0.773879   1.163737   -1.882029
 0.775829   1.160067   -1.882856
 0.777778   1.156396   -1.883918
 0.779727   1.152724   -1.884297
 0.781676   1.149051   -1.884692
 0.783626   1.145375   -1.885558
 0.785575   1.141699   -1.886897
 0.787524   1.138020   -1.887320
 0.789474   1.134340   -1.887983
 0.791423   1.130659   -1.889354
 0.793372   1.126976   -1.890040
 0.795322   1.123289   -1.891202
 0.797271   1.119602   -1.892606
 0.799220   1.115912   -1.893088
 0.801170   1.112221   -1.894282
 0.803119   1.108526   -1.896188
 0.805068   1.104829   -1.896934
 0.807018   1.101130   -1.898160
 0.808967   1.097428   -1.900101
 0.810916   1.093724   -1.900877
 0.812866   1.090017   -1.902371
 0.814815   1.086306   -1.904581
 0.816764   1.082593   -1.906097
 0.818713   1.078876   -1.907382
 0.820663   1.075156   -1.909155
 0.822612   1.071432   -1.911180
 0.824561   1.067706   -1.912731
 0.826511   1.063975   -1.914772
 0.828460   1.060240   -1.917302
 0.830409   1.056501   -1.918885
 0.832359   1.052759   -1.921195
 0.834308   1.049010   -1.923997
 0.836257   1.045259   -1.925847
 0.838207   1.041501   -1.928427
 0.840156   1.037740   -1.931502
 0.842105   1.033972   -1.933852
 0.844055   1.030200   -1.936702
 0.846004   1.026421   -1.940284
 0.847953   1.022637   -1.942901
 0.849903   1.018846   -1.946256
 0.851852   1.015048   -1.950346
 0.853801   1.011243   -1.953959
 0.855750   1.007432   -1.957555
 0.857700   1.003611   -1.961894
 0.859649   0.999782   -1.966741
 0.861598   0.995945   -1.971304
 0.863548   0.992096   -1.976383
 0.865497   0.988239   -1.982207
 0.867446   0.984369   -1.987970
 0.869396   0.980488   -1.994489
 0.871345   0.976593   -2.002224
 0.873294   0.972683   -2.009420
 0.875244   0.968758   -2.017845
 0.877193   0.964815   -2.027959
 0.879142   0.960853   -2.037753
 0.881092   0.956870   -2.049484
 0.883041   0.952862   -2.062913
 0.884990   0.948829   -2.076700
 0.886940   0.944765   -2.093139
 0.888889   0.940668   -2.111983
 0.890838   0.936533   -2.132644
 0.892787   0.932355   -2.155791
 0.894737   0.928127   -2.182783
 0.896686   0.923844   -2.213786
 0.898636   0.919496   -2.249856
 0.900585   0.915072   -2.291912
 0.902534   0.910562   -2.339461
 0.904483   0.905953   -2.393607
 0.906433   0.901229   -2.456323
 0.908382   0.896376   -2.529191
 0.910331   0.891370   -2.612176
 0.912281   0.886191   -2.708697
 0.914230   0.880809   -2.821012
 0.916179   0.875194   -2.949349
 0.918129   0.869310   -3.098561
 0.920078   0.863113   -3.272262
 0.922027   0.856554   -3.471769
 0.923977   0.849577   -3.703047
 0.925926   0.842116   -3.970814
 0.927875   0.834098   -4.278002
 0.929825   0.825436   -4.633080
 0.931774   0.816034   -5.041834
 0.933723   0.805783   -5.508092
 0.935673   0.794558   -6.043856
 0.937622   0.782219   -6.657337
 0.939571   0.768607   -7.357987
 0.941520   0.753537   -8.167731
 0.943470   0.736761   -9.192863
 0.945419   0.717695   -8.799609
 0.947368   0.702460   -8.151472
 0.949318   0.685912   -8.990788
 0.951267   0.667406   -10.018404
 0.953216   0.646860   -11.070462
 0.955166   0.624241   -12.131265
 0.957115   0.599562   -13.171327
 0.959064   0.572899   -14.147342
 0.961014   0.544400   -15.033287
 0.962963   0.514285   -15.792121
 0.964912   0.482843   -16.378427
 0.966862   0.450425   -16.776170
 0.968811   0.417433   -16.964998
 0.970760   0.384296   -16.922704
 0.972710   0.351451   -16.664148
 0.974659   0.319322   -16.202581
 0.976608   0.288293   -15.552510
 0.978557   0.258698   -14.745514
 0.980507   0.230802   -13.823431
 0.982456   0.204799   -12.820778
 0.984406   0.180814   -11.771865
 0.986355   0.158900   -10.713227
 0.988304   0.139054   -9.665748
 0.990253   0.121223   -8.653132
 0.992203   0.105317   -7.695145
 0.994152   0.091219   -6.804646
 0.996101   0.078792   -5.982392
 0.998051   0.067894   -5.235400
 1.000000   0.058379   -4.882171
514 psinorm ni(10^20/m^3) dni/dpsiN
 0.000000   0.540077   -0.385960
 0.001949   0.539325   -0.399727
 0.003899   0.538519   -0.421124
 0.005848   0.537683   -0.434479
 0.007797   0.536825   -0.445284
 0.009747   0.535947   -0.453939
 0.011696   0.535055   -0.461059
 0.013645   0.534150   -0.468085
 0.015595   0.533230   -0.473903
 0.017544   0.532302   -0.479120
 0.019493   0.531363   -0.484282
 0.021442   0.530414   -0.488773
 0.023392   0.529457   -0.492985
 0.025341   0.528492   -0.496613
 0.027290   0.527521   -0.500139
 0.029240   0.526542   -0.503695
 0.031189   0.525557   -0.506978
 0.033138   0.524566   -0.509853
 0.035088   0.523569   -0.512461
 0.037037   0.522568   -0.515105
 0.038986   0.521561   -0.517638
 0.040936   0.520550   -0.519911
 0.042885   0.519534   -0.522222
 0.044834   0.518514   -0.524420
 0.046784   0.517490   -0.526361
 0.048733   0.516462   -0.528343
 0.050682   0.515430   -0.529912
 0.052632   0.514396   -0.531527
 0.054581   0.513358   -0.533484
 0.056530   0.512316   -0.534728
 0.058480   0.511273   -0.536020
 0.060429   0.510226   -0.537657
 0.062378   0.509177   -0.538934
 0.064327   0.508125   -0.540146
 0.066277   0.507071   -0.541408
 0.068226   0.506014   -0.542426
 0.070175   0.504957   -0.543320
 0.072125   0.503896   -0.544268
 0.074074   0.502834   -0.545269
 0.076023   0.501771   -0.546144
 0.077973   0.500705   -0.546780
 0.079922   0.499639   -0.547765
 0.081871   0.498570   -0.548329
 0.083821   0.497501   -0.548949
 0.085770   0.496430   -0.549627
 0.087719   0.495358   -0.550174
 0.089669   0.494284   -0.550780
 0.091618   0.493211   -0.551153
 0.093567   0.492136   -0.551686
 0.095517   0.491060   -0.552278
 0.097466   0.489983   -0.552639
 0.099415   0.488906   -0.552644
 0.101364   0.487828   -0.552868
 0.103314   0.486750   -0.553444
 0.105263   0.485671   -0.553725
 0.107213   0.484591   -0.553716
 0.109162   0.483512   -0.553770
 0.111111   0.482432   -0.554042
 0.113060   0.481352   -0.554244
 0.115010   0.480271   -0.554223
 0.116959   0.479191   -0.554266
 0.118908   0.478111   -0.554172
 0.120858   0.477030   -0.554142
 0.122807   0.475950   -0.554178
 0.124756   0.474870   -0.554075
 0.126706   0.473790   -0.554038
 0.128655   0.472710   -0.554067
 0.130604   0.471630   -0.553672
 0.132554   0.470551   -0.553628
 0.134503   0.469472   -0.553650
 0.136452   0.468393   -0.552966
 0.138402   0.467316   -0.552915
 0.140351   0.466237   -0.552932
 0.142300   0.465160   -0.552243
 0.144250   0.464084   -0.551905
 0.146199   0.463008   -0.551916
 0.148148   0.461933   -0.551294
 0.150097   0.460859   -0.550881
 0.152047   0.459785   -0.550817
 0.153996   0.458712   -0.550262
 0.155945   0.457640   -0.549844
 0.157895   0.456568   -0.549217
 0.159844   0.455498   -0.548660
 0.161793   0.454429   -0.548518
 0.163743   0.453360   -0.547888
 0.165692   0.452293   -0.547328
 0.167641   0.451226   -0.546904
 0.169591   0.450161   -0.546271
 0.171540   0.449096   -0.545710
 0.173489   0.448033   -0.545006
 0.175439   0.446971   -0.544649
 0.177388   0.445910   -0.544086
 0.179337   0.444851   -0.543176
 0.181286   0.443793   -0.542470
 0.183236   0.442736   -0.541835
 0.185185   0.441680   -0.541200
 0.187135   0.440625   -0.540564
 0.189084   0.439572   -0.540000
 0.191033   0.438520   -0.539292
 0.192983   0.437470   -0.538381
 0.194932   0.436421   -0.537544
 0.196881   0.435374   -0.536908
 0.198830   0.434328   -0.536199
 0.200780   0.433284   -0.535290
 0.202729   0.432241   -0.534454
 0.204678   0.431200   -0.533745
 0.206628   0.430160   -0.532837
 0.208577   0.429123   -0.532002
 0.210526   0.428087   -0.531024
 0.212476   0.427052   -0.530387
 0.214425   0.426019   -0.529554
 0.216374   0.424988   -0.528306
 0.218324   0.423959   -0.527671
 0.220273   0.422931   -0.526839
 0.222222   0.421905   -0.525935
 0.224171   0.420881   -0.524960
 0.226121   0.419858   -0.523789
 0.228070   0.418838   -0.522960
 0.230019   0.417820   -0.521988
 0.231969   0.416803   -0.521087
 0.233918   0.415788   -0.519993
 0.235867   0.414776   -0.519023
 0.237817   0.413764   -0.518125
 0.239766   0.412756   -0.517034
 0.241715   0.411749   -0.516067
 0.243665   0.410744   -0.514906
 0.245614   0.409741   -0.513818
 0.247563   0.408741   -0.512854
 0.249513   0.407742   -0.511962
 0.251462   0.406745   -0.510878
 0.253411   0.405750   -0.509652
 0.255361   0.404758   -0.508499
 0.257310   0.403768   -0.507419
 0.259259   0.402780   -0.506198
 0.261209   0.401794   -0.505313
 0.263158   0.400810   -0.504237
 0.265107   0.399829   -0.503091
 0.267056   0.398849   -0.501876
 0.269006   0.397872   -0.500732
 0.270955   0.396896   -0.499662
 0.272904   0.395924   -0.498190
 0.274854   0.394954   -0.497313
 0.276803   0.393985   -0.496247
 0.278752   0.393019   -0.494781
 0.280702   0.392056   -0.493647
 0.282651   0.391095   -0.492586
 0.284600   0.390136   -0.491385
 0.286550   0.389179   -0.489997
 0.288499   0.388225   -0.488940
 0.290448   0.387273   -0.487745
 0.292398   0.386324   -0.486362
 0.294347   0.385377   -0.485310
 0.296296   0.384432   -0.483863
 0.298246   0.383490   -0.482744
 0.300195   0.382550   -0.481697
 0.302144   0.381612   -0.479998
 0.304094   0.380678   -0.478885
 0.306043   0.379745   -0.477843
 0.307992   0.378815   -0.476221
 0.309941   0.377889   -0.475044
 0.311891   0.376963   -0.473938
 0.313840   0.376041   -0.472323
 0.315790   0.375122   -0.471221
 0.317739   0.374204   -0.469934
 0.319688   0.373290   -0.468581
 0.321637   0.372377   -0.467417
 0.323587   0.371467   -0.465813
 0.325536   0.370561   -0.464535
 0.327485   0.369657   -0.463123
 0.329435   0.368755   -0.461781
 0.331384   0.367856   -0.460761
 0.333333   0.366959   -0.459357
 0.335283   0.366065   -0.457768
 0.337232   0.365174   -0.456502
 0.339181   0.364286   -0.455105
 0.341131   0.363400   -0.453775
 0.343080   0.362516   -0.452516
 0.345029   0.361636   -0.450875
 0.346979   0.360758   -0.449552
 0.348928   0.359883   -0.448299
 0.350877   0.359011   -0.446982
 0.352826   0.358141   -0.445602
 0.354776   0.357274   -0.444038
 0.356725   0.356410   -0.442479
 0.358675   0.355548   -0.441171
 0.360624   0.354689   -0.439931
 0.362573   0.353833   -0.438628
 0.364522   0.352980   -0.437014
 0.366472   0.352130   -0.435467
 0.368421   0.351282   -0.434235
 0.370370   0.350437   -0.432630
 0.372320   0.349595   -0.431338
 0.374269   0.348755   -0.429866
 0.376218   0.347919   -0.428269
 0.378168   0.347085   -0.426985
 0.380117   0.346254   -0.425521
 0.382066   0.345427   -0.424178
 0.384016   0.344601   -0.422655
 0.385965   0.343779   -0.421198
 0.387914   0.342959   -0.419681
 0.389863   0.342143   -0.418103
 0.391813   0.341329   -0.416836
 0.393762   0.340518   -0.415389
 0.395711   0.339709   -0.413821
 0.397661   0.338904   -0.412316
 0.399610   0.338102   -0.410816
 0.401560   0.337302   -0.409316
 0.403509   0.336506   -0.407882
 0.405458   0.335712   -0.406389
 0.407407   0.334922   -0.404838
 0.409357   0.334134   -0.403350
 0.411306   0.333349   -0.401926
 0.413255   0.332567   -0.400384
 0.415205   0.331788   -0.398904
 0.417154   0.331012   -0.397246
 0.419103   0.330240   -0.395712
 0.421053   0.329469   -0.394483
 0.423002   0.328701   -0.392832
 0.424951   0.327938   -0.391307
 0.426901   0.327176   -0.389844
 0.428850   0.326418   -0.388202
 0.430799   0.325663   -0.386745
 0.432748   0.324910   -0.385232
 0.434698   0.324161   -0.383780
 0.436647   0.323414   -0.382091
 0.438597   0.322671   -0.380644
 0.440546   0.321930   -0.379259
 0.442495   0.321192   -0.377578
 0.444444   0.320458   -0.376083
 0.446394   0.319726   -0.374408
 0.448343   0.318998   -0.373033
 0.450292   0.318272   -0.371546
 0.452242   0.317549   -0.369642
 0.454191   0.316831   -0.368275
 0.456140   0.316114   -0.366798
 0.458090   0.315401   -0.365140
 0.460039   0.314690   -0.363780
 0.461988   0.313983   -0.362075
 0.463938   0.313278   -0.360427
 0.465887   0.312577   -0.359074
 0.467836   0.311879   -0.357378
 0.469786   0.311184   -0.355739
 0.471735   0.310492   -0.354394
 0.473684   0.309802   -0.352761
 0.475633   0.309117   -0.351078
 0.477583   0.308434   -0.349685
 0.479532   0.307753   -0.348062
 0.481482   0.307076   -0.346440
 0.483431   0.306403   -0.344876
 0.485380   0.305732   -0.343261
 0.487329   0.305064   -0.341830
 0.489279   0.304399   -0.340220
 0.491228   0.303738   -0.338667
 0.493177   0.303079   -0.337011
 0.495127   0.302424   -0.335410
 0.497076   0.301771   -0.333864
 0.499025   0.301123   -0.332218
 0.500975   0.300476   -0.330626
 0.502924   0.299833   -0.329088
 0.504873   0.299193   -0.327452
 0.506823   0.298557   -0.325868
 0.508772   0.297923   -0.324339
 0.510721   0.297292   -0.322711
 0.512671   0.296665   -0.321136
 0.514620   0.296040   -0.319614
 0.516569   0.295419   -0.318045
 0.518518   0.294801   -0.316430
 0.520468   0.294185   -0.314866
 0.522417   0.293573   -0.313124
 0.524366   0.292964   -0.311519
 0.526316   0.292358   -0.309963
 0.528265   0.291756   -0.308460
 0.530214   0.291156   -0.306863
 0.532164   0.290559   -0.305086
 0.534113   0.289966   -0.303591
 0.536062   0.289376   -0.302003
 0.538012   0.288789   -0.300464
 0.539961   0.288204   -0.298747
 0.541910   0.287624   -0.297168
 0.543860   0.287046   -0.295638
 0.545809   0.286472   -0.293929
 0.547758   0.285900   -0.292360
 0.549708   0.285332   -0.290838
 0.551657   0.284766   -0.289364
 0.553606   0.284204   -0.287576
 0.555556   0.283645   -0.285834
 0.557505   0.283089   -0.284369
 0.559454   0.282536   -0.282817
 0.561404   0.281987   -0.281084
 0.563353   0.281440   -0.279626
 0.565302   0.280897   -0.278082
 0.567252   0.280356   -0.276358
 0.569201   0.279819   -0.274680
 0.571150   0.279285   -0.272962
 0.573099   0.278755   -0.271431
 0.575049   0.278227   -0.269944
 0.576998   0.277703   -0.268277
 0.578947   0.277181   -0.266753
 0.580897   0.276663   -0.265274
 0.582846   0.276147   -0.263389
 0.584795   0.275636   -0.261649
 0.586745   0.275127   -0.260403
 0.588694   0.274621   -0.258750
 0.590643   0.274118   -0.257019
 0.592593   0.273618   -0.255331
 0.594542   0.273123   -0.253686
 0.596491   0.272630   -0.252189
 0.598441   0.272140   -0.250508
 0.600390   0.271653   -0.249094
 0.602339   0.271169   -0.247381
 0.604289   0.270688   -0.245709
 0.606238   0.270211   -0.244302
 0.608187   0.269736   -0.242635
 0.610136   0.269265   -0.240933
 0.612086   0.268797   -0.239271
 0.614035   0.268332   -0.237650
 0.615984   0.267870   -0.235956
 0.617934   0.267412   -0.234524
 0.619883   0.266956   -0.232910
 0.621832   0.266504   -0.231225
 0.623782   0.266054   -0.229578
 0.625731   0.265609   -0.227971
 0.627680   0.265166   -0.226516
 0.629630   0.264726   -0.224655
 0.631579   0.264290   -0.223055
 0.633528   0.263856   -0.221607
 0.635478   0.263426   -0.219975
 0.637427   0.262998   -0.218381
 0.639376   0.262574   -0.216754
 0.641325   0.262154   -0.215317
 0.643275   0.261735   -0.213694
 0.645224   0.261320   -0.211888
 0.647173   0.260909   -0.210238
 0.649123   0.260501   -0.208623
 0.651072   0.260096   -0.207264
 0.653021   0.259693   -0.205621
 0.654971   0.259294   -0.203792
 0.656920   0.258898   -0.202220
 0.658869   0.258506   -0.200585
 0.660819   0.258116   -0.198983
 0.662768   0.257730   -0.197635
 0.664717   0.257346   -0.196008
 0.666667   0.256966   -0.194193
 0.668616   0.256589   -0.192632
 0.670565   0.256215   -0.191012
 0.672515   0.255844   -0.189424
 0.674464   0.255476   -0.187869
 0.676413   0.255111   -0.186255
 0.678363   0.254750   -0.184673
 0.680312   0.254391   -0.183124
 0.682261   0.254036   -0.181517
 0.684211   0.253684   -0.179724
 0.686160   0.253335   -0.178180
 0.688109   0.252989   -0.176798
 0.690059   0.252646   -0.175011
 0.692008   0.252307   -0.173472
 0.693957   0.251970   -0.171907
 0.695906   0.251637   -0.170317
 0.697856   0.251306   -0.168755
 0.699805   0.250979   -0.167006
 0.701754   0.250655   -0.165423
 0.703704   0.250334   -0.163867
 0.705653   0.250016   -0.162340
 0.707602   0.249701   -0.160763
 0.709552   0.249389   -0.159212
 0.711501   0.249080   -0.157474
 0.713450   0.248775   -0.155903
 0.715400   0.248472   -0.154358
 0.717349   0.248173   -0.152841
 0.719298   0.247877   -0.151277
 0.721248   0.247583   -0.149521
 0.723197   0.247294   -0.148008
 0.725146   0.247007   -0.146450
 0.727096   0.246723   -0.144916
 0.729045   0.246442   -0.143407
 0.730994   0.246164   -0.141662
 0.732943   0.245889   -0.140110
 0.734893   0.245617   -0.138583
 0.736842   0.245349   -0.136865
 0.738791   0.245084   -0.135320
 0.740741   0.244821   -0.133798
 0.742690   0.244562   -0.132299
 0.744639   0.244306   -0.130759
 0.746589   0.244052   -0.129027
 0.748538   0.243803   -0.127532
 0.750487   0.243555   -0.125998
 0.752437   0.243311   -0.124270
 0.754386   0.243071   -0.122779
 0.756335   0.242833   -0.121250
 0.758285   0.242598   -0.119741
 0.760234   0.242366   -0.118254
 0.762183   0.242137   -0.116729
 0.764133   0.241911   -0.115010
 0.766082   0.241688   -0.113313
 0.768031   0.241469   -0.112025
 0.769980   0.241252   -0.110508
 0.771930   0.241038   -0.108794
 0.773879   0.240828   -0.107298
 0.775829   0.240620   -0.105801
 0.777778   0.240415   -0.104110
 0.779727   0.240214   -0.102616
 0.781676   0.240015   -0.101108
 0.783626   0.239820   -0.099616
 0.785575   0.239627   -0.098143
 0.787524   0.239437   -0.096425
 0.789474   0.239251   -0.094936
 0.791423   0.239067   -0.093679
 0.793372   0.238886   -0.092179
 0.795322   0.238708   -0.090481
 0.797271   0.238533   -0.089013
 0.799220   0.238361   -0.087303
 0.801170   0.238192   -0.085822
 0.803119   0.238026   -0.084569
 0.805068   0.237863   -0.083076
 0.807018   0.237702   -0.081598
 0.808967   0.237545   -0.080135
 0.810916   0.237390   -0.078645
 0.812866   0.237238   -0.077382
 0.814815   0.237088   -0.075921
 0.816764   0.236942   -0.074235
 0.818713   0.236799   -0.072963
 0.820663   0.236657   -0.071703
 0.822612   0.236519   -0.070245
 0.824561   0.236384   -0.068975
 0.826511   0.236250   -0.067718
 0.828460   0.236120   -0.066474
 0.830409   0.235991   -0.065207
 0.832359   0.235865   -0.063740
 0.834308   0.235743   -0.062497
 0.836257   0.235622   -0.061657
 0.838207   0.235502   -0.060616
 0.840156   0.235385   -0.059375
 0.842105   0.235271   -0.058325
 0.844055   0.235158   -0.057285
 0.846004   0.235047   -0.056470
 0.847953   0.234938   -0.055846
 0.849903   0.234830   -0.055020
 0.851852   0.234723   -0.054418
 0.853801   0.234618   -0.054017
 0.855750   0.234513   -0.053606
 0.857700   0.234409   -0.053418
 0.859649   0.234305   -0.053241
 0.861598   0.234201   -0.053255
 0.863548   0.234097   -0.053492
 0.865497   0.233992   -0.054164
 0.867446   0.233886   -0.054813
 0.869396   0.233779   -0.055687
 0.871345   0.233669   -0.057208
 0.873294   0.233556   -0.058703
 0.875244   0.233440   -0.060637
 0.877193   0.233319   -0.063219
 0.879142   0.233193   -0.066196
 0.881092   0.233061   -0.069614
 0.883041   0.232922   -0.073470
 0.884990   0.232775   -0.078138
 0.886940   0.232617   -0.083888
 0.888889   0.232448   -0.090079
 0.890838   0.232266   -0.097100
 0.892787   0.232069   -0.105575
 0.894737   0.231854   -0.114929
 0.896686   0.231621   -0.125694
 0.898636   0.231364   -0.138254
 0.900585   0.231082   -0.152687
 0.902534   0.230769   -0.168781
 0.904483   0.230424   -0.186729
 0.906433   0.230041   -0.207276
 0.908382   0.229616   -0.229983
 0.910331   0.229145   -0.255323
 0.912281   0.228620   -0.283707
 0.914230   0.228039   -0.315326
 0.916179   0.227391   -0.350593
 0.918129   0.226672   -0.389992
 0.920078   0.225871   -0.433494
 0.922027   0.224982   -0.481430
 0.923977   0.223994   -0.534810
 0.925926   0.222897   -0.593805
 0.927875   0.221679   -0.658209
 0.929825   0.220330   -0.728958
 0.931774   0.218837   -0.806846
 0.933723   0.217185   -0.891091
 0.935673   0.215362   -0.982600
 0.937622   0.213354   -1.082148
 0.939571   0.211144   -1.188880
 0.941520   0.208720   -1.302660
 0.943470   0.206065   -1.424460
 0.945419   0.203166   -1.553549
 0.947368   0.200009   -1.687979
 0.949318   0.196584   -1.828631
 0.951267   0.192880   -1.974126
 0.953216   0.188889   -2.121359
 0.955166   0.184608   -2.270696
 0.957115   0.180036   -2.419903
 0.959064   0.175175   -2.564906
 0.961014   0.170035   -2.705346
 0.962963   0.164627   -2.838573
 0.964912   0.158970   -2.959764
 0.966862   0.153087   -3.068642
 0.968811   0.147006   -3.162794
 0.970760   0.140759   -3.237337
 0.972710   0.134383   -3.292836
 0.974659   0.127920   -3.327975
 0.976608   0.121411   -3.340258
 0.978557   0.114900   -3.329245
 0.980507   0.108430   -3.296835
 0.982456   0.102045   -3.243087
 0.984406   0.095786   -3.169160
 0.986355   0.089689   -3.078297
 0.988304   0.083786   -2.970718
 0.990253   0.078109   -2.848887
 0.992203   0.072679   -2.717132
 0.994152   0.067515   -2.578095
 0.996101   0.062629   -2.432023
 0.998051   0.058032   -2.283534
 1.000000   0.053726   -2.209614
514 psinorm ti(KeV) dti/dpsiN
 0.000000   5.477618   -13.873671
 0.001949   5.450578   -13.386510
 0.003899   5.425425   -12.718279
 0.005848   5.400989   -12.413399
 0.007797   5.377038   -12.190685
 0.009747   5.353458   -12.015504
 0.011696   5.330189   -11.870245
 0.013645   5.307188   -11.737910
 0.015595   5.284423   -11.621746
 0.017544   5.261875   -11.518179
 0.019493   5.239525   -11.420034
 0.021442   5.217359   -11.326013
 0.023392   5.195365   -11.239612
 0.025341   5.173536   -11.160049
 0.027290   5.151863   -11.079353
 0.029240   5.130338   -11.004799
 0.031189   5.108955   -10.935326
 0.033138   5.087712   -10.863130
 0.035088   5.066600   -10.796176
 0.037037   5.045617   -10.733399
 0.038986   5.024761   -10.667698
 0.040936   5.004024   -10.606071
 0.042885   4.983408   -10.548008
 0.044834   4.962908   -10.487094
 0.046784   4.942519   -10.429650
 0.048733   4.922243   -10.375442
 0.050682   4.902076   -10.317898
 0.052632   4.882013   -10.263779
 0.054581   4.862057   -10.212573
 0.056530   4.842205   -10.157821
 0.058480   4.822452   -10.106177
 0.060429   4.802801   -10.057680
 0.062378   4.783247   -10.007323
 0.064327   4.763792   -9.955711
 0.066277   4.744430   -9.907157
 0.068226   4.725164   -9.860872
 0.070175   4.705992   -9.811183
 0.072125   4.686910   -9.764242
 0.074074   4.667921   -9.720083
 0.076023   4.649021   -9.672030
 0.077973   4.630210   -9.626141
 0.079922   4.611489   -9.583275
 0.081871   4.592854   -9.536845
 0.083821   4.574305   -9.492548
 0.085770   4.555843   -9.450967
 0.087719   4.537465   -9.405602
 0.089669   4.519171   -9.362614
 0.091618   4.500960   -9.322309
 0.093567   4.482832   -9.278002
 0.095517   4.464785   -9.235768
 0.097466   4.446822   -9.196188
 0.099415   4.428939   -9.155194
 0.101364   4.411135   -9.112557
 0.103314   4.393409   -9.071956
 0.105263   4.375763   -9.031459
 0.107213   4.358195   -8.991262
 0.109162   4.340706   -8.953387
 0.111111   4.323295   -8.914146
 0.113060   4.305959   -8.873038
 0.115010   4.288699   -8.833913
 0.116959   4.271516   -8.797344
 0.118908   4.254407   -8.756993
 0.120858   4.237372   -8.718599
 0.122807   4.220413   -8.682462
 0.124756   4.203528   -8.642862
 0.126706   4.186715   -8.605194
 0.128655   4.169976   -8.569757
 0.130604   4.153310   -8.530904
 0.132554   4.136714   -8.493956
 0.134503   4.120192   -8.458945
 0.136452   4.103741   -8.420564
 0.138402   4.087360   -8.384334
 0.140351   4.071051   -8.350015
 0.142300   4.054812   -8.312371
 0.144250   4.038641   -8.276317
 0.146199   4.022542   -8.242686
 0.148148   4.006511   -8.207295
 0.150097   3.990550   -8.170180
 0.152047   3.974655   -8.135160
 0.153996   3.958831   -8.101995
 0.155945   3.943074   -8.065341
 0.157895   3.927384   -8.030758
 0.159844   3.911762   -7.998274
 0.161793   3.896207   -7.962077
 0.163743   3.880718   -7.928196
 0.165692   3.865295   -7.895855
 0.167641   3.849940   -7.860112
 0.169591   3.834648   -7.826661
 0.171540   3.819424   -7.794729
 0.173489   3.804265   -7.759437
 0.175439   3.789170   -7.726414
 0.177388   3.774139   -7.694888
 0.179337   3.759175   -7.661982
 0.181286   3.744273   -7.627465
 0.183236   3.729435   -7.594654
 0.185185   3.714661   -7.562193
 0.187135   3.699950   -7.529488
 0.189084   3.685304   -7.498767
 0.191033   3.670720   -7.465077
 0.192983   3.656198   -7.433058
 0.194932   3.641739   -7.402737
 0.196881   3.627342   -7.370831
 0.198830   3.613007   -7.337374
 0.200780   3.598733   -7.305824
 0.202729   3.584522   -7.275945
 0.204678   3.570372   -7.242924
 0.206628   3.556282   -7.211527
 0.208577   3.542254   -7.182042
 0.210526   3.528286   -7.149719
 0.212476   3.514377   -7.118471
 0.214425   3.500531   -7.089116
 0.216374   3.486744   -7.057224
 0.218324   3.473015   -7.026389
 0.220273   3.459348   -6.997161
 0.222222   3.445740   -6.966959
 0.224171   3.432191   -6.935289
 0.226121   3.418699   -6.904912
 0.228070   3.405268   -6.876378
 0.230019   3.391895   -6.844872
 0.231969   3.378580   -6.814902
 0.233918   3.365324   -6.786493
 0.235867   3.352126   -6.755412
 0.237817   3.338985   -6.725847
 0.239766   3.325902   -6.697562
 0.241715   3.312878   -6.666902
 0.243665   3.299908   -6.637479
 0.245614   3.286998   -6.609577
 0.247563   3.274144   -6.579338
 0.249513   3.261345   -6.550055
 0.251462   3.248605   -6.522535
 0.253411   3.235920   -6.492193
 0.255361   3.223292   -6.463310
 0.257310   3.210720   -6.436170
 0.259259   3.198204   -6.405983
 0.261209   3.185743   -6.377498
 0.263158   3.173338   -6.350476
 0.265107   3.160989   -6.322350
 0.267056   3.148694   -6.292630
 0.269006   3.136454   -6.264066
 0.270955   3.124270   -6.237460
 0.272904   3.112140   -6.208152
 0.274854   3.100065   -6.180241
 0.276803   3.088043   -6.153750
 0.278752   3.076077   -6.124593
 0.280702   3.064164   -6.096816
 0.282651   3.052306   -6.070440
 0.284600   3.040501   -6.041692
 0.286550   3.028749   -6.014304
 0.288499   3.017051   -5.988042
 0.290448   3.005408   -5.959442
 0.292398   2.993816   -5.932443
 0.294347   2.982277   -5.906294
 0.296296   2.970793   -5.877841
 0.298246   2.959359   -5.850971
 0.300195   2.947980   -5.825448
 0.302144   2.936652   -5.797398
 0.304094   2.925376   -5.770399
 0.306043   2.914153   -5.744730
 0.307992   2.902983   -5.718337
 0.309941   2.891863   -5.690480
 0.311891   2.880796   -5.663907
 0.313840   2.869779   -5.637657
 0.315790   2.858815   -5.611168
 0.317739   2.847901   -5.585973
 0.319688   2.837040   -5.559831
 0.321637   2.826229   -5.532514
 0.323587   2.815469   -5.506191
 0.325536   2.804761   -5.481650
 0.327485   2.794102   -5.454474
 0.329435   2.783494   -5.428530
 0.331384   2.772936   -5.404094
 0.333333   2.762428   -5.377056
 0.335283   2.751971   -5.351235
 0.337232   2.741564   -5.326650
 0.339181   2.731207   -5.300005
 0.341131   2.720899   -5.274813
 0.343080   2.710641   -5.250585
 0.345029   2.700432   -5.223823
 0.346979   2.690273   -5.198497
 0.348928   2.680164   -5.174626
 0.350877   2.670103   -5.149386
 0.352826   2.660091   -5.123058
 0.354776   2.650128   -5.097890
 0.356725   2.640215   -5.073038
 0.358675   2.630348   -5.048201
 0.360624   2.620532   -5.024281
 0.362573   2.610763   -4.999782
 0.364522   2.601042   -4.973973
 0.366472   2.591370   -4.949039
 0.368421   2.581746   -4.925505
 0.370370   2.572170   -4.899828
 0.372320   2.562642   -4.875513
 0.374269   2.553161   -4.852329
 0.376218   2.543727   -4.826531
 0.378168   2.534342   -4.802330
 0.380117   2.525003   -4.779244
 0.382066   2.515712   -4.753826
 0.384016   2.506468   -4.729739
 0.385965   2.497271   -4.706749
 0.387914   2.488121   -4.682743
 0.389863   2.479018   -4.657747
 0.391813   2.469960   -4.633809
 0.393762   2.460951   -4.610946
 0.395711   2.451987   -4.586077
 0.397661   2.443070   -4.562249
 0.399610   2.434199   -4.538730
 0.401560   2.425373   -4.514976
 0.403509   2.416595   -4.492521
 0.405458   2.407861   -4.469095
 0.407407   2.399174   -4.444475
 0.409357   2.390532   -4.421115
 0.411306   2.381936   -4.398784
 0.413255   2.373386   -4.374287
 0.415205   2.364881   -4.351034
 0.417154   2.356421   -4.329044
 0.419103   2.348006   -4.304918
 0.421053   2.339636   -4.281771
 0.423002   2.331312   -4.259622
 0.424951   2.323032   -4.235866
 0.426901   2.314796   -4.212824
 0.428850   2.306606   -4.190765
 0.430799   2.298461   -4.168048
 0.432748   2.290359   -4.144451
 0.434698   2.282301   -4.121548
 0.436647   2.274289   -4.098949
 0.438597   2.266320   -4.076363
 0.440546   2.258396   -4.054481
 0.442495   2.250515   -4.032217
 0.444444   2.242678   -4.008854
 0.446394   2.234885   -3.986404
 0.448343   2.227135   -3.964884
 0.450292   2.219430   -3.941636
 0.452242   2.211767   -3.919287
 0.454191   2.204148   -3.898100
 0.456140   2.196572   -3.875213
 0.458090   2.189039   -3.852716
 0.460039   2.181550   -3.831613
 0.461988   2.174103   -3.808840
 0.463938   2.166699   -3.786934
 0.465887   2.159338   -3.765915
 0.467836   2.152020   -3.743006
 0.469786   2.144744   -3.721198
 0.471735   2.137511   -3.700261
 0.473684   2.130320   -3.678523
 0.475633   2.123172   -3.656009
 0.477583   2.116066   -3.634574
 0.479532   2.109001   -3.612945
 0.481482   2.101979   -3.591328
 0.483431   2.094998   -3.570552
 0.485380   2.088061   -3.549004
 0.487329   2.081164   -3.527197
 0.489279   2.074308   -3.505704
 0.491228   2.067495   -3.485034
 0.493177   2.060724   -3.463333
 0.495127   2.053992   -3.442178
 0.497076   2.047302   -3.421586
 0.499025   2.040655   -3.399501
 0.500975   2.034048   -3.378681
 0.502924   2.027481   -3.358654
 0.504873   2.020956   -3.336674
 0.506823   2.014471   -3.315700
 0.508772   2.008028   -3.295748
 0.510721   2.001625   -3.274115
 0.512671   1.995262   -3.253229
 0.514620   1.988940   -3.233352
 0.516569   1.982659   -3.212775
 0.518518   1.976417   -3.191521
 0.520468   1.970215   -3.170995
 0.522417   1.964053   -3.150972
 0.524366   1.957932   -3.129817
 0.526316   1.951850   -3.109378
 0.528265   1.945809   -3.089670
 0.530214   1.939806   -3.068857
 0.532164   1.933843   -3.048502
 0.534113   1.927920   -3.028864
 0.536062   1.922037   -3.007906
 0.538012   1.916193   -2.987877
 0.539961   1.910387   -2.968552
 0.541910   1.904621   -2.947931
 0.543860   1.898893   -2.927984
 0.545809   1.893205   -2.908485
 0.547758   1.887556   -2.887959
 0.549708   1.881945   -2.868335
 0.551657   1.876372   -2.849145
 0.553606   1.870839   -2.828712
 0.555556   1.865343   -2.809167
 0.557505   1.859886   -2.790285
 0.559454   1.854467   -2.769943
 0.561404   1.849086   -2.750477
 0.563353   1.843742   -2.731659
 0.565302   1.838438   -2.711649
 0.567252   1.833170   -2.692500
 0.569201   1.827940   -2.673746
 0.571150   1.822747   -2.654412
 0.573099   1.817593   -2.634760
 0.575049   1.812475   -2.615712
 0.576998   1.807394   -2.597040
 0.578947   1.802351   -2.577716
 0.580897   1.797344   -2.558741
 0.582846   1.792375   -2.540370
 0.584795   1.787441   -2.521131
 0.586745   1.782545   -2.502468
 0.588694   1.777684   -2.484396
 0.590643   1.772861   -2.465000
 0.592593   1.768073   -2.446648
 0.594542   1.763321   -2.428874
 0.596491   1.758605   -2.409800
 0.598441   1.753925   -2.391516
 0.600390   1.749281   -2.374038
 0.602339   1.744671   -2.355284
 0.604289   1.740098   -2.337068
 0.606238   1.735559   -2.319644
 0.608187   1.731056   -2.301717
 0.610136   1.726587   -2.283306
 0.612086   1.722153   -2.265417
 0.614035   1.717754   -2.248303
 0.615984   1.713389   -2.230446
 0.617934   1.709058   -2.213099
 0.619883   1.704760   -2.196037
 0.621832   1.700498   -2.178015
 0.623782   1.696268   -2.160968
 0.625731   1.692072   -2.144433
 0.627680   1.687909   -2.126960
 0.629630   1.683779   -2.109974
 0.631579   1.679682   -2.093487
 0.633528   1.675619   -2.076561
 0.635478   1.671586   -2.060110
 0.637427   1.667586   -2.043908
 0.639376   1.663619   -2.027500
 0.641325   1.659683   -2.010902
 0.643275   1.655778   -1.994764
 0.645224   1.651905   -1.979336
 0.647173   1.648063   -1.963041
 0.649123   1.644251   -1.947433
 0.651072   1.640470   -1.932285
 0.653021   1.636719   -1.916291
 0.654971   1.632998   -1.901210
 0.656920   1.629307   -1.886578
 0.658869   1.625644   -1.871120
 0.660819   1.622011   -1.856326
 0.662768   1.618406   -1.842446
 0.664717   1.614829   -1.827520
 0.666667   1.611281   -1.813011
 0.668616   1.607760   -1.799406
 0.670565   1.604267   -1.785246
 0.672515   1.600800   -1.771732
 0.674464   1.597359   -1.758636
 0.676413   1.593944   -1.745003
 0.678363   1.590555   -1.732006
 0.680312   1.587191   -1.719418
 0.682261   1.583853   -1.706545
 0.684211   1.580538   -1.694299
 0.686160   1.577247   -1.682690
 0.688109   1.573978   -1.670574
 0.690059   1.570733   -1.658839
 0.692008   1.567511   -1.648206
 0.693957   1.564309   -1.637209
 0.695906   1.561129   -1.626096
 0.697856   1.557968   -1.615827
 0.699805   1.554829   -1.606176
 0.701754   1.551708   -1.596283
 0.703704   1.548605   -1.586757
 0.705653   1.545521   -1.578075
 0.707602   1.542453   -1.569398
 0.709552   1.539402   -1.561082
 0.711501   1.536367   -1.553368
 0.713450   1.533347   -1.545902
 0.715400   1.530339   -1.538793
 0.717349   1.527347   -1.532516
 0.719298   1.524366   -1.526257
 0.721248   1.521396   -1.520351
 0.723197   1.518438   -1.515508
 0.725146   1.515489   -1.510687
 0.727096   1.512548   -1.506686
 0.729045   1.509614   -1.503510
 0.730994   1.506687   -1.500230
 0.732943   1.503766   -1.497319
 0.734893   1.500849   -1.495696
 0.736842   1.497934   -1.494894
 0.738791   1.495022   -1.493880
 0.740741   1.492110   -1.493919
 0.742690   1.489197   -1.495012
 0.744639   1.486282   -1.496124
 0.746589   1.483364   -1.498291
 0.748538   1.480440   -1.501513
 0.750487   1.477511   -1.504979
 0.752437   1.474572   -1.509505
 0.754386   1.471625   -1.515087
 0.756335   1.468667   -1.521137
 0.758285   1.465694   -1.528253
 0.760234   1.462708   -1.536428
 0.762183   1.459705   -1.545290
 0.764133   1.456683   -1.555226
 0.766082   1.453641   -1.566462
 0.768031   1.450577   -1.578507
 0.769980   1.447488   -1.591343
 0.771930   1.444372   -1.605501
 0.773879   1.441228   -1.620814
 0.775829   1.438053   -1.637316
 0.777778   1.434845   -1.655371
 0.779727   1.431600   -1.674444
 0.781676   1.428318   -1.694274
 0.783626   1.424994   -1.715925
 0.785575   1.421627   -1.739148
 0.787524   1.418215   -1.762933
 0.789474   1.414754   -1.788795
 0.791423   1.411240   -1.816478
 0.793372   1.407673   -1.844681
 0.795322   1.404048   -1.874983
 0.797271   1.400362   -1.907127
 0.799220   1.396614   -1.940208
 0.801170   1.392798   -1.975416
 0.803119   1.388912   -2.012725
 0.805068   1.384952   -2.050679
 0.807018   1.380916   -2.090791
 0.808967   1.376800   -2.133733
 0.810916   1.372599   -2.177254
 0.812866   1.368311   -2.222737
 0.814815   1.363932   -2.271082
 0.816764   1.359458   -2.320756
 0.818713   1.354886   -2.371693
 0.820663   1.350211   -2.425582
 0.822612   1.345429   -2.481915
 0.824561   1.340536   -2.538877
 0.826511   1.335530   -2.598371
 0.828460   1.330405   -2.660820
 0.830409   1.325158   -2.724269
 0.832359   1.319783   -2.790304
 0.834308   1.314278   -2.859108
 0.836257   1.308639   -2.928576
 0.838207   1.302860   -3.000689
 0.840156   1.296939   -3.075858
 0.842105   1.290870   -3.151811
 0.844055   1.284650   -3.230472
 0.846004   1.278275   -3.311782
 0.847953   1.271741   -3.393522
 0.849903   1.265043   -3.481537
 0.851852   1.258166   -3.579961
 0.853801   1.251089   -3.684531
 0.855750   1.243804   -3.789985
 0.857700   1.236311   -3.897866
 0.859649   1.228606   -4.009027
 0.861598   1.220684   -4.119559
 0.863548   1.212544   -4.232845
 0.865497   1.204180   -4.348799
 0.867446   1.195592   -4.463719
 0.869396   1.186776   -4.581256
 0.871345   1.177730   -4.701088
 0.873294   1.168451   -4.819709
 0.875244   1.158938   -4.940580
 0.877193   1.149188   -5.063144
 0.879142   1.139202   -5.183847
 0.881092   1.128976   -5.306668
 0.883041   1.118511   -5.431050
 0.884990   1.107806   -5.552453
 0.886940   1.096862   -5.675144
 0.888889   1.085679   -5.799263
 0.890838   1.074257   -5.921301
 0.892787   1.062598   -6.041103
 0.894737   1.050702   -6.161625
 0.896686   1.038573   -6.281236
 0.898636   1.026212   -6.400033
 0.900585   1.013620   -6.518652
 0.902534   1.000802   -6.634262
 0.904483   0.987759   -6.745782
 0.906433   0.974500   -6.856292
 0.908382   0.961027   -6.966173
 0.910331   0.947346   -7.069454
 0.912281   0.933463   -7.171338
 0.914230   0.919385   -7.271279
 0.916179   0.905120   -7.363766
 0.918129   0.890673   -7.454226
 0.920078   0.876056   -7.542356
 0.922027   0.861273   -7.622426
 0.923977   0.846336   -7.699364
 0.925926   0.831254   -7.773342
 0.927875   0.816035   -7.838443
 0.929825   0.800691   -7.900226
 0.931774   0.785232   -7.958410
 0.933723   0.769670   -8.006691
 0.935673   0.754014   -8.051221
 0.937622   0.738278   -8.092200
 0.939571   0.722471   -8.125065
 0.941520   0.706606   -8.149308
 0.943470   0.690697   -8.169358
 0.945419   0.674754   -8.185434
 0.947368   0.658790   -8.191024
 0.949318   0.642817   -8.191957
 0.951267   0.626849   -8.188930
 0.953216   0.610897   -8.175183
 0.955166   0.594974   -8.157231
 0.957115   0.579092   -8.135088
 0.959064   0.563264   -8.102485
 0.961014   0.547500   -8.066114
 0.962963   0.531814   -8.025538
 0.964912   0.516217   -7.975025
 0.966862   0.500719   -7.920703
 0.968811   0.485334   -7.863079
 0.970760   0.470069   -7.796067
 0.972710   0.454937   -7.725658
 0.974659   0.439947   -7.652371
 0.976608   0.425108   -7.572424
 0.978557   0.410429   -7.485684
 0.980507   0.395922   -7.396623
 0.982456   0.381590   -7.303694
 0.984406   0.367444   -7.206707
 0.986355   0.353491   -7.108121
 0.988304   0.339737   -7.004165
 0.990253   0.326189   -6.895440
 0.992203   0.312852   -6.785629
 0.994152   0.299731   -6.675051
 0.996101   0.286832   -6.558722
 0.998051   0.274159   -6.442150
 1.000000   0.261714   -6.385095
3 N Z A of ION SPECIES
 6.000000   6.000000   12.000000
 1.000000   1.000000   2.000000
 1.000000   1.000000   2.000000
514 psinorm nz1(10^20/m^3) dnz1/dpsiN
 0.000000   0.020003   -0.057974
 0.001949   0.019890   -0.057129
 0.003899   0.019780   -0.055566
 0.005848   0.019673   -0.054174
 0.007797   0.019569   -0.052867
 0.009747   0.019467   -0.051676
 0.011696   0.019367   -0.050654
 0.013645   0.019270   -0.049615
 0.015595   0.019174   -0.048639
 0.017544   0.019080   -0.047778
 0.019493   0.018988   -0.046911
 0.021442   0.018897   -0.046088
 0.023392   0.018808   -0.045277
 0.025341   0.018721   -0.044579
 0.027290   0.018634   -0.043866
 0.029240   0.018550   -0.043163
 0.031189   0.018466   -0.042471
 0.033138   0.018384   -0.041816
 0.035088   0.018303   -0.041221
 0.037037   0.018223   -0.040586
 0.038986   0.018145   -0.039987
 0.040936   0.018067   -0.039448
 0.042885   0.017991   -0.038869
 0.044834   0.017916   -0.038277
 0.046784   0.017842   -0.037793
 0.048733   0.017769   -0.037219
 0.050682   0.017697   -0.036732
 0.052632   0.017625   -0.036254
 0.054581   0.017555   -0.035684
 0.056530   0.017486   -0.035302
 0.058480   0.017418   -0.034829
 0.060429   0.017350   -0.034313
 0.062378   0.017284   -0.033892
 0.064327   0.017218   -0.033418
 0.066277   0.017154   -0.033000
 0.068226   0.017090   -0.032589
 0.070175   0.017027   -0.032168
 0.072125   0.016964   -0.031803
 0.074074   0.016903   -0.031347
 0.076023   0.016842   -0.030930
 0.077973   0.016782   -0.030618
 0.079922   0.016723   -0.030214
 0.081871   0.016664   -0.029851
 0.083821   0.016606   -0.029493
 0.085770   0.016549   -0.029093
 0.087719   0.016493   -0.028733
 0.089669   0.016437   -0.028428
 0.091618   0.016382   -0.028080
 0.093567   0.016328   -0.027724
 0.095517   0.016274   -0.027373
 0.097466   0.016221   -0.027076
 0.099415   0.016168   -0.026825
 0.101364   0.016116   -0.026473
 0.103314   0.016065   -0.026078
 0.105263   0.016015   -0.025781
 0.107213   0.015965   -0.025533
 0.109162   0.015915   -0.025290
 0.111111   0.015866   -0.024996
 0.113060   0.015818   -0.024603
 0.115010   0.015770   -0.024358
 0.116959   0.015723   -0.024118
 0.118908   0.015676   -0.023824
 0.120858   0.015630   -0.023582
 0.122807   0.015584   -0.023344
 0.124756   0.015539   -0.023052
 0.126706   0.015494   -0.022765
 0.128655   0.015450   -0.022530
 0.130604   0.015406   -0.022288
 0.132554   0.015363   -0.022004
 0.134503   0.015321   -0.021770
 0.136452   0.015278   -0.021579
 0.138402   0.015237   -0.021296
 0.140351   0.015195   -0.021065
 0.142300   0.015154   -0.020876
 0.144250   0.015114   -0.020689
 0.146199   0.015074   -0.020413
 0.148148   0.015034   -0.020228
 0.150097   0.014995   -0.020042
 0.152047   0.014956   -0.019718
 0.153996   0.014918   -0.019538
 0.155945   0.014880   -0.019353
 0.157895   0.014843   -0.019218
 0.159844   0.014805   -0.019040
 0.161793   0.014768   -0.018717
 0.163743   0.014732   -0.018584
 0.165692   0.014696   -0.018407
 0.167641   0.014660   -0.018179
 0.169591   0.014625   -0.018047
 0.171540   0.014590   -0.017826
 0.173489   0.014556   -0.017647
 0.175439   0.014521   -0.017470
 0.177388   0.014487   -0.017296
 0.179337   0.014454   -0.017167
 0.181286   0.014420   -0.016989
 0.183236   0.014388   -0.016815
 0.185185   0.014355   -0.016641
 0.187135   0.014323   -0.016467
 0.189084   0.014291   -0.016296
 0.191033   0.014259   -0.016122
 0.192983   0.014228   -0.015996
 0.194932   0.014197   -0.015871
 0.196881   0.014166   -0.015746
 0.198830   0.014135   -0.015528
 0.200780   0.014105   -0.015403
 0.202729   0.014075   -0.015326
 0.204678   0.014046   -0.015109
 0.206628   0.014016   -0.014985
 0.208577   0.013987   -0.014864
 0.210526   0.013959   -0.014739
 0.212476   0.013930   -0.014572
 0.214425   0.013902   -0.014451
 0.216374   0.013873   -0.014373
 0.218324   0.013846   -0.014206
 0.220273   0.013818   -0.014086
 0.222222   0.013791   -0.013921
 0.224171   0.013764   -0.013799
 0.226121   0.013737   -0.013768
 0.228070   0.013710   -0.013650
 0.230019   0.013684   -0.013484
 0.231969   0.013658   -0.013320
 0.233918   0.013632   -0.013292
 0.235867   0.013606   -0.013172
 0.237817   0.013580   -0.013009
 0.239766   0.013555   -0.012981
 0.241715   0.013530   -0.012818
 0.243665   0.013505   -0.012745
 0.245614   0.013480   -0.012673
 0.247563   0.013456   -0.012511
 0.249513   0.013431   -0.012438
 0.251462   0.013407   -0.012323
 0.253411   0.013383   -0.012250
 0.255361   0.013359   -0.012178
 0.257310   0.013336   -0.012063
 0.259259   0.013312   -0.012035
 0.261209   0.013289   -0.011876
 0.263158   0.013266   -0.011762
 0.265107   0.013243   -0.011735
 0.267056   0.013220   -0.011663
 0.269006   0.013198   -0.011549
 0.270955   0.013175   -0.011436
 0.272904   0.013153   -0.011409
 0.274854   0.013131   -0.011339
 0.276803   0.013109   -0.011226
 0.278752   0.013087   -0.011156
 0.280702   0.013065   -0.011130
 0.282651   0.013044   -0.011018
 0.284600   0.013022   -0.010948
 0.286550   0.013001   -0.010922
 0.288499   0.012980   -0.010768
 0.290448   0.012959   -0.010741
 0.292398   0.012938   -0.010716
 0.294347   0.012917   -0.010605
 0.296296   0.012897   -0.010579
 0.298246   0.012876   -0.010468
 0.300195   0.012856   -0.010400
 0.302144   0.012835   -0.010375
 0.304094   0.012815   -0.010307
 0.306043   0.012795   -0.010240
 0.307992   0.012775   -0.010215
 0.309941   0.012755   -0.010147
 0.311891   0.012736   -0.010079
 0.313840   0.012716   -0.010097
 0.315790   0.012696   -0.009987
 0.317739   0.012677   -0.009921
 0.319688   0.012658   -0.009897
 0.321637   0.012639   -0.009829
 0.323587   0.012619   -0.009804
 0.325536   0.012600   -0.009739
 0.327485   0.012582   -0.009713
 0.329435   0.012563   -0.009689
 0.331384   0.012544   -0.009623
 0.333333   0.012525   -0.009556
 0.335283   0.012506   -0.009532
 0.337232   0.012488   -0.009509
 0.339181   0.012469   -0.009442
 0.341131   0.012451   -0.009418
 0.343080   0.012433   -0.009394
 0.345029   0.012414   -0.009369
 0.346979   0.012396   -0.009304
 0.348928   0.012378   -0.009280
 0.350877   0.012360   -0.009256
 0.352826   0.012342   -0.009190
 0.354776   0.012324   -0.009166
 0.356725   0.012306   -0.009183
 0.358675   0.012288   -0.009159
 0.360624   0.012271   -0.009095
 0.362573   0.012253   -0.009029
 0.364522   0.012235   -0.009004
 0.366472   0.012218   -0.009022
 0.368421   0.012200   -0.008999
 0.370370   0.012183   -0.008974
 0.372320   0.012165   -0.008909
 0.374269   0.012148   -0.008927
 0.376218   0.012130   -0.008943
 0.378168   0.012113   -0.008878
 0.380117   0.012096   -0.008854
 0.382066   0.012079   -0.008789
 0.384016   0.012062   -0.008806
 0.385965   0.012044   -0.008782
 0.387914   0.012027   -0.008758
 0.389863   0.012010   -0.008815
 0.391813   0.011993   -0.008750
 0.393762   0.011976   -0.008686
 0.395711   0.011959   -0.008702
 0.397661   0.011942   -0.008718
 0.399610   0.011925   -0.008694
 0.401560   0.011908   -0.008670
 0.403509   0.011891   -0.008646
 0.405458   0.011874   -0.008662
 0.407407   0.011858   -0.008637
 0.409357   0.011841   -0.008613
 0.411306   0.011824   -0.008630
 0.413255   0.011807   -0.008645
 0.415205   0.011790   -0.008620
 0.417154   0.011774   -0.008596
 0.419103   0.011757   -0.008611
 0.421053   0.011740   -0.008587
 0.423002   0.011723   -0.008603
 0.424951   0.011706   -0.008577
 0.426901   0.011690   -0.008552
 0.428850   0.011673   -0.008569
 0.430799   0.011656   -0.008544
 0.432748   0.011640   -0.008558
 0.434698   0.011623   -0.008573
 0.436647   0.011606   -0.008548
 0.438597   0.011590   -0.008523
 0.440546   0.011573   -0.008538
 0.442495   0.011556   -0.008553
 0.444444   0.011540   -0.008567
 0.446394   0.011523   -0.008581
 0.448343   0.011506   -0.008557
 0.450292   0.011490   -0.008531
 0.452242   0.011473   -0.008585
 0.454191   0.011456   -0.008560
 0.456140   0.011440   -0.008533
 0.458090   0.011423   -0.008587
 0.460039   0.011406   -0.008562
 0.461988   0.011390   -0.008575
 0.463938   0.011373   -0.008628
 0.465887   0.011356   -0.008603
 0.467836   0.011339   -0.008576
 0.469786   0.011323   -0.008629
 0.471735   0.011306   -0.008604
 0.473684   0.011289   -0.008617
 0.475633   0.011272   -0.008629
 0.477583   0.011255   -0.008603
 0.479532   0.011239   -0.008655
 0.481482   0.011222   -0.008629
 0.483431   0.011205   -0.008642
 0.485380   0.011188   -0.008694
 0.487329   0.011171   -0.008667
 0.489279   0.011154   -0.008679
 0.491228   0.011137   -0.008692
 0.493177   0.011120   -0.008704
 0.495127   0.011103   -0.008716
 0.497076   0.011086   -0.008729
 0.499025   0.011069   -0.008740
 0.500975   0.011052   -0.008751
 0.502924   0.011035   -0.008803
 0.504873   0.011018   -0.008813
 0.506823   0.011001   -0.008786
 0.508772   0.010984   -0.008799
 0.510721   0.010966   -0.008809
 0.512671   0.010949   -0.008859
 0.514620   0.010932   -0.008871
 0.516569   0.010915   -0.008844
 0.518518   0.010897   -0.008854
 0.520468   0.010880   -0.008903
 0.522417   0.010863   -0.008953
 0.524366   0.010845   -0.008924
 0.526316   0.010828   -0.008935
 0.528265   0.010810   -0.008947
 0.530214   0.010793   -0.008994
 0.532164   0.010775   -0.009043
 0.534113   0.010758   -0.009016
 0.536062   0.010740   -0.009025
 0.538012   0.010723   -0.009035
 0.539961   0.010705   -0.009084
 0.541910   0.010687   -0.009093
 0.543860   0.010670   -0.009065
 0.545809   0.010652   -0.009114
 0.547758   0.010634   -0.009160
 0.549708   0.010616   -0.009170
 0.551657   0.010598   -0.009142
 0.553606   0.010580   -0.009188
 0.555556   0.010562   -0.009273
 0.557505   0.010544   -0.009246
 0.559454   0.010526   -0.009216
 0.561404   0.010508   -0.009301
 0.563353   0.010490   -0.009311
 0.565302   0.010472   -0.009281
 0.567252   0.010454   -0.009327
 0.569201   0.010436   -0.009375
 0.571150   0.010417   -0.009421
 0.573099   0.010399   -0.009391
 0.575049   0.010381   -0.009399
 0.576998   0.010362   -0.009484
 0.578947   0.010344   -0.009454
 0.580897   0.010325   -0.009424
 0.582846   0.010307   -0.009547
 0.584795   0.010288   -0.009591
 0.586745   0.010270   -0.009524
 0.588694   0.010251   -0.009533
 0.590643   0.010232   -0.009577
 0.592593   0.010214   -0.009623
 0.594542   0.010195   -0.009669
 0.596491   0.010176   -0.009675
 0.598441   0.010157   -0.009683
 0.600390   0.010138   -0.009692
 0.602339   0.010119   -0.009735
 0.604289   0.010100   -0.009780
 0.606238   0.010081   -0.009752
 0.608187   0.010062   -0.009759
 0.610136   0.010043   -0.009802
 0.612086   0.010024   -0.009847
 0.614035   0.010005   -0.009893
 0.615984   0.009986   -0.009935
 0.617934   0.009966   -0.009905
 0.619883   0.009947   -0.009914
 0.621832   0.009928   -0.009956
 0.623782   0.009908   -0.010000
 0.625731   0.009889   -0.010009
 0.627680   0.009869   -0.010014
 0.629630   0.009849   -0.010095
 0.631579   0.009830   -0.010103
 0.633528   0.009810   -0.010071
 0.635478   0.009790   -0.010115
 0.637427   0.009771   -0.010160
 0.639376   0.009751   -0.010167
 0.641325   0.009731   -0.010172
 0.643275   0.009711   -0.010179
 0.645224   0.009691   -0.010224
 0.647173   0.009671   -0.010265
 0.649123   0.009651   -0.010308
 0.651072   0.009631   -0.010280
 0.653021   0.009611   -0.010285
 0.654971   0.009591   -0.010365
 0.656920   0.009571   -0.010409
 0.658869   0.009551   -0.010414
 0.660819   0.009530   -0.010420
 0.662768   0.009510   -0.010429
 0.664717   0.009490   -0.010433
 0.666667   0.009469   -0.010476
 0.668616   0.009449   -0.010521
 0.670565   0.009428   -0.010525
 0.672515   0.009408   -0.010532
 0.674464   0.009387   -0.010577
 0.676413   0.009366   -0.010581
 0.678363   0.009346   -0.010624
 0.680312   0.009325   -0.010632
 0.682261   0.009304   -0.010636
 0.684211   0.009284   -0.010715
 0.686160   0.009263   -0.010688
 0.688109   0.009242   -0.010692
 0.690059   0.009221   -0.010771
 0.692008   0.009200   -0.010743
 0.693957   0.009179   -0.010750
 0.695906   0.009158   -0.010790
 0.697856   0.009137   -0.010797
 0.699805   0.009116   -0.010842
 0.701754   0.009095   -0.010882
 0.703704   0.009073   -0.010889
 0.705653   0.009052   -0.010861
 0.707602   0.009031   -0.010866
 0.709552   0.009010   -0.010908
 0.711501   0.008989   -0.010990
 0.713450   0.008967   -0.010958
 0.715400   0.008946   -0.010965
 0.717349   0.008924   -0.011010
 0.719298   0.008903   -0.010978
 0.721248   0.008882   -0.011021
 0.723197   0.008860   -0.011066
 0.725146   0.008838   -0.011071
 0.727096   0.008817   -0.011042
 0.729045   0.008795   -0.011052
 0.730994   0.008774   -0.011131
 0.732943   0.008752   -0.011100
 0.734893   0.008730   -0.011107
 0.736842   0.008709   -0.011188
 0.738791   0.008687   -0.011157
 0.740741   0.008665   -0.011165
 0.742690   0.008643   -0.011175
 0.744639   0.008622   -0.011180
 0.746589   0.008600   -0.011223
 0.748538   0.008578   -0.011197
 0.750487   0.008556   -0.011203
 0.752437   0.008534   -0.011246
 0.754386   0.008512   -0.011257
 0.756335   0.008490   -0.011262
 0.758285   0.008468   -0.011235
 0.760234   0.008446   -0.011245
 0.762183   0.008425   -0.011251
 0.764133   0.008403   -0.011259
 0.766082   0.008381   -0.011306
 0.768031   0.008359   -0.011279
 0.769980   0.008337   -0.011285
 0.771930   0.008315   -0.011293
 0.773879   0.008293   -0.011267
 0.775829   0.008271   -0.011311
 0.777778   0.008249   -0.011323
 0.779727   0.008226   -0.011296
 0.781676   0.008204   -0.011303
 0.783626   0.008182   -0.011276
 0.785575   0.008161   -0.011288
 0.787524   0.008138   -0.011331
 0.789474   0.008116   -0.011305
 0.791423   0.008094   -0.011246
 0.793372   0.008072   -0.011253
 0.795322   0.008050   -0.011263
 0.797271   0.008029   -0.011240
 0.799220   0.008007   -0.011283
 0.801170   0.007985   -0.011258
 0.803119   0.007963   -0.011236
 0.805068   0.007941   -0.011208
 0.807018   0.007919   -0.011183
 0.808967   0.007897   -0.011161
 0.810916   0.007876   -0.011170
 0.812866   0.007854   -0.011145
 0.814815   0.007832   -0.011088
 0.816764   0.007810   -0.011100
 0.818713   0.007789   -0.011073
 0.820663   0.007767   -0.011049
 0.822612   0.007746   -0.011028
 0.824561   0.007724   -0.010966
 0.826511   0.007703   -0.010908
 0.828460   0.007682   -0.010887
 0.830409   0.007661   -0.010826
 0.832359   0.007640   -0.010803
 0.834308   0.007618   -0.010818
 0.836257   0.007597   -0.010687
 0.838207   0.007577   -0.010629
 0.840156   0.007556   -0.010609
 0.842105   0.007535   -0.010513
 0.844055   0.007515   -0.010491
 0.846004   0.007494   -0.010401
 0.847953   0.007474   -0.010306
 0.849903   0.007454   -0.010249
 0.851852   0.007434   -0.010125
 0.853801   0.007415   -0.010033
 0.855750   0.007395   -0.009938
 0.857700   0.007376   -0.009811
 0.859649   0.007357   -0.009722
 0.861598   0.007338   -0.009593
 0.863548   0.007320   -0.009467
 0.865497   0.007301   -0.009308
 0.867446   0.007283   -0.009144
 0.869396   0.007266   -0.008983
 0.871345   0.007248   -0.008788
 0.873294   0.007231   -0.008661
 0.875244   0.007215   -0.008464
 0.877193   0.007198   -0.008200
 0.879142   0.007183   -0.008002
 0.881092   0.007167   -0.007771
 0.883041   0.007152   -0.007542
 0.884990   0.007138   -0.007310
 0.886940   0.007124   -0.006973
 0.888889   0.007111   -0.006709
 0.890838   0.007098   -0.006479
 0.892787   0.007085   -0.006141
 0.894737   0.007074   -0.005840
 0.896686   0.007063   -0.005545
 0.898636   0.007052   -0.005258
 0.900585   0.007042   -0.004977
 0.902534   0.007033   -0.004694
 0.904483   0.007024   -0.004446
 0.906433   0.007015   -0.004164
 0.908382   0.007008   -0.003988
 0.910331   0.007000   -0.003811
 0.912281   0.006993   -0.003705
 0.914230   0.006985   -0.003741
 0.916179   0.006978   -0.003776
 0.918129   0.006971   -0.003917
 0.920078   0.006963   -0.004235
 0.922027   0.006954   -0.004728
 0.923977   0.006944   -0.005399
 0.925926   0.006933   -0.006318
 0.927875   0.006920   -0.007516
 0.929825   0.006904   -0.008998
 0.931774   0.006885   -0.010836
 0.933723   0.006862   -0.013090
 0.935673   0.006834   -0.015809
 0.937622   0.006800   -0.018953
 0.939571   0.006760   -0.022589
 0.941520   0.006712   -0.026710
 0.943470   0.006656   -0.031018
 0.945419   0.006591   -0.035966
 0.947368   0.006515   -0.042306
 0.949318   0.006426   -0.049685
 0.951267   0.006322   -0.057566
 0.953216   0.006202   -0.065842
 0.955166   0.006065   -0.074456
 0.957115   0.005911   -0.083155
 0.959064   0.005741   -0.091706
 0.961014   0.005554   -0.099932
 0.962963   0.005351   -0.107509
 0.964912   0.005135   -0.114078
 0.966862   0.004906   -0.119480
 0.968811   0.004669   -0.123427
 0.970760   0.004425   -0.125653
 0.972710   0.004179   -0.126112
 0.974659   0.003934   -0.124662
 0.976608   0.003693   -0.121345
 0.978557   0.003461   -0.116199
 0.980507   0.003240   -0.109491
 0.982456   0.003034   -0.101450
 0.984406   0.002844   -0.092306
 0.986355   0.002674   -0.082414
 0.988304   0.002523   -0.072073
 0.990253   0.002393   -0.061612
 0.992203   0.002283   -0.051268
 0.994152   0.002193   -0.041366
 0.996101   0.002122   -0.032113
 0.998051   0.002068   -0.023534
 1.000000   0.002030   -0.019412
514 psinorm ptot(KPa) dptot/dpsiN
 0.000000   78.118588   -213.090426
 0.001949   77.703275   -210.711264
 0.003899   77.297030   -207.531282
 0.005848   76.894109   -206.104704
 0.007797   76.493634   -204.951813
 0.009747   76.095003   -203.904035
 0.011696   75.698611   -202.935398
 0.013645   75.303961   -202.018150
 0.015595   74.910943   -201.083056
 0.017544   74.519937   -200.209671
 0.019493   74.130526   -199.359485
 0.021442   73.742834   -198.454711
 0.023392   73.356752   -197.573770
 0.025341   72.972493   -196.715398
 0.027290   72.589955   -195.817627
 0.029240   72.209001   -194.978518
 0.031189   71.829733   -194.148494
 0.033138   71.452210   -193.244868
 0.035088   71.076272   -192.378037
 0.037037   70.702127   -191.534182
 0.038986   70.329672   -190.655709
 0.040936   69.958761   -189.801608
 0.042885   69.589635   -188.968407
 0.044834   69.222162   -188.090255
 0.046784   68.856272   -187.245623
 0.048733   68.492091   -186.405874
 0.050682   68.129662   -185.511526
 0.052632   67.768782   -184.654031
 0.054581   67.409695   -183.837633
 0.056530   67.052183   -182.962422
 0.058480   66.696325   -182.091368
 0.060429   66.342208   -181.277200
 0.062378   65.989707   -180.431084
 0.064327   65.638888   -179.550359
 0.066277   65.289641   -178.722200
 0.068226   64.942049   -177.892428
 0.070175   64.596216   -177.008894
 0.072125   64.251892   -176.175487
 0.074074   63.909307   -175.350299
 0.076023   63.568377   -174.483561
 0.077973   63.228996   -173.643574
 0.079922   62.891340   -172.845246
 0.081871   62.555246   -171.979940
 0.083821   62.220791   -171.143380
 0.085770   61.887957   -170.325708
 0.087719   61.556861   -169.470232
 0.089669   61.227193   -168.663839
 0.091618   60.899240   -167.845374
 0.093567   60.572932   -167.005215
 0.095517   60.248088   -166.193359
 0.097466   59.924943   -165.400185
 0.099415   59.603358   -164.568749
 0.101364   59.283454   -163.713924
 0.103314   58.965038   -162.909264
 0.105263   58.648270   -162.106120
 0.107213   58.332987   -161.285607
 0.109162   58.019417   -160.500870
 0.111111   57.707355   -159.714848
 0.113060   57.396848   -158.869878
 0.115010   57.087922   -158.067848
 0.116959   56.780541   -157.303309
 0.118908   56.474754   -156.470480
 0.120858   56.170464   -155.681899
 0.122807   55.867749   -154.925643
 0.124756   55.566563   -154.106649
 0.126706   55.266888   -153.316852
 0.128655   54.968780   -152.571033
 0.130604   54.672167   -151.750099
 0.132554   54.377108   -150.973677
 0.134503   54.083519   -150.236322
 0.136452   53.791486   -149.409313
 0.138402   53.500973   -148.646373
 0.140351   53.211914   -147.921956
 0.142300   52.924374   -147.109151
 0.144250   52.638336   -146.351835
 0.146199   52.353747   -145.628668
 0.148148   52.070675   -144.852955
 0.150097   51.789110   -144.079700
 0.152047   51.508909   -143.328227
 0.153996   51.230273   -142.589179
 0.155945   50.953097   -141.827670
 0.157895   50.677288   -141.083255
 0.159844   50.403012   -140.357535
 0.161793   50.130174   -139.597367
 0.163743   49.858723   -138.864083
 0.165692   49.588742   -138.145279
 0.167641   49.320233   -137.395861
 0.169591   49.053036   -136.676308
 0.171540   48.787331   -135.955312
 0.173489   48.523083   -135.201267
 0.175439   48.260182   -134.504790
 0.177388   47.998648   -133.808318
 0.179337   47.738597   -133.079434
 0.181286   47.479904   -132.342488
 0.183236   47.222595   -131.631381
 0.185185   46.966673   -130.926004
 0.187135   46.712115   -130.221171
 0.189084   46.458940   -129.544570
 0.191033   46.207150   -128.827605
 0.192983   45.956642   -128.122669
 0.194932   45.707599   -127.443687
 0.196881   45.459866   -126.771411
 0.198830   45.213444   -126.054645
 0.200780   44.968380   -125.364228
 0.202729   44.724649   -124.712032
 0.204678   44.482252   -124.004681
 0.206628   44.241155   -123.321582
 0.208577   44.001421   -122.667694
 0.210526   43.762996   -121.975718
 0.212476   43.525838   -121.316852
 0.214425   43.289981   -120.669819
 0.216374   43.055467   -119.974495
 0.218324   42.822201   -119.326640
 0.220273   42.590212   -118.688560
 0.222222   42.359553   -118.023807
 0.224171   42.130155   -117.355963
 0.226121   41.901983   -116.707467
 0.228070   41.675112   -116.084861
 0.230019   41.449484   -115.412298
 0.231969   41.225121   -114.762825
 0.233918   41.002024   -114.151160
 0.235867   40.780159   -113.501814
 0.237817   40.559481   -112.861290
 0.239766   40.340113   -112.256191
 0.241715   40.121906   -111.608241
 0.243665   39.904953   -110.978858
 0.245614   39.689199   -110.370582
 0.247563   39.474728   -109.731587
 0.249513   39.261356   -109.136624
 0.251462   39.049204   -108.527097
 0.253411   38.838318   -107.893668
 0.255361   38.628527   -107.286249
 0.257310   38.420008   -106.689322
 0.259259   38.212652   -106.076735
 0.261209   38.006415   -105.477641
 0.263158   37.801394   -104.887407
 0.265107   37.597564   -104.307643
 0.267056   37.394803   -103.699454
 0.269006   37.193241   -103.097221
 0.270955   36.992826   -102.522172
 0.272904   36.793609   -101.911842
 0.274854   36.595473   -101.357077
 0.276803   36.398417   -100.790431
 0.278752   36.202592   -100.177980
 0.280702   36.007824   -99.618955
 0.282651   35.814177   -99.058764
 0.284600   35.621693   -98.480536
 0.286550   35.430202   -97.912069
 0.288499   35.239933   -97.349239
 0.290448   35.050734   -96.788788
 0.292398   34.862554   -96.230470
 0.294347   34.675531   -95.688668
 0.296296   34.489560   -95.113843
 0.298246   34.304683   -94.561533
 0.300195   34.120864   -94.041864
 0.302144   33.938108   -93.458528
 0.304094   33.756470   -92.925440
 0.306043   33.575791   -92.410268
 0.307992   33.396255   -91.851845
 0.309941   33.217753   -91.312446
 0.311891   33.040228   -90.791830
 0.313840   32.863755   -90.252600
 0.315790   32.688334   -89.725024
 0.317739   32.513916   -89.208836
 0.319688   32.340598   -88.689076
 0.321637   32.168206   -88.165924
 0.323587   31.996839   -87.629977
 0.325536   31.826537   -87.125591
 0.327485   31.657224   -86.601133
 0.329435   31.488879   -86.094640
 0.331384   31.321540   -85.617445
 0.333333   31.155143   -85.090957
 0.335283   30.989771   -84.572913
 0.337232   30.825392   -84.094240
 0.339181   30.661972   -83.577529
 0.341131   30.499524   -83.087919
 0.343080   30.338012   -82.616450
 0.345029   30.177485   -82.097137
 0.346979   30.017915   -81.605665
 0.348928   29.859304   -81.143143
 0.350877   29.701619   -80.666695
 0.352826   29.544865   -80.168540
 0.354776   29.389043   -79.678393
 0.356725   29.234199   -79.202442
 0.358675   29.080233   -78.737384
 0.360624   28.927201   -78.276489
 0.362573   28.775111   -77.808356
 0.364522   28.623904   -77.320407
 0.366472   28.473639   -76.853334
 0.368421   28.324253   -76.414789
 0.370370   28.175775   -75.932812
 0.372320   28.028191   -75.475158
 0.374269   27.881497   -75.038314
 0.376218   27.735692   -74.571861
 0.378168   27.590741   -74.121474
 0.380117   27.446692   -73.680616
 0.382066   27.303534   -73.222096
 0.384016   27.161199   -72.781563
 0.385965   27.019759   -72.346036
 0.387914   26.879195   -71.901249
 0.389863   26.739488   -71.464057
 0.391813   26.600557   -71.031934
 0.393762   26.462534   -70.598192
 0.395711   26.325365   -70.157436
 0.397661   26.188990   -69.733296
 0.399610   26.053474   -69.304213
 0.401560   25.918774   -68.875705
 0.403509   25.784928   -68.462158
 0.405458   25.651908   -68.048701
 0.407407   25.519674   -67.614913
 0.409357   25.388278   -67.196954
 0.411306   25.257673   -66.802683
 0.413255   25.127881   -66.382977
 0.415205   24.998846   -65.971769
 0.417154   24.870657   -65.560224
 0.419103   24.743292   -65.150382
 0.421053   24.616636   -64.760511
 0.423002   24.490790   -64.362792
 0.424951   24.365750   -63.952364
 0.426901   24.241440   -63.552859
 0.428850   24.117957   -63.161619
 0.430799   23.995236   -62.769542
 0.432748   23.873281   -62.376564
 0.434698   23.752031   -61.994119
 0.436647   23.631566   -61.592871
 0.438597   23.511880   -61.209110
 0.440546   23.392911   -60.844552
 0.442495   23.274708   -60.460783
 0.444444   23.157235   -60.080645
 0.446394   23.040454   -59.695041
 0.448343   22.924483   -59.332940
 0.450292   22.809175   -58.952465
 0.452242   22.694628   -58.567606
 0.454191   22.580819   -58.212847
 0.456140   22.467714   -57.838424
 0.458090   22.355308   -57.473646
 0.460039   22.243624   -57.124678
 0.461988   22.132636   -56.749527
 0.463938   22.022358   -56.394795
 0.465887   21.912752   -56.050083
 0.467836   21.803875   -55.671819
 0.469786   21.695688   -55.323017
 0.471735   21.588170   -54.984007
 0.473684   21.481360   -54.631261
 0.475633   21.375218   -54.270404
 0.477583   21.269760   -53.929342
 0.479532   21.164947   -53.590441
 0.481482   21.060812   -53.237493
 0.483431   20.957374   -52.904481
 0.485380   20.854590   -52.569614
 0.487329   20.752457   -52.229538
 0.489279   20.650947   -51.891989
 0.491228   20.550130   -51.564771
 0.493177   20.449948   -51.223965
 0.495127   20.350408   -50.893225
 0.497076   20.251515   -50.572886
 0.499025   20.153275   -50.235290
 0.500975   20.055648   -49.911297
 0.502924   19.958671   -49.606174
 0.504873   19.862283   -49.274180
 0.506823   19.766551   -48.945388
 0.508772   19.671444   -48.637980
 0.510721   19.576960   -48.312702
 0.512671   19.483074   -48.005565
 0.514620   19.389786   -47.703209
 0.516569   19.297126   -47.386073
 0.518518   19.205075   -47.069153
 0.520468   19.113604   -46.768622
 0.522417   19.022724   -46.467097
 0.524366   18.932475   -46.148174
 0.526316   18.842793   -45.845492
 0.528265   18.753724   -45.554733
 0.530214   18.665220   -45.256633
 0.532164   18.577268   -44.955739
 0.534113   18.489938   -44.662628
 0.536062   18.403173   -44.359922
 0.538012   18.316979   -44.069677
 0.539961   18.231345   -43.783811
 0.541910   18.146309   -43.489959
 0.543860   18.061778   -43.197575
 0.545809   17.977882   -42.913885
 0.547758   17.894500   -42.632007
 0.549708   17.811660   -42.352463
 0.551657   17.729367   -42.073345
 0.553606   17.647658   -41.783536
 0.555556   17.566454   -41.509911
 0.557505   17.485810   -41.237830
 0.559454   17.405709   -40.951646
 0.561404   17.326140   -40.682568
 0.563353   17.247087   -40.421761
 0.565302   17.168576   -40.140050
 0.567252   17.090581   -39.869815
 0.569201   17.013124   -39.607806
 0.571150   16.936190   -39.339550
 0.573099   16.859778   -39.066490
 0.575049   16.783870   -38.807674
 0.576998   16.708467   -38.558025
 0.578947   16.633571   -38.290526
 0.580897   16.559172   -38.029363
 0.582846   16.485294   -37.779543
 0.584795   16.411908   -37.517671
 0.586745   16.339013   -37.267226
 0.588694   16.266602   -37.014913
 0.590643   16.194729   -36.756242
 0.592593   16.123290   -36.506974
 0.594542   16.052388   -36.267545
 0.596491   15.981919   -36.019531
 0.598441   15.911948   -35.767856
 0.600390   15.842460   -35.537398
 0.602339   15.773423   -35.288047
 0.604289   15.704872   -35.048048
 0.606238   15.636771   -34.816317
 0.608187   15.569158   -34.572531
 0.610136   15.502007   -34.330935
 0.612086   15.435302   -34.097257
 0.614035   15.369062   -33.871490
 0.615984   15.303271   -33.635948
 0.617934   15.237915   -33.407037
 0.619883   15.173017   -33.179980
 0.621832   15.108580   -32.945987
 0.623782   15.044561   -32.721764
 0.625731   14.980997   -32.501691
 0.627680   14.917869   -32.279815
 0.629630   14.855139   -32.055467
 0.631579   14.792885   -31.836442
 0.633528   14.731040   -31.614283
 0.635478   14.669621   -31.401765
 0.637427   14.608604   -31.193290
 0.639376   14.548029   -30.975917
 0.641325   14.487860   -30.765504
 0.643275   14.428075   -30.551417
 0.645224   14.368740   -30.340857
 0.647173   14.309806   -30.130097
 0.649123   14.251263   -29.928599
 0.651072   14.193114   -29.732016
 0.653021   14.135368   -29.519765
 0.654971   14.078017   -29.317551
 0.656920   14.021058   -29.127203
 0.658869   13.964479   -28.921558
 0.660819   13.908293   -28.722525
 0.662768   13.852490   -28.542993
 0.664717   13.797033   -28.342624
 0.666667   13.741982   -28.143000
 0.668616   13.687303   -27.963890
 0.670565   13.632979   -27.769722
 0.672515   13.579029   -27.580730
 0.674464   13.525441   -27.406482
 0.676413   13.472199   -27.217382
 0.678363   13.419321   -27.041311
 0.680312   13.366765   -26.866217
 0.682261   13.314597   -26.681853
 0.684211   13.262732   -26.507015
 0.686160   13.211246   -26.333073
 0.688109   13.160086   -26.164736
 0.690059   13.109229   -25.994608
 0.692008   13.058733   -25.828475
 0.693957   13.008550   -25.662223
 0.695906   12.958701   -25.498027
 0.697856   12.909133   -25.336412
 0.699805   12.859915   -25.177440
 0.701754   12.810992   -25.020769
 0.703704   12.762359   -24.864624
 0.705653   12.714044   -24.712291
 0.707602   12.666030   -24.557644
 0.709552   12.618294   -24.414202
 0.711501   12.570839   -24.274374
 0.713450   12.523673   -24.122839
 0.715400   12.476784   -23.981242
 0.717349   12.430170   -23.852749
 0.719298   12.383806   -23.709586
 0.721248   12.337726   -23.571825
 0.723197   12.291900   -23.451247
 0.725146   12.246313   -23.320229
 0.727096   12.200974   -23.191518
 0.729045   12.155889   -23.075625
 0.730994   12.111025   -22.957261
 0.732943   12.066402   -22.831597
 0.734893   12.022005   -22.720396
 0.736842   11.977815   -22.618618
 0.738791   11.933838   -22.503751
 0.740741   11.890073   -22.400027
 0.742690   11.846500   -22.306898
 0.744639   11.803121   -22.207565
 0.746589   11.759913   -22.111077
 0.748538   11.716910   -22.023205
 0.750487   11.674066   -21.935158
 0.752437   11.631385   -21.851011
 0.754386   11.588869   -21.779278
 0.756335   11.546489   -21.703274
 0.758285   11.504248   -21.630395
 0.760234   11.462152   -21.570588
 0.762183   11.420166   -21.508524
 0.764133   11.378290   -21.445427
 0.766082   11.336550   -21.395157
 0.768031   11.294892   -21.353612
 0.769980   11.253314   -21.309370
 0.771930   11.211807   -21.265103
 0.773879   11.170401   -21.230101
 0.775829   11.129031   -21.210901
 0.777778   11.087700   -21.186789
 0.779727   11.046445   -21.166926
 0.781676   11.005191   -21.154299
 0.783626   10.963964   -21.147652
 0.785575   10.922737   -21.155574
 0.787524   10.881500   -21.155749
 0.789474   10.840250   -21.165884
 0.791423   10.798974   -21.191881
 0.793372   10.757644   -21.215763
 0.795322   10.716254   -21.242711
 0.797271   10.674819   -21.283352
 0.799220   10.633291   -21.322532
 0.801170   10.591682   -21.373882
 0.803119   10.549954   -21.446540
 0.805068   10.508084   -21.506350
 0.807018   10.466101   -21.577944
 0.808967   10.423951   -21.665160
 0.810916   10.381650   -21.752311
 0.812866   10.339139   -21.855388
 0.814815   10.296436   -21.961206
 0.816764   10.253534   -22.069091
 0.818713   10.210411   -22.192463
 0.820663   10.167006   -22.330572
 0.822612   10.123344   -22.472164
 0.824561   10.079409   -22.616484
 0.826511   10.035162   -22.773878
 0.828460   9.990614   -22.950366
 0.830409   9.945702   -23.120788
 0.832359   9.900466   -23.301699
 0.834308   9.854849   -23.508990
 0.836257   9.808828   -23.712021
 0.838207   9.762395   -23.929991
 0.840156   9.715525   -24.159289
 0.842105   9.668222   -24.386466
 0.844055   9.620442   -24.635682
 0.846004   9.572168   -24.898651
 0.847953   9.523387   -25.165369
 0.849903   9.474048   -25.456797
 0.851852   9.424131   -25.791905
 0.853801   9.373511   -26.159754
 0.855750   9.322161   -26.529999
 0.857700   9.270070   -26.916790
 0.859649   9.217213   -27.322954
 0.861598   9.163565   -27.727095
 0.863548   9.109104   -28.151787
 0.865497   9.053802   -28.600952
 0.867446   8.997618   -29.043704
 0.869396   8.940560   -29.506955
 0.871345   8.882571   -30.002045
 0.873294   8.823612   -30.495170
 0.875244   8.763669   -31.008059
 0.877193   8.702712   -31.547477
 0.879142   8.640697   -32.096665
 0.881092   8.577567   -32.670974
 0.883041   8.513314   -33.270533
 0.884990   8.447878   -33.883045
 0.886940   8.381203   -34.532079
 0.888889   8.313239   -35.214504
 0.890838   8.243937   -35.921583
 0.892787   8.173216   -36.659591
 0.894737   8.101001   -37.441412
 0.896686   8.027233   -38.273494
 0.898636   7.951771   -39.171292
 0.900585   7.874505   -40.141044
 0.902534   7.795302   -41.160066
 0.904483   7.714063   -42.235949
 0.906433   7.630623   -43.401545
 0.908382   7.544842   -44.662850
 0.910331   7.456527   -45.996063
 0.912281   7.365502   -47.450550
 0.914230   7.271519   -49.041358
 0.916179   7.174338   -50.739913
 0.918129   7.073682   -52.604805
 0.920078   6.969234   -54.648377
 0.922027   6.860663   -56.853865
 0.923977   6.747559   -59.281844
 0.925926   6.629525   -61.950995
 0.927875   6.506074   -64.833622
 0.929825   6.376736   -67.992655
 0.931774   6.240974   -71.457233
 0.933723   6.098196   -75.180425
 0.935673   5.947841   -79.230816
 0.937622   5.789279   -83.624394
 0.939571   5.621874   -88.325584
 0.941520   5.444986   -93.369146
 0.943470   5.257822   -99.124028
 0.945419   5.058507   -99.270065
 0.947368   4.870867   -98.386151
 0.949318   4.674896   -103.153543
 0.951267   4.468677   -108.302789
 0.953216   4.252731   -113.047913
 0.955166   4.027899   -117.303958
 0.957115   3.795367   -120.869159
 0.959064   3.556751   -123.461864
 0.961014   3.313987   -125.002950
 0.962963   3.069365   -125.346301
 0.964912   2.825387   -124.304200
 0.966862   2.584705   -121.941596
 0.968811   2.349934   -118.299209
 0.970760   2.123575   -113.386494
 0.972710   1.907846   -107.456120
 0.974659   1.704597   -100.724897
 0.976608   1.515220   -93.378034
 0.978557   1.340609   -85.668358
 0.980507   1.181207   -77.870058
 0.982456   1.036986   -70.182632
 0.984406   0.907573   -62.760801
 0.986355   0.792275   -55.766958
 0.988304   0.690193   -49.250172
 0.990253   0.600297   -43.270350
 0.992203   0.521488   -37.866422
 0.994152   0.452651   -33.039546
 0.996101   0.392699   -28.736642
 0.998051   0.340611   -24.945701
 1.000000   0.295433   -23.180260
514 psinorm omgpp(kRad/s) domgpp/dpsiN
 0.000000   -17.601128   190.388533
 0.001949   -17.230061   260.060538
 0.003899   -16.587012   267.428010
 0.005848   -16.187234   189.185396
 0.007797   -15.849568   161.233900
 0.009747   -15.558607   137.920591
 0.011696   -15.311793   125.441441
 0.013645   -15.069636   119.287296
 0.015595   -14.846701   107.753249
 0.017544   -14.649493   100.787414
 0.019493   -14.453832   98.000382
 0.021442   -14.267488   94.042058
 0.023392   -14.087165   86.894875
 0.025341   -13.928674   82.138845
 0.027290   -13.766988   81.693768
 0.029240   -13.610152   79.291002
 0.031189   -13.457830   77.187527
 0.033138   -13.309275   72.861590
 0.035088   -13.173750   70.726222
 0.037037   -13.033516   70.891467
 0.038986   -12.897415   66.759327
 0.040936   -12.773228   64.921282
 0.042885   -12.644289   67.231319
 0.044834   -12.511160   63.203313
 0.046784   -12.397870   61.501836
 0.048733   -12.271371   61.848202
 0.050682   -12.156785   57.829568
 0.052632   -12.045895   60.427950
 0.054581   -11.921184   56.680989
 0.056530   -11.824953   52.675728
 0.058480   -11.715795   57.425090
 0.060429   -11.601055   55.165769
 0.062378   -11.500758   53.967331
 0.064327   -11.390691   53.647351
 0.066277   -11.291593   50.202771
 0.068226   -11.194949   50.578529
 0.070175   -11.094438   48.787113
 0.072125   -11.004734   49.441837
 0.074074   -10.901671   51.899085
 0.076023   -10.802431   46.151480
 0.077973   -10.721736   44.800398
 0.079922   -10.627761   47.146672
 0.081871   -10.537958   45.433496
 0.083821   -10.450617   46.239727
 0.085770   -10.357672   46.585194
 0.087719   -10.269028   42.845804
 0.089669   -10.190622   41.582998
 0.091618   -10.106899   43.968824
 0.093567   -10.019231   44.365533
 0.095517   -9.933919   41.190258
 0.097466   -9.858625   36.920498
 0.099415   -9.790003   39.653265
 0.101364   -9.704057   45.539693
 0.103314   -9.612440   42.992605
 0.105263   -9.536421   36.846351
 0.107213   -9.468781   34.201090
 0.109162   -9.403070   35.983871
 0.111111   -9.328516   42.677992
 0.113060   -9.236711   40.651280
 0.115010   -9.170029   33.586135
 0.116959   -9.105758   35.834160
 0.118908   -9.030348   36.207275
 0.120858   -8.964590   33.212033
 0.122807   -8.900853   35.434115
 0.124756   -8.826468   37.691536
 0.126706   -8.753895   34.753603
 0.128655   -8.690959   33.053170
 0.130604   -8.625053   35.260872
 0.132554   -8.553474   34.354738
 0.134503   -8.491100   30.778652
 0.136452   -8.433499   32.896956
 0.138402   -8.362828   33.912146
 0.140351   -8.301271   30.352274
 0.142300   -8.244514   28.732093
 0.144250   -8.189245   31.605136
 0.146199   -8.121293   31.494247
 0.148148   -8.066480   28.359261
 0.150097   -8.010748   33.860742
 0.152047   -7.934447   33.029158
 0.153996   -7.881955   27.628605
 0.155945   -7.826750   26.012722
 0.157895   -7.780536   25.078435
 0.159844   -7.728972   32.830555
 0.161793   -7.652563   31.280462
 0.163743   -7.607026   24.764431
 0.165692   -7.556009   28.806350
 0.167641   -7.494739   27.181100
 0.169591   -7.450038   26.288347
 0.171540   -7.392247   28.483584
 0.173489   -7.339009   26.809238
 0.175439   -7.287719   25.985819
 0.177388   -7.237690   24.102168
 0.179337   -7.193769   24.647482
 0.181286   -7.141614   26.386899
 0.183236   -7.090887   25.920037
 0.185185   -7.040552   25.835141
 0.187135   -6.990156   25.419944
 0.189084   -6.941439   25.592067
 0.191033   -6.890398   24.014975
 0.192983   -6.847809   21.491674
 0.194932   -6.806601   21.432362
 0.196881   -6.764265   25.523618
 0.198830   -6.707110   25.440068
 0.200780   -6.665082   19.385222
 0.202729   -6.631523   23.107579
 0.204678   -6.575009   25.149605
 0.206628   -6.533472   20.889020
 0.208577   -6.493562   21.053922
 0.210526   -6.451404   23.045513
 0.212476   -6.403704   22.427306
 0.214425   -6.363956   19.090974
 0.216374   -6.329288   21.003966
 0.218324   -6.282055   22.173473
 0.220273   -6.242829   22.002418
 0.222222   -6.196289   22.452999
 0.224171   -6.155308   17.330581
 0.226121   -6.128725   16.657239
 0.228070   -6.090367   21.929296
 0.230019   -6.043244   23.823467
 0.231969   -5.997480   18.178337
 0.233918   -5.972357   16.639401
 0.235867   -5.932620   21.829521
 0.237817   -5.887240   17.965215
 0.239766   -5.862563   18.080424
 0.241715   -5.816763   19.958973
 0.243665   -5.784750   16.076921
 0.245614   -5.754078   19.478427
 0.247563   -5.708823   19.720810
 0.249513   -5.677194   17.499533
 0.251462   -5.640595   17.692990
 0.253411   -5.608227   16.263683
 0.255361   -5.577183   17.257551
 0.257310   -5.540942   15.889849
 0.259259   -5.515245   17.638123
 0.261209   -5.472162   20.270686
 0.263158   -5.436206   15.399831
 0.265107   -5.412134   14.236652
 0.267056   -5.380711   17.433880
 0.269006   -5.344156   18.427818
 0.270955   -5.308860   15.415920
 0.272904   -5.284065   14.011437
 0.274854   -5.254227   16.608226
 0.276803   -5.219312   16.821108
 0.278752   -5.188659   13.902731
 0.280702   -5.165109   14.899788
 0.282651   -5.130570   16.628038
 0.284600   -5.100293   13.697571
 0.286550   -5.077167   16.247784
 0.288499   -5.036952   16.492513
 0.290448   -5.012879   11.997842
 0.292398   -4.990173   14.556805
 0.294347   -4.956128   14.825654
 0.296296   -4.932382   14.883616
 0.298246   -4.898091   15.875865
 0.300195   -4.870479   13.064720
 0.302144   -4.847165   13.267671
 0.304094   -4.818746   14.319934
 0.306043   -4.791331   12.733603
 0.307992   -4.769110   13.081506
 0.309941   -4.740339   14.560074
 0.311891   -4.712341   11.347433
 0.313840   -4.696090   12.730801
 0.315790   -4.662695   15.470656
 0.317739   -4.635766   12.485779
 0.319688   -4.614025   12.820316
 0.321637   -4.585793   12.840743
 0.323587   -4.563962   12.325470
 0.325536   -4.537738   12.485643
 0.327485   -4.515293   11.261087
 0.329435   -4.493831   12.193102
 0.331384   -4.467755   13.795926
 0.333333   -4.440055   12.593236
 0.335283   -4.418657   10.733232
 0.337232   -4.398206   12.270271
 0.339181   -4.370827   12.378742
 0.341131   -4.349944   10.539592
 0.343080   -4.329733   10.797129
 0.345029   -4.307857   12.342785
 0.346979   -4.281606   11.853881
 0.348928   -4.261635   10.443352
 0.350877   -4.240898   12.212206
 0.352826   -4.214032   12.194483
 0.354776   -4.193355   9.206001
 0.356725   -4.178135   9.134489
 0.358675   -4.157737   11.669899
 0.360624   -4.132637   12.960276
 0.362573   -4.107218   11.929500
 0.364522   -4.086136   9.294967
 0.366472   -4.070980   8.884213
 0.368421   -4.051498   10.359907
 0.370370   -4.030597   11.798240
 0.372320   -4.005495   10.060596
 0.374269   -3.991365   7.654562
 0.376218   -3.975657   10.435225
 0.378168   -3.950673   11.301930
 0.380117   -3.931588   11.479823
 0.382066   -3.905925   10.355798
 0.384016   -3.891216   8.611527
 0.385965   -3.872351   9.899231
 0.387914   -3.852629   7.679459
 0.389863   -3.842416   8.907936
 0.391813   -3.817890   12.398991
 0.393762   -3.794072   10.010055
 0.395711   -3.778871   7.604550
 0.397661   -3.764422   8.641838
 0.399610   -3.745179   9.896716
 0.401560   -3.725835   9.701340
 0.403509   -3.707353   8.398889
 0.405458   -3.693096   8.751857
 0.407407   -3.673238   9.988209
 0.409357   -3.654153   8.351104
 0.411306   -3.640674   7.302269
 0.413255   -3.625688   8.688331
 0.415205   -3.606796   9.498486
 0.417154   -3.588653   8.429499
 0.419103   -3.573938   8.601825
 0.421053   -3.555113   8.268623
 0.423002   -3.541696   8.370995
 0.424951   -3.522483   9.738668
 0.426901   -3.503725   8.224435
 0.428850   -3.490413   8.161164
 0.430799   -3.471913   8.451129
 0.432748   -3.457470   7.266943
 0.434698   -3.443579   8.282905
 0.436647   -3.425178   9.427192
 0.438597   -3.406823   8.104248
 0.440546   -3.393577   6.865900
 0.442495   -3.380060   7.139503
 0.444444   -3.365747   7.166667
 0.446394   -3.352117   8.006869
 0.448343   -3.334530   9.328451
 0.450292   -3.315755   7.147307
 0.452242   -3.306668   6.759781
 0.454191   -3.289403   9.202512
 0.456140   -3.270796   7.114984
 0.458090   -3.261666   6.768866
 0.460039   -3.244409   8.010259
 0.461988   -3.230442   5.857251
 0.463938   -3.221574   6.670047
 0.465887   -3.204440   9.144202
 0.467836   -3.185930   7.017140
 0.469786   -3.177085   6.640684
 0.471735   -3.160042   7.782973
 0.473684   -3.146747   6.936068
 0.475633   -3.133005   8.002790
 0.477583   -3.115542   6.738169
 0.479532   -3.106728   6.740048
 0.481482   -3.089258   7.717154
 0.483431   -3.076637   5.483581
 0.485380   -3.067883   6.787742
 0.487329   -3.050178   7.900886
 0.489279   -3.037080   6.559708
 0.491228   -3.024602   6.623389
 0.493177   -3.011262   6.719312
 0.495127   -2.998403   6.495173
 0.497076   -2.985937   6.668773
 0.499025   -2.972408   6.725810
 0.500975   -2.959714   5.275940
 0.502924   -2.951835   5.477866
 0.504873   -2.938361   7.808672
 0.506823   -2.921387   7.448536
 0.508772   -2.909317   6.497126
 0.510721   -2.896061   5.597231
 0.512671   -2.887495   5.262030
 0.514620   -2.875547   7.354220
 0.516569   -2.858829   7.629639
 0.518518   -2.845806   5.489693
 0.520468   -2.837427   4.178505
 0.522417   -2.829514   6.417265
 0.524366   -2.812412   7.576725
 0.526316   -2.799975   6.230118
 0.528265   -2.788121   5.277040
 0.530214   -2.779405   4.351563
 0.532164   -2.771154   6.192572
 0.534113   -2.755264   7.376654
 0.536062   -2.742400   6.411734
 0.538012   -2.730265   5.062417
 0.539961   -2.722659   5.179932
 0.541910   -2.710074   7.369165
 0.543860   -2.693925   6.110087
 0.545809   -2.686246   4.165275
 0.547758   -2.677689   5.237842
 0.549708   -2.665822   7.016095
 0.551657   -2.650335   6.164028
 0.553606   -2.641795   3.178453
 0.555556   -2.637945   4.894634
 0.557505   -2.622716   8.117764
 0.559454   -2.606302   5.201384
 0.561404   -2.602442   3.857830
 0.563353   -2.591264   7.017625
 0.565302   -2.575088   6.100192
 0.567252   -2.567483   3.806861
 0.569201   -2.560245   3.837923
 0.571150   -2.552523   6.045216
 0.573099   -2.536680   7.010406
 0.575049   -2.525192   3.783401
 0.576998   -2.521925   4.841073
 0.578947   -2.506321   7.920544
 0.580897   -2.491043   3.728765
 0.582846   -2.491775   1.798072
 0.584795   -2.484034   6.829251
 0.586745   -2.465142   7.578654
 0.588694   -2.454480   4.756389
 0.590643   -2.446601   3.839771
 0.592593   -2.439509   3.510432
 0.594542   -2.432914   4.640514
 0.596491   -2.421421   5.736337
 0.598441   -2.410548   5.404777
 0.600390   -2.400347   4.540501
 0.602339   -2.392849   3.703213
 0.604289   -2.385909   5.357135
 0.606238   -2.371966   6.296044
 0.608187   -2.361367   4.574845
 0.610136   -2.354133   3.584149
 0.612086   -2.347392   3.296022
 0.614035   -2.341281   3.333075
 0.615984   -2.334400   5.330222
 0.617934   -2.320495   6.093917
 0.619883   -2.310638   4.304035
 0.621832   -2.303718   3.366198
 0.623782   -2.297513   4.004035
 0.625731   -2.288108   5.076510
 0.627680   -2.277725   3.264770
 0.629630   -2.275383   2.999477
 0.631579   -2.266034   5.914467
 0.633528   -2.252328   4.996801
 0.635478   -2.246555   2.860288
 0.637427   -2.241176   3.800568
 0.639376   -2.231741   4.906393
 0.641325   -2.222051   4.853497
 0.643275   -2.212817   3.620290
 0.645224   -2.207933   2.729766
 0.647173   -2.202176   2.793508
 0.649123   -2.197041   4.408387
 0.651072   -2.184992   5.471167
 0.653021   -2.175715   2.651847
 0.654971   -2.174656   1.373877
 0.656920   -2.170360   3.371172
 0.658869   -2.161516   4.384693
 0.660819   -2.153264   4.032883
 0.662768   -2.145791   4.096975
 0.664717   -2.137294   3.288317
 0.666667   -2.132972   2.023699
 0.668616   -2.129403   2.955657
 0.670565   -2.121451   3.928440
 0.672515   -2.114086   2.709914
 0.674464   -2.110883   2.765907
 0.676413   -2.103305   2.797618
 0.678363   -2.099977   2.513127
 0.680312   -2.093508   3.484767
 0.682261   -2.086393   1.597233
 0.684211   -2.087284   2.208492
 0.686160   -2.077788   4.129678
 0.688109   -2.071187   1.372238
 0.690059   -2.072441   1.947420
 0.692008   -2.063599   3.718221
 0.693957   -2.057948   2.012387
 0.695906   -2.055755   1.881310
 0.697856   -2.050611   1.540335
 0.699805   -2.049747   0.587707
 0.701754   -2.048320   1.546629
 0.703704   -2.043715   3.115076
 0.705653   -2.036176   3.043088
 0.707602   -2.031853   1.156558
 0.709552   -2.031669   -0.998379
 0.711501   -2.035743   0.783860
 0.713450   -2.028613   2.629499
 0.715400   -2.025493   0.442117
 0.717349   -2.026887   1.292745
 0.719298   -2.020454   1.298998
 0.721248   -2.021826   -0.932354
 0.723197   -2.024089   -0.112573
 0.725146   -2.022265   1.686616
 0.727096   -2.017511   1.313613
 0.729045   -2.017141   -1.617885
 0.730994   -2.023818   -0.622965
 0.732943   -2.019569   1.007978
 0.734893   -2.019890   -2.261741
 0.736842   -2.028384   -1.377061
 0.738791   -2.025258   0.442218
 0.740741   -2.026662   -0.953786
 0.742690   -2.028976   -1.059240
 0.744639   -2.030791   -2.101448
 0.746589   -2.037172   -1.626579
 0.748538   -2.037136   -0.815145
 0.750487   -2.040349   -2.832588
 0.752437   -2.048183   -3.297076
 0.754386   -2.053206   -2.525666
 0.756335   -2.058028   -1.756709
 0.758285   -2.060054   -2.204806
 0.760234   -2.066622   -3.349630
 0.762183   -2.073111   -3.550322
 0.764133   -2.080465   -4.984328
 0.766082   -2.092542   -4.375124
 0.768031   -2.097519   -3.529940
 0.769980   -2.106302   -4.790898
 0.771930   -2.116200   -4.291399
 0.773879   -2.123036   -5.573652
 0.775829   -2.137935   -7.007843
 0.777778   -2.150361   -5.510691
 0.779727   -2.159416   -5.627812
 0.781676   -2.172298   -6.013544
 0.783626   -2.182862   -6.647833
 0.785575   -2.198215   -8.782820
 0.787524   -2.217097   -8.168668
 0.789474   -2.230062   -6.049556
 0.791423   -2.240686   -7.253083
 0.793372   -2.258334   -9.452541
 0.795322   -2.277542   -9.233301
 0.797271   -2.294336   -10.503974
 0.799220   -2.318486   -10.890791
 0.801170   -2.336796   -9.756243
 0.803119   -2.356525   -10.083457
 0.805068   -2.376102   -10.404307
 0.807018   -2.397092   -11.273402
 0.808967   -2.420056   -12.635008
 0.810916   -2.446344   -12.921500
 0.812866   -2.470436   -11.879212
 0.814815   -2.492662   -13.412619
 0.816764   -2.522718   -14.583186
 0.818713   -2.549507   -14.233799
 0.820663   -2.578216   -15.153185
 0.822612   -2.608588   -14.585790
 0.824561   -2.635072   -14.000045
 0.826511   -2.663175   -15.856287
 0.828460   -2.696893   -16.361881
 0.830409   -2.726954   -16.764574
 0.832359   -2.762260   -19.527480
 0.834308   -2.803089   -17.181417
 0.836257   -2.829234   -15.656796
 0.838207   -2.864139   -19.392152
 0.840156   -2.904841   -18.959070
 0.842105   -2.938041   -19.324552
 0.844055   -2.980192   -20.241907
 0.846004   -3.016967   -18.750951
 0.847953   -3.053283   -20.540436
 0.849903   -3.097058   -22.256985
 0.851852   -3.140063   -23.792300
 0.853801   -3.189801   -25.587429
 0.855750   -3.239803   -25.114143
 0.857700   -3.287720   -26.028474
 0.859649   -3.341285   -26.345271
 0.861598   -3.390414   -25.626213
 0.863548   -3.441203   -25.638724
 0.865497   -3.490380   -24.911059
 0.867446   -3.538306   -25.040683
 0.869396   -3.588014   -25.004839
 0.871345   -3.635801   -25.959609
 0.873294   -3.689205   -26.065578
 0.875244   -3.737428   -23.310990
 0.877193   -3.780097   -23.239869
 0.879142   -3.828017   -24.128284
 0.881092   -3.874172   -23.962645
 0.883041   -3.921446   -23.776321
 0.884990   -3.966853   -21.062745
 0.886940   -4.003566   -20.784343
 0.888889   -4.047887   -23.295605
 0.890838   -4.094372   -21.101938
 0.892787   -4.130142   -19.348673
 0.894737   -4.169814   -20.460615
 0.896686   -4.209918   -20.686416
 0.898636   -4.250471   -21.055475
 0.900585   -4.292013   -20.882599
 0.902534   -4.331871   -20.703568
 0.904483   -4.372715   -20.151579
 0.906433   -4.410441   -21.589677
 0.908382   -4.456889   -22.920502
 0.910331   -4.499785   -23.220924
 0.912281   -4.547430   -27.109969
 0.914230   -4.605481   -28.552220
 0.916179   -4.658726   -29.021447
 0.918129   -4.718639   -33.679837
 0.920078   -4.790038   -38.502429
 0.922027   -4.868722   -42.851823
 0.923977   -4.957122   -49.024760
 0.925926   -5.059862   -55.826581
 0.927875   -5.174734   -62.725076
 0.929825   -5.304435   -71.301600
 0.931774   -5.452730   -80.712249
 0.933723   -5.619051   -91.296872
 0.935673   -5.808708   -102.519231
 0.937622   -6.018763   -113.017191
 0.939571   -6.249249   -123.296424
 0.941520   -6.499372   -129.065897
 0.943470   -6.752478   -137.605438
 0.945419   -7.035880   -163.935844
 0.947368   -7.391500   -196.537077
 0.949318   -7.802207   -217.084710
 0.951267   -8.237901   -227.975287
 0.953216   -8.690854   -237.796067
 0.955166   -9.165078   -246.418358
 0.957115   -9.651633   -249.481263
 0.959064   -10.137556   -249.043729
 0.961014   -10.622654   -245.122273
 0.962963   -11.093295   -232.713591
 0.964912   -11.529771   -214.141376
 0.966862   -11.928213   -190.796140
 0.968811   -12.273713   -157.500117
 0.970760   -12.542148   -116.845661
 0.972710   -12.729252   -69.869434
 0.974659   -12.814621   -14.270653
 0.976608   -12.784879   48.657896
 0.978557   -12.624953   114.940744
 0.980507   -12.336659   181.765392
 0.982456   -11.916318   249.199994
 0.984406   -11.364962   312.556659
 0.986355   -10.697719   368.029148
 0.988304   -9.930384   412.025707
 0.990253   -9.091643   440.607413
 0.992203   -8.212435   451.338025
 0.994152   -7.331877   443.720473
 0.996101   -6.482813   421.512240
 0.998051   -5.688429   292.264330
 1.000000   -5.343044   177.211207
514 psinorm ommpp() dommpp/dpsiN
 0.000000   -63.244182   625.931601
 0.001949   -62.024241   737.442422
 0.003899   -60.368671   591.838080
 0.005848   -59.716151   283.300817
 0.007797   -59.264364   207.997634
 0.009747   -58.905215   171.124199
 0.011696   -58.597125   147.171266
 0.013645   -58.331542   132.374923
 0.015595   -58.081003   122.613506
 0.017544   -57.853460   112.250274
 0.019493   -57.643451   110.088601
 0.021442   -57.424335   107.907360
 0.023392   -57.222730   102.450657
 0.025341   -57.024878   103.482275
 0.027290   -56.819356   99.476598
 0.029240   -56.637030   91.377857
 0.031189   -56.463069   95.337227
 0.033138   -56.265406   98.921264
 0.035088   -56.077380   92.353147
 0.037037   -55.905313   91.904816
 0.038986   -55.719135   94.002402
 0.040936   -55.538800   88.963013
 0.042885   -55.372262   88.990834
 0.044834   -55.191914   91.537182
 0.046784   -55.015360   87.256920
 0.048733   -54.851693   90.584609
 0.050682   -54.662261   93.600703
 0.052632   -54.486751   84.395548
 0.054581   -54.333192   88.143421
 0.056530   -54.143168   94.196256
 0.058480   -53.965927   85.037563
 0.060429   -53.811595   83.950469
 0.062378   -53.638688   90.405631
 0.064327   -53.459194   88.768832
 0.066277   -53.292585   85.465622
 0.068226   -53.125963   89.649297
 0.070175   -52.943132   90.712950
 0.072125   -52.772280   84.675657
 0.074074   -52.612976   86.302744
 0.076023   -52.435871   90.817915
 0.077973   -52.258877   85.098862
 0.079922   -52.104060   86.162607
 0.081871   -51.923015   90.414402
 0.083821   -51.751539   84.942206
 0.085770   -51.591820   86.513402
 0.087719   -51.414310   88.262651
 0.089669   -51.247689   84.995620
 0.091618   -51.082911   86.822914
 0.093567   -50.909253   86.611499
 0.095517   -50.745218   83.614167
 0.097466   -50.583241   87.318183
 0.099415   -50.404851   91.186789
 0.101364   -50.227795   85.979854
 0.103314   -50.069626   83.455461
 0.105263   -49.902406   87.812930
 0.107213   -49.727239   87.204447
 0.109162   -49.562391   83.995654
 0.111111   -49.399824   85.638947
 0.113060   -49.228570   87.789067
 0.115010   -49.057534   84.866430
 0.116959   -48.897671   86.553369
 0.118908   -48.720149   88.664028
 0.120858   -48.551974   83.667590
 0.122807   -48.393924   85.336953
 0.124756   -48.219331   87.182591
 0.126706   -48.054004   82.229492
 0.128655   -47.898713   86.153417
 0.130604   -47.718178   88.005443
 0.132554   -47.555589   81.038813
 0.134503   -47.402203   87.423021
 0.136452   -47.214814   89.034211
 0.138402   -47.055073   79.601450
 0.140351   -46.904443   85.929544
 0.142300   -46.720120   90.238034
 0.144250   -46.552614   80.910389
 0.146199   -46.404640   82.478822
 0.148148   -46.231112   88.980623
 0.150097   -46.057794   84.089749
 0.152047   -45.903255   81.476870
 0.153996   -45.740120   85.770035
 0.155945   -45.568924   87.458047
 0.157895   -45.399122   84.669759
 0.159844   -45.238792   82.334187
 0.161793   -45.078183   83.983822
 0.163743   -44.911335   83.663933
 0.165692   -44.751973   83.742566
 0.167641   -44.584907   85.152134
 0.169591   -44.419966   82.657417
 0.171540   -44.262622   84.868908
 0.173489   -44.089147   84.156065
 0.175439   -43.934507   79.501951
 0.177388   -43.779170   83.632044
 0.179337   -43.608509   87.411795
 0.181286   -43.438438   85.054467
 0.183236   -43.276886   82.553473
 0.185185   -43.116562   82.375950
 0.187135   -42.955702   80.141368
 0.189084   -42.804086   81.567210
 0.191033   -42.637753   85.245839
 0.192983   -42.471713   83.080081
 0.194932   -42.313820   80.858499
 0.196881   -42.156526   82.641965
 0.198830   -41.991682   84.247812
 0.200780   -41.828045   81.874603
 0.202729   -41.672448   81.679567
 0.204678   -41.509658   83.440845
 0.206628   -41.347113   81.094921
 0.208577   -41.193464   82.443398
 0.210526   -41.025748   82.427096
 0.212476   -40.872088   78.515034
 0.214425   -40.719618   83.662085
 0.216374   -40.545973   83.423665
 0.218324   -40.394360   77.756227
 0.220273   -40.242802   79.156777
 0.222222   -40.085807   82.370442
 0.224171   -39.921722   84.377988
 0.226121   -39.756817   80.366218
 0.228070   -39.608366   79.882111
 0.230019   -39.445436   81.584057
 0.231969   -39.290273   79.559080
 0.233918   -39.135236   81.084534
 0.235867   -38.974206   80.539578
 0.237817   -38.821216   78.780662
 0.239766   -38.667041   80.287794
 0.241715   -38.508254   81.675987
 0.243665   -38.348586   79.965155
 0.245614   -38.196466   79.252559
 0.247563   -38.039659   78.938348
 0.249513   -37.888688   77.235516
 0.251462   -37.738517   80.616691
 0.253411   -37.574445   82.227679
 0.255361   -37.417916   78.156802
 0.257310   -37.269707   79.809409
 0.259259   -37.106819   79.509464
 0.261209   -36.959708   75.461685
 0.263158   -36.812594   76.987980
 0.265107   -36.659609   80.375672
 0.267056   -36.499289   80.630293
 0.269006   -36.345234   76.659485
 0.270955   -36.200389   79.659871
 0.272904   -36.034720   79.369579
 0.274854   -35.890938   73.769347
 0.276803   -35.747094   79.093354
 0.278752   -35.582633   80.643226
 0.280702   -35.432673   75.117841
 0.282651   -35.289744   76.452102
 0.284600   -35.134663   79.560147
 0.286550   -34.979539   76.207190
 0.288499   -34.837524   75.903319
 0.290448   -34.683668   78.744323
 0.292398   -34.530501   75.432412
 0.294347   -34.389551   77.168781
 0.296296   -34.229697   78.192124
 0.298246   -34.084688   72.600836
 0.300195   -33.946622   77.708406
 0.302144   -33.781780   79.436477
 0.304094   -33.636910   72.549118
 0.306043   -33.498908   75.503260
 0.307992   -33.342598   78.403866
 0.309941   -33.193290   74.820471
 0.311891   -33.050877   76.323833
 0.313840   -32.895710   76.184491
 0.315790   -32.753840   72.814471
 0.317739   -32.611806   74.212436
 0.319688   -32.464560   75.234104
 0.321637   -32.318543   76.980944
 0.323587   -32.164407   75.188334
 0.325536   -32.025376   74.603040
 0.327485   -31.873605   76.199188
 0.329435   -31.728279   70.921086
 0.331384   -31.597076   72.303014
 0.333333   -31.446442   77.357423
 0.335283   -31.295460   74.102747
 0.337232   -31.157509   73.506414
 0.339181   -31.008932   74.369073
 0.341131   -30.867547   71.139911
 0.343080   -30.731554   74.669446
 0.345029   -30.576486   75.995479
 0.346979   -30.435255   70.618188
 0.348928   -30.301142   70.469027
 0.350877   -30.160567   73.505019
 0.352826   -30.014619   74.980886
 0.354776   -29.868216   74.785548
 0.356725   -29.723030   72.692088
 0.358675   -29.584793   69.586893
 0.360624   -29.451708   69.210356
 0.362573   -29.315011   73.372014
 0.364522   -29.165704   75.306974
 0.366472   -29.021392   70.586542
 0.368421   -28.890480   71.610170
 0.370370   -28.742256   72.627869
 0.372320   -28.607311   69.359645
 0.374269   -28.471823   72.739029
 0.376218   -28.323774   72.304609
 0.378168   -28.189914   68.846386
 0.380117   -28.055343   70.335816
 0.382066   -27.915745   71.503155
 0.384016   -27.776552   69.982127
 0.385965   -27.642882   69.831596
 0.387914   -27.504349   72.386047
 0.389863   -27.360721   70.568917
 0.391813   -27.229207   67.665712
 0.393762   -27.096893   70.487185
 0.395711   -26.954448   71.629331
 0.397661   -26.817613   69.882896
 0.399610   -26.681974   69.706373
 0.401560   -26.545828   68.215429
 0.403509   -26.415998   67.840159
 0.405458   -26.281387   70.511672
 0.407407   -26.141144   70.311173
 0.409357   -26.007247   67.315926
 0.411306   -25.878676   68.681742
 0.413255   -25.739526   69.772310
 0.415205   -25.606637   68.156428
 0.417154   -25.473784   69.291695
 0.419103   -25.336538   67.451336
 0.421053   -25.210797   66.304846
 0.423002   -25.078019   68.770985
 0.424951   -24.942728   68.253393
 0.426901   -24.811902   67.378764
 0.428850   -24.680018   67.024985
 0.430799   -24.550638   67.520537
 0.432748   -24.416823   67.553992
 0.434698   -24.287248   67.699937
 0.436647   -24.152864   67.321938
 0.438597   -24.024763   64.636765
 0.440546   -23.900843   65.795298
 0.442495   -23.768293   67.796833
 0.444444   -23.636571   67.809618
 0.446394   -23.503902   65.306388
 0.448343   -23.381936   64.802158
 0.450292   -23.251304   68.795370
 0.452242   -23.113699   66.119911
 0.454191   -22.993493   63.861297
 0.456140   -22.864768   66.773185
 0.458090   -22.733143   64.348111
 0.460039   -22.613868   64.869172
 0.461988   -22.480283   67.320510
 0.463938   -22.351388   63.426001
 0.465887   -22.232980   64.605760
 0.467836   -22.099555   67.030928
 0.469786   -21.971629   62.958244
 0.471735   -21.854075   62.806591
 0.473684   -21.726809   66.315149
 0.475633   -21.595579   64.437572
 0.477583   -21.475573   63.176526
 0.479532   -21.349257   64.720256
 0.481482   -21.223228   63.498219
 0.483431   -21.101675   63.362284
 0.485380   -20.976242   63.410808
 0.487329   -20.854500   63.212462
 0.489279   -20.729775   62.884803
 0.491228   -20.609310   63.334804
 0.493177   -20.482896   63.965417
 0.495127   -20.359910   62.207003
 0.497076   -20.240349   63.309825
 0.499025   -20.113129   63.702252
 0.500975   -19.991978   61.087966
 0.502924   -19.874944   62.398005
 0.504873   -19.748750   63.444157
 0.506823   -19.627578   60.867735
 0.508772   -19.511424   61.715353
 0.510721   -19.387012   62.745434
 0.512671   -19.266782   60.429827
 0.514620   -19.151394   60.080976
 0.516569   -19.032586   61.849344
 0.518518   -18.910305   61.677528
 0.520468   -18.792108   61.259500
 0.522417   -18.671455   62.081999
 0.524366   -18.550112   61.213918
 0.526316   -18.432784   59.207715
 0.528265   -18.319259   59.781758
 0.530214   -18.199755   61.926768
 0.532164   -18.077806   60.191225
 0.534113   -17.965065   59.567882
 0.536062   -17.845610   60.087547
 0.538012   -17.730786   59.314306
 0.539961   -17.614344   60.089973
 0.541910   -17.496555   59.423367
 0.543860   -17.382655   59.121380
 0.545809   -17.266042   59.881269
 0.547758   -17.149238   58.764916
 0.549708   -17.036920   56.905135
 0.551657   -16.927363   59.223466
 0.553606   -16.806067   61.071502
 0.555556   -16.689248   57.662005
 0.557505   -16.581238   57.228927
 0.559454   -16.466169   59.264559
 0.561404   -16.350165   57.267129
 0.563353   -16.242880   56.606182
 0.565302   -16.129515   58.400866
 0.567252   -16.015175   58.005064
 0.569201   -15.903352   58.111287
 0.571150   -15.788657   58.012313
 0.573099   -15.677220   56.287547
 0.575049   -15.569194   56.139717
 0.576998   -15.458332   56.600779
 0.578947   -15.348564   55.667924
 0.580897   -15.241284   56.879225
 0.582846   -15.126795   58.662917
 0.584795   -15.012616   55.068939
 0.586745   -14.912089   53.409993
 0.588694   -14.804374   56.937326
 0.590643   -14.690147   57.320984
 0.592593   -14.580883   55.278275
 0.594542   -14.474616   54.805611
 0.596491   -14.367250   55.384331
 0.598441   -14.258671   53.392442
 0.600390   -14.159069   53.993351
 0.602339   -14.048205   56.109756
 0.604289   -13.940298   53.050621
 0.606238   -13.841356   52.723786
 0.608187   -13.734781   55.313399
 0.610136   -13.625745   55.174884
 0.612086   -13.519656   53.467381
 0.614035   -13.417274   53.610483
 0.615984   -13.310682   52.646578
 0.617934   -13.212009   51.400778
 0.619883   -13.110272   53.487762
 0.621832   -13.003513   53.586383
 0.623782   -12.901341   51.728552
 0.625731   -12.801822   50.998834
 0.627680   -12.702547   52.793366
 0.629630   -12.595977   52.708178
 0.631579   -12.497034   50.244978
 0.633528   -12.400122   50.311394
 0.635478   -12.300869   50.462666
 0.637427   -12.203368   50.378055
 0.639376   -12.104495   49.799089
 0.641325   -12.009251   49.452841
 0.643275   -11.911678   50.474040
 0.645224   -11.812453   50.779745
 0.647173   -11.713738   49.770336
 0.649123   -11.618401   47.008630
 0.651072   -11.530448   47.504858
 0.653021   -11.433227   50.078078
 0.654971   -11.335193   48.402764
 0.656920   -11.244501   47.627897
 0.658869   -11.149539   47.875886
 0.660819   -11.057834   44.753426
 0.662768   -10.975041   45.012817
 0.664717   -10.882374   48.196620
 0.666667   -10.787121   46.582447
 0.668616   -10.700745   45.148314
 0.670565   -10.611133   45.162328
 0.672515   -10.524658   43.787072
 0.674464   -10.440406   44.035111
 0.676413   -10.353010   44.040617
 0.678363   -10.268694   42.693456
 0.680312   -10.186547   42.716831
 0.682261   -10.102183   43.734497
 0.684211   -10.016025   42.207034
 0.686160   -9.937614   39.745049
 0.688109   -9.861099   41.175322
 0.690059   -9.777068   40.701207
 0.692008   -9.702400   38.759516
 0.693957   -9.625983   39.465275
 0.695906   -9.548564   38.737769
 0.697856   -9.474947   38.273829
 0.699805   -9.399336   38.064544
 0.701754   -9.326571   36.808966
 0.703704   -9.255819   35.360017
 0.705653   -9.188700   34.708275
 0.707602   -9.120526   34.465858
 0.709552   -9.054319   34.471589
 0.711501   -8.986122   33.821401
 0.713450   -8.922483   32.136356
 0.715400   -8.860823   30.731545
 0.717349   -8.802659   30.071954
 0.719298   -8.743603   31.031361
 0.721248   -8.681666   29.436950
 0.723197   -8.628824   27.344077
 0.725146   -8.575079   26.665117
 0.727096   -8.524858   24.867200
 0.729045   -8.478120   25.390510
 0.730994   -8.425886   25.381868
 0.732943   -8.379182   22.622262
 0.734893   -8.337684   21.612381
 0.736842   -8.294916   21.167722
 0.738791   -8.255173   19.285925
 0.740741   -8.219722   17.090300
 0.742690   -8.188535   16.212164
 0.744639   -8.156527   16.512139
 0.746589   -8.124154   14.331132
 0.748538   -8.100645   12.045153
 0.750487   -8.077202   12.130335
 0.752437   -8.053349   9.955199
 0.754386   -8.038383   7.463521
 0.756335   -8.024256   6.156559
 0.758285   -8.014380   3.977809
 0.760234   -8.008745   2.468854
 0.762183   -8.004757   2.129646
 0.764133   -8.000441   0.913616
 0.766082   -8.001192   -3.380035
 0.768031   -8.013616   -5.840884
 0.769980   -8.023960   -5.433474
 0.771930   -8.034802   -7.810318
 0.773879   -8.054408   -11.136466
 0.775829   -8.078225   -12.584508
 0.777778   -8.103474   -14.950682
 0.779727   -8.136503   -17.570619
 0.781676   -8.171964   -19.924410
 0.783626   -8.214191   -23.217989
 0.785575   -8.262488   -23.960861
 0.787524   -8.307591   -26.266300
 0.789474   -8.364907   -32.319351
 0.791423   -8.433598   -34.416603
 0.793372   -8.499062   -34.412521
 0.795322   -8.567774   -38.186873
 0.797271   -8.647947   -40.702330
 0.799220   -8.726432   -43.394569
 0.801170   -8.817149   -49.705316
 0.803119   -8.920227   -52.193253
 0.805068   -9.020598   -53.513450
 0.807018   -9.128880   -58.235752
 0.808967   -9.247654   -61.336963
 0.810916   -9.367971   -64.673865
 0.812866   -9.499823   -69.246449
 0.814815   -9.637960   -70.895064
 0.816764   -9.776172   -74.253894
 0.818713   -9.927401   -80.312521
 0.820663   -10.089316   -84.286044
 0.822612   -10.256030   -87.096413
 0.824561   -10.428818   -90.983670
 0.826511   -10.610780   -96.138005
 0.828460   -10.803654   -99.774840
 0.830409   -10.999702   -101.860646
 0.832359   -11.200812   -106.887419
 0.834308   -11.416449   -113.299913
 0.836257   -11.642455   -117.292477
 0.838207   -11.873775   -120.476114
 0.840156   -12.112187   -124.019042
 0.842105   -12.357201   -128.161059
 0.844055   -12.611892   -134.228595
 0.846004   -12.880551   -139.188437
 0.847953   -13.154449   -145.170509
 0.849903   -13.446580   -160.488553
 0.851852   -13.780172   -177.740316
 0.853801   -14.139412   -185.064632
 0.855750   -14.501554   -188.956623
 0.857700   -14.876160   -195.242745
 0.859649   -15.262799   -198.668668
 0.861598   -15.650571   -202.355178
 0.863548   -16.051789   -210.293116
 0.865497   -16.470495   -213.720372
 0.867446   -16.884871   -215.770044
 0.869396   -17.311788   -224.067285
 0.871345   -17.758499   -227.825084
 0.873294   -18.199850   -230.167468
 0.875244   -18.655929   -238.320817
 0.877193   -19.129054   -242.569678
 0.879142   -19.601466   -245.832907
 0.881092   -20.087564   -252.473638
 0.883041   -20.585854   -256.092834
 0.884990   -21.085814   -261.753923
 0.886940   -21.606443   -269.842656
 0.888889   -22.137925   -273.640147
 0.890838   -22.673093   -278.009229
 0.892787   -23.221604   -284.767706
 0.894737   -23.783409   -292.341689
 0.896686   -24.361436   -301.866778
 0.898636   -24.960398   -313.469553
 0.900585   -25.583641   -322.234135
 0.902534   -26.216466   -326.658068
 0.904483   -26.856955   -335.830119
 0.906433   -27.525883   -348.984882
 0.908382   -28.217635   -356.636926
 0.910331   -28.916053   -365.788892
 0.912281   -29.643861   -380.906473
 0.914230   -30.401192   -392.076843
 0.916179   -31.172176   -405.021867
 0.918129   -31.980391   -423.606059
 0.920078   -32.823798   -436.970205
 0.922027   -33.683701   -452.687756
 0.923977   -34.588850   -476.424328
 0.925926   -35.541255   -494.006719
 0.927875   -36.514489   -512.006014
 0.929825   -37.537592   -539.953758
 0.931774   -38.619738   -561.462314
 0.933723   -39.726172   -581.689293
 0.935673   -40.887772   -612.974873
 0.937622   -42.116127   -640.147862
 0.939571   -43.383069   -659.296663
 0.941520   -44.686065   -684.722369
 0.943470   -46.052833   -716.573795
 0.945419   -47.479955   -736.529366
 0.947368   -48.923825   -753.762859
 0.949318   -50.418902   -778.945322
 0.951267   -51.960908   -789.342203
 0.953216   -53.495758   -794.547254
 0.955166   -55.058862   -805.754674
 0.957115   -56.637387   -798.698561
 0.959064   -58.172189   -783.825543
 0.961014   -59.693516   -772.391544
 0.962963   -61.183759   -739.767833
 0.964912   -62.577131   -697.068421
 0.966862   -63.901593   -657.541396
 0.968811   -65.140928   -595.093454
 0.970760   -66.221268   -520.815192
 0.972710   -67.171519   -450.364413
 0.974659   -67.977312   -363.259790
 0.976608   -68.587506   -258.502088
 0.978557   -68.984953   -155.357665
 0.980507   -69.193148   -51.585802
 0.982456   -69.186197   61.050014
 0.984406   -68.954999   170.287114
 0.986355   -68.522351   283.521825
 0.988304   -67.849831   405.918229
 0.990253   -66.940082   515.259931
 0.992203   -65.840736   610.457376
 0.994152   -64.560002   714.156935
 0.996101   -63.056952   810.208666
 0.998051   -61.400920   50.375471
 1.000000   -62.858941   -748.086643
514 psinorm omepp() domepp/dpsiN
 0.000000   16.769255   200.127269
 0.001949   17.159303   235.941687
 0.003899   17.689263   201.691565
 0.005848   17.945838   110.518835
 0.007797   18.120066   77.123523
 0.009747   18.246519   58.927674
 0.011696   18.349836   48.405508
 0.013645   18.435203   38.289090
 0.015595   18.499115   32.058941
 0.017544   18.560202   29.655137
 0.019493   18.614710   24.582608
 0.021442   18.656025   19.351518
 0.023392   18.690158   17.585602
 0.025341   18.724592   15.842574
 0.027290   18.751913   14.107302
 0.029240   18.779596   12.898300
 0.031189   18.802206   9.743079
 0.033138   18.817575   8.522359
 0.035088   18.835436   7.851848
 0.037037   18.848192   6.109750
 0.038986   18.859251   6.056589
 0.040936   18.871807   5.409870
 0.042885   18.880346   3.277017
 0.044834   18.884581   3.469619
 0.046784   18.893877   2.848361
 0.048733   18.895690   0.710246
 0.050682   18.896646   0.659221
 0.052632   18.898261   0.298585
 0.054581   18.897811   0.723236
 0.056530   18.901080   -0.216579
 0.058480   18.896963   -1.729536
 0.060429   18.894336   -1.124310
 0.062378   18.892580   -2.502569
 0.064327   18.884581   -2.544131
 0.066277   18.882664   -1.469043
 0.068226   18.878854   -3.592985
 0.070175   18.868658   -3.654578
 0.072125   18.864608   -3.465675
 0.074074   18.855148   -5.344527
 0.076023   18.843775   -4.254109
 0.077973   18.838565   -3.162470
 0.079922   18.831446   -4.781988
 0.081871   18.819925   -5.486665
 0.083821   18.810054   -5.791240
 0.085770   18.797346   -6.768037
 0.087719   18.783672   -5.182175
 0.089669   18.777144   -4.971030
 0.091618   18.764293   -6.846142
 0.093567   18.750458   -6.651927
 0.095517   18.738358   -5.553542
 0.097466   18.728803   -5.582254
 0.099415   18.716599   -8.367030
 0.101364   18.696189   -9.532852
 0.103314   18.679432   -7.486029
 0.105263   18.666999   -6.861438
 0.107213   18.652678   -6.441265
 0.109162   18.641882   -5.972009
 0.111111   18.629399   -9.888637
 0.113060   18.603336   -10.420219
 0.115010   18.588777   -6.530502
 0.116959   18.577872   -8.381010
 0.118908   18.556108   -9.341240
 0.120858   18.541454   -6.840762
 0.122807   18.529434   -8.689912
 0.124756   18.507581   -10.531861
 0.126706   18.488372   -8.286773
 0.128655   18.475268   -8.997635
 0.130604   18.453299   -10.590624
 0.132554   18.433976   -8.591823
 0.134503   18.419797   -9.547904
 0.136452   18.396758   -10.892637
 0.138402   18.377328   -8.647481
 0.140351   18.363039   -9.603235
 0.142300   18.339895   -10.067694
 0.144250   18.323789   -8.694674
 0.146199   18.305995   -9.850014
 0.148148   18.285394   -10.616498
 0.150097   18.264612   -11.741827
 0.152047   18.239610   -11.025030
 0.153996   18.221622   -9.980476
 0.155945   18.200706   -9.796739
 0.157895   18.183427   -9.061456
 0.159844   18.165376   -12.023436
 0.161793   18.136559   -12.102442
 0.163743   18.118194   -9.601010
 0.165692   18.099125   -11.196617
 0.167641   18.074549   -10.779955
 0.169591   18.057098   -10.522361
 0.171540   18.033526   -12.611195
 0.173489   18.007939   -11.315014
 0.175439   17.989412   -9.697403
 0.177388   17.970130   -10.596817
 0.179337   17.948106   -12.235183
 0.181286   17.922437   -12.487396
 0.183236   17.899419   -11.813881
 0.185185   17.876375   -11.828071
 0.187135   17.853301   -11.150528
 0.189084   17.832897   -11.862145
 0.191033   17.807063   -12.557329
 0.192983   17.783938   -11.193569
 0.194932   17.763418   -10.106139
 0.196881   17.744544   -12.595353
 0.198830   17.714321   -13.727534
 0.200780   17.691024   -10.144835
 0.202729   17.674763   -12.191892
 0.204678   17.643500   -14.247374
 0.206628   17.619216   -11.531786
 0.208577   17.598536   -11.999567
 0.210526   17.572441   -12.692566
 0.212476   17.549049   -11.572600
 0.214425   17.527319   -12.520521
 0.216374   17.500244   -12.971545
 0.218324   17.476745   -11.611387
 0.220273   17.454970   -12.969049
 0.222222   17.426191   -14.121247
 0.224171   17.399925   -11.925179
 0.226121   17.379698   -10.799066
 0.228070   17.357821   -13.703030
 0.230019   17.326284   -15.494343
 0.231969   17.297410   -11.710222
 0.233918   17.280619   -11.304592
 0.235867   17.253344   -14.662983
 0.237817   17.223447   -12.224238
 0.239766   17.205676   -12.433782
 0.241715   17.174980   -14.228434
 0.243665   17.150202   -12.253475
 0.245614   17.127203   -14.044086
 0.247563   17.095458   -13.174588
 0.249513   17.075842   -12.043685
 0.251462   17.048504   -14.322637
 0.253411   17.020012   -13.436500
 0.255361   16.996117   -12.934990
 0.257310   16.969580   -13.032588
 0.259259   16.945316   -13.697109
 0.261209   16.916172   -14.533026
 0.263158   16.888651   -12.385521
 0.265107   16.867893   -12.416606
 0.267056   16.840251   -14.828077
 0.269006   16.810078   -14.572830
 0.270955   16.783430   -14.188430
 0.272904   16.754771   -12.703207
 0.274854   16.733904   -12.193853
 0.276803   16.707230   -15.295032
 0.278752   16.674284   -14.057135
 0.280702   16.652427   -12.698171
 0.282651   16.624777   -14.246539
 0.284600   16.596894   -13.604974
 0.286550   16.571733   -14.649627
 0.288499   16.539779   -14.520158
 0.290448   16.515133   -12.790391
 0.292398   16.489909   -13.370675
 0.294347   16.463002   -14.538487
 0.296296   16.433238   -15.437806
 0.298246   16.402809   -13.641788
 0.300195   16.380044   -14.322126
 0.302144   16.346982   -15.004625
 0.304094   16.321545   -12.596987
 0.306043   16.297865   -14.146101
 0.307992   16.266404   -15.268744
 0.309941   16.238348   -13.730691
 0.311891   16.212869   -13.540334
 0.313840   16.185555   -14.844592
 0.315790   16.154988   -14.786219
 0.317739   16.127901   -13.740513
 0.319688   16.101428   -14.248198
 0.321637   16.072362   -15.308801
 0.323587   16.041738   -15.051663
 0.325536   16.013674   -14.675844
 0.327485   15.984532   -14.275963
 0.329435   15.958014   -12.954578
 0.331384   15.934020   -14.689744
 0.333333   15.900753   -16.415769
 0.335283   15.870017   -13.811000
 0.337232   15.846900   -14.481675
 0.339181   15.813567   -15.617020
 0.341131   15.786012   -13.240681
 0.343080   15.761940   -14.734980
 0.345029   15.728575   -16.452755
 0.346979   15.697792   -14.090000
 0.348928   15.673635   -13.048328
 0.350877   15.646930   -15.421185
 0.352826   15.613523   -16.475955
 0.354776   15.582691   -14.780310
 0.356725   15.555893   -13.735635
 0.358675   15.529136   -14.357043
 0.360624   15.499916   -15.420326
 0.362573   15.469028   -16.277966
 0.364522   15.436464   -15.467668
 0.366472   15.408722   -13.345752
 0.368421   15.384428   -14.822982
 0.370370   15.350942   -16.751471
 0.372320   15.319114   -14.182161
 0.374269   15.295641   -13.575416
 0.376218   15.266197   -15.721457
 0.378168   15.234342   -15.464912
 0.380117   15.205898   -15.900100
 0.382066   15.172363   -15.517400
 0.384016   15.145399   -14.441115
 0.385965   15.116059   -15.491623
 0.387914   15.085013   -14.506891
 0.389863   15.059511   -14.488680
 0.391813   15.028518   -16.298063
 0.393762   14.995965   -16.167926
 0.395711   14.965496   -14.743767
 0.397661   14.938481   -14.899219
 0.399610   14.907406   -15.935970
 0.401560   14.876347   -15.520209
 0.403509   14.846892   -14.508355
 0.405458   14.819793   -15.565604
 0.407407   14.786217   -16.592797
 0.409357   14.755099   -14.288130
 0.411306   14.730504   -14.144331
 0.413255   14.699965   -15.801786
 0.415205   14.668893   -16.334359
 0.417154   14.636278   -15.979291
 0.419103   14.606606   -14.796475
 0.421053   14.578587   -14.532662
 0.423002   14.549943   -15.977344
 0.424951   14.516308   -16.838502
 0.426901   14.484291   -15.562137
 0.428850   14.455629   -15.343773
 0.430799   14.424481   -15.613109
 0.432748   14.394769   -14.819416
 0.434698   14.366701   -16.201576
 0.436647   14.331603   -16.998703
 0.438597   14.300425   -14.568801
 0.440546   14.274796   -14.343811
 0.442495   14.244512   -15.397401
 0.444444   14.214777   -16.061521
 0.446394   14.181887   -15.805266
 0.448343   14.153150   -15.769421
 0.450292   14.120418   -16.620287
 0.452242   14.088348   -15.582913
 0.454191   14.059658   -15.996546
 0.456140   14.025994   -15.849504
 0.458090   13.997864   -14.580958
 0.460039   13.969143   -15.995432
 0.461988   13.935514   -15.624880
 0.463938   13.908225   -14.583500
 0.465887   13.878654   -17.209477
 0.467836   13.841142   -16.622278
 0.469786   13.813849   -14.584983
 0.471735   13.784276   -15.586878
 0.473684   13.753091   -16.612216
 0.475633   13.719522   -16.604777
 0.477583   13.688350   -14.994544
 0.479532   13.661056   -15.968458
 0.481482   13.626085   -16.341701
 0.483431   13.597337   -14.597196
 0.485380   13.569186   -15.832172
 0.487329   13.535623   -16.588368
 0.489279   13.504509   -15.565975
 0.491228   13.474930   -16.191238
 0.493177   13.441395   -16.576983
 0.495127   13.410298   -15.334540
 0.497076   13.381605   -15.957573
 0.499025   13.348095   -16.565215
 0.500975   13.317018   -14.353077
 0.502924   13.292130   -14.966862
 0.504873   13.258677   -17.743025
 0.506823   13.222948   -16.513453
 0.508772   13.194288   -15.931965
 0.510721   13.160846   -15.568985
 0.512671   13.133588   -14.327793
 0.514620   13.104982   -16.266687
 0.516569   13.070180   -17.494841
 0.518518   13.036787   -15.771338
 0.520468   13.008690   -14.312308
 0.522417   12.980984   -16.631314
 0.524366   12.943861   -17.680338
 0.526316   12.912051   -15.485519
 0.528265   12.883482   -14.916597
 0.530214   12.853906   -15.283332
 0.532164   12.823892   -15.977807
 0.534113   12.791609   -17.035269
 0.536062   12.757488   -16.666414
 0.538012   12.726629   -15.222795
 0.539961   12.698133   -15.607244
 0.541910   12.665792   -17.145426
 0.543860   12.631282   -16.376307
 0.545809   12.601938   -14.856798
 0.547758   12.573371   -15.215570
 0.549708   12.542611   -16.339691
 0.551657   12.509663   -16.726049
 0.553606   12.477413   -15.198004
 0.555556   12.450409   -15.139935
 0.557505   12.418385   -17.411453
 0.559454   12.382539   -16.116638
 0.561404   12.355551   -14.173569
 0.563353   12.327277   -16.648625
 0.565302   12.290654   -17.236263
 0.567252   12.260076   -15.085448
 0.569201   12.231835   -15.079428
 0.571150   12.201296   -16.971944
 0.573099   12.165679   -16.960944
 0.575049   12.135168   -14.110389
 0.576998   12.110659   -15.400709
 0.578947   12.075136   -17.843058
 0.580897   12.041090   -15.009033
 0.582846   12.016611   -14.437403
 0.584795   11.984813   -16.862649
 0.586745   11.950863   -16.812039
 0.588694   11.919261   -16.254373
 0.590643   11.887503   -15.895344
 0.592593   11.857286   -14.700740
 0.594542   11.830183   -15.063122
 0.596491   11.798570   -16.763214
 0.598441   11.764822   -15.796038
 0.600390   11.736978   -15.452825
 0.602339   11.704587   -15.798878
 0.604289   11.675380   -15.299999
 0.606238   11.644933   -16.422113
 0.608187   11.611367   -16.666011
 0.610136   11.579969   -15.509335
 0.612086   11.550897   -14.541265
 0.614035   11.523272   -15.113770
 0.615984   11.491984   -16.355273
 0.617934   11.459502   -16.078964
 0.619883   11.429291   -15.964209
 0.621832   11.397274   -15.830251
 0.623782   11.367570   -15.110177
 0.625731   11.338359   -15.465206
 0.627680   11.307286   -15.333675
 0.629630   11.278574   -15.265117
 0.631579   11.247769   -16.726331
 0.633528   11.213375   -15.949489
 0.635478   11.185585   -14.092122
 0.637427   11.158429   -15.180731
 0.639376   11.126411   -16.099480
 0.641325   11.095674   -16.061550
 0.643275   11.063786   -15.778346
 0.645224   11.034153   -15.451097
 0.647173   11.003558   -14.889276
 0.649123   10.976101   -14.598066
 0.651072   10.946641   -16.253301
 0.653021   10.912746   -15.915862
 0.654971   10.884588   -13.863144
 0.656920   10.858692   -15.071920
 0.658869   10.825837   -16.488532
 0.660819   10.794404   -14.665617
 0.662768   10.768653   -14.989309
 0.664717   10.735976   -16.398763
 0.666667   10.704715   -14.366210
 0.668616   10.679958   -14.687281
 0.670565   10.647464   -16.522064
 0.672515   10.615539   -14.496001
 0.674464   10.590941   -14.597749
 0.676413   10.558637   -15.135977
 0.678363   10.531928   -13.967974
 0.680312   10.504177   -15.586189
 0.682261   10.471173   -15.257453
 0.684211   10.444691   -14.728133
 0.686160   10.413751   -15.493008
 0.688109   10.384299   -14.299800
 0.690059   10.357997   -14.411554
 0.692008   10.328111   -15.243446
 0.693957   10.298578   -14.843771
 0.695906   10.270250   -14.796659
 0.697856   10.240886   -14.493991
 0.699805   10.213736   -14.180922
 0.701754   10.185608   -14.690043
 0.703704   10.156459   -15.007435
 0.705653   10.127095   -15.537387
 0.707602   10.095895   -14.586867
 0.709552   10.070223   -12.381788
 0.711501   10.047616   -14.355530
 0.713450   10.014265   -15.926325
 0.715400   9.985522   -13.325073
 0.717349   9.962308   -14.235606
 0.719298   9.930032   -15.368694
 0.721248   9.902388   -12.994105
 0.723197   9.879365   -13.505123
 0.725146   9.849745   -15.444379
 0.727096   9.819147   -14.304416
 0.729045   9.793969   -12.622710
 0.730994   9.769944   -14.489591
 0.732943   9.737489   -15.270967
 0.734893   9.710405   -12.278568
 0.736842   9.689611   -13.378998
 0.738791   9.658254   -15.130536
 0.740741   9.630619   -13.171784
 0.742690   9.606895   -13.249451
 0.744639   9.578973   -13.959328
 0.746589   9.552468   -13.621917
 0.748538   9.525861   -13.916319
 0.750487   9.498223   -13.600380
 0.752437   9.472835   -12.462289
 0.754386   9.449631   -12.963362
 0.756335   9.422303   -14.246373
 0.758285   9.394084   -13.114664
 0.760234   9.371167   -12.599124
 0.762183   9.344973   -13.660469
 0.764133   9.317904   -12.744409
 0.766082   9.295280   -12.116669
 0.768031   9.270673   -12.933608
 0.769980   9.244865   -13.444209
 0.771930   9.218254   -13.636308
 0.773879   9.191697   -11.810748
 0.775829   9.172207   -11.201147
 0.777778   9.148026   -13.141396
 0.779727   9.120982   -13.173095
 0.781676   9.096677   -12.675568
 0.783626   9.071560   -11.549445
 0.785575   9.051643   -11.259356
 0.787524   9.027671   -12.713794
 0.789474   9.002071   -12.351226
 0.791423   8.979512   -11.641315
 0.793372   8.956693   -11.891100
 0.795322   8.933148   -11.737400
 0.797271   8.910929   -11.670813
 0.799220   8.887655   -11.917987
 0.801170   8.864460   -10.366805
 0.803119   8.847232   -10.835307
 0.805068   8.822224   -12.271047
 0.807018   8.799388   -10.922649
 0.808967   8.779635   -10.648883
 0.810916   8.757879   -10.364109
 0.812866   8.739227   -10.289396
 0.814815   8.717762   -10.976719
 0.816764   8.696440   -10.489082
 0.818713   8.676876   -9.464578
 0.820663   8.659539   -9.281548
 0.822612   8.640688   -10.274008
 0.824561   8.619491   -10.304029
 0.826511   8.600513   -8.442409
 0.828460   8.586571   -8.900944
 0.830409   8.565817   -9.876086
 0.832359   8.548066   -7.086288
 0.834308   8.538184   -7.538974
 0.836257   8.518679   -8.518931
 0.838207   8.504972   -6.449290
 0.840156   8.493532   -7.414378
 0.842105   8.476070   -6.957447
 0.844055   8.466409   -4.887968
 0.846004   8.457012   -5.152056
 0.847953   8.446326   -4.692616
 0.849903   8.438717   -3.838821
 0.851852   8.431358   -2.869136
 0.853801   8.427533   -2.039477
 0.855750   8.423409   -1.345948
 0.857700   8.422287   0.686693
 0.859649   8.426083   1.536039
 0.861598   8.428274   2.373006
 0.863548   8.435338   5.088163
 0.865497   8.448110   6.337476
 0.867446   8.460042   7.571274
 0.869396   8.477634   11.584542
 0.871345   8.505205   14.838309
 0.873294   8.535473   16.713406
 0.875244   8.570373   20.183851
 0.877193   8.614166   24.672026
 0.879142   8.666544   29.353976
 0.881092   8.728622   34.771658
 0.883041   8.802113   40.466030
 0.884990   8.886358   46.968596
 0.886940   8.985251   55.596138
 0.888889   9.103118   65.230482
 0.890838   9.239520   74.654178
 0.892787   9.394120   86.024414
 0.894737   9.574942   100.733934
 0.896686   9.786865   118.726396
 0.898636   10.037876   139.874256
 0.900585   10.332213   160.768262
 0.902534   10.664551   182.483790
 0.904483   11.043535   208.998108
 0.906433   11.479464   240.977669
 0.908382   11.983072   275.018615
 0.910331   12.551486   313.577502
 0.912281   13.205754   361.700289
 0.914230   13.961703   412.512856
 0.916179   14.813729   469.105542
 0.918129   15.790810   537.930475
 0.920078   16.911047   613.163672
 0.922027   18.180922   697.621545
 0.923977   19.631165   796.398549
 0.925926   21.285974   903.441692
 0.927875   23.152781   1021.420261
 0.929825   25.268619   1158.106335
 0.931774   27.668091   1304.966620
 0.933723   30.355379   1464.682842
 0.935673   33.379062   1646.157850
 0.937622   36.773558   1841.306442
 0.939571   40.556474   2058.143959
 0.941520   44.796203   2381.060518
 0.943470   49.840641   1326.535255
 0.945419   49.970884   -144.008332
 0.947368   49.279296   1038.675062
 0.949318   54.023466   2612.404686
 0.951267   59.464703   2804.051226
 0.953216   64.953657   2808.124138
 0.955166   70.413563   2754.526066
 0.957115   75.693645   2604.066840
 0.959064   80.564215   2362.026389
 0.961014   84.902912   2043.366036
 0.962963   88.531663   1620.114787
 0.964912   91.218120   1119.744710
 0.966862   92.897030   579.609159
 0.968811   93.478578   -12.465069
 0.970760   92.848441   -610.615384
 0.972710   91.097214   -1168.706317
 0.974659   88.292196   -1688.860284
 0.976608   84.514037   -2147.268966
 0.978557   79.922142   -2506.705434
 0.980507   74.740091   -2765.676575
 0.982456   69.138985   -2932.951439
 0.984406   63.304395   -3004.720213
 0.986355   57.423606   -2999.350101
 0.988304   51.612928   -2931.388226
 0.990253   45.997055   -2801.360419
 0.992203   40.690584   -2626.229018
 0.994152   35.757198   -2432.231627
 0.996101   31.209745   -2223.116156
 0.998051   27.089488   -1359.891849
 1.000000   25.906021   -607.217739
514 psinorm omgeb(kRad/s) domgeb/dpsiN
 0.000000   -17.601128   190.388533
 0.001949   -17.230061   260.060538
 0.003899   -16.587012   267.428010
 0.005848   -16.187234   189.185396
 0.007797   -15.849568   161.233900
 0.009747   -15.558607   137.920591
 0.011696   -15.311793   125.441441
 0.013645   -15.069636   119.287296
 0.015595   -14.846701   107.753249
 0.017544   -14.649493   100.787414
 0.019493   -14.453832   98.000382
 0.021442   -14.267488   94.042058
 0.023392   -14.087165   86.894875
 0.025341   -13.928674   82.138845
 0.027290   -13.766988   81.693768
 0.029240   -13.610152   79.291002
 0.031189   -13.457830   77.187527
 0.033138   -13.309275   72.861590
 0.035088   -13.173750   70.726222
 0.037037   -13.033516   70.891467
 0.038986   -12.897415   66.759327
 0.040936   -12.773228   64.921282
 0.042885   -12.644289   67.231319
 0.044834   -12.511160   63.203313
 0.046784   -12.397870   61.501836
 0.048733   -12.271371   61.848202
 0.050682   -12.156785   57.829568
 0.052632   -12.045895   60.427950
 0.054581   -11.921184   56.680989
 0.056530   -11.824953   52.675728
 0.058480   -11.715795   57.425090
 0.060429   -11.601055   55.165769
 0.062378   -11.500758   53.967331
 0.064327   -11.390691   53.647351
 0.066277   -11.291593   50.202771
 0.068226   -11.194949   50.578529
 0.070175   -11.094438   48.787113
 0.072125   -11.004734   49.441837
 0.074074   -10.901671   51.899085
 0.076023   -10.802431   46.151480
 0.077973   -10.721736   44.800398
 0.079922   -10.627761   47.146672
 0.081871   -10.537958   45.433496
 0.083821   -10.450617   46.239727
 0.085770   -10.357672   46.585194
 0.087719   -10.269028   42.845804
 0.089669   -10.190622   41.582998
 0.091618   -10.106899   43.968824
 0.093567   -10.019231   44.365533
 0.095517   -9.933919   41.190258
 0.097466   -9.858625   36.920498
 0.099415   -9.790003   39.653265
 0.101364   -9.704057   45.539693
 0.103314   -9.612440   42.992605
 0.105263   -9.536421   36.846351
 0.107213   -9.468781   34.201090
 0.109162   -9.403070   35.983871
 0.111111   -9.328516   42.677992
 0.113060   -9.236711   40.651280
 0.115010   -9.170029   33.586135
 0.116959   -9.105758   35.834160
 0.118908   -9.030348   36.207275
 0.120858   -8.964590   33.212033
 0.122807   -8.900853   35.434115
 0.124756   -8.826468   37.691536
 0.126706   -8.753895   34.753603
 0.128655   -8.690959   33.053170
 0.130604   -8.625053   35.260872
 0.132554   -8.553474   34.354738
 0.134503   -8.491100   30.778652
 0.136452   -8.433499   32.896956
 0.138402   -8.362828   33.912146
 0.140351   -8.301271   30.352274
 0.142300   -8.244514   28.732093
 0.144250   -8.189245   31.605136
 0.146199   -8.121293   31.494247
 0.148148   -8.066480   28.359261
 0.150097   -8.010748   33.860742
 0.152047   -7.934447   33.029158
 0.153996   -7.881955   27.628605
 0.155945   -7.826750   26.012722
 0.157895   -7.780536   25.078435
 0.159844   -7.728972   32.830555
 0.161793   -7.652563   31.280462
 0.163743   -7.607026   24.764431
 0.165692   -7.556009   28.806350
 0.167641   -7.494739   27.181100
 0.169591   -7.450038   26.288347
 0.171540   -7.392247   28.483584
 0.173489   -7.339009   26.809238
 0.175439   -7.287719   25.985819
 0.177388   -7.237690   24.102168
 0.179337   -7.193769   24.647482
 0.181286   -7.141614   26.386899
 0.183236   -7.090887   25.920037
 0.185185   -7.040552   25.835141
 0.187135   -6.990156   25.419944
 0.189084   -6.941439   25.592067
 0.191033   -6.890398   24.014975
 0.192983   -6.847809   21.491674
 0.194932   -6.806601   21.432362
 0.196881   -6.764265   25.523618
 0.198830   -6.707110   25.440068
 0.200780   -6.665082   19.385222
 0.202729   -6.631523   23.107579
 0.204678   -6.575009   25.149605
 0.206628   -6.533472   20.889020
 0.208577   -6.493562   21.053922
 0.210526   -6.451404   23.045513
 0.212476   -6.403704   22.427306
 0.214425   -6.363956   19.090974
 0.216374   -6.329288   21.003966
 0.218324   -6.282055   22.173473
 0.220273   -6.242829   22.002418
 0.222222   -6.196289   22.452999
 0.224171   -6.155308   17.330581
 0.226121   -6.128725   16.657239
 0.228070   -6.090367   21.929296
 0.230019   -6.043244   23.823467
 0.231969   -5.997480   18.178337
 0.233918   -5.972357   16.639401
 0.235867   -5.932620   21.829521
 0.237817   -5.887240   17.965215
 0.239766   -5.862563   18.080424
 0.241715   -5.816763   19.958973
 0.243665   -5.784750   16.076921
 0.245614   -5.754078   19.478427
 0.247563   -5.708823   19.720810
 0.249513   -5.677194   17.499533
 0.251462   -5.640595   17.692990
 0.253411   -5.608227   16.263683
 0.255361   -5.577183   17.257551
 0.257310   -5.540942   15.889849
 0.259259   -5.515245   17.638123
 0.261209   -5.472162   20.270686
 0.263158   -5.436206   15.399831
 0.265107   -5.412134   14.236652
 0.267056   -5.380711   17.433880
 0.269006   -5.344156   18.427818
 0.270955   -5.308860   15.415920
 0.272904   -5.284065   14.011437
 0.274854   -5.254227   16.608226
 0.276803   -5.219312   16.821108
 0.278752   -5.188659   13.902731
 0.280702   -5.165109   14.899788
 0.282651   -5.130570   16.628038
 0.284600   -5.100293   13.697571
 0.286550   -5.077167   16.247784
 0.288499   -5.036952   16.492513
 0.290448   -5.012879   11.997842
 0.292398   -4.990173   14.556805
 0.294347   -4.956128   14.825654
 0.296296   -4.932382   14.883616
 0.298246   -4.898091   15.875865
 0.300195   -4.870479   13.064720
 0.302144   -4.847165   13.267671
 0.304094   -4.818746   14.319934
 0.306043   -4.791331   12.733603
 0.307992   -4.769110   13.081506
 0.309941   -4.740339   14.560074
 0.311891   -4.712341   11.347433
 0.313840   -4.696090   12.730801
 0.315790   -4.662695   15.470656
 0.317739   -4.635766   12.485779
 0.319688   -4.614025   12.820316
 0.321637   -4.585793   12.840743
 0.323587   -4.563962   12.325470
 0.325536   -4.537738   12.485643
 0.327485   -4.515293   11.261087
 0.329435   -4.493831   12.193102
 0.331384   -4.467755   13.795926
 0.333333   -4.440055   12.593236
 0.335283   -4.418657   10.733232
 0.337232   -4.398206   12.270271
 0.339181   -4.370827   12.378742
 0.341131   -4.349944   10.539592
 0.343080   -4.329733   10.797129
 0.345029   -4.307857   12.342785
 0.346979   -4.281606   11.853881
 0.348928   -4.261635   10.443352
 0.350877   -4.240898   12.212206
 0.352826   -4.214032   12.194483
 0.354776   -4.193355   9.206001
 0.356725   -4.178135   9.134489
 0.358675   -4.157737   11.669899
 0.360624   -4.132637   12.960276
 0.362573   -4.107218   11.929500
 0.364522   -4.086136   9.294967
 0.366472   -4.070980   8.884213
 0.368421   -4.051498   10.359907
 0.370370   -4.030597   11.798240
 0.372320   -4.005495   10.060596
 0.374269   -3.991365   7.654562
 0.376218   -3.975657   10.435225
 0.378168   -3.950673   11.301930
 0.380117   -3.931588   11.479823
 0.382066   -3.905925   10.355798
 0.384016   -3.891216   8.611527
 0.385965   -3.872351   9.899231
 0.387914   -3.852629   7.679459
 0.389863   -3.842416   8.907936
 0.391813   -3.817890   12.398991
 0.393762   -3.794072   10.010055
 0.395711   -3.778871   7.604550
 0.397661   -3.764422   8.641838
 0.399610   -3.745179   9.896716
 0.401560   -3.725835   9.701340
 0.403509   -3.707353   8.398889
 0.405458   -3.693096   8.751857
 0.407407   -3.673238   9.988209
 0.409357   -3.654153   8.351104
 0.411306   -3.640674   7.302269
 0.413255   -3.625688   8.688331
 0.415205   -3.606796   9.498486
 0.417154   -3.588653   8.429499
 0.419103   -3.573938   8.601825
 0.421053   -3.555113   8.268623
 0.423002   -3.541696   8.370995
 0.424951   -3.522483   9.738668
 0.426901   -3.503725   8.224435
 0.428850   -3.490413   8.161164
 0.430799   -3.471913   8.451129
 0.432748   -3.457470   7.266943
 0.434698   -3.443579   8.282905
 0.436647   -3.425178   9.427192
 0.438597   -3.406823   8.104248
 0.440546   -3.393577   6.865900
 0.442495   -3.380060   7.139503
 0.444444   -3.365747   7.166667
 0.446394   -3.352117   8.006869
 0.448343   -3.334530   9.328451
 0.450292   -3.315755   7.147307
 0.452242   -3.306668   6.759781
 0.454191   -3.289403   9.202512
 0.456140   -3.270796   7.114984
 0.458090   -3.261666   6.768866
 0.460039   -3.244409   8.010259
 0.461988   -3.230442   5.857251
 0.463938   -3.221574   6.670047
 0.465887   -3.204440   9.144202
 0.467836   -3.185930   7.017140
 0.469786   -3.177085   6.640684
 0.471735   -3.160042   7.782973
 0.473684   -3.146747   6.936068
 0.475633   -3.133005   8.002790
 0.477583   -3.115542   6.738169
 0.479532   -3.106728   6.740048
 0.481482   -3.089258   7.717154
 0.483431   -3.076637   5.483581
 0.485380   -3.067883   6.787742
 0.487329   -3.050178   7.900886
 0.489279   -3.037080   6.559708
 0.491228   -3.024602   6.623389
 0.493177   -3.011262   6.719312
 0.495127   -2.998403   6.495173
 0.497076   -2.985937   6.668773
 0.499025   -2.972408   6.725810
 0.500975   -2.959714   5.275940
 0.502924   -2.951835   5.477866
 0.504873   -2.938361   7.808672
 0.506823   -2.921387   7.448536
 0.508772   -2.909317   6.497126
 0.510721   -2.896061   5.597231
 0.512671   -2.887495   5.262030
 0.514620   -2.875547   7.354220
 0.516569   -2.858829   7.629639
 0.518518   -2.845806   5.489693
 0.520468   -2.837427   4.178505
 0.522417   -2.829514   6.417265
 0.524366   -2.812412   7.576725
 0.526316   -2.799975   6.230118
 0.528265   -2.788121   5.277040
 0.530214   -2.779405   4.351563
 0.532164   -2.771154   6.192572
 0.534113   -2.755264   7.376654
 0.536062   -2.742400   6.411734
 0.538012   -2.730265   5.062417
 0.539961   -2.722659   5.179932
 0.541910   -2.710074   7.369165
 0.543860   -2.693925   6.110087
 0.545809   -2.686246   4.165275
 0.547758   -2.677689   5.237842
 0.549708   -2.665822   7.016095
 0.551657   -2.650335   6.164028
 0.553606   -2.641795   3.178453
 0.555556   -2.637945   4.894634
 0.557505   -2.622716   8.117764
 0.559454   -2.606302   5.201384
 0.561404   -2.602442   3.857830
 0.563353   -2.591264   7.017625
 0.565302   -2.575088   6.100192
 0.567252   -2.567483   3.806861
 0.569201   -2.560245   3.837923
 0.571150   -2.552523   6.045216
 0.573099   -2.536680   7.010406
 0.575049   -2.525192   3.783401
 0.576998   -2.521925   4.841073
 0.578947   -2.506321   7.920544
 0.580897   -2.491043   3.728765
 0.582846   -2.491775   1.798072
 0.584795   -2.484034   6.829251
 0.586745   -2.465142   7.578654
 0.588694   -2.454480   4.756389
 0.590643   -2.446601   3.839771
 0.592593   -2.439509   3.510432
 0.594542   -2.432914   4.640514
 0.596491   -2.421421   5.736337
 0.598441   -2.410548   5.404777
 0.600390   -2.400347   4.540501
 0.602339   -2.392849   3.703213
 0.604289   -2.385909   5.357135
 0.606238   -2.371966   6.296044
 0.608187   -2.361367   4.574845
 0.610136   -2.354133   3.584149
 0.612086   -2.347392   3.296022
 0.614035   -2.341281   3.333075
 0.615984   -2.334400   5.330222
 0.617934   -2.320495   6.093917
 0.619883   -2.310638   4.304035
 0.621832   -2.303718   3.366198
 0.623782   -2.297513   4.004035
 0.625731   -2.288108   5.076510
 0.627680   -2.277725   3.264770
 0.629630   -2.275383   2.999477
 0.631579   -2.266034   5.914467
 0.633528   -2.252328   4.996801
 0.635478   -2.246555   2.860288
 0.637427   -2.241176   3.800568
 0.639376   -2.231741   4.906393
 0.641325   -2.222051   4.853497
 0.643275   -2.212817   3.620290
 0.645224   -2.207933   2.729766
 0.647173   -2.202176   2.793508
 0.649123   -2.197041   4.408387
 0.651072   -2.184992   5.471167
 0.653021   -2.175715   2.651847
 0.654971   -2.174656   1.373877
 0.656920   -2.170360   3.371172
 0.658869   -2.161516   4.384693
 0.660819   -2.153264   4.032883
 0.662768   -2.145791   4.096975
 0.664717   -2.137294   3.288317
 0.666667   -2.132972   2.023699
 0.668616   -2.129403   2.955657
 0.670565   -2.121451   3.928440
 0.672515   -2.114086   2.709914
 0.674464   -2.110883   2.765907
 0.676413   -2.103305   2.797618
 0.678363   -2.099977   2.513127
 0.680312   -2.093508   3.484767
 0.682261   -2.086393   1.597233
 0.684211   -2.087284   2.208492
 0.686160   -2.077788   4.129678
 0.688109   -2.071187   1.372238
 0.690059   -2.072441   1.947420
 0.692008   -2.063599   3.718221
 0.693957   -2.057948   2.012387
 0.695906   -2.055755   1.881310
 0.697856   -2.050611   1.540335
 0.699805   -2.049747   0.587707
 0.701754   -2.048320   1.546629
 0.703704   -2.043715   3.115076
 0.705653   -2.036176   3.043088
 0.707602   -2.031853   1.156558
 0.709552   -2.031669   -0.998379
 0.711501   -2.035743   0.783860
 0.713450   -2.028613   2.629499
 0.715400   -2.025493   0.442117
 0.717349   -2.026887   1.292745
 0.719298   -2.020454   1.298998
 0.721248   -2.021826   -0.932354
 0.723197   -2.024089   -0.112573
 0.725146   -2.022265   1.686616
 0.727096   -2.017511   1.313613
 0.729045   -2.017141   -1.617885
 0.730994   -2.023818   -0.622965
 0.732943   -2.019569   1.007978
 0.734893   -2.019890   -2.261741
 0.736842   -2.028384   -1.377061
 0.738791   -2.025258   0.442218
 0.740741   -2.026662   -0.953786
 0.742690   -2.028976   -1.059240
 0.744639   -2.030791   -2.101448
 0.746589   -2.037172   -1.626579
 0.748538   -2.037136   -0.815145
 0.750487   -2.040349   -2.832588
 0.752437   -2.048183   -3.297076
 0.754386   -2.053206   -2.525666
 0.756335   -2.058028   -1.756709
 0.758285   -2.060054   -2.204806
 0.760234   -2.066622   -3.349630
 0.762183   -2.073111   -3.550322
 0.764133   -2.080465   -4.984328
 0.766082   -2.092542   -4.375124
 0.768031   -2.097519   -3.529940
 0.769980   -2.106302   -4.790898
 0.771930   -2.116200   -4.291399
 0.773879   -2.123036   -5.573652
 0.775829   -2.137935   -7.007843
 0.777778   -2.150361   -5.510691
 0.779727   -2.159416   -5.627812
 0.781676   -2.172298   -6.013544
 0.783626   -2.182862   -6.647833
 0.785575   -2.198215   -8.782820
 0.787524   -2.217097   -8.168668
 0.789474   -2.230062   -6.049556
 0.791423   -2.240686   -7.253083
 0.793372   -2.258334   -9.452541
 0.795322   -2.277542   -9.233301
 0.797271   -2.294336   -10.503974
 0.799220   -2.318486   -10.890791
 0.801170   -2.336796   -9.756243
 0.803119   -2.356525   -10.083457
 0.805068   -2.376102   -10.404307
 0.807018   -2.397092   -11.273402
 0.808967   -2.420056   -12.635008
 0.810916   -2.446344   -12.921500
 0.812866   -2.470436   -11.879212
 0.814815   -2.492662   -13.412619
 0.816764   -2.522718   -14.583186
 0.818713   -2.549507   -14.233799
 0.820663   -2.578216   -15.153185
 0.822612   -2.608588   -14.585790
 0.824561   -2.635072   -14.000045
 0.826511   -2.663175   -15.856287
 0.828460   -2.696893   -16.361881
 0.830409   -2.726954   -16.764574
 0.832359   -2.762260   -19.527480
 0.834308   -2.803089   -17.181417
 0.836257   -2.829234   -15.656796
 0.838207   -2.864139   -19.392152
 0.840156   -2.904841   -18.959070
 0.842105   -2.938041   -19.324552
 0.844055   -2.980192   -20.241907
 0.846004   -3.016967   -18.750951
 0.847953   -3.053283   -20.540436
 0.849903   -3.097058   -22.256985
 0.851852   -3.140063   -23.792300
 0.853801   -3.189801   -25.587429
 0.855750   -3.239803   -25.114143
 0.857700   -3.287720   -26.028474
 0.859649   -3.341285   -26.345271
 0.861598   -3.390414   -25.626213
 0.863548   -3.441203   -25.638724
 0.865497   -3.490380   -24.911059
 0.867446   -3.538306   -25.040683
 0.869396   -3.588014   -25.004839
 0.871345   -3.635801   -25.959609
 0.873294   -3.689205   -26.065578
 0.875244   -3.737428   -23.310990
 0.877193   -3.780097   -23.239869
 0.879142   -3.828017   -24.128284
 0.881092   -3.874172   -23.962645
 0.883041   -3.921446   -23.776321
 0.884990   -3.966853   -21.062745
 0.886940   -4.003566   -20.784343
 0.888889   -4.047887   -23.295605
 0.890838   -4.094372   -21.101938
 0.892787   -4.130142   -19.348673
 0.894737   -4.169814   -20.460615
 0.896686   -4.209918   -20.686416
 0.898636   -4.250471   -21.055475
 0.900585   -4.292013   -20.882599
 0.902534   -4.331871   -20.703568
 0.904483   -4.372715   -20.151579
 0.906433   -4.410441   -21.589677
 0.908382   -4.456889   -22.920502
 0.910331   -4.499785   -23.220924
 0.912281   -4.547430   -27.109969
 0.914230   -4.605481   -28.552220
 0.916179   -4.658726   -29.021447
 0.918129   -4.718639   -33.679837
 0.920078   -4.790038   -38.502429
 0.922027   -4.868722   -42.851823
 0.923977   -4.957122   -49.024760
 0.925926   -5.059862   -55.826581
 0.927875   -5.174734   -62.725076
 0.929825   -5.304435   -71.301600
 0.931774   -5.452730   -80.712249
 0.933723   -5.619051   -91.296872
 0.935673   -5.808708   -102.519231
 0.937622   -6.018763   -113.017191
 0.939571   -6.249249   -123.296424
 0.941520   -6.499372   -129.065897
 0.943470   -6.752478   -137.605438
 0.945419   -7.035880   -163.935844
 0.947368   -7.391500   -196.537077
 0.949318   -7.802207   -217.084710
 0.951267   -8.237901   -227.975287
 0.953216   -8.690854   -237.796067
 0.955166   -9.165078   -246.418358
 0.957115   -9.651633   -249.481263
 0.959064   -10.137556   -249.043729
 0.961014   -10.622654   -245.122273
 0.962963   -11.093295   -232.713591
 0.964912   -11.529771   -214.141376
 0.966862   -11.928213   -190.796140
 0.968811   -12.273713   -157.500117
 0.970760   -12.542148   -116.845661
 0.972710   -12.729252   -69.869434
 0.974659   -12.814621   -14.270653
 0.976608   -12.784879   48.657896
 0.978557   -12.624953   114.940744
 0.980507   -12.336659   181.765392
 0.982456   -11.916318   249.199994
 0.984406   -11.364962   312.556659
 0.986355   -10.697719   368.029148
 0.988304   -9.930384   412.025707
 0.990253   -9.091643   440.607413
 0.992203   -8.212435   451.338025
 0.994152   -7.331877   443.720473
 0.996101   -6.482813   421.512240
 0.998051   -5.688429   292.264330
 1.000000   -5.343044   177.211207
514 psinorm ommvb() dommvb/dpsiN
 0.000000   45.643054   -435.543068
 0.001949   44.794181   -477.381884
 0.003899   43.781659   -324.410070
 0.005848   43.528916   -94.115420
 0.007797   43.414797   -46.763733
 0.009747   43.346608   -33.203609
 0.011696   43.285332   -21.729825
 0.013645   43.261905   -13.087627
 0.015595   43.234302   -14.860257
 0.017544   43.203967   -11.462860
 0.019493   43.189619   -12.088219
 0.021442   43.156847   -13.865301
 0.023392   43.135564   -15.555782
 0.025341   43.096204   -21.343431
 0.027290   43.052368   -17.782830
 0.029240   43.026878   -12.086856
 0.031189   43.005239   -18.149700
 0.033138   42.956131   -26.059674
 0.035088   42.903631   -21.626925
 0.037037   42.871797   -21.013349
 0.038986   42.821721   -27.243075
 0.040936   42.765573   -24.041731
 0.042885   42.727972   -21.759514
 0.044834   42.680754   -28.333868
 0.046784   42.617491   -25.755085
 0.048733   42.580322   -28.736407
 0.050682   42.505476   -35.771135
 0.052632   42.440855   -23.967598
 0.054581   42.412008   -31.462432
 0.056530   42.318215   -41.520528
 0.058480   42.250133   -27.612472
 0.060429   42.210539   -28.784700
 0.062378   42.137930   -36.438301
 0.064327   42.068503   -35.121481
 0.066277   42.000992   -35.262851
 0.068226   41.931014   -39.070768
 0.070175   41.848694   -41.925837
 0.072125   41.767546   -35.233820
 0.074074   41.711305   -34.403659
 0.076023   41.633441   -44.666435
 0.077973   41.537141   -40.298464
 0.079922   41.476299   -39.015935
 0.081871   41.385057   -44.980905
 0.083821   41.300922   -38.702479
 0.085770   41.234147   -39.928208
 0.087719   41.145282   -45.416847
 0.089669   41.057067   -43.412623
 0.091618   40.976012   -42.854090
 0.093567   40.890022   -42.245966
 0.095517   40.811299   -42.423909
 0.097466   40.724615   -50.397685
 0.099415   40.614849   -51.533525
 0.101364   40.523738   -40.440161
 0.103314   40.457185   -40.462855
 0.105263   40.365986   -50.966579
 0.107213   40.258458   -53.003358
 0.109162   40.159321   -48.011782
 0.111111   40.071308   -42.960956
 0.113060   39.991859   -47.137786
 0.115010   39.887505   -51.280295
 0.116959   39.791913   -50.719209
 0.118908   39.689802   -52.456753
 0.120858   39.587384   -50.455557
 0.122807   39.493071   -49.902838
 0.124756   39.392863   -49.491055
 0.126706   39.300110   -47.475889
 0.128655   39.207754   -53.100247
 0.130604   39.093125   -52.744571
 0.132554   39.002115   -46.684075
 0.134503   38.911104   -56.644369
 0.136452   38.781315   -56.137255
 0.138402   38.692245   -45.689303
 0.140351   38.603173   -55.577271
 0.142300   38.475605   -61.505941
 0.144250   38.363369   -49.305253
 0.146199   38.283348   -50.984575
 0.148148   38.164631   -60.621362
 0.150097   38.047045   -50.229007
 0.152047   37.968809   -48.447712
 0.153996   37.858164   -58.141429
 0.155945   37.742173   -61.445325
 0.157895   37.618585   -59.591324
 0.159844   37.509819   -49.503632
 0.161793   37.425620   -52.703360
 0.163743   37.304310   -58.899502
 0.165692   37.195964   -54.936216
 0.167641   37.090168   -57.971034
 0.169591   36.969928   -56.369070
 0.171540   36.870375   -56.385325
 0.173489   36.750138   -57.346828
 0.175439   36.646788   -53.516133
 0.177388   36.541480   -59.529876
 0.179337   36.414741   -62.764312
 0.181286   36.296824   -58.667568
 0.183236   36.185999   -56.633436
 0.185185   36.076010   -56.540808
 0.187135   35.965547   -54.721423
 0.189084   35.862647   -55.975143
 0.191033   35.747356   -61.230864
 0.192983   35.623904   -61.588407
 0.194932   35.507219   -59.426137
 0.196881   35.392261   -57.118347
 0.198830   35.284572   -58.807744
 0.200780   35.162963   -62.489381
 0.202729   35.040926   -58.571988
 0.204678   34.934649   -58.291240
 0.206628   34.813641   -60.205901
 0.208577   34.699902   -61.389476
 0.210526   34.574345   -59.381583
 0.212476   34.468384   -56.087728
 0.214425   34.355662   -64.571111
 0.216374   34.216685   -62.419699
 0.218324   34.112305   -55.582755
 0.220273   33.999972   -57.154358
 0.222222   33.889518   -59.917443
 0.224171   33.766414   -67.047407
 0.226121   33.628092   -63.708979
 0.228070   33.517998   -57.952815
 0.230019   33.402192   -57.760590
 0.231969   33.292793   -61.380743
 0.233918   33.162879   -64.445134
 0.235867   33.041586   -58.710056
 0.237817   32.933976   -60.815446
 0.239766   32.804478   -62.207370
 0.241715   32.691491   -61.717014
 0.243665   32.563836   -63.888234
 0.245614   32.442388   -59.774132
 0.247563   32.330836   -59.217539
 0.249513   32.211495   -59.735984
 0.251462   32.097923   -62.923701
 0.253411   31.966218   -65.963995
 0.255361   31.840732   -60.899251
 0.257310   31.728765   -63.919560
 0.259259   31.591574   -61.871341
 0.261209   31.487546   -55.190999
 0.263158   31.376388   -61.588149
 0.265107   31.247475   -66.139020
 0.267056   31.118578   -63.196413
 0.269006   31.001078   -58.231667
 0.270955   30.891529   -64.243951
 0.272904   30.750655   -65.358142
 0.274854   30.636711   -57.161121
 0.276803   30.527781   -62.272246
 0.278752   30.393974   -66.740495
 0.280702   30.267564   -60.218053
 0.282651   30.159175   -59.824064
 0.284600   30.034370   -65.862576
 0.286550   29.902373   -59.959407
 0.288499   29.800573   -59.410806
 0.290448   29.670789   -66.746481
 0.292398   29.540328   -60.875606
 0.294347   29.433423   -62.343127
 0.296296   29.297314   -63.308508
 0.298246   29.186596   -56.724971
 0.300195   29.076144   -64.643686
 0.302144   28.934615   -66.168806
 0.304094   28.818164   -58.229183
 0.306043   28.707577   -62.769658
 0.307992   28.573488   -65.322360
 0.309941   28.452950   -60.260398
 0.311891   28.338536   -64.976400
 0.313840   28.199620   -63.453690
 0.315790   28.091146   -57.343815
 0.317739   27.976040   -61.726657
 0.319688   27.850535   -62.413788
 0.321637   27.732751   -64.140201
 0.323587   27.600445   -62.862864
 0.325536   27.487639   -62.117398
 0.327485   27.358312   -64.938101
 0.329435   27.234448   -58.727984
 0.331384   27.129322   -58.507088
 0.333333   27.006387   -64.764186
 0.335283   26.876803   -63.369515
 0.337232   26.759303   -61.236143
 0.339181   26.638104   -61.990331
 0.341131   26.517603   -60.600320
 0.343080   26.401821   -63.872318
 0.345029   26.268629   -63.652694
 0.346979   26.153649   -58.764307
 0.348928   26.039507   -60.025675
 0.350877   25.919669   -61.292813
 0.352826   25.800587   -62.786403
 0.354776   25.674861   -65.579547
 0.356725   25.544895   -63.557599
 0.358675   25.427056   -57.916993
 0.360624   25.319071   -56.250079
 0.362573   25.207793   -61.442514
 0.364522   25.079568   -66.012007
 0.366472   24.950412   -61.702330
 0.368421   24.838982   -61.250263
 0.370370   24.711659   -60.829629
 0.372320   24.601816   -59.299049
 0.374269   24.480458   -65.084467
 0.376218   24.348117   -61.869384
 0.378168   24.239241   -57.544456
 0.380117   24.123755   -58.855993
 0.382066   24.009820   -61.147357
 0.384016   23.885336   -61.370600
 0.385965   23.770531   -59.932365
 0.387914   23.651719   -64.706587
 0.389863   23.518305   -61.660981
 0.391813   23.411317   -55.266720
 0.393762   23.302821   -60.477130
 0.395711   23.175577   -64.024780
 0.397661   23.053191   -61.241058
 0.399610   22.936795   -59.809658
 0.401560   22.819993   -58.514089
 0.403509   22.708646   -59.441270
 0.405458   22.588291   -61.759815
 0.407407   22.467906   -60.322964
 0.409357   22.353094   -58.964822
 0.411306   22.238002   -61.379473
 0.413255   22.113837   -61.083979
 0.415205   21.999841   -58.657941
 0.417154   21.885130   -60.862196
 0.419103   21.762600   -58.849512
 0.421053   21.655684   -58.036224
 0.423002   21.536323   -60.399989
 0.424951   21.420245   -58.514725
 0.426901   21.308177   -59.154328
 0.428850   21.189606   -58.863820
 0.430799   21.078725   -59.069408
 0.432748   20.959353   -60.287049
 0.434698   20.843668   -59.417033
 0.436647   20.727686   -57.894746
 0.438597   20.617940   -56.532518
 0.440546   20.507266   -58.929398
 0.442495   20.388233   -60.657330
 0.444444   20.270824   -60.642951
 0.446394   20.151785   -57.299519
 0.448343   20.047406   -55.473707
 0.450292   19.935549   -61.648063
 0.452242   19.807031   -59.360130
 0.454191   19.704091   -54.658786
 0.456140   19.593972   -59.658201
 0.458090   19.471477   -57.579245
 0.460039   19.369460   -56.858913
 0.461988   19.249841   -61.463259
 0.463938   19.129814   -56.755954
 0.465887   19.028540   -55.461558
 0.467836   18.913625   -60.013788
 0.469786   18.794544   -56.317560
 0.471735   18.694033   -55.023618
 0.473684   18.580062   -59.379081
 0.475633   18.462574   -56.434783
 0.477583   18.360030   -56.438357
 0.479532   18.242528   -57.980208
 0.481482   18.133970   -55.781065
 0.483431   18.025038   -57.878703
 0.485380   17.908359   -56.623066
 0.487329   17.804321   -55.311576
 0.489279   17.692695   -56.325095
 0.491228   17.584708   -56.711415
 0.493177   17.471634   -57.246105
 0.495127   17.361507   -55.711830
 0.497076   17.254412   -56.641051
 0.499025   17.140720   -56.976443
 0.500975   17.032264   -55.812025
 0.502924   16.923109   -56.920139
 0.504873   16.810389   -55.635486
 0.506823   16.706191   -53.419198
 0.508772   16.602108   -55.218227
 0.510721   16.490950   -57.148203
 0.512671   16.379287   -55.167798
 0.514620   16.275847   -52.726756
 0.516569   16.173758   -54.219705
 0.518518   16.064499   -56.187835
 0.520468   15.954681   -57.080995
 0.522417   15.841941   -55.664735
 0.524366   15.737700   -53.637193
 0.526316   15.632810   -52.977597
 0.528265   15.531139   -54.504718
 0.530214   15.420350   -57.575205
 0.532164   15.306651   -53.998653
 0.534113   15.209801   -52.191228
 0.536062   15.103210   -53.675813
 0.538012   15.000521   -54.251889
 0.539961   14.891685   -54.910041
 0.541910   14.786482   -52.054202
 0.543860   14.688730   -53.011293
 0.545809   14.579796   -55.715994
 0.547758   14.471549   -53.527074
 0.549708   14.371098   -49.889040
 0.551657   14.277028   -53.059438
 0.553606   14.164273   -57.893049
 0.555556   14.051303   -52.767371
 0.557505   13.958522   -49.111164
 0.559454   13.859868   -54.063175
 0.561404   13.747723   -53.409299
 0.563353   13.651617   -49.588557
 0.565302   13.554427   -52.300674
 0.567252   13.447691   -54.198203
 0.569201   13.343107   -54.273364
 0.571150   13.236134   -51.967098
 0.573099   13.140539   -49.277141
 0.575049   13.044002   -52.356315
 0.576998   12.936408   -51.759706
 0.578947   12.842242   -47.747380
 0.580897   12.750242   -53.150460
 0.582846   12.635021   -56.864845
 0.584795   12.528583   -48.239688
 0.586745   12.446947   -45.831339
 0.588694   12.349894   -52.180936
 0.590643   12.243546   -53.481213
 0.592593   12.141373   -51.767843
 0.594542   12.041702   -50.165097
 0.596491   11.945829   -49.647994
 0.598441   11.848123   -47.987665
 0.600390   11.758721   -49.452850
 0.602339   11.655356   -52.406543
 0.604289   11.554390   -47.693486
 0.606238   11.469391   -46.427741
 0.608187   11.373414   -50.738554
 0.610136   11.271612   -51.590735
 0.612086   11.172263   -50.171359
 0.614035   11.075992   -50.277409
 0.615984   10.976282   -47.316356
 0.617934   10.891514   -45.306861
 0.619883   10.799634   -49.183727
 0.621832   10.699795   -50.220184
 0.623782   10.603828   -47.724517
 0.625731   10.513715   -45.922324
 0.627680   10.424822   -49.528596
 0.629630   10.320595   -49.708701
 0.631579   10.231001   -44.330511
 0.633528   10.147794   -45.314593
 0.635478   10.054314   -47.602378
 0.637427   9.962192   -46.577487
 0.639376   9.872755   -44.892695
 0.641325   9.787200   -44.599344
 0.643275   9.698861   -46.853750
 0.645224   9.604521   -48.049979
 0.647173   9.511562   -46.976828
 0.649123   9.421359   -42.600243
 0.651072   9.345456   -42.033690
 0.653021   9.257512   -47.426231
 0.654971   9.160537   -47.028887
 0.656920   9.074141   -44.256725
 0.658869   8.988024   -43.491193
 0.660819   8.904570   -40.720543
 0.662768   8.829250   -40.915842
 0.664717   8.745080   -44.908303
 0.666667   8.654149   -44.558749
 0.668616   8.571342   -42.192657
 0.670565   8.489682   -41.233889
 0.672515   8.410572   -41.077158
 0.674464   8.329524   -41.269204
 0.676413   8.249705   -41.243000
 0.678363   8.168717   -40.180330
 0.680312   8.093039   -39.232063
 0.682261   8.015790   -42.137264
 0.684211   7.928741   -39.998542
 0.686160   7.859826   -35.615371
 0.688109   7.789912   -39.803084
 0.690059   7.704626   -38.753787
 0.692008   7.638801   -35.041296
 0.693957   7.568035   -37.452888
 0.695906   7.492810   -36.856460
 0.697856   7.424335   -36.733493
 0.699805   7.349589   -37.476837
 0.701754   7.278251   -35.262337
 0.703704   7.212104   -32.244941
 0.705653   7.152524   -31.665188
 0.707602   7.088673   -33.309301
 0.709552   7.022650   -35.469968
 0.711501   6.950379   -33.037541
 0.713450   6.893870   -29.506857
 0.715400   6.835330   -30.289429
 0.717349   6.775772   -28.779208
 0.719298   6.723149   -29.732363
 0.721248   6.659840   -30.369305
 0.723197   6.604735   -27.456650
 0.725146   6.552814   -24.978500
 0.727096   6.507347   -23.553587
 0.729045   6.460979   -27.008394
 0.730994   6.402068   -26.004834
 0.732943   6.359612   -21.614284
 0.734893   6.317795   -23.874122
 0.736842   6.266532   -22.544783
 0.738791   6.229915   -18.843707
 0.740741   6.193060   -18.044086
 0.742690   6.159559   -17.271404
 0.744639   6.125736   -18.613587
 0.746589   6.086983   -15.957712
 0.748538   6.063509   -12.860298
 0.750487   6.036853   -14.962922
 0.752437   6.005166   -13.252276
 0.754386   5.985177   -9.989186
 0.756335   5.966228   -7.913268
 0.758285   5.954326   -6.182615
 0.760234   5.942123   -5.818484
 0.762183   5.931646   -5.679968
 0.764133   5.919976   -5.897944
 0.766082   5.908650   -0.995089
 0.768031   5.916097   2.310944
 0.769980   5.917658   0.642576
 0.771930   5.918602   3.518920
 0.773879   5.931372   5.562814
 0.775829   5.940289   5.576665
 0.777778   5.953113   9.439991
 0.779727   5.977087   11.942807
 0.781676   5.999666   13.910866
 0.783626   6.031330   16.570156
 0.785575   6.064273   15.178041
 0.787524   6.090494   18.097632
 0.789474   6.134845   26.269795
 0.791423   6.192913   27.163520
 0.793372   6.240728   24.959980
 0.795322   6.290232   28.953572
 0.797271   6.353611   30.198356
 0.799220   6.407946   32.503778
 0.801170   6.480352   39.949073
 0.803119   6.563701   42.109796
 0.805068   6.644496   43.109143
 0.807018   6.731787   46.962350
 0.808967   6.827598   48.701955
 0.810916   6.921627   51.752365
 0.812866   7.029388   57.367238
 0.814815   7.145298   57.482446
 0.816764   7.253454   59.670708
 0.818713   7.377894   66.078722
 0.820663   7.511100   69.132859
 0.822612   7.647442   72.510623
 0.824561   7.793746   76.983625
 0.826511   7.947605   80.281718
 0.828460   8.106762   83.412959
 0.830409   8.272749   85.096072
 0.832359   8.438551   87.359940
 0.834308   8.613360   96.118496
 0.836257   8.813221   101.635681
 0.838207   9.009636   101.083962
 0.840156   9.207347   105.059973
 0.842105   9.419160   108.836507
 0.844055   9.631701   113.986687
 0.846004   9.863584   120.437486
 0.847953   10.101166   124.630073
 0.849903   10.349522   138.231568
 0.851852   10.640109   153.948016
 0.853801   10.949611   159.477203
 0.855750   11.261751   163.842479
 0.857700   11.588441   169.214271
 0.859649   11.921514   172.323396
 0.861598   12.260157   176.728964
 0.863548   12.610586   184.654391
 0.865497   12.980115   188.809313
 0.867446   13.346565   190.729361
 0.869396   13.723774   199.062446
 0.871345   14.122698   201.865474
 0.873294   14.510646   204.101890
 0.875244   14.918502   215.009827
 0.877193   15.348957   219.329809
 0.879142   15.773449   221.704624
 0.881092   16.213391   228.510993
 0.883041   16.664408   232.316512
 0.884990   17.118961   240.691178
 0.886940   17.602878   249.058313
 0.888889   18.090038   250.344542
 0.890838   18.578721   256.907291
 0.892787   19.091462   265.419032
 0.894737   19.613594   271.881074
 0.896686   20.151518   281.180362
 0.898636   20.709927   292.414078
 0.900585   21.291629   301.351535
 0.902534   21.884595   305.954499
 0.904483   22.484239   315.678541
 0.906433   23.115442   327.395205
 0.908382   23.760746   333.716424
 0.910331   24.416268   342.567968
 0.912281   25.096431   353.796504
 0.914230   25.795711   363.524622
 0.916179   26.513450   376.000420
 0.918129   27.261752   389.926222
 0.920078   28.033760   398.467776
 0.922027   28.814980   409.835933
 0.923977   29.631728   427.399568
 0.925926   30.481393   438.180137
 0.927875   31.339754   449.280938
 0.929825   32.233157   468.652158
 0.931774   33.167008   480.750064
 0.933723   34.107121   490.392422
 0.935673   35.079064   510.455643
 0.937622   36.097364   527.130671
 0.939571   37.133820   536.000239
 0.941520   38.186693   555.656472
 0.943470   39.300355   578.968356
 0.945419   40.444075   572.593523
 0.947368   41.532325   557.225782
 0.949318   42.616696   561.860612
 0.951267   43.723008   561.366915
 0.953216   44.804904   556.751186
 0.955166   45.893784   559.336315
 0.957115   46.985754   549.217298
 0.959064   48.034633   534.781814
 0.961014   49.070862   527.269271
 0.962963   50.090464   507.054242
 0.964912   51.047359   482.927045
 0.966862   51.973380   466.745256
 0.968811   52.867215   437.593337
 0.970760   53.679119   403.969531
 0.972710   54.442267   380.494980
 0.974659   55.162691   348.989137
 0.976608   55.802627   307.159984
 0.978557   56.360000   270.298409
 0.980507   56.856489   233.351194
 0.982456   57.269879   188.149979
 0.984406   57.590038   142.269545
 0.986355   57.824632   84.507323
 0.988304   57.919447   6.107478
 0.990253   57.848439   -74.652518
 0.992203   57.628301   -159.119351
 0.994152   57.228125   -270.436462
 0.996101   56.574139   -388.696425
 0.998051   55.712491   241.888858
 1.000000   57.515897   925.297850
514 psinorm omevb() domevb/dpsiN
 0.000000   -34.370383   -9.738736
 0.001949   -34.389363   24.118851
 0.003899   -34.276276   65.736444
 0.005848   -34.133073   78.666561
 0.007797   -33.969633   84.110377
 0.009747   -33.805126   78.992916
 0.011696   -33.661629   77.035933
 0.013645   -33.504840   80.998206
 0.015595   -33.345816   75.694308
 0.017544   -33.209696   71.132277
 0.019493   -33.068542   73.417774
 0.021442   -32.923513   74.690540
 0.023392   -32.777323   69.309273
 0.025341   -32.653265   66.296271
 0.027290   -32.518901   67.586466
 0.029240   -32.389748   66.392701
 0.031189   -32.260036   67.444448
 0.033138   -32.126850   64.339231
 0.035088   -32.009185   62.874374
 0.037037   -31.881708   64.781718
 0.038986   -31.756666   60.702738
 0.040936   -31.645035   59.511413
 0.042885   -31.524635   63.954302
 0.044834   -31.395741   59.733695
 0.046784   -31.291747   58.653475
 0.048733   -31.167061   61.137956
 0.050682   -31.053431   57.170347
 0.052632   -30.944157   60.129365
 0.054581   -30.818995   55.957753
 0.056530   -30.726033   52.892306
 0.058480   -30.612757   59.154626
 0.060429   -30.495391   56.290079
 0.062378   -30.393338   56.469899
 0.064327   -30.275272   56.191481
 0.066277   -30.174257   51.671814
 0.068226   -30.073803   54.171514
 0.070175   -29.963096   52.441691
 0.072125   -29.869342   52.907512
 0.074074   -29.756819   57.243612
 0.076023   -29.646206   50.405589
 0.077973   -29.560301   47.962868
 0.079922   -29.459207   51.928660
 0.081871   -29.357883   50.920161
 0.083821   -29.260671   52.030967
 0.085770   -29.155018   53.353231
 0.087719   -29.052700   48.027979
 0.089669   -28.967766   46.554027
 0.091618   -28.871192   50.814966
 0.093567   -28.769689   51.017460
 0.095517   -28.672277   46.743800
 0.097466   -28.587429   42.502752
 0.099415   -28.506601   48.020295
 0.101364   -28.400246   55.072544
 0.103314   -28.291873   50.478635
 0.105263   -28.203419   43.707789
 0.107213   -28.121459   40.642354
 0.109162   -28.044952   41.955880
 0.111111   -27.957915   52.566629
 0.113060   -27.840047   51.071500
 0.115010   -27.758806   40.116637
 0.116959   -27.683630   44.215170
 0.118908   -27.586455   45.548515
 0.120858   -27.506045   40.052795
 0.122807   -27.430287   44.124027
 0.124756   -27.334049   48.223397
 0.126706   -27.242267   43.040376
 0.128655   -27.166227   42.050805
 0.130604   -27.078353   45.851496
 0.132554   -26.987450   42.946561
 0.134503   -26.910897   40.326556
 0.136452   -26.830257   43.789593
 0.138402   -26.740156   42.559627
 0.140351   -26.664310   39.955508
 0.142300   -26.584410   38.799787
 0.144250   -26.513034   40.299810
 0.146199   -26.427288   41.344261
 0.148148   -26.351874   38.975759
 0.150097   -26.275360   45.602569
 0.152047   -26.174057   44.054187
 0.153996   -26.103577   37.609081
 0.155945   -26.027457   35.809461
 0.157895   -25.963963   34.139891
 0.159844   -25.894348   44.853991
 0.161793   -25.789122   43.382903
 0.163743   -25.725220   34.365441
 0.165692   -25.655134   40.002967
 0.167641   -25.569288   37.961055
 0.169591   -25.507136   36.810708
 0.171540   -25.425773   41.094779
 0.173489   -25.346949   38.124252
 0.175439   -25.277131   35.683222
 0.177388   -25.207820   34.698984
 0.179337   -25.141875   36.882666
 0.181286   -25.064051   38.874295
 0.183236   -24.990306   37.733918
 0.185185   -24.916926   37.663212
 0.187135   -24.843457   36.570473
 0.189084   -24.774336   37.454213
 0.191033   -24.697460   36.572304
 0.192983   -24.631746   32.685243
 0.194932   -24.570019   31.538501
 0.196881   -24.508809   38.118971
 0.198830   -24.421431   39.167602
 0.200780   -24.356106   29.530057
 0.202729   -24.306285   35.299471
 0.204678   -24.218509   39.396979
 0.206628   -24.152688   32.420806
 0.208577   -24.092097   33.053488
 0.210526   -24.023845   35.738079
 0.212476   -23.952753   33.999906
 0.214425   -23.891275   31.611494
 0.216374   -23.829531   33.975510
 0.218324   -23.758800   33.784860
 0.220273   -23.697799   34.971467
 0.222222   -23.622481   36.574246
 0.224171   -23.555233   29.255760
 0.226121   -23.508423   27.456306
 0.228070   -23.448188   35.632325
 0.230019   -23.369528   39.317810
 0.231969   -23.294890   29.888559
 0.233918   -23.252976   27.943993
 0.235867   -23.185964   36.492504
 0.237817   -23.110687   30.189453
 0.239766   -23.068238   30.514206
 0.241715   -22.991743   34.187407
 0.243665   -22.934952   28.330396
 0.245614   -22.881281   33.522513
 0.247563   -22.804281   32.895397
 0.249513   -22.753035   29.543218
 0.251462   -22.689099   32.015627
 0.253411   -22.628238   29.700183
 0.255361   -22.573301   30.192541
 0.257310   -22.510522   28.922438
 0.259259   -22.460561   31.335233
 0.261209   -22.388334   34.803712
 0.263158   -22.324857   27.785352
 0.265107   -22.280027   26.653257
 0.267056   -22.220962   32.261957
 0.269006   -22.154234   33.000648
 0.270955   -22.092290   29.604350
 0.272904   -22.038836   26.714644
 0.274854   -21.988131   28.802079
 0.276803   -21.926542   32.116141
 0.278752   -21.862943   27.959866
 0.280702   -21.817536   27.597959
 0.282651   -21.755347   30.874577
 0.284600   -21.697187   27.302546
 0.286550   -21.648899   30.897410
 0.288499   -21.576730   31.012671
 0.290448   -21.528012   24.788233
 0.292398   -21.480081   27.927481
 0.294347   -21.419129   29.364141
 0.296296   -21.365620   30.321422
 0.298246   -21.300901   29.517653
 0.300195   -21.250523   27.386846
 0.302144   -21.194147   28.272296
 0.304094   -21.140291   26.916922
 0.306043   -21.089196   26.879704
 0.307992   -21.035514   28.350249
 0.309941   -20.978687   28.290765
 0.311891   -20.925210   24.887768
 0.313840   -20.881644   27.575392
 0.315790   -20.817683   30.256875
 0.317739   -20.763668   26.226292
 0.319688   -20.715453   27.068515
 0.321637   -20.658155   28.149544
 0.323587   -20.605700   27.377133
 0.325536   -20.551412   27.161487
 0.327485   -20.499825   25.537050
 0.329435   -20.451845   25.147680
 0.331384   -20.401775   28.485671
 0.333333   -20.340808   29.009006
 0.335283   -20.288674   24.544232
 0.337232   -20.245106   26.751945
 0.339181   -20.184394   27.995762
 0.341131   -20.135956   23.780272
 0.343080   -20.091673   25.532109
 0.345029   -20.036432   28.795540
 0.346979   -19.979398   25.943881
 0.348928   -19.935270   23.491679
 0.350877   -19.887828   27.633391
 0.352826   -19.827555   28.670438
 0.354776   -19.776046   23.986311
 0.356725   -19.734028   22.870124
 0.358675   -19.686873   26.026942
 0.360624   -19.632553   28.380602
 0.362573   -19.576245   28.207466
 0.364522   -19.522600   24.762635
 0.366472   -19.479701   22.229965
 0.368421   -19.435926   25.182888
 0.370370   -19.381539   28.549711
 0.372320   -19.324609   24.242757
 0.374269   -19.287006   21.229978
 0.376218   -19.241855   26.156682
 0.378168   -19.185015   26.766842
 0.380117   -19.137486   27.379923
 0.382066   -19.078288   25.873198
 0.384016   -19.036615   23.052642
 0.385965   -18.988409   25.390854
 0.387914   -18.937642   22.186350
 0.389863   -18.901927   23.396615
 0.391813   -18.846408   28.697054
 0.393762   -18.790038   26.177981
 0.395711   -18.744367   22.348318
 0.397661   -18.702904   23.541056
 0.399610   -18.652585   25.832686
 0.401560   -18.602182   25.221549
 0.403509   -18.554244   22.907244
 0.405458   -18.512890   24.317460
 0.407407   -18.459455   26.581006
 0.409357   -18.409252   22.639234
 0.411306   -18.371178   21.446600
 0.413255   -18.325653   24.490117
 0.415205   -18.275689   25.832845
 0.417154   -18.224931   24.408790
 0.419103   -18.180544   23.398300
 0.421053   -18.133700   22.801285
 0.423002   -18.091639   24.348339
 0.424951   -18.038790   26.577170
 0.426901   -17.988016   23.786573
 0.428850   -17.946042   23.504937
 0.430799   -17.896394   24.064237
 0.432748   -17.852239   22.086358
 0.434698   -17.810280   24.484481
 0.436647   -17.756780   26.425895
 0.438597   -17.707247   22.673049
 0.440546   -17.668373   21.209711
 0.442495   -17.624572   22.536904
 0.444444   -17.580524   23.228188
 0.446394   -17.534004   23.812135
 0.448343   -17.487680   25.097872
 0.450292   -17.436173   23.767594
 0.452242   -17.395016   22.342694
 0.454191   -17.349061   25.199058
 0.456140   -17.296790   22.964488
 0.458090   -17.259530   21.349824
 0.460039   -17.213551   24.005691
 0.461988   -17.165956   21.482131
 0.463938   -17.129798   21.253547
 0.465887   -17.083094   26.353679
 0.467836   -17.027072   23.639418
 0.469786   -16.990934   21.225667
 0.471735   -16.944318   23.369851
 0.473684   -16.899838   23.548283
 0.475633   -16.852527   24.607566
 0.477583   -16.803893   21.732713
 0.479532   -16.767785   22.708506
 0.481482   -16.715344   24.058855
 0.483431   -16.673974   20.080777
 0.485380   -16.637069   22.619913
 0.487329   -16.585801   24.489254
 0.489279   -16.541589   22.125683
 0.491228   -16.499532   22.814627
 0.493177   -16.452657   23.296295
 0.495127   -16.408701   21.829714
 0.497076   -16.367542   22.626347
 0.499025   -16.320504   23.291025
 0.500975   -16.276732   19.629018
 0.502924   -16.243965   20.444728
 0.504873   -16.197038   25.551696
 0.506823   -16.144336   23.961989
 0.508772   -16.103604   22.429090
 0.510721   -16.056907   21.166217
 0.512671   -16.021083   19.589823
 0.514620   -15.980529   23.620907
 0.516569   -15.929009   25.124479
 0.518518   -15.882594   21.261030
 0.520468   -15.846117   18.490813
 0.522417   -15.810497   23.048579
 0.524366   -15.756274   25.257063
 0.526316   -15.712025   21.715637
 0.528265   -15.671602   20.193637
 0.530214   -15.633310   19.634895
 0.532164   -15.595046   22.170379
 0.534113   -15.546873   24.411923
 0.536062   -15.499888   23.078149
 0.538012   -15.456894   20.285212
 0.539961   -15.420793   20.787175
 0.541910   -15.375865   24.514591
 0.543860   -15.325207   22.486393
 0.545809   -15.288184   19.022073
 0.547758   -15.251059   20.453412
 0.549708   -15.208433   23.355786
 0.551657   -15.159998   22.890076
 0.553606   -15.119208   18.376457
 0.555556   -15.088354   20.034569
 0.557505   -15.041101   25.529216
 0.559454   -14.988841   21.318022
 0.561404   -14.957993   18.031399
 0.563353   -14.918541   23.666250
 0.565302   -14.865742   23.336455
 0.567252   -14.827559   18.892309
 0.569201   -14.792080   18.917352
 0.571150   -14.753819   23.017159
 0.573099   -14.702359   23.971350
 0.575049   -14.660360   17.893790
 0.576998   -14.632584   20.241782
 0.578947   -14.581458   25.763602
 0.580897   -14.532132   18.737798
 0.582846   -14.508386   16.235475
 0.584795   -14.468846   23.691900
 0.586745   -14.416004   24.390694
 0.588694   -14.373742   21.010762
 0.590643   -14.334104   19.735115
 0.592593   -14.296796   18.211172
 0.594542   -14.263097   19.703636
 0.596491   -14.219991   22.499551
 0.598441   -14.175371   21.200815
 0.600390   -14.137326   19.993326
 0.602339   -14.097437   19.502090
 0.604289   -14.061289   20.657134
 0.606238   -14.016899   22.718158
 0.608187   -13.972733   21.240856
 0.610136   -13.934102   19.093484
 0.612086   -13.898289   17.837287
 0.614035   -13.864553   18.446845
 0.615984   -13.826384   21.685495
 0.617934   -13.779997   22.172881
 0.619883   -13.739928   20.268244
 0.621832   -13.700992   19.196449
 0.623782   -13.665083   19.114212
 0.625731   -13.626467   20.541716
 0.627680   -13.585011   18.598445
 0.629630   -13.553957   18.264594
 0.631579   -13.513802   22.640798
 0.633528   -13.465703   20.946290
 0.635478   -13.432140   16.952410
 0.637427   -13.399605   18.981300
 0.639376   -13.358151   21.005873
 0.641325   -13.317724   20.915048
 0.643275   -13.276603   19.398636
 0.645224   -13.242085   18.180863
 0.647173   -13.205734   17.682784
 0.649123   -13.173142   19.006453
 0.651072   -13.131632   21.724469
 0.653021   -13.088460   18.567709
 0.654971   -13.059244   15.237021
 0.656920   -13.029051   18.443092
 0.658869   -12.987353   20.873225
 0.660819   -12.947668   18.698501
 0.662768   -12.914444   19.086283
 0.664717   -12.873270   19.687080
 0.666667   -12.837687   16.389909
 0.668616   -12.809362   17.642938
 0.670565   -12.768915   20.450503
 0.672515   -12.729626   17.205915
 0.674464   -12.701823   17.363656
 0.676413   -12.661942   17.933595
 0.678363   -12.631905   16.481100
 0.680312   -12.597684   19.070957
 0.682261   -12.557567   16.854686
 0.684211   -12.531975   16.936625
 0.686160   -12.491538   19.622685
 0.688109   -12.455486   15.672038
 0.690059   -12.430439   16.358973
 0.692008   -12.391710   18.961666
 0.693957   -12.356526   16.856158
 0.695906   -12.326004   16.677968
 0.697856   -12.291497   16.034327
 0.699805   -12.263483   14.768629
 0.701754   -12.233929   16.236673
 0.703704   -12.200174   18.122511
 0.705653   -12.163271   18.580475
 0.707602   -12.127748   15.743424
 0.709552   -12.101892   11.383410
 0.711501   -12.083360   15.139390
 0.713450   -12.042879   18.555825
 0.715400   -12.011015   13.767190
 0.717349   -11.989195   15.528351
 0.719298   -11.950486   16.667692
 0.721248   -11.924214   12.061751
 0.723197   -11.903454   13.392550
 0.725146   -11.872010   17.130995
 0.727096   -11.836658   15.618030
 0.729045   -11.811110   11.004825
 0.730994   -11.793762   13.866626
 0.732943   -11.757058   16.278945
 0.734893   -11.730295   10.016826
 0.736842   -11.717995   12.001937
 0.738791   -11.683511   15.572754
 0.740741   -11.657281   12.217997
 0.742690   -11.635871   12.190211
 0.744639   -11.609764   11.857880
 0.746589   -11.589640   11.995338
 0.748538   -11.562997   13.101174
 0.750487   -11.538572   10.767792
 0.752437   -11.521017   9.165213
 0.754386   -11.502837   10.437696
 0.756335   -11.480331   12.489665
 0.758285   -11.454138   10.909858
 0.760234   -11.437789   9.249494
 0.762183   -11.418083   10.110147
 0.764133   -11.398369   7.760081
 0.766082   -11.387822   7.741546
 0.768031   -11.368193   9.403668
 0.769980   -11.351167   8.653311
 0.771930   -11.334453   9.344909
 0.773879   -11.314732   6.237096
 0.775829   -11.310143   4.193305
 0.777778   -11.298386   7.630705
 0.779727   -11.280398   7.545282
 0.781676   -11.268975   6.662024
 0.783626   -11.254421   4.901612
 0.785575   -11.249858   2.476536
 0.787524   -11.244768   4.545126
 0.789474   -11.232133   6.301670
 0.791423   -11.220197   4.388233
 0.793372   -11.215028   2.438558
 0.795322   -11.210690   2.504099
 0.797271   -11.205265   1.166838
 0.799220   -11.206142   1.027196
 0.801170   -11.201257   0.610562
 0.803119   -11.203757   0.751850
 0.805068   -11.198326   1.866739
 0.807018   -11.196481   -0.350753
 0.808967   -11.199691   -1.986124
 0.810916   -11.204222   -2.557391
 0.812866   -11.209663   -1.589815
 0.814815   -11.210424   -2.435899
 0.816764   -11.219158   -4.094104
 0.818713   -11.226382   -4.769221
 0.820663   -11.237755   -5.871637
 0.822612   -11.249276   -4.311782
 0.824561   -11.254563   -3.696016
 0.826511   -11.263689   -7.413878
 0.828460   -11.283464   -7.460937
 0.830409   -11.292771   -6.888487
 0.832359   -11.310326   -12.441191
 0.834308   -11.341273   -9.642443
 0.836257   -11.347913   -7.137866
 0.838207   -11.369111   -12.942863
 0.840156   -11.398373   -11.544692
 0.842105   -11.414112   -12.367105
 0.844055   -11.446601   -15.353939
 0.846004   -11.473979   -13.598895
 0.847953   -11.499609   -15.847821
 0.849903   -11.535775   -18.418164
 0.851852   -11.571422   -20.923164
 0.853801   -11.617334   -23.547952
 0.855750   -11.663212   -23.768196
 0.857700   -11.710007   -26.715167
 0.859649   -11.767369   -27.881310
 0.861598   -11.818688   -27.999220
 0.863548   -11.876541   -30.726887
 0.865497   -11.938490   -31.248535
 0.867446   -11.998348   -32.611956
 0.869396   -12.065648   -36.589381
 0.871345   -12.141006   -40.797918
 0.873294   -12.224678   -42.778984
 0.875244   -12.307800   -43.494841
 0.877193   -12.394263   -47.911895
 0.879142   -12.494561   -53.482260
 0.881092   -12.602794   -58.734304
 0.883041   -12.723560   -64.242352
 0.884990   -12.853211   -68.031341
 0.886940   -12.988817   -76.380481
 0.888889   -13.151005   -88.526087
 0.890838   -13.333892   -95.756115
 0.892787   -13.524262   -105.373087
 0.894737   -13.744757   -121.194549
 0.896686   -13.996783   -139.412812
 0.898636   -14.288347   -160.929731
 0.900585   -14.624225   -181.650861
 0.902534   -14.996422   -203.187359
 0.904483   -15.416250   -229.149687
 0.906433   -15.889905   -262.567346
 0.908382   -16.439961   -297.939117
 0.910331   -17.051271   -336.798426
 0.912281   -17.753184   -388.810258
 0.914230   -18.567185   -441.065076
 0.916179   -19.472456   -498.126989
 0.918129   -20.509449   -571.610313
 0.920078   -21.701085   -651.666101
 0.922027   -23.049644   -740.473368
 0.923977   -24.588287   -845.423309
 0.925926   -26.345836   -959.268273
 0.927875   -28.327515   -1084.145337
 0.929825   -30.573054   -1229.407935
 0.931774   -33.120821   -1385.678869
 0.933723   -35.974430   -1555.979714
 0.935673   -39.187770   -1748.677081
 0.937622   -42.792320   -1954.323633
 0.939571   -46.805723   -2181.440384
 0.941520   -51.295575   -2510.126414
 0.943470   -56.593119   -1464.140693
 0.945419   -57.006764   -19.927511
 0.947368   -56.670796   -1235.212139
 0.949318   -61.825672   -2829.489397
 0.951267   -67.702604   -3032.026514
 0.953216   -73.644511   -3045.920205
 0.955166   -79.578641   -3000.944424
 0.957115   -85.345278   -2853.548103
 0.959064   -90.701772   -2611.070118
 0.961014   -95.525566   -2288.488309
 0.962963   -99.624958   -1852.828378
 0.964912   -102.747891   -1333.886086
 0.966862   -104.825243   -770.405299
 0.968811   -105.752291   -145.035049
 0.970760   -105.390589   493.769723
 0.972710   -103.826466   1098.836883
 0.974659   -101.106818   1674.589631
 0.976608   -97.298916   2195.926862
 0.978557   -92.547095   2621.646178
 0.980507   -87.076750   2947.441967
 0.982456   -81.055303   3182.151433
 0.984406   -74.669356   3317.276872
 0.986355   -68.121325   3367.379249
 0.988304   -61.543312   3343.413933
 0.990253   -55.088698   3241.967832
 0.992203   -48.903019   3077.567043
 0.994152   -43.089075   2875.952100
 0.996101   -37.692558   2644.628396
 0.998051   -32.777917   1652.156179
 1.000000   -31.249065   784.428946
514 psinorm er(kV/m) der/dpsiN
 0.000000   -0.000000   337.938309
 0.001949   0.658642   230.505457
 0.003899   0.898526   106.740649
 0.005848   1.074856   81.468883
 0.007797   1.216092   66.799255
 0.009747   1.335295   57.584582
 0.011696   1.440621   50.572494
 0.013645   1.532427   44.701733
 0.015595   1.614908   40.657371
 0.017544   1.690953   37.071352
 0.019493   1.759412   33.702254
 0.021442   1.822324   30.960987
 0.023392   1.880127   29.073871
 0.025341   1.935685   27.227207
 0.027290   1.986258   25.084022
 0.029240   2.033485   23.435281
 0.031189   2.077634   21.900231
 0.033138   2.118853   20.860342
 0.035088   2.158968   19.631463
 0.037037   2.195397   18.173594
 0.038986   2.229809   17.542975
 0.040936   2.263797   16.606818
 0.042885   2.294560   15.000206
 0.044834   2.322268   14.626957
 0.046784   2.351591   13.881123
 0.048733   2.376393   12.836226
 0.050682   2.401627   12.688507
 0.052632   2.425865   11.257277
 0.054581   2.445522   11.176550
 0.056530   2.469431   11.198041
 0.058480   2.489181   9.447658
 0.060429   2.506269   9.213807
 0.062378   2.525096   8.772128
 0.064327   2.540463   8.179582
 0.066277   2.556989   8.302949
 0.068226   2.572836   7.595888
 0.070175   2.586598   7.414650
 0.072125   2.601747   6.668908
 0.074074   2.612602   5.521662
 0.076023   2.623270   6.370608
 0.077973   2.637443   6.179769
 0.079922   2.647367   5.107401
 0.081871   2.657351   5.049465
 0.083821   2.667055   4.371139
 0.085770   2.674396   3.825533
 0.087719   2.681967   4.360141
 0.089669   2.691397   4.268493
 0.091618   2.698611   3.219063
 0.093567   2.703945   2.694509
 0.095517   2.709117   3.163719
 0.097466   2.716279   3.972161
 0.099415   2.724600   2.851822
 0.101364   2.727395   0.836790
 0.103314   2.727862   1.187130
 0.105263   2.732022   2.592681
 0.107213   2.737971   3.038508
 0.109162   2.743869   2.211691
 0.111111   2.746592   -0.079702
 0.113060   2.743559   0.190753
 0.115010   2.747340   1.983126
 0.116959   2.751291   1.019271
 0.118908   2.751313   0.625195
 0.120858   2.753730   1.263638
 0.122807   2.756240   0.304891
 0.124756   2.754918   -0.673719
 0.126706   2.753613   -0.026986
 0.128655   2.754811   0.249170
 0.130604   2.754584   -0.702701
 0.132554   2.752070   -0.656932
 0.134503   2.752021   0.255929
 0.136452   2.753068   -0.670942
 0.138402   2.749403   -1.233269
 0.140351   2.748258   -0.285255
 0.142300   2.748291   0.038945
 0.144250   2.748410   -1.148391
 0.146199   2.743816   -1.331449
 0.148148   2.743220   -0.486881
 0.150097   2.741918   -2.576432
 0.152047   2.733171   -2.489426
 0.153996   2.732208   -0.825112
 0.155945   2.729955   -0.438781
 0.157895   2.730498   -0.291436
 0.159844   2.728819   -3.214306
 0.161793   2.717969   -2.847451
 0.163743   2.717723   -0.712283
 0.165692   2.715193   -2.332402
 0.167641   2.708631   -1.914919
 0.169591   2.707730   -1.769447
 0.171540   2.701734   -2.736825
 0.173489   2.697062   -2.295787
 0.175439   2.692783   -2.158010
 0.177388   2.688647   -1.616203
 0.179337   2.686483   -1.976975
 0.181286   2.680941   -2.779114
 0.183236   2.675648   -2.753204
 0.185185   2.670207   -2.866033
 0.187135   2.664473   -2.852275
 0.189084   2.659085   -3.064893
 0.191033   2.652526   -2.601620
 0.192983   2.648943   -1.768960
 0.194932   2.645629   -1.878143
 0.196881   2.641622   -3.612043
 0.198830   2.631549   -3.711349
 0.200780   2.627155   -1.457824
 0.202729   2.625863   -3.057055
 0.204678   2.615238   -3.991472
 0.206628   2.610303   -2.426361
 0.208577   2.605778   -2.611846
 0.210526   2.600123   -3.535410
 0.212476   2.591992   -3.401843
 0.214425   2.586857   -2.156664
 0.216374   2.583585   -3.046264
 0.218324   2.574977   -3.633376
 0.220273   2.569417   -3.681299
 0.222222   2.560627   -3.979056
 0.224171   2.553907   -1.963839
 0.226121   2.552973   -1.786640
 0.228070   2.546943   -4.090224
 0.230019   2.537030   -4.995630
 0.231969   2.527465   -2.723297
 0.233918   2.526407   -2.172965
 0.235867   2.518995   -4.466883
 0.237817   2.508989   -2.913726
 0.239766   2.507630   -3.060282
 0.241715   2.497060   -3.949623
 0.243665   2.492233   -2.369906
 0.245614   2.487820   -3.929606
 0.247563   2.476916   -4.123198
 0.249513   2.471747   -3.251097
 0.251462   2.464241   -3.420681
 0.253411   2.458413   -2.880517
 0.255361   2.453010   -3.397896
 0.257310   2.445166   -2.874291
 0.259259   2.441806   -3.737671
 0.261209   2.430588   -4.988532
 0.263158   2.422354   -2.905580
 0.265107   2.419262   -2.463819
 0.267056   2.412750   -3.969919
 0.269006   2.403782   -4.499052
 0.270955   2.395208   -3.220066
 0.272904   2.391231   -2.657946
 0.274854   2.384844   -3.903162
 0.276803   2.376013   -4.067269
 0.278752   2.368989   -2.801375
 0.280702   2.365093   -3.321631
 0.282651   2.356041   -4.176599
 0.284600   2.348812   -2.895536
 0.286550   2.344753   -4.141997
 0.288499   2.332667   -4.319606
 0.290448   2.327915   -2.304949
 0.292398   2.323680   -3.563636
 0.294347   2.314023   -3.756310
 0.296296   2.309038   -3.855912
 0.298246   2.298987   -4.385489
 0.300195   2.291937   -3.127423
 0.302144   2.286796   -3.280370
 0.304094   2.279146   -3.830449
 0.306043   2.271861   -3.133110
 0.307992   2.266933   -3.357996
 0.309941   2.258771   -4.120074
 0.311891   2.250869   -2.639708
 0.313840   2.248476   -3.361028
 0.315790   2.237760   -4.727431
 0.317739   2.230042   -3.347469
 0.319688   2.224712   -3.565912
 0.321637   2.216143   -3.629398
 0.323587   2.210562   -3.433188
 0.325536   2.202758   -3.557568
 0.327485   2.196695   -3.006733
 0.329435   2.191035   -3.502383
 0.331384   2.183040   -4.327496
 0.333333   2.174166   -3.781775
 0.335283   2.168296   -2.914888
 0.337232   2.162801   -3.717277
 0.339181   2.153807   -3.818539
 0.341131   2.147914   -2.962464
 0.343080   2.142256   -3.137669
 0.345029   2.135683   -3.951671
 0.346979   2.126847   -3.758983
 0.348928   2.121025   -3.107817
 0.350877   2.114733   -4.035558
 0.352826   2.105295   -4.073867
 0.354776   2.098850   -2.622759
 0.356725   2.095067   -2.622934
 0.358675   2.088622   -3.935204
 0.360624   2.079725   -4.627518
 0.362573   2.070584   -4.148423
 0.364522   2.063555   -2.855676
 0.366472   2.059451   -2.685206
 0.368421   2.053086   -3.469778
 0.370370   2.045926   -4.236531
 0.372320   2.036567   -3.387591
 0.374269   2.032715   -2.197192
 0.376218   2.028002   -3.649276
 0.378168   2.018484   -4.123133
 0.380117   2.011925   -4.250484
 0.382066   2.001916   -3.708403
 0.384016   1.997468   -2.844081
 0.385965   1.990828   -3.535233
 0.387914   1.983688   -2.420863
 0.389863   1.981391   -3.083460
 0.391813   1.971662   -4.917357
 0.393762   1.962218   -3.720998
 0.395711   1.957157   -2.512940
 0.397661   1.952420   -3.086827
 0.399610   1.945123   -3.776981
 0.401560   1.937694   -3.714373
 0.403509   1.930641   -3.072038
 0.405458   1.925719   -3.290878
 0.407407   1.917813   -3.969027
 0.409357   1.910244   -3.147919
 0.411306   1.905538   -2.628556
 0.413255   1.899998   -3.381790
 0.415205   1.892351   -3.834002
 0.417154   1.885049   -3.297355
 0.419103   1.879498   -3.414295
 0.421053   1.871736   -3.262208
 0.423002   1.866777   -3.337327
 0.424951   1.858727   -4.082766
 0.426901   1.850858   -3.311481
 0.428850   1.845814   -3.299274
 0.430799   1.837998   -3.472753
 0.432748   1.832277   -2.868781
 0.434698   1.826813   -3.427535
 0.436647   1.818914   -4.057012
 0.438597   1.810994   -3.374330
 0.440546   1.805756   -2.735776
 0.442495   1.800330   -2.905072
 0.444444   1.794432   -2.945836
 0.446394   1.788845   -3.419860
 0.448343   1.781099   -4.149544
 0.450292   1.772670   -3.011537
 0.452242   1.769360   -2.830498
 0.454191   1.761636   -4.161061
 0.456140   1.753140   -3.070779
 0.458090   1.749665   -2.910405
 0.460039   1.741795   -3.594030
 0.461988   1.735656   -2.463086
 0.463938   1.732193   -2.922709
 0.465887   1.724262   -4.272379
 0.467836   1.715539   -3.153100
 0.469786   1.711971   -2.973773
 0.471735   1.703947   -3.609373
 0.473684   1.697902   -3.174431
 0.475633   1.691573   -3.770366
 0.477583   1.683200   -3.103531
 0.479532   1.679470   -3.123854
 0.481482   1.671018   -3.666167
 0.483431   1.665174   -2.470556
 0.485380   1.661388   -3.194332
 0.487329   1.652722   -3.812026
 0.489279   1.646526   -3.100394
 0.491228   1.640634   -3.151161
 0.493177   1.634243   -3.220455
 0.495127   1.628077   -3.116133
 0.497076   1.622093   -3.226422
 0.499025   1.615501   -3.273211
 0.500975   1.609331   -2.500236
 0.502924   1.605751   -2.626824
 0.504873   1.599091   -3.911106
 0.506823   1.590501   -3.731318
 0.508772   1.584542   -3.230680
 0.510721   1.577907   -2.755474
 0.512671   1.573799   -2.588225
 0.514620   1.567817   -3.746143
 0.516569   1.559197   -3.914734
 0.518518   1.552557   -2.763885
 0.520468   1.548422   -2.064655
 0.522417   1.544507   -3.302150
 0.524366   1.535550   -3.948606
 0.526316   1.529113   -3.227930
 0.528265   1.522964   -2.720544
 0.530214   1.518508   -2.227552
 0.532164   1.514279   -3.247551
 0.534113   1.505848   -3.907232
 0.536062   1.499049   -3.391820
 0.538012   1.492623   -2.662487
 0.539961   1.488666   -2.736471
 0.541910   1.481957   -3.944193
 0.543860   1.473287   -3.262639
 0.545809   1.469233   -2.209624
 0.547758   1.464674   -2.806333
 0.549708   1.458290   -3.787416
 0.551657   1.449908   -3.333541
 0.553606   1.445296   -1.715360
 0.555556   1.443221   -2.666293
 0.557505   1.434904   -4.443347
 0.559454   1.425901   -2.865099
 0.561404   1.423736   -2.145315
 0.563353   1.417538   -3.885515
 0.565302   1.408590   -3.398649
 0.567252   1.404289   -2.159017
 0.569201   1.400172   -2.184951
 0.571150   1.395772   -3.403974
 0.573099   1.386904   -3.939762
 0.575049   1.380412   -2.182441
 0.576998   1.378392   -2.772186
 0.578947   1.369606   -4.465159
 0.580897   1.360982   -2.181528
 0.582846   1.361096   -1.131917
 0.584795   1.356570   -3.888587
 0.586745   1.345931   -4.305850
 0.588694   1.339779   -2.770363
 0.590643   1.335132   -2.276570
 0.592593   1.330903   -2.104814
 0.594542   1.326926   -2.730385
 0.596491   1.320260   -3.333903
 0.598441   1.313927   -3.160970
 0.600390   1.307935   -2.700818
 0.602339   1.303399   -2.253383
 0.604289   1.299150   -3.163762
 0.606238   1.291066   -3.685920
 0.608187   1.284782   -2.759374
 0.610136   1.280309   -2.230306
 0.612086   1.276086   -2.083313
 0.614035   1.272186   -2.112382
 0.615984   1.267852   -3.204815
 0.617934   1.259689   -3.628358
 0.619883   1.253704   -2.663248
 0.621832   1.249308   -2.159155
 0.623782   1.245286   -2.512017
 0.625731   1.239514   -3.099442
 0.627680   1.233204   -2.122318
 0.629630   1.231241   -1.983508
 0.631579   1.225472   -3.565193
 0.633528   1.217344   -3.071396
 0.635478   1.213499   -1.921076
 0.637427   1.209854   -2.433718
 0.639376   1.204012   -3.034113
 0.641325   1.198027   -3.010421
 0.643275   1.192275   -2.351651
 0.645224   1.188857   -1.877971
 0.647173   1.184955   -1.921235
 0.649123   1.181366   -2.800107
 0.651072   1.174039   -3.375599
 0.653021   1.168208   -1.867020
 0.654971   1.166762   -1.191664
 0.656920   1.163562   -2.268515
 0.658869   1.157919   -2.817948
 0.660819   1.152575   -2.636600
 0.662768   1.147639   -2.675153
 0.664717   1.142148   -2.244688
 0.666667   1.138888   -1.574972
 0.668616   1.136007   -2.081037
 0.670565   1.130776   -2.606596
 0.672515   1.125844   -1.964589
 0.674464   1.123115   -1.998440
 0.676413   1.118054   -2.019656
 0.678363   1.115241   -1.875240
 0.680312   1.110743   -2.398091
 0.682261   1.105894   -1.402490
 0.684211   1.105277   -1.731870
 0.686160   1.099144   -2.755715
 0.688109   1.094535   -1.302156
 0.690059   1.094069   -1.610152
 0.692008   1.088260   -2.550613
 0.693957   1.084127   -1.655204
 0.695906   1.081808   -1.590732
 0.697856   1.077923   -1.416678
 0.699805   1.076283   -0.921468
 0.701754   1.074332   -1.430289
 0.703704   1.070706   -2.255287
 0.705653   1.065539   -2.221816
 0.707602   1.062045   -1.239711
 0.709552   1.060706   -0.119963
 0.711501   1.061576   -1.054964
 0.713450   1.056594   -2.022943
 0.715400   1.053690   -0.890299
 0.717349   1.053122   -1.337625
 0.719298   1.048476   -1.347966
 0.721248   1.047868   -0.198743
 0.723197   1.047701   -0.631399
 0.725146   1.045407   -1.568062
 0.727096   1.041586   -1.383441
 0.729045   1.040012   0.118597
 0.730994   1.042048   -0.400852
 0.732943   1.038449   -1.250525
 0.734893   1.037174   0.420911
 0.736842   1.040088   -0.040006
 0.738791   1.037018   -0.982307
 0.740741   1.036259   -0.273118
 0.742690   1.035953   -0.228342
 0.744639   1.035369   0.293654
 0.746589   1.037099   0.042612
 0.748538   1.035537   -0.380600
 0.750487   1.035615   0.632735
 0.752437   1.038005   0.858169
 0.754386   1.038962   0.457583
 0.756335   1.039789   0.054975
 0.758285   1.039175   0.271289
 0.760234   1.040846   0.840511
 0.762183   1.042452   0.927746
 0.764133   1.044463   1.633490
 0.766082   1.048820   1.313176
 0.768031   1.049582   0.874229
 0.769980   1.052227   1.491408
 0.771930   1.055397   1.225083
 0.773879   1.057005   1.845271
 0.775829   1.062594   2.540423
 0.777778   1.066910   1.777842
 0.779727   1.069524   1.819767
 0.781676   1.074004   1.993764
 0.783626   1.077297   2.289943
 0.785575   1.082931   3.323280
 0.787524   1.090251   2.994271
 0.789474   1.094604   1.932782
 0.791423   1.097788   2.504117
 0.793372   1.104365   3.557195
 0.795322   1.111657   3.427897
 0.797271   1.117731   4.021909
 0.799220   1.127335   4.179936
 0.801170   1.134027   3.602101
 0.803119   1.141379   3.735377
 0.805068   1.148588   3.856502
 0.807018   1.156416   4.247334
 0.808967   1.165148   4.873900
 0.810916   1.175414   4.977460
 0.812866   1.184554   4.447189
 0.814815   1.192754   5.148726
 0.816764   1.204624   5.669942
 0.818713   1.214856   5.470019
 0.820663   1.225952   5.871692
 0.822612   1.237749   5.558936
 0.824561   1.247621   5.238791
 0.826511   1.258176   6.077237
 0.828460   1.271315   6.274181
 0.830409   1.282632   6.416841
 0.832359   1.296335   7.667094
 0.834308   1.312525   6.521737
 0.836257   1.321757   5.763388
 0.838207   1.334999   7.459671
 0.840156   1.350841   7.206931
 0.842105   1.363091   7.318200
 0.844055   1.379377   7.691150
 0.846004   1.393080   6.945826
 0.847953   1.406451   7.713560
 0.849903   1.423157   8.445576
 0.851852   1.439381   9.088219
 0.853801   1.458583   9.858535
 0.855750   1.477810   9.572908
 0.857700   1.495907   9.907409
 0.859649   1.516437   9.977899
 0.861598   1.534801   9.576080
 0.863548   1.553775   9.513775
 0.865497   1.571896   9.113609
 0.867446   1.589300   9.101869
 0.869396   1.607384   9.020963
 0.871345   1.624473   9.380476
 0.873294   1.643949   9.362190
 0.875244   1.660975   8.068367
 0.877193   1.675409   7.970442
 0.879142   1.692043   8.296318
 0.881092   1.707756   8.156361
 0.883041   1.723845   8.006170
 0.884990   1.738964   6.741391
 0.886940   1.750128   6.561656
 0.888889   1.764546   7.614066
 0.890838   1.779807   6.607772
 0.892787   1.790304   5.804197
 0.894737   1.802439   6.245364
 0.896686   1.814654   6.293603
 0.898636   1.826977   6.400901
 0.900585   1.839611   6.287310
 0.902534   1.851485   6.191441
 0.904483   1.863745   5.940234
 0.906433   1.874646   6.542037
 0.908382   1.889251   7.107835
 0.910331   1.902352   7.223456
 0.912281   1.917416   8.855609
 0.914230   1.936878   9.444448
 0.916179   1.954231   9.608907
 0.918129   1.974344   11.561990
 0.920078   1.999308   13.572465
 0.922027   2.027250   15.383345
 0.923977   2.059290   17.963247
 0.925926   2.097285   20.773911
 0.927875   2.140267   23.624053
 0.929825   2.189399   27.155394
 0.931774   2.246142   31.011789
 0.933723   2.310283   35.367234
 0.935673   2.384043   40.018322
 0.937622   2.466310   44.420161
 0.939571   2.557193   48.720344
 0.941520   2.656222   51.176615
 0.943470   2.756732   54.819246
 0.945419   2.869955   65.698049
 0.947368   3.012823   79.075543
 0.949318   3.178282   87.463557
 0.951267   3.353838   91.908714
 0.953216   3.536543   95.952805
 0.955166   3.727962   99.532026
 0.957115   3.924615   100.622110
 0.959064   4.120187   100.172556
 0.961014   4.315188   98.413815
 0.962963   4.503906   93.079600
 0.964912   4.678012   85.149908
 0.966862   4.835897   75.155522
 0.968811   4.971055   60.304134
 0.970760   5.070962   41.956853
 0.972710   5.134626   21.311544
 0.974659   5.154079   -2.495345
 0.976608   5.124899   -29.110137
 0.978557   5.040608   -57.292083
 0.980507   4.901489   -86.003457
 0.982456   4.705309   -114.623602
 0.984406   4.454544   -140.728353
 0.986355   4.156634   -163.039696
 0.988304   3.819015   -180.745952
 0.990253   3.452086   -192.031193
 0.992203   3.070278   -196.241249
 0.994152   2.686942   -194.588303
 0.996101   2.311773   -192.174940
 0.998051   1.937653   -221.637644
 1.000000   1.447667   -251.403617
514 psinorm omghb() domghb/dpsiN
 0.000000   0.000000   331.612123
 0.001949   0.646312   291.932104
 0.003899   1.138164   217.653633
 0.005848   1.495013   154.928656
 0.007797   1.742076   104.736715
 0.009747   1.903337   67.507995
 0.011696   2.005320   43.099954
 0.013645   2.071341   25.798475
 0.015595   2.105892   61.251164
 0.017544   2.310072   87.228557
 0.019493   2.445909   69.201142
 0.021442   2.579818   64.544807
 0.023392   2.697561   56.484638
 0.025341   2.800059   56.523776
 0.027290   2.917890   57.420977
 0.029240   3.023938   49.131607
 0.031189   3.109465   49.766037
 0.033138   3.217926   52.813176
 0.035088   3.315378   50.775980
 0.037037   3.415900   48.088441
 0.038986   3.502827   42.430781
 0.040936   3.581333   48.066538
 0.042885   3.690223   52.558889
 0.044834   3.786207   43.438188
 0.046784   3.859576   37.416875
 0.048733   3.932096   36.570573
 0.050682   4.002128   37.818798
 0.052632   4.079556   38.504839
 0.054581   4.152261   39.483252
 0.056530   4.233461   46.331357
 0.058480   4.332917   37.490462
 0.060429   4.379664   29.105088
 0.062378   4.446368   38.291492
 0.064327   4.528924   37.030490
 0.066277   4.590739   34.442440
 0.068226   4.663209   23.583526
 0.070175   4.682668   15.460918
 0.072125   4.723502   26.857249
 0.074074   4.787373   34.789745
 0.076023   4.859113   40.210656
 0.077973   4.944161   32.395246
 0.079922   4.985444   20.193667
 0.081871   5.022876   28.207944
 0.083821   5.095445   38.584482
 0.085770   5.173314   35.035392
 0.087719   5.232013   14.556060
 0.089669   5.230037   -1.798610
 0.091618   5.225002   19.169382
 0.093567   5.304759   43.103569
 0.095517   5.393067   36.048306
 0.097466   5.445330   12.365526
 0.099415   5.441268   9.246175
 0.101364   5.481371   22.124283
 0.103314   5.527534   22.001502
 0.105263   5.567159   28.007826
 0.107213   5.636751   30.814924
 0.109162   5.687316   2.891266
 0.111111   5.648022   -21.698237
 0.113060   5.602736   9.170888
 0.115010   5.683844   46.976856
 0.116959   5.785888   28.035138
 0.118908   5.793125   0.620810
 0.120858   5.788302   6.976331
 0.122807   5.820307   21.476250
 0.124756   5.872017   45.172863
 0.126706   5.996473   41.134841
 0.128655   6.032447   14.110811
 0.130604   6.051477   -1.118987
 0.132554   6.028062   -16.497758
 0.134503   5.987161   -18.902357
 0.136452   5.954381   -24.163686
 0.138402   5.892932   -7.448037
 0.140351   5.925293   18.436260
 0.142300   5.964797   39.817268
 0.144250   6.080579   56.154295
 0.146199   6.183749   4.458338
 0.148148   6.097958   -18.295241
 0.150097   6.112434   23.201892
 0.152047   6.188454   10.904104
 0.153996   6.155005   -9.520769
 0.155945   6.151342   -12.384250
 0.157895   6.106698   -6.186118
 0.159844   6.127189   3.492384
 0.161793   6.120311   12.108754
 0.163743   6.174432   56.392307
 0.165692   6.340128   35.961654
 0.167641   6.314611   -24.302633
 0.169591   6.245349   -47.247573
 0.171540   6.130416   -38.074734
 0.173489   6.096934   17.087240
 0.175439   6.197107   12.011872
 0.177388   6.143847   -2.146409
 0.179337   6.188741   38.953883
 0.181286   6.295689   30.592196
 0.183236   6.307971   -3.675920
 0.185185   6.281377   -7.112065
 0.187135   6.280254   8.985871
 0.189084   6.316393   -21.999264
 0.191033   6.194501   -55.344407
 0.192983   6.100620   -23.135202
 0.194932   6.104247   3.930037
 0.196881   6.115939   1.115870
 0.198830   6.108597   10.967581
 0.200780   6.158731   35.313718
 0.202729   6.246266   21.600716
 0.204678   6.242931   -15.214902
 0.206628   6.186916   -40.329720
 0.208577   6.085709   -31.288604
 0.210526   6.064953   38.149512
 0.212476   6.234551   40.337518
 0.214425   6.222322   -37.991589
 0.216374   6.086460   -37.525186
 0.218324   6.076076   8.219048
 0.220273   6.118479   4.244484
 0.222222   6.092621   -22.423205
 0.224171   6.031073   7.481052
 0.226121   6.121867   0.067232
 0.228070   6.031428   -33.472434
 0.230019   5.991392   9.367572
 0.231969   6.068012   3.216125
 0.233918   6.004004   -6.239602
 0.235867   6.043690   -2.905772
 0.237817   5.992627   -41.180438
 0.239766   5.883158   -20.435281
 0.241715   5.912971   25.063486
 0.243665   5.980900   35.990936
 0.245614   6.053297   -31.121929
 0.247563   5.859587   -62.537022
 0.249513   5.809539   7.361829
 0.251462   5.888224   1.585950
 0.253411   5.815721   -17.028687
 0.255361   5.821870   -22.485588
 0.257310   5.728101   -16.895421
 0.259259   5.756011   36.300592
 0.261209   5.869681   17.487133
 0.263158   5.824275   -14.793092
 0.265107   5.812017   -3.673670
 0.267056   5.809955   -25.409534
 0.269006   5.712897   -40.481990
 0.270955   5.652098   -24.498372
 0.272904   5.617402   -13.075145
 0.274854   5.601127   -0.854413
 0.276803   5.614056   -3.349566
 0.278752   5.588070   -15.750347
 0.280702   5.552641   8.687134
 0.282651   5.621888   7.462649
 0.284600   5.581730   -31.236238
 0.286550   5.500076   -12.610375
 0.288499   5.532504   17.636648
 0.290448   5.568824   2.363928
 0.292398   5.541688   -15.777947
 0.294347   5.507310   -9.986470
 0.296296   5.502761   -17.567307
 0.298246   5.438784   -15.188947
 0.300195   5.443504   -4.132985
 0.302144   5.422674   -45.517305
 0.304094   5.265962   -60.305339
 0.306043   5.187503   -21.677066
 0.307992   5.181465   -1.130491
 0.309941   5.183097   19.307516
 0.311891   5.256782   26.475219
 0.313840   5.286346   7.600218
 0.315790   5.286400   -4.604937
 0.317739   5.268401   -24.653245
 0.319688   5.190302   -34.690251
 0.321637   5.133178   -7.858911
 0.323587   5.159703   -10.184927
 0.325536   5.093515   -38.574796
 0.327485   5.009338   3.956020
 0.329435   5.109033   28.978027
 0.331384   5.122368   -18.210415
 0.333333   5.038049   -20.101250
 0.335283   5.044039   -10.266274
 0.337232   4.998048   -31.427596
 0.339181   4.921535   -34.386581
 0.341131   4.863984   -6.714356
 0.343080   4.895310   20.388015
 0.345029   4.943457   5.935200
 0.346979   4.918413   -35.330109
 0.348928   4.805750   -40.740816
 0.350877   4.759606   13.428044
 0.352826   4.858092   24.798351
 0.354776   4.856243   -12.832399
 0.356725   4.808082   -31.410454
 0.358675   4.733760   -3.424730
 0.360624   4.794660   16.552969
 0.362573   4.798284   -22.368802
 0.364522   4.707466   -30.376260
 0.366472   4.679879   -48.411465
 0.368421   4.518779   -60.828313
 0.370370   4.442770   -12.865377
 0.372320   4.468669   32.402526
 0.374269   4.569070   72.126809
 0.376218   4.749819   32.566765
 0.378168   4.695927   -57.536501
 0.380117   4.525544   -50.610335
 0.382066   4.498648   3.086562
 0.384016   4.537612   7.997557
 0.385965   4.529854   -41.118874
 0.387914   4.377331   -62.895257
 0.389863   4.284689   -3.999319
 0.391813   4.361825   20.335667
 0.393762   4.364016   10.691200
 0.395711   4.403499   4.737346
 0.397661   4.382456   -6.741497
 0.399610   4.377206   -23.845665
 0.401560   4.289439   -62.135645
 0.403509   4.134973   -23.977553
 0.405458   4.195975   17.929597
 0.407407   4.204863   -9.132298
 0.409357   4.160340   -34.455873
 0.411306   4.070542   -29.227214
 0.413255   4.046413   8.925290
 0.415205   4.105385   18.210851
 0.417154   4.117441   7.764484
 0.419103   4.135651   26.218144
 0.421053   4.219699   17.946720
 0.423002   4.205675   -30.972837
 0.424951   4.098967   -33.362410
 0.426901   4.075638   2.659743
 0.428850   4.109308   7.569560
 0.430799   4.105144   -14.993382
 0.432748   4.050864   -35.267498
 0.434698   3.967621   -58.275406
 0.436647   3.823679   -24.179597
 0.438597   3.873445   8.102253
 0.440546   3.855305   -28.287563
 0.442495   3.763180   -5.540309
 0.444444   3.833709   10.199853
 0.446394   3.802897   -7.064075
 0.448343   3.806148   30.826770
 0.450292   3.923060   27.928373
 0.452242   3.914977   -38.031986
 0.454191   3.774841   -47.395033
 0.456140   3.730231   -35.830943
 0.458090   3.635110   -36.044278
 0.460039   3.589669   -4.049635
 0.461988   3.619324   6.463437
 0.463938   3.614853   2.081496
 0.465887   3.627431   14.324357
 0.467836   3.670689   28.068780
 0.469786   3.736883   19.742928
 0.471735   3.747695   -5.246172
 0.473684   3.716434   -28.290663
 0.475633   3.637418   -45.949017
 0.477583   3.537268   -24.600246
 0.479532   3.541448   2.521847
 0.481482   3.547101   -18.907081
 0.483431   3.467773   -19.994562
 0.485380   3.469162   -5.263167
 0.487329   3.447257   7.253121
 0.489279   3.497479   13.321423
 0.491228   3.499222   -38.353188
 0.493177   3.347979   -43.006176
 0.495127   3.331610   -20.346207
 0.497076   3.268673   -18.003169
 0.499025   3.261434   16.689608
 0.500975   3.333786   6.560987
 0.502924   3.287076   -15.926850
 0.504873   3.271703   14.121658
 0.506823   3.342181   37.000863
 0.508772   3.415968   1.729010
 0.510721   3.348920   -32.181939
 0.512671   3.290495   -33.347814
 0.514620   3.218904   -33.998823
 0.516569   3.157968   -5.198903
 0.518518   3.198639   4.744528
 0.520468   3.176434   -24.149409
 0.522417   3.104506   -30.745359
 0.524366   3.056589   -15.926252
 0.526316   3.042427   -0.147347
 0.528265   3.056000   7.232206
 0.530214   3.070618   15.281839
 0.532164   3.115600   10.130857
 0.534113   3.110144   -9.978148
 0.536062   3.076705   -6.682855
 0.538012   3.084108   5.692277
 0.539961   3.098895   15.522119
 0.541910   3.144614   -26.202554
 0.543860   2.996632   -84.369306
 0.545809   2.815675   -26.964067
 0.547758   2.891526   20.583386
 0.549708   2.895893   -21.615905
 0.551657   2.807293   -28.073235
 0.553606   2.786463   19.561880
 0.555556   2.883626   50.409381
 0.557505   2.983008   -8.582826
 0.559454   2.850170   -57.533104
 0.561404   2.758708   -3.834594
 0.563353   2.835133   11.475777
 0.565302   2.803440   -48.940726
 0.567252   2.644247   -33.107716
 0.569201   2.674256   39.392251
 0.571150   2.797798   14.106276
 0.573099   2.729243   -52.473958
 0.575049   2.593168   -22.749527
 0.576998   2.640448   41.928258
 0.578947   2.756604   27.632245
 0.580897   2.748122   -28.700773
 0.582846   2.644749   -49.664570
 0.584795   2.554530   -20.158928
 0.586745   2.566201   -0.878023
 0.588694   2.551120   -18.471106
 0.590643   2.494201   -13.517798
 0.592593   2.498446   -6.034289
 0.594542   2.470690   -40.139993
 0.596491   2.341980   -18.271798
 0.598441   2.399543   64.136243
 0.600390   2.591978   58.988031
 0.602339   2.629479   -27.954012
 0.604289   2.482891   -77.640897
 0.606238   2.326762   -62.085298
 0.608187   2.240882   -17.318675
 0.610136   2.259254   1.567265
 0.612086   2.246977   -14.478239
 0.614035   2.202819   -5.507830
 0.615984   2.225508   1.552984
 0.617934   2.208854   -6.426662
 0.619883   2.200446   3.099149
 0.621832   2.220935   3.045066
 0.623782   2.212304   -22.484765
 0.625731   2.133303   -44.759695
 0.627680   2.037831   -32.690955
 0.629630   2.005873   23.303469
 0.631579   2.128611   48.792973
 0.633528   2.196068   17.731789
 0.635478   2.197714   -28.451740
 0.637427   2.085193   -48.351414
 0.639376   2.009240   -15.980410
 0.641325   2.022902   -16.589520
 0.643275   1.944510   -34.591948
 0.645224   1.888017   -25.480827
 0.647173   1.845186   -42.104455
 0.649123   1.723811   -55.356274
 0.651072   1.629338   -13.394051
 0.653021   1.671601   32.590636
 0.654971   1.756431   23.912365
 0.656920   1.764875   -14.597470
 0.658869   1.699530   -20.323791
 0.660819   1.685659   -12.550141
 0.662768   1.650608   7.222351
 0.664717   1.713811   4.322484
 0.666667   1.667405   -55.899432
 0.668616   1.495924   -53.318500
 0.670565   1.459569   -26.589602
 0.672515   1.392235   -29.965832
 0.674464   1.342724   -0.026730
 0.676413   1.392131   0.955759
 0.678363   1.346401   -34.564770
 0.680312   1.257385   -31.079486
 0.682261   1.225253   -6.889895
 0.684211   1.230540   8.432272
 0.686160   1.258119   0.797318
 0.688109   1.233648   -19.446566
 0.690059   1.182283   -50.893210
 0.692008   1.035265   -57.882338
 0.693957   0.956658   -24.415462
 0.695906   0.940093   -7.116556
 0.697856   0.928913   -10.272082
 0.699805   0.900051   -27.300864
 0.701754   0.822495   -40.848253
 0.703704   0.740782   -31.720999
 0.705653   0.698794   -14.264882
 0.707602   0.685177   -10.801227
 0.709552   0.656673   -26.055793
 0.711501   0.583609   -62.860022
 0.713450   0.411644   -68.734054
 0.715400   0.315654   -8.121895
 0.717349   0.379895   14.886552
 0.719298   0.373682   -15.504308
 0.721248   0.319419   -25.054549
 0.723197   0.275988   -58.024662
 0.725146   0.093239   -62.309230
 0.727096   0.033108   -37.736300
 0.729045   -0.053881   -50.331837
 0.730994   -0.163086   -27.925297
 0.732943   -0.162734   -36.561147
 0.734893   -0.305711   -65.948738
 0.736842   -0.419883   -27.184474
 0.738791   -0.411676   3.800068
 0.740741   -0.405067   -21.180451
 0.742690   -0.494210   -70.523243
 0.744639   -0.679967   -60.653988
 0.746589   -0.730630   -39.378965
 0.748538   -0.833479   -62.997926
 0.750487   -0.976196   -31.909027
 0.752437   -0.957810   -20.760147
 0.754386   -1.057080   -52.587249
 0.756335   -1.162795   -53.986711
 0.758285   -1.267574   -69.209606
 0.760234   -1.432612   -52.554587
 0.762183   -1.472431   -37.417405
 0.764133   -1.578536   -79.353885
 0.766082   -1.781782   -89.428796
 0.768031   -1.927130   -71.136930
 0.769980   -2.059074   -47.690889
 0.771930   -2.113037   -28.116687
 0.773879   -2.168700   -47.828621
 0.775829   -2.299559   -85.629604
 0.777778   -2.502533   -93.926290
 0.779727   -2.665684   -55.253523
 0.781676   -2.717911   -38.892983
 0.783626   -2.817352   -39.706995
 0.785575   -2.872751   -44.482923
 0.787524   -2.990746   -86.766468
 0.789474   -3.211106   -108.032377
 0.791423   -3.411974   -90.779263
 0.793372   -3.564964   -77.395571
 0.795322   -3.713737   -63.916679
 0.797271   -3.814200   -69.244263
 0.799220   -3.983651   -95.352121
 0.801170   -4.185994   -66.656931
 0.803119   -4.243621   -30.436279
 0.805068   -4.304635   -51.060392
 0.807018   -4.442745   -77.313689
 0.808967   -4.606068   -96.424756
 0.810916   -4.818609   -120.993853
 0.812866   -5.077847   -100.064668
 0.814815   -5.208827   -67.043934
 0.816764   -5.339184   -52.023381
 0.818713   -5.411614   -28.233372
 0.820663   -5.449248   -61.071629
 0.822612   -5.649648   -99.170212
 0.824561   -5.835814   -71.317186
 0.826511   -5.927666   -59.466894
 0.828460   -6.067650   -73.061868
 0.830409   -6.212461   -76.653555
 0.832359   -6.366527   -84.580989
 0.834308   -6.542231   -70.099599
 0.836257   -6.639776   -36.181350
 0.838207   -6.683274   -17.941671
 0.840156   -6.709739   -33.852187
 0.842105   -6.815230   -73.099480
 0.844055   -6.994792   -113.635052
 0.846004   -7.258250   -158.535354
 0.847953   -7.612763   -158.803830
 0.849903   -7.877380   -157.420812
 0.851852   -8.226503   -180.003105
 0.853801   -8.579032   -144.329590
 0.855750   -8.789100   -96.206103
 0.857700   -8.954117   -31.931376
 0.859649   -8.913705   34.850059
 0.861598   -8.818271   36.985022
 0.863548   -8.769525   42.997858
 0.865497   -8.650658   55.835811
 0.867446   -8.551877   58.770766
 0.869396   -8.421495   68.470022
 0.871345   -8.284915   46.956462
 0.873294   -8.238459   50.532886
 0.875244   -8.087834   91.161508
 0.877193   -7.883048   95.396840
 0.879142   -7.715977   93.804550
 0.881092   -7.517288   103.186162
 0.883041   -7.313657   106.185536
 0.884990   -7.103377   98.818283
 0.886940   -6.928383   93.872591
 0.888889   -6.737376   98.536127
 0.890838   -6.544289   72.966452
 0.892787   -6.452952   51.728169
 0.894737   -6.342591   40.767520
 0.896686   -6.293968   26.043749
 0.898636   -6.241044   41.051349
 0.900585   -6.133937   10.060352
 0.902534   -6.201829   -53.798287
 0.904483   -6.343642   -64.358406
 0.906433   -6.452746   -84.664517
 0.908382   -6.673692   -143.368310
 0.910331   -7.011595   -203.191329
 0.912281   -7.465995   -272.629977
 0.914230   -8.074500   -350.999683
 0.916179   -8.834191   -431.755154
 0.918129   -9.757998   -521.016858
 0.920078   -10.865542   -629.412787
 0.922027   -12.211449   -744.257820
 0.923977   -13.767510   -871.629616
 0.925926   -15.609785   -1019.827911
 0.927875   -17.742799   -1162.394362
 0.929825   -20.142097   -1260.487331
 0.931774   -22.657379   -1239.254110
 0.933723   -24.972710   -1165.317545
 0.935673   -27.200907   -1229.974202
 0.937622   -29.768204   -1477.011491
 0.939571   -32.958298   -1799.088611
 0.941520   -36.781052   -2116.805750
 0.943470   -41.212035   -2402.812758
 0.945419   -46.149358   -2583.615183
 0.947368   -51.282967   -2605.776905
 0.949318   -56.309226   -2457.511949
 0.951267   -60.865046   -2103.124334
 0.953216   -64.507204   -1537.441939
 0.955166   -66.858869   -824.978630
 0.957115   -67.724558   -81.393333
 0.959064   -67.176140   581.734444
 0.961014   -65.455774   1246.268257
 0.962963   -62.317668   2058.734352
 0.964912   -57.430828   3012.509969
 0.966862   -50.570881   4042.024592
 0.968811   -41.672022   5103.775053
 0.970760   -30.676366   6153.539597
 0.972710   -17.678347   7101.914898
 0.974659   -2.986872   7884.471793
 0.976608   13.055324   8445.392750
 0.978557   29.933269   8674.264026
 0.980507   46.876309   8471.485118
 0.982456   62.964024   7783.891881
 0.984406   77.224762   7044.141122
 0.986355   90.429668   4684.549910
 0.988304   95.485137   1659.632725
 0.990253   96.898916   -164.482976
 0.992203   94.842038   -1948.719401
 0.994152   89.302647   -3739.868986
 0.996101   80.264029   -5739.505595
 0.998051   66.922110   -11321.249419
 1.000000   36.131433   -15798.192087
514 psinorm nb(10^20/m^3) dnb/dpsiN
 0.000000   0.000000   0.000000
 0.001949   0.000000   0.000000
 0.003899   0.000000   0.000000
 0.005848   0.000000   0.000000
 0.007797   0.000000   0.000000
 0.009747   0.000000   0.000000
 0.011696   0.000000   0.000000
 0.013645   0.000000   0.000000
 0.015595   0.000000   0.000000
 0.017544   0.000000   0.000000
 0.019493   0.000000   0.000000
 0.021442   0.000000   0.000000
 0.023392   0.000000   0.000000
 0.025341   0.000000   0.000000
 0.027290   0.000000   0.000000
 0.029240   0.000000   0.000000
 0.031189   0.000000   0.000000
 0.033138   0.000000   0.000000
 0.035088   0.000000   0.000000
 0.037037   0.000000   0.000000
 0.038986   0.000000   0.000000
 0.040936   0.000000   0.000000
 0.042885   0.000000   0.000000
 0.044834   0.000000   0.000000
 0.046784   0.000000   0.000000
 0.048733   0.000000   0.000000
 0.050682   0.000000   0.000000
 0.052632   0.000000   0.000000
 0.054581   0.000000   0.000000
 0.056530   0.000000   0.000000
 0.058480   0.000000   0.000000
 0.060429   0.000000   0.000000
 0.062378   0.000000   0.000000
 0.064327   0.000000   0.000000
 0.066277   0.000000   0.000000
 0.068226   0.000000   0.000000
 0.070175   0.000000   0.000000
 0.072125   0.000000   0.000000
 0.074074   0.000000   0.000000
 0.076023   0.000000   0.000000
 0.077973   0.000000   0.000000
 0.079922   0.000000   0.000000
 0.081871   0.000000   0.000000
 0.083821   0.000000   0.000000
 0.085770   0.000000   0.000000
 0.087719   0.000000   0.000000
 0.089669   0.000000   0.000000
 0.091618   0.000000   0.000000
 0.093567   0.000000   0.000000
 0.095517   0.000000   0.000000
 0.097466   0.000000   0.000000
 0.099415   0.000000   0.000000
 0.101364   0.000000   0.000000
 0.103314   0.000000   0.000000
 0.105263   0.000000   0.000000
 0.107213   0.000000   0.000000
 0.109162   0.000000   0.000000
 0.111111   0.000000   0.000000
 0.113060   0.000000   0.000000
 0.115010   0.000000   0.000000
 0.116959   0.000000   0.000000
 0.118908   0.000000   0.000000
 0.120858   0.000000   0.000000
 0.122807   0.000000   0.000000
 0.124756   0.000000   0.000000
 0.126706   0.000000   0.000000
 0.128655   0.000000   0.000000
 0.130604   0.000000   0.000000
 0.132554   0.000000   0.000000
 0.134503   0.000000   0.000000
 0.136452   0.000000   0.000000
 0.138402   0.000000   0.000000
 0.140351   0.000000   0.000000
 0.142300   0.000000   0.000000
 0.144250   0.000000   0.000000
 0.146199   0.000000   0.000000
 0.148148   0.000000   0.000000
 0.150097   0.000000   0.000000
 0.152047   0.000000   0.000000
 0.153996   0.000000   0.000000
 0.155945   0.000000   0.000000
 0.157895   0.000000   0.000000
 0.159844   0.000000   0.000000
 0.161793   0.000000   0.000000
 0.163743   0.000000   0.000000
 0.165692   0.000000   0.000000
 0.167641   0.000000   0.000000
 0.169591   0.000000   0.000000
 0.171540   0.000000   0.000000
 0.173489   0.000000   0.000000
 0.175439   0.000000   0.000000
 0.177388   0.000000   0.000000
 0.179337   0.000000   0.000000
 0.181286   0.000000   0.000000
 0.183236   0.000000   0.000000
 0.185185   0.000000   0.000000
 0.187135   0.000000   0.000000
 0.189084   0.000000   0.000000
 0.191033   0.000000   0.000000
 0.192983   0.000000   0.000000
 0.194932   0.000000   0.000000
 0.196881   0.000000   0.000000
 0.198830   0.000000   0.000000
 0.200780   0.000000   0.000000
 0.202729   0.000000   0.000000
 0.204678   0.000000   0.000000
 0.206628   0.000000   0.000000
 0.208577   0.000000   0.000000
 0.210526   0.000000   0.000000
 0.212476   0.000000   0.000000
 0.214425   0.000000   0.000000
 0.216374   0.000000   0.000000
 0.218324   0.000000   0.000000
 0.220273   0.000000   0.000000
 0.222222   0.000000   0.000000
 0.224171   0.000000   0.000000
 0.226121   0.000000   0.000000
 0.228070   0.000000   0.000000
 0.230019   0.000000   0.000000
 0.231969   0.000000   0.000000
 0.233918   0.000000   0.000000
 0.235867   0.000000   0.000000
 0.237817   0.000000   0.000000
 0.239766   0.000000   0.000000
 0.241715   0.000000   0.000000
 0.243665   0.000000   0.000000
 0.245614   0.000000   0.000000
 0.247563   0.000000   0.000000
 0.249513   0.000000   0.000000
 0.251462   0.000000   0.000000
 0.253411   0.000000   0.000000
 0.255361   0.000000   0.000000
 0.257310   0.000000   0.000000
 0.259259   0.000000   0.000000
 0.261209   0.000000   0.000000
 0.263158   0.000000   0.000000
 0.265107   0.000000   0.000000
 0.267056   0.000000   0.000000
 0.269006   0.000000   0.000000
 0.270955   0.000000   0.000000
 0.272904   0.000000   0.000000
 0.274854   0.000000   0.000000
 0.276803   0.000000   0.000000
 0.278752   0.000000   0.000000
 0.280702   0.000000   0.000000
 0.282651   0.000000   0.000000
 0.284600   0.000000   0.000000
 0.286550   0.000000   0.000000
 0.288499   0.000000   0.000000
 0.290448   0.000000   0.000000
 0.292398   0.000000   0.000000
 0.294347   0.000000   0.000000
 0.296296   0.000000   0.000000
 0.298246   0.000000   0.000000
 0.300195   0.000000   0.000000
 0.302144   0.000000   0.000000
 0.304094   0.000000   0.000000
 0.306043   0.000000   0.000000
 0.307992   0.000000   0.000000
 0.309941   0.000000   0.000000
 0.311891   0.000000   0.000000
 0.313840   0.000000   0.000000
 0.315790   0.000000   0.000000
 0.317739   0.000000   0.000000
 0.319688   0.000000   0.000000
 0.321637   0.000000   0.000000
 0.323587   0.000000   0.000000
 0.325536   0.000000   0.000000
 0.327485   0.000000   0.000000
 0.329435   0.000000   0.000000
 0.331384   0.000000   0.000000
 0.333333   0.000000   0.000000
 0.335283   0.000000   0.000000
 0.337232   0.000000   0.000000
 0.339181   0.000000   0.000000
 0.341131   0.000000   0.000000
 0.343080   0.000000   0.000000
 0.345029   0.000000   0.000000
 0.346979   0.000000   0.000000
 0.348928   0.000000   0.000000
 0.350877   0.000000   0.000000
 0.352826   0.000000   0.000000
 0.354776   0.000000   0.000000
 0.356725   0.000000   0.000000
 0.358675   0.000000   0.000000
 0.360624   0.000000   0.000000
 0.362573   0.000000   0.000000
 0.364522   0.000000   0.000000
 0.366472   0.000000   0.000000
 0.368421   0.000000   0.000000
 0.370370   0.000000   0.000000
 0.372320   0.000000   0.000000
 0.374269   0.000000   0.000000
 0.376218   0.000000   0.000000
 0.378168   0.000000   0.000000
 0.380117   0.000000   0.000000
 0.382066   0.000000   0.000000
 0.384016   0.000000   0.000000
 0.385965   0.000000   0.000000
 0.387914   0.000000   0.000000
 0.389863   0.000000   0.000000
 0.391813   0.000000   0.000000
 0.393762   0.000000   0.000000
 0.395711   0.000000   0.000000
 0.397661   0.000000   0.000000
 0.399610   0.000000   0.000000
 0.401560   0.000000   0.000000
 0.403509   0.000000   0.000000
 0.405458   0.000000   0.000000
 0.407407   0.000000   0.000000
 0.409357   0.000000   0.000000
 0.411306   0.000000   0.000000
 0.413255   0.000000   0.000000
 0.415205   0.000000   0.000000
 0.417154   0.000000   0.000000
 0.419103   0.000000   0.000000
 0.421053   0.000000   0.000000
 0.423002   0.000000   0.000000
 0.424951   0.000000   0.000000
 0.426901   0.000000   0.000000
 0.428850   0.000000   0.000000
 0.430799   0.000000   0.000000
 0.432748   0.000000   0.000000
 0.434698   0.000000   0.000000
 0.436647   0.000000   0.000000
 0.438597   0.000000   0.000000
 0.440546   0.000000   0.000000
 0.442495   0.000000   0.000000
 0.444444   0.000000   0.000000
 0.446394   0.000000   0.000000
 0.448343   0.000000   0.000000
 0.450292   0.000000   0.000000
 0.452242   0.000000   0.000000
 0.454191   0.000000   0.000000
 0.456140   0.000000   0.000000
 0.458090   0.000000   0.000000
 0.460039   0.000000   0.000000
 0.461988   0.000000   0.000000
 0.463938   0.000000   0.000000
 0.465887   0.000000   0.000000
 0.467836   0.000000   0.000000
 0.469786   0.000000   0.000000
 0.471735   0.000000   0.000000
 0.473684   0.000000   0.000000
 0.475633   0.000000   0.000000
 0.477583   0.000000   0.000000
 0.479532   0.000000   0.000000
 0.481482   0.000000   0.000000
 0.483431   0.000000   0.000000
 0.485380   0.000000   0.000000
 0.487329   0.000000   0.000000
 0.489279   0.000000   0.000000
 0.491228   0.000000   0.000000
 0.493177   0.000000   0.000000
 0.495127   0.000000   0.000000
 0.497076   0.000000   0.000000
 0.499025   0.000000   0.000000
 0.500975   0.000000   0.000000
 0.502924   0.000000   0.000000
 0.504873   0.000000   0.000000
 0.506823   0.000000   0.000000
 0.508772   0.000000   0.000000
 0.510721   0.000000   0.000000
 0.512671   0.000000   0.000000
 0.514620   0.000000   0.000000
 0.516569   0.000000   0.000000
 0.518518   0.000000   0.000000
 0.520468   0.000000   0.000000
 0.522417   0.000000   0.000000
 0.524366   0.000000   0.000000
 0.526316   0.000000   0.000000
 0.528265   0.000000   0.000000
 0.530214   0.000000   0.000000
 0.532164   0.000000   0.000000
 0.534113   0.000000   0.000000
 0.536062   0.000000   0.000000
 0.538012   0.000000   0.000000
 0.539961   0.000000   0.000000
 0.541910   0.000000   0.000000
 0.543860   0.000000   0.000000
 0.545809   0.000000   0.000000
 0.547758   0.000000   0.000000
 0.549708   0.000000   0.000000
 0.551657   0.000000   0.000000
 0.553606   0.000000   0.000000
 0.555556   0.000000   0.000000
 0.557505   0.000000   0.000000
 0.559454   0.000000   0.000000
 0.561404   0.000000   0.000000
 0.563353   0.000000   0.000000
 0.565302   0.000000   0.000000
 0.567252   0.000000   0.000000
 0.569201   0.000000   0.000000
 0.571150   0.000000   0.000000
 0.573099   0.000000   0.000000
 0.575049   0.000000   0.000000
 0.576998   0.000000   0.000000
 0.578947   0.000000   0.000000
 0.580897   0.000000   0.000000
 0.582846   0.000000   0.000000
 0.584795   0.000000   0.000000
 0.586745   0.000000   0.000000
 0.588694   0.000000   0.000000
 0.590643   0.000000   0.000000
 0.592593   0.000000   0.000000
 0.594542   0.000000   0.000000
 0.596491   0.000000   0.000000
 0.598441   0.000000   0.000000
 0.600390   0.000000   0.000000
 0.602339   0.000000   0.000000
 0.604289   0.000000   0.000000
 0.606238   0.000000   0.000000
 0.608187   0.000000   0.000000
 0.610136   0.000000   0.000000
 0.612086   0.000000   0.000000
 0.614035   0.000000   0.000000
 0.615984   0.000000   0.000000
 0.617934   0.000000   0.000000
 0.619883   0.000000   0.000000
 0.621832   0.000000   0.000000
 0.623782   0.000000   0.000000
 0.625731   0.000000   0.000000
 0.627680   0.000000   0.000000
 0.629630   0.000000   0.000000
 0.631579   0.000000   0.000000
 0.633528   0.000000   0.000000
 0.635478   0.000000   0.000000
 0.637427   0.000000   0.000000
 0.639376   0.000000   0.000000
 0.641325   0.000000   0.000000
 0.643275   0.000000   0.000000
 0.645224   0.000000   0.000000
 0.647173   0.000000   0.000000
 0.649123   0.000000   0.000000
 0.651072   0.000000   0.000000
 0.653021   0.000000   0.000000
 0.654971   0.000000   0.000000
 0.656920   0.000000   0.000000
 0.658869   0.000000   0.000000
 0.660819   0.000000   0.000000
 0.662768   0.000000   0.000000
 0.664717   0.000000   0.000000
 0.666667   0.000000   0.000000
 0.668616   0.000000   0.000000
 0.670565   0.000000   0.000000
 0.672515   0.000000   0.000000
 0.674464   0.000000   0.000000
 0.676413   0.000000   0.000000
 0.678363   0.000000   0.000000
 0.680312   0.000000   0.000000
 0.682261   0.000000   0.000000
 0.684211   0.000000   0.000000
 0.686160   0.000000   0.000000
 0.688109   0.000000   0.000000
 0.690059   0.000000   0.000000
 0.692008   0.000000   0.000000
 0.693957   0.000000   0.000000
 0.695906   0.000000   0.000000
 0.697856   0.000000   0.000000
 0.699805   0.000000   0.000000
 0.701754   0.000000   0.000000
 0.703704   0.000000   0.000000
 0.705653   0.000000   0.000000
 0.707602   0.000000   0.000000
 0.709552   0.000000   0.000000
 0.711501   0.000000   0.000000
 0.713450   0.000000   0.000000
 0.715400   0.000000   0.000000
 0.717349   0.000000   0.000000
 0.719298   0.000000   0.000000
 0.721248   0.000000   0.000000
 0.723197   0.000000   0.000000
 0.725146   0.000000   0.000000
 0.727096   0.000000   0.000000
 0.729045   0.000000   0.000000
 0.730994   0.000000   0.000000
 0.732943   0.000000   0.000000
 0.734893   0.000000   0.000000
 0.736842   0.000000   0.000000
 0.738791   0.000000   0.000000
 0.740741   0.000000   0.000000
 0.742690   0.000000   0.000000
 0.744639   0.000000   0.000000
 0.746589   0.000000   0.000000
 0.748538   0.000000   0.000000
 0.750487   0.000000   0.000000
 0.752437   0.000000   0.000000
 0.754386   0.000000   0.000000
 0.756335   0.000000   0.000000
 0.758285   0.000000   0.000000
 0.760234   0.000000   0.000000
 0.762183   0.000000   0.000000
 0.764133   0.000000   0.000000
 0.766082   0.000000   0.000000
 0.768031   0.000000   0.000000
 0.769980   0.000000   0.000000
 0.771930   0.000000   0.000000
 0.773879   0.000000   0.000000
 0.775829   0.000000   0.000000
 0.777778   0.000000   0.000000
 0.779727   0.000000   0.000000
 0.781676   0.000000   0.000000
 0.783626   0.000000   0.000000
 0.785575   0.000000   0.000000
 0.787524   0.000000   0.000000
 0.789474   0.000000   0.000000
 0.791423   0.000000   0.000000
 0.793372   0.000000   0.000000
 0.795322   0.000000   0.000000
 0.797271   0.000000   0.000000
 0.799220   0.000000   0.000000
 0.801170   0.000000   0.000000
 0.803119   0.000000   0.000000
 0.805068   0.000000   0.000000
 0.807018   0.000000   0.000000
 0.808967   0.000000   0.000000
 0.810916   0.000000   0.000000
 0.812866   0.000000   0.000000
 0.814815   0.000000   0.000000
 0.816764   0.000000   0.000000
 0.818713   0.000000   0.000000
 0.820663   0.000000   0.000000
 0.822612   0.000000   0.000000
 0.824561   0.000000   0.000000
 0.826511   0.000000   0.000000
 0.828460   0.000000   0.000000
 0.830409   0.000000   0.000000
 0.832359   0.000000   0.000000
 0.834308   0.000000   0.000000
 0.836257   0.000000   0.000000
 0.838207   0.000000   0.000000
 0.840156   0.000000   0.000000
 0.842105   0.000000   0.000000
 0.844055   0.000000   0.000000
 0.846004   0.000000   0.000000
 0.847953   0.000000   0.000000
 0.849903   0.000000   0.000000
 0.851852   0.000000   0.000000
 0.853801   0.000000   0.000000
 0.855750   0.000000   0.000000
 0.857700   0.000000   0.000000
 0.859649   0.000000   0.000000
 0.861598   0.000000   0.000000
 0.863548   0.000000   0.000000
 0.865497   0.000000   0.000000
 0.867446   0.000000   0.000000
 0.869396   0.000000   0.000000
 0.871345   0.000000   0.000000
 0.873294   0.000000   0.000000
 0.875244   0.000000   0.000000
 0.877193   0.000000   0.000000
 0.879142   0.000000   0.000000
 0.881092   0.000000   0.000000
 0.883041   0.000000   0.000000
 0.884990   0.000000   0.000000
 0.886940   0.000000   0.000000
 0.888889   0.000000   0.000000
 0.890838   0.000000   0.000000
 0.892787   0.000000   0.000000
 0.894737   0.000000   0.000000
 0.896686   0.000000   0.000000
 0.898636   0.000000   0.000000
 0.900585   0.000000   0.000000
 0.902534   0.000000   0.000000
 0.904483   0.000000   0.000000
 0.906433   0.000000   0.000000
 0.908382   0.000000   0.000000
 0.910331   0.000000   0.000000
 0.912281   0.000000   0.000000
 0.914230   0.000000   0.000000
 0.916179   0.000000   0.000000
 0.918129   0.000000   0.000000
 0.920078   0.000000   0.000000
 0.922027   0.000000   0.000000
 0.923977   0.000000   0.000000
 0.925926   0.000000   0.000000
 0.927875   0.000000   0.000000
 0.929825   0.000000   0.000000
 0.931774   0.000000   0.000000
 0.933723   0.000000   0.000000
 0.935673   0.000000   0.000000
 0.937622   0.000000   0.000000
 0.939571   0.000000   0.000000
 0.941520   0.000000   0.000000
 0.943470   0.000000   0.000000
 0.945419   0.000000   0.000000
 0.947368   0.000000   0.000000
 0.949318   0.000000   0.000000
 0.951267   0.000000   0.000000
 0.953216   0.000000   0.000000
 0.955166   0.000000   0.000000
 0.957115   0.000000   0.000000
 0.959064   0.000000   0.000000
 0.961014   0.000000   0.000000
 0.962963   0.000000   0.000000
 0.964912   0.000000   0.000000
 0.966862   0.000000   0.000000
 0.968811   0.000000   0.000000
 0.970760   0.000000   0.000000
 0.972710   0.000000   0.000000
 0.974659   0.000000   0.000000
 0.976608   0.000000   0.000000
 0.978557   0.000000   0.000000
 0.980507   0.000000   0.000000
 0.982456   0.000000   0.000000
 0.984406   0.000000   0.000000
 0.986355   0.000000   0.000000
 0.988304   0.000000   0.000000
 0.990253   0.000000   0.000000
 0.992203   0.000000   0.000000
 0.994152   0.000000   0.000000
 0.996101   0.000000   0.000000
 0.998051   0.000000   0.000000
 1.000000   0.000000   0.000000
514 psinorm pb(KPa) dpb/dpsiN
 0.000000   0.000000   0.000000
 0.001949   0.000000   0.000000
 0.003899   0.000000   0.000000
 0.005848   0.000000   0.000000
 0.007797   0.000000   0.000000
 0.009747   0.000000   0.000000
 0.011696   0.000000   0.000000
 0.013645   0.000000   0.000000
 0.015595   0.000000   0.000000
 0.017544   0.000000   0.000000
 0.019493   0.000000   0.000000
 0.021442   0.000000   0.000000
 0.023392   0.000000   0.000000
 0.025341   0.000000   0.000000
 0.027290   0.000000   0.000000
 0.029240   0.000000   0.000000
 0.031189   0.000000   0.000000
 0.033138   0.000000   0.000000
 0.035088   0.000000   0.000000
 0.037037   0.000000   0.000000
 0.038986   0.000000   0.000000
 0.040936   0.000000   0.000000
 0.042885   0.000000   0.000000
 0.044834   0.000000   0.000000
 0.046784   0.000000   0.000000
 0.048733   0.000000   0.000000
 0.050682   0.000000   0.000000
 0.052632   0.000000   0.000000
 0.054581   0.000000   0.000000
 0.056530   0.000000   0.000000
 0.058480   0.000000   0.000000
 0.060429   0.000000   0.000000
 0.062378   0.000000   0.000000
 0.064327   0.000000   0.000000
 0.066277   0.000000   0.000000
 0.068226   0.000000   0.000000
 0.070175   0.000000   0.000000
 0.072125   0.000000   0.000000
 0.074074   0.000000   0.000000
 0.076023   0.000000   0.000000
 0.077973   0.000000   0.000000
 0.079922   0.000000   0.000000
 0.081871   0.000000   0.000000
 0.083821   0.000000   0.000000
 0.085770   0.000000   0.000000
 0.087719   0.000000   0.000000
 0.089669   0.000000   0.000000
 0.091618   0.000000   0.000000
 0.093567   0.000000   0.000000
 0.095517   0.000000   0.000000
 0.097466   0.000000   0.000000
 0.099415   0.000000   0.000000
 0.101364   0.000000   0.000000
 0.103314   0.000000   0.000000
 0.105263   0.000000   0.000000
 0.107213   0.000000   0.000000
 0.109162   0.000000   0.000000
 0.111111   0.000000   0.000000
 0.113060   0.000000   0.000000
 0.115010   0.000000   0.000000
 0.116959   0.000000   0.000000
 0.118908   0.000000   0.000000
 0.120858   0.000000   0.000000
 0.122807   0.000000   0.000000
 0.124756   0.000000   0.000000
 0.126706   0.000000   0.000000
 0.128655   0.000000   0.000000
 0.130604   0.000000   0.000000
 0.132554   0.000000   0.000000
 0.134503   0.000000   0.000000
 0.136452   0.000000   0.000000
 0.138402   0.000000   0.000000
 0.140351   0.000000   0.000000
 0.142300   0.000000   0.000000
 0.144250   0.000000   0.000000
 0.146199   0.000000   0.000000
 0.148148   0.000000   0.000000
 0.150097   0.000000   0.000000
 0.152047   0.000000   0.000000
 0.153996   0.000000   0.000000
 0.155945   0.000000   0.000000
 0.157895   0.000000   0.000000
 0.159844   0.000000   0.000000
 0.161793   0.000000   0.000000
 0.163743   0.000000   0.000000
 0.165692   0.000000   0.000000
 0.167641   0.000000   0.000000
 0.169591   0.000000   0.000000
 0.171540   0.000000   0.000000
 0.173489   0.000000   0.000000
 0.175439   0.000000   0.000000
 0.177388   0.000000   0.000000
 0.179337   0.000000   0.000000
 0.181286   0.000000   0.000000
 0.183236   0.000000   0.000000
 0.185185   0.000000   0.000000
 0.187135   0.000000   0.000000
 0.189084   0.000000   0.000000
 0.191033   0.000000   0.000000
 0.192983   0.000000   0.000000
 0.194932   0.000000   0.000000
 0.196881   0.000000   0.000000
 0.198830   0.000000   0.000000
 0.200780   0.000000   0.000000
 0.202729   0.000000   0.000000
 0.204678   0.000000   0.000000
 0.206628   0.000000   0.000000
 0.208577   0.000000   0.000000
 0.210526   0.000000   0.000000
 0.212476   0.000000   0.000000
 0.214425   0.000000   0.000000
 0.216374   0.000000   0.000000
 0.218324   0.000000   0.000000
 0.220273   0.000000   0.000000
 0.222222   0.000000   0.000000
 0.224171   0.000000   0.000000
 0.226121   0.000000   0.000000
 0.228070   0.000000   0.000000
 0.230019   0.000000   0.000000
 0.231969   0.000000   0.000000
 0.233918   0.000000   0.000000
 0.235867   0.000000   0.000000
 0.237817   0.000000   0.000000
 0.239766   0.000000   0.000000
 0.241715   0.000000   0.000000
 0.243665   0.000000   0.000000
 0.245614   0.000000   0.000000
 0.247563   0.000000   0.000000
 0.249513   0.000000   0.000000
 0.251462   0.000000   0.000000
 0.253411   0.000000   0.000000
 0.255361   0.000000   0.000000
 0.257310   0.000000   0.000000
 0.259259   0.000000   0.000000
 0.261209   0.000000   0.000000
 0.263158   0.000000   0.000000
 0.265107   0.000000   0.000000
 0.267056   0.000000   0.000000
 0.269006   0.000000   0.000000
 0.270955   0.000000   0.000000
 0.272904   0.000000   0.000000
 0.274854   0.000000   0.000000
 0.276803   0.000000   0.000000
 0.278752   0.000000   0.000000
 0.280702   0.000000   0.000000
 0.282651   0.000000   0.000000
 0.284600   0.000000   0.000000
 0.286550   0.000000   0.000000
 0.288499   0.000000   0.000000
 0.290448   0.000000   0.000000
 0.292398   0.000000   0.000000
 0.294347   0.000000   0.000000
 0.296296   0.000000   0.000000
 0.298246   0.000000   0.000000
 0.300195   0.000000   0.000000
 0.302144   0.000000   0.000000
 0.304094   0.000000   0.000000
 0.306043   0.000000   0.000000
 0.307992   0.000000   0.000000
 0.309941   0.000000   0.000000
 0.311891   0.000000   0.000000
 0.313840   0.000000   0.000000
 0.315790   0.000000   0.000000
 0.317739   0.000000   0.000000
 0.319688   0.000000   0.000000
 0.321637   0.000000   0.000000
 0.323587   0.000000   0.000000
 0.325536   0.000000   0.000000
 0.327485   0.000000   0.000000
 0.329435   0.000000   0.000000
 0.331384   0.000000   0.000000
 0.333333   0.000000   0.000000
 0.335283   0.000000   0.000000
 0.337232   0.000000   0.000000
 0.339181   0.000000   0.000000
 0.341131   0.000000   0.000000
 0.343080   0.000000   0.000000
 0.345029   0.000000   0.000000
 0.346979   0.000000   0.000000
 0.348928   0.000000   0.000000
 0.350877   0.000000   0.000000
 0.352826   0.000000   0.000000
 0.354776   0.000000   0.000000
 0.356725   0.000000   0.000000
 0.358675   0.000000   0.000000
 0.360624   0.000000   0.000000
 0.362573   0.000000   0.000000
 0.364522   0.000000   0.000000
 0.366472   0.000000   0.000000
 0.368421   0.000000   0.000000
 0.370370   0.000000   0.000000
 0.372320   0.000000   0.000000
 0.374269   0.000000   0.000000
 0.376218   0.000000   0.000000
 0.378168   0.000000   0.000000
 0.380117   0.000000   0.000000
 0.382066   0.000000   0.000000
 0.384016   0.000000   0.000000
 0.385965   0.000000   0.000000
 0.387914   0.000000   0.000000
 0.389863   0.000000   0.000000
 0.391813   0.000000   0.000000
 0.393762   0.000000   0.000000
 0.395711   0.000000   0.000000
 0.397661   0.000000   0.000000
 0.399610   0.000000   0.000000
 0.401560   0.000000   0.000000
 0.403509   0.000000   0.000000
 0.405458   0.000000   0.000000
 0.407407   0.000000   0.000000
 0.409357   0.000000   0.000000
 0.411306   0.000000   0.000000
 0.413255   0.000000   0.000000
 0.415205   0.000000   0.000000
 0.417154   0.000000   0.000000
 0.419103   0.000000   0.000000
 0.421053   0.000000   0.000000
 0.423002   0.000000   0.000000
 0.424951   0.000000   0.000000
 0.426901   0.000000   0.000000
 0.428850   0.000000   0.000000
 0.430799   0.000000   0.000000
 0.432748   0.000000   0.000000
 0.434698   0.000000   0.000000
 0.436647   0.000000   0.000000
 0.438597   0.000000   0.000000
 0.440546   0.000000   0.000000
 0.442495   0.000000   0.000000
 0.444444   0.000000   0.000000
 0.446394   0.000000   0.000000
 0.448343   0.000000   0.000000
 0.450292   0.000000   0.000000
 0.452242   0.000000   0.000000
 0.454191   0.000000   0.000000
 0.456140   0.000000   0.000000
 0.458090   0.000000   0.000000
 0.460039   0.000000   0.000000
 0.461988   0.000000   0.000000
 0.463938   0.000000   0.000000
 0.465887   0.000000   0.000000
 0.467836   0.000000   0.000000
 0.469786   0.000000   0.000000
 0.471735   0.000000   0.000000
 0.473684   0.000000   0.000000
 0.475633   0.000000   0.000000
 0.477583   0.000000   0.000000
 0.479532   0.000000   0.000000
 0.481482   0.000000   0.000000
 0.483431   0.000000   0.000000
 0.485380   0.000000   0.000000
 0.487329   0.000000   0.000000
 0.489279   0.000000   0.000000
 0.491228   0.000000   0.000000
 0.493177   0.000000   0.000000
 0.495127   0.000000   0.000000
 0.497076   0.000000   0.000000
 0.499025   0.000000   0.000000
 0.500975   0.000000   0.000000
 0.502924   0.000000   0.000000
 0.504873   0.000000   0.000000
 0.506823   0.000000   0.000000
 0.508772   0.000000   0.000000
 0.510721   0.000000   0.000000
 0.512671   0.000000   0.000000
 0.514620   0.000000   0.000000
 0.516569   0.000000   0.000000
 0.518518   0.000000   0.000000
 0.520468   0.000000   0.000000
 0.522417   0.000000   0.000000
 0.524366   0.000000   0.000000
 0.526316   0.000000   0.000000
 0.528265   0.000000   0.000000
 0.530214   0.000000   0.000000
 0.532164   0.000000   0.000000
 0.534113   0.000000   0.000000
 0.536062   0.000000   0.000000
 0.538012   0.000000   0.000000
 0.539961   0.000000   0.000000
 0.541910   0.000000   0.000000
 0.543860   0.000000   0.000000
 0.545809   0.000000   0.000000
 0.547758   0.000000   0.000000
 0.549708   0.000000   0.000000
 0.551657   0.000000   0.000000
 0.553606   0.000000   0.000000
 0.555556   0.000000   0.000000
 0.557505   0.000000   0.000000
 0.559454   0.000000   0.000000
 0.561404   0.000000   0.000000
 0.563353   0.000000   0.000000
 0.565302   0.000000   0.000000
 0.567252   0.000000   0.000000
 0.569201   0.000000   0.000000
 0.571150   0.000000   0.000000
 0.573099   0.000000   0.000000
 0.575049   0.000000   0.000000
 0.576998   0.000000   0.000000
 0.578947   0.000000   0.000000
 0.580897   0.000000   0.000000
 0.582846   0.000000   0.000000
 0.584795   0.000000   0.000000
 0.586745   0.000000   0.000000
 0.588694   0.000000   0.000000
 0.590643   0.000000   0.000000
 0.592593   0.000000   0.000000
 0.594542   0.000000   0.000000
 0.596491   0.000000   0.000000
 0.598441   0.000000   0.000000
 0.600390   0.000000   0.000000
 0.602339   0.000000   0.000000
 0.604289   0.000000   0.000000
 0.606238   0.000000   0.000000
 0.608187   0.000000   0.000000
 0.610136   0.000000   0.000000
 0.612086   0.000000   0.000000
 0.614035   0.000000   0.000000
 0.615984   0.000000   0.000000
 0.617934   0.000000   0.000000
 0.619883   0.000000   0.000000
 0.621832   0.000000   0.000000
 0.623782   0.000000   0.000000
 0.625731   0.000000   0.000000
 0.627680   0.000000   0.000000
 0.629630   0.000000   0.000000
 0.631579   0.000000   0.000000
 0.633528   0.000000   0.000000
 0.635478   0.000000   0.000000
 0.637427   0.000000   0.000000
 0.639376   0.000000   0.000000
 0.641325   0.000000   0.000000
 0.643275   0.000000   0.000000
 0.645224   0.000000   0.000000
 0.647173   0.000000   0.000000
 0.649123   0.000000   0.000000
 0.651072   0.000000   0.000000
 0.653021   0.000000   0.000000
 0.654971   0.000000   0.000000
 0.656920   0.000000   0.000000
 0.658869   0.000000   0.000000
 0.660819   0.000000   0.000000
 0.662768   0.000000   0.000000
 0.664717   0.000000   0.000000
 0.666667   0.000000   0.000000
 0.668616   0.000000   0.000000
 0.670565   0.000000   0.000000
 0.672515   0.000000   0.000000
 0.674464   0.000000   0.000000
 0.676413   0.000000   0.000000
 0.678363   0.000000   0.000000
 0.680312   0.000000   0.000000
 0.682261   0.000000   0.000000
 0.684211   0.000000   0.000000
 0.686160   0.000000   0.000000
 0.688109   0.000000   0.000000
 0.690059   0.000000   0.000000
 0.692008   0.000000   0.000000
 0.693957   0.000000   0.000000
 0.695906   0.000000   0.000000
 0.697856   0.000000   0.000000
 0.699805   0.000000   0.000000
 0.701754   0.000000   0.000000
 0.703704   0.000000   0.000000
 0.705653   0.000000   0.000000
 0.707602   0.000000   0.000000
 0.709552   0.000000   0.000000
 0.711501   0.000000   0.000000
 0.713450   0.000000   0.000000
 0.715400   0.000000   0.000000
 0.717349   0.000000   0.000000
 0.719298   0.000000   0.000000
 0.721248   0.000000   0.000000
 0.723197   0.000000   0.000000
 0.725146   0.000000   0.000000
 0.727096   0.000000   0.000000
 0.729045   0.000000   0.000000
 0.730994   0.000000   0.000000
 0.732943   0.000000   0.000000
 0.734893   0.000000   0.000000
 0.736842   0.000000   0.000000
 0.738791   0.000000   0.000000
 0.740741   0.000000   0.000000
 0.742690   0.000000   0.000000
 0.744639   0.000000   0.000000
 0.746589   0.000000   0.000000
 0.748538   0.000000   0.000000
 0.750487   0.000000   0.000000
 0.752437   0.000000   0.000000
 0.754386   0.000000   0.000000
 0.756335   0.000000   0.000000
 0.758285   0.000000   0.000000
 0.760234   0.000000   0.000000
 0.762183   0.000000   0.000000
 0.764133   0.000000   0.000000
 0.766082   0.000000   0.000000
 0.768031   0.000000   0.000000
 0.769980   0.000000   0.000000
 0.771930   0.000000   0.000000
 0.773879   0.000000   0.000000
 0.775829   0.000000   0.000000
 0.777778   0.000000   0.000000
 0.779727   0.000000   0.000000
 0.781676   0.000000   0.000000
 0.783626   0.000000   0.000000
 0.785575   0.000000   0.000000
 0.787524   0.000000   0.000000
 0.789474   0.000000   0.000000
 0.791423   0.000000   0.000000
 0.793372   0.000000   0.000000
 0.795322   0.000000   0.000000
 0.797271   0.000000   0.000000
 0.799220   0.000000   0.000000
 0.801170   0.000000   0.000000
 0.803119   0.000000   0.000000
 0.805068   0.000000   0.000000
 0.807018   0.000000   0.000000
 0.808967   0.000000   0.000000
 0.810916   0.000000   0.000000
 0.812866   0.000000   0.000000
 0.814815   0.000000   0.000000
 0.816764   0.000000   0.000000
 0.818713   0.000000   0.000000
 0.820663   0.000000   0.000000
 0.822612   0.000000   0.000000
 0.824561   0.000000   0.000000
 0.826511   0.000000   0.000000
 0.828460   0.000000   0.000000
 0.830409   0.000000   0.000000
 0.832359   0.000000   0.000000
 0.834308   0.000000   0.000000
 0.836257   0.000000   0.000000
 0.838207   0.000000   0.000000
 0.840156   0.000000   0.000000
 0.842105   0.000000   0.000000
 0.844055   0.000000   0.000000
 0.846004   0.000000   0.000000
 0.847953   0.000000   0.000000
 0.849903   0.000000   0.000000
 0.851852   0.000000   0.000000
 0.853801   0.000000   0.000000
 0.855750   0.000000   0.000000
 0.857700   0.000000   0.000000
 0.859649   0.000000   0.000000
 0.861598   0.000000   0.000000
 0.863548   0.000000   0.000000
 0.865497   0.000000   0.000000
 0.867446   0.000000   0.000000
 0.869396   0.000000   0.000000
 0.871345   0.000000   0.000000
 0.873294   0.000000   0.000000
 0.875244   0.000000   0.000000
 0.877193   0.000000   0.000000
 0.879142   0.000000   0.000000
 0.881092   0.000000   0.000000
 0.883041   0.000000   0.000000
 0.884990   0.000000   0.000000
 0.886940   0.000000   0.000000
 0.888889   0.000000   0.000000
 0.890838   0.000000   0.000000
 0.892787   0.000000   0.000000
 0.894737   0.000000   0.000000
 0.896686   0.000000   0.000000
 0.898636   0.000000   0.000000
 0.900585   0.000000   0.000000
 0.902534   0.000000   0.000000
 0.904483   0.000000   0.000000
 0.906433   0.000000   0.000000
 0.908382   0.000000   0.000000
 0.910331   0.000000   0.000000
 0.912281   0.000000   0.000000
 0.914230   0.000000   0.000000
 0.916179   0.000000   0.000000
 0.918129   0.000000   0.000000
 0.920078   0.000000   0.000000
 0.922027   0.000000   0.000000
 0.923977   0.000000   0.000000
 0.925926   0.000000   0.000000
 0.927875   0.000000   0.000000
 0.929825   0.000000   0.000000
 0.931774   0.000000   0.000000
 0.933723   0.000000   0.000000
 0.935673   0.000000   0.000000
 0.937622   0.000000   0.000000
 0.939571   0.000000   0.000000
 0.941520   0.000000   0.000000
 0.943470   0.000000   0.000000
 0.945419   0.000000   0.000000
 0.947368   0.000000   0.000000
 0.949318   0.000000   0.000000
 0.951267   0.000000   0.000000
 0.953216   0.000000   0.000000
 0.955166   0.000000   0.000000
 0.957115   0.000000   0.000000
 0.959064   0.000000   0.000000
 0.961014   0.000000   0.000000
 0.962963   0.000000   0.000000
 0.964912   0.000000   0.000000
 0.966862   0.000000   0.000000
 0.968811   0.000000   0.000000
 0.970760   0.000000   0.000000
 0.972710   0.000000   0.000000
 0.974659   0.000000   0.000000
 0.976608   0.000000   0.000000
 0.978557   0.000000   0.000000
 0.980507   0.000000   0.000000
 0.982456   0.000000   0.000000
 0.984406   0.000000   0.000000
 0.986355   0.000000   0.000000
 0.988304   0.000000   0.000000
 0.990253   0.000000   0.000000
 0.992203   0.000000   0.000000
 0.994152   0.000000   0.000000
 0.996101   0.000000   0.000000
 0.998051   0.000000   0.000000
 1.000000   0.000000   0.000000
514 psinorm vtor1(km/s) dvtor1/dpsiN
 0.000000   0.000000   0.000000
 0.001949   0.000000   0.000000
 0.003899   0.000000   0.000000
 0.005848   0.000000   0.000000
 0.007797   0.000000   0.000000
 0.009747   0.000000   0.000000
 0.011696   0.000000   0.000000
 0.013645   0.000000   0.000000
 0.015595   0.000000   0.000000
 0.017544   0.000000   0.000000
 0.019493   0.000000   0.000000
 0.021442   0.000000   0.000000
 0.023392   0.000000   0.000000
 0.025341   0.000000   0.000000
 0.027290   0.000000   0.000000
 0.029240   0.000000   0.000000
 0.031189   0.000000   0.000000
 0.033138   0.000000   0.000000
 0.035088   0.000000   0.000000
 0.037037   0.000000   0.000000
 0.038986   0.000000   0.000000
 0.040936   0.000000   0.000000
 0.042885   0.000000   0.000000
 0.044834   0.000000   0.000000
 0.046784   0.000000   0.000000
 0.048733   0.000000   0.000000
 0.050682   0.000000   0.000000
 0.052632   0.000000   0.000000
 0.054581   0.000000   0.000000
 0.056530   0.000000   0.000000
 0.058480   0.000000   0.000000
 0.060429   0.000000   0.000000
 0.062378   0.000000   0.000000
 0.064327   0.000000   0.000000
 0.066277   0.000000   0.000000
 0.068226   0.000000   0.000000
 0.070175   0.000000   0.000000
 0.072125   0.000000   0.000000
 0.074074   0.000000   0.000000
 0.076023   0.000000   0.000000
 0.077973   0.000000   0.000000
 0.079922   0.000000   0.000000
 0.081871   0.000000   0.000000
 0.083821   0.000000   0.000000
 0.085770   0.000000   0.000000
 0.087719   0.000000   0.000000
 0.089669   0.000000   0.000000
 0.091618   0.000000   0.000000
 0.093567   0.000000   0.000000
 0.095517   0.000000   0.000000
 0.097466   0.000000   0.000000
 0.099415   0.000000   0.000000
 0.101364   0.000000   0.000000
 0.103314   0.000000   0.000000
 0.105263   0.000000   0.000000
 0.107213   0.000000   0.000000
 0.109162   0.000000   0.000000
 0.111111   0.000000   0.000000
 0.113060   0.000000   0.000000
 0.115010   0.000000   0.000000
 0.116959   0.000000   0.000000
 0.118908   0.000000   0.000000
 0.120858   0.000000   0.000000
 0.122807   0.000000   0.000000
 0.124756   0.000000   0.000000
 0.126706   0.000000   0.000000
 0.128655   0.000000   0.000000
 0.130604   0.000000   0.000000
 0.132554   0.000000   0.000000
 0.134503   0.000000   0.000000
 0.136452   0.000000   0.000000
 0.138402   0.000000   0.000000
 0.140351   0.000000   0.000000
 0.142300   0.000000   0.000000
 0.144250   0.000000   0.000000
 0.146199   0.000000   0.000000
 0.148148   0.000000   0.000000
 0.150097   0.000000   0.000000
 0.152047   0.000000   0.000000
 0.153996   0.000000   0.000000
 0.155945   0.000000   0.000000
 0.157895   0.000000   0.000000
 0.159844   0.000000   0.000000
 0.161793   0.000000   0.000000
 0.163743   0.000000   0.000000
 0.165692   0.000000   0.000000
 0.167641   0.000000   0.000000
 0.169591   0.000000   0.000000
 0.171540   0.000000   0.000000
 0.173489   0.000000   0.000000
 0.175439   0.000000   0.000000
 0.177388   0.000000   0.000000
 0.179337   0.000000   0.000000
 0.181286   0.000000   0.000000
 0.183236   0.000000   0.000000
 0.185185   0.000000   0.000000
 0.187135   0.000000   0.000000
 0.189084   0.000000   0.000000
 0.191033   0.000000   0.000000
 0.192983   0.000000   0.000000
 0.194932   0.000000   0.000000
 0.196881   0.000000   0.000000
 0.198830   0.000000   0.000000
 0.200780   0.000000   0.000000
 0.202729   0.000000   0.000000
 0.204678   0.000000   0.000000
 0.206628   0.000000   0.000000
 0.208577   0.000000   0.000000
 0.210526   0.000000   0.000000
 0.212476   0.000000   0.000000
 0.214425   0.000000   0.000000
 0.216374   0.000000   0.000000
 0.218324   0.000000   0.000000
 0.220273   0.000000   0.000000
 0.222222   0.000000   0.000000
 0.224171   0.000000   0.000000
 0.226121   0.000000   0.000000
 0.228070   0.000000   0.000000
 0.230019   0.000000   0.000000
 0.231969   0.000000   0.000000
 0.233918   0.000000   0.000000
 0.235867   0.000000   0.000000
 0.237817   0.000000   0.000000
 0.239766   0.000000   0.000000
 0.241715   0.000000   0.000000
 0.243665   0.000000   0.000000
 0.245614   0.000000   0.000000
 0.247563   0.000000   0.000000
 0.249513   0.000000   0.000000
 0.251462   0.000000   0.000000
 0.253411   0.000000   0.000000
 0.255361   0.000000   0.000000
 0.257310   0.000000   0.000000
 0.259259   0.000000   0.000000
 0.261209   0.000000   0.000000
 0.263158   0.000000   0.000000
 0.265107   0.000000   0.000000
 0.267056   0.000000   0.000000
 0.269006   0.000000   0.000000
 0.270955   0.000000   0.000000
 0.272904   0.000000   0.000000
 0.274854   0.000000   0.000000
 0.276803   0.000000   0.000000
 0.278752   0.000000   0.000000
 0.280702   0.000000   0.000000
 0.282651   0.000000   0.000000
 0.284600   0.000000   0.000000
 0.286550   0.000000   0.000000
 0.288499   0.000000   0.000000
 0.290448   0.000000   0.000000
 0.292398   0.000000   0.000000
 0.294347   0.000000   0.000000
 0.296296   0.000000   0.000000
 0.298246   0.000000   0.000000
 0.300195   0.000000   0.000000
 0.302144   0.000000   0.000000
 0.304094   0.000000   0.000000
 0.306043   0.000000   0.000000
 0.307992   0.000000   0.000000
 0.309941   0.000000   0.000000
 0.311891   0.000000   0.000000
 0.313840   0.000000   0.000000
 0.315790   0.000000   0.000000
 0.317739   0.000000   0.000000
 0.319688   0.000000   0.000000
 0.321637   0.000000   0.000000
 0.323587   0.000000   0.000000
 0.325536   0.000000   0.000000
 0.327485   0.000000   0.000000
 0.329435   0.000000   0.000000
 0.331384   0.000000   0.000000
 0.333333   0.000000   0.000000
 0.335283   0.000000   0.000000
 0.337232   0.000000   0.000000
 0.339181   0.000000   0.000000
 0.341131   0.000000   0.000000
 0.343080   0.000000   0.000000
 0.345029   0.000000   0.000000
 0.346979   0.000000   0.000000
 0.348928   0.000000   0.000000
 0.350877   0.000000   0.000000
 0.352826   0.000000   0.000000
 0.354776   0.000000   0.000000
 0.356725   0.000000   0.000000
 0.358675   0.000000   0.000000
 0.360624   0.000000   0.000000
 0.362573   0.000000   0.000000
 0.364522   0.000000   0.000000
 0.366472   0.000000   0.000000
 0.368421   0.000000   0.000000
 0.370370   0.000000   0.000000
 0.372320   0.000000   0.000000
 0.374269   0.000000   0.000000
 0.376218   0.000000   0.000000
 0.378168   0.000000   0.000000
 0.380117   0.000000   0.000000
 0.382066   0.000000   0.000000
 0.384016   0.000000   0.000000
 0.385965   0.000000   0.000000
 0.387914   0.000000   0.000000
 0.389863   0.000000   0.000000
 0.391813   0.000000   0.000000
 0.393762   0.000000   0.000000
 0.395711   0.000000   0.000000
 0.397661   0.000000   0.000000
 0.399610   0.000000   0.000000
 0.401560   0.000000   0.000000
 0.403509   0.000000   0.000000
 0.405458   0.000000   0.000000
 0.407407   0.000000   0.000000
 0.409357   0.000000   0.000000
 0.411306   0.000000   0.000000
 0.413255   0.000000   0.000000
 0.415205   0.000000   0.000000
 0.417154   0.000000   0.000000
 0.419103   0.000000   0.000000
 0.421053   0.000000   0.000000
 0.423002   0.000000   0.000000
 0.424951   0.000000   0.000000
 0.426901   0.000000   0.000000
 0.428850   0.000000   0.000000
 0.430799   0.000000   0.000000
 0.432748   0.000000   0.000000
 0.434698   0.000000   0.000000
 0.436647   0.000000   0.000000
 0.438597   0.000000   0.000000
 0.440546   0.000000   0.000000
 0.442495   0.000000   0.000000
 0.444444   0.000000   0.000000
 0.446394   0.000000   0.000000
 0.448343   0.000000   0.000000
 0.450292   0.000000   0.000000
 0.452242   0.000000   0.000000
 0.454191   0.000000   0.000000
 0.456140   0.000000   0.000000
 0.458090   0.000000   0.000000
 0.460039   0.000000   0.000000
 0.461988   0.000000   0.000000
 0.463938   0.000000   0.000000
 0.465887   0.000000   0.000000
 0.467836   0.000000   0.000000
 0.469786   0.000000   0.000000
 0.471735   0.000000   0.000000
 0.473684   0.000000   0.000000
 0.475633   0.000000   0.000000
 0.477583   0.000000   0.000000
 0.479532   0.000000   0.000000
 0.481482   0.000000   0.000000
 0.483431   0.000000   0.000000
 0.485380   0.000000   0.000000
 0.487329   0.000000   0.000000
 0.489279   0.000000   0.000000
 0.491228   0.000000   0.000000
 0.493177   0.000000   0.000000
 0.495127   0.000000   0.000000
 0.497076   0.000000   0.000000
 0.499025   0.000000   0.000000
 0.500975   0.000000   0.000000
 0.502924   0.000000   0.000000
 0.504873   0.000000   0.000000
 0.506823   0.000000   0.000000
 0.508772   0.000000   0.000000
 0.510721   0.000000   0.000000
 0.512671   0.000000   0.000000
 0.514620   0.000000   0.000000
 0.516569   0.000000   0.000000
 0.518518   0.000000   0.000000
 0.520468   0.000000   0.000000
 0.522417   0.000000   0.000000
 0.524366   0.000000   0.000000
 0.526316   0.000000   0.000000
 0.528265   0.000000   0.000000
 0.530214   0.000000   0.000000
 0.532164   0.000000   0.000000
 0.534113   0.000000   0.000000
 0.536062   0.000000   0.000000
 0.538012   0.000000   0.000000
 0.539961   0.000000   0.000000
 0.541910   0.000000   0.000000
 0.543860   0.000000   0.000000
 0.545809   0.000000   0.000000
 0.547758   0.000000   0.000000
 0.549708   0.000000   0.000000
 0.551657   0.000000   0.000000
 0.553606   0.000000   0.000000
 0.555556   0.000000   0.000000
 0.557505   0.000000   0.000000
 0.559454   0.000000   0.000000
 0.561404   0.000000   0.000000
 0.563353   0.000000   0.000000
 0.565302   0.000000   0.000000
 0.567252   0.000000   0.000000
 0.569201   0.000000   0.000000
 0.571150   0.000000   0.000000
 0.573099   0.000000   0.000000
 0.575049   0.000000   0.000000
 0.576998   0.000000   0.000000
 0.578947   0.000000   0.000000
 0.580897   0.000000   0.000000
 0.582846   0.000000   0.000000
 0.584795   0.000000   0.000000
 0.586745   0.000000   0.000000
 0.588694   0.000000   0.000000
 0.590643   0.000000   0.000000
 0.592593   0.000000   0.000000
 0.594542   0.000000   0.000000
 0.596491   0.000000   0.000000
 0.598441   0.000000   0.000000
 0.600390   0.000000   0.000000
 0.602339   0.000000   0.000000
 0.604289   0.000000   0.000000
 0.606238   0.000000   0.000000
 0.608187   0.000000   0.000000
 0.610136   0.000000   0.000000
 0.612086   0.000000   0.000000
 0.614035   0.000000   0.000000
 0.615984   0.000000   0.000000
 0.617934   0.000000   0.000000
 0.619883   0.000000   0.000000
 0.621832   0.000000   0.000000
 0.623782   0.000000   0.000000
 0.625731   0.000000   0.000000
 0.627680   0.000000   0.000000
 0.629630   0.000000   0.000000
 0.631579   0.000000   0.000000
 0.633528   0.000000   0.000000
 0.635478   0.000000   0.000000
 0.637427   0.000000   0.000000
 0.639376   0.000000   0.000000
 0.641325   0.000000   0.000000
 0.643275   0.000000   0.000000
 0.645224   0.000000   0.000000
 0.647173   0.000000   0.000000
 0.649123   0.000000   0.000000
 0.651072   0.000000   0.000000
 0.653021   0.000000   0.000000
 0.654971   0.000000   0.000000
 0.656920   0.000000   0.000000
 0.658869   0.000000   0.000000
 0.660819   0.000000   0.000000
 0.662768   0.000000   0.000000
 0.664717   0.000000   0.000000
 0.666667   0.000000   0.000000
 0.668616   0.000000   0.000000
 0.670565   0.000000   0.000000
 0.672515   0.000000   0.000000
 0.674464   0.000000   0.000000
 0.676413   0.000000   0.000000
 0.678363   0.000000   0.000000
 0.680312   0.000000   0.000000
 0.682261   0.000000   0.000000
 0.684211   0.000000   0.000000
 0.686160   0.000000   0.000000
 0.688109   0.000000   0.000000
 0.690059   0.000000   0.000000
 0.692008   0.000000   0.000000
 0.693957   0.000000   0.000000
 0.695906   0.000000   0.000000
 0.697856   0.000000   0.000000
 0.699805   0.000000   0.000000
 0.701754   0.000000   0.000000
 0.703704   0.000000   0.000000
 0.705653   0.000000   0.000000
 0.707602   0.000000   0.000000
 0.709552   0.000000   0.000000
 0.711501   0.000000   0.000000
 0.713450   0.000000   0.000000
 0.715400   0.000000   0.000000
 0.717349   0.000000   0.000000
 0.719298   0.000000   0.000000
 0.721248   0.000000   0.000000
 0.723197   0.000000   0.000000
 0.725146   0.000000   0.000000
 0.727096   0.000000   0.000000
 0.729045   0.000000   0.000000
 0.730994   0.000000   0.000000
 0.732943   0.000000   0.000000
 0.734893   0.000000   0.000000
 0.736842   0.000000   0.000000
 0.738791   0.000000   0.000000
 0.740741   0.000000   0.000000
 0.742690   0.000000   0.000000
 0.744639   0.000000   0.000000
 0.746589   0.000000   0.000000
 0.748538   0.000000   0.000000
 0.750487   0.000000   0.000000
 0.752437   0.000000   0.000000
 0.754386   0.000000   0.000000
 0.756335   0.000000   0.000000
 0.758285   0.000000   0.000000
 0.760234   0.000000   0.000000
 0.762183   0.000000   0.000000
 0.764133   0.000000   0.000000
 0.766082   0.000000   0.000000
 0.768031   0.000000   0.000000
 0.769980   0.000000   0.000000
 0.771930   0.000000   0.000000
 0.773879   0.000000   0.000000
 0.775829   0.000000   0.000000
 0.777778   0.000000   0.000000
 0.779727   0.000000   0.000000
 0.781676   0.000000   0.000000
 0.783626   0.000000   0.000000
 0.785575   0.000000   0.000000
 0.787524   0.000000   0.000000
 0.789474   0.000000   0.000000
 0.791423   0.000000   0.000000
 0.793372   0.000000   0.000000
 0.795322   0.000000   0.000000
 0.797271   0.000000   0.000000
 0.799220   0.000000   0.000000
 0.801170   0.000000   0.000000
 0.803119   0.000000   0.000000
 0.805068   0.000000   0.000000
 0.807018   0.000000   0.000000
 0.808967   0.000000   0.000000
 0.810916   0.000000   0.000000
 0.812866   0.000000   0.000000
 0.814815   0.000000   0.000000
 0.816764   0.000000   0.000000
 0.818713   0.000000   0.000000
 0.820663   0.000000   0.000000
 0.822612   0.000000   0.000000
 0.824561   0.000000   0.000000
 0.826511   0.000000   0.000000
 0.828460   0.000000   0.000000
 0.830409   0.000000   0.000000
 0.832359   0.000000   0.000000
 0.834308   0.000000   0.000000
 0.836257   0.000000   0.000000
 0.838207   0.000000   0.000000
 0.840156   0.000000   0.000000
 0.842105   0.000000   0.000000
 0.844055   0.000000   0.000000
 0.846004   0.000000   0.000000
 0.847953   0.000000   0.000000
 0.849903   0.000000   0.000000
 0.851852   0.000000   0.000000
 0.853801   0.000000   0.000000
 0.855750   0.000000   0.000000
 0.857700   0.000000   0.000000
 0.859649   0.000000   0.000000
 0.861598   0.000000   0.000000
 0.863548   0.000000   0.000000
 0.865497   0.000000   0.000000
 0.867446   0.000000   0.000000
 0.869396   0.000000   0.000000
 0.871345   0.000000   0.000000
 0.873294   0.000000   0.000000
 0.875244   0.000000   0.000000
 0.877193   0.000000   0.000000
 0.879142   0.000000   0.000000
 0.881092   0.000000   0.000000
 0.883041   0.000000   0.000000
 0.884990   0.000000   0.000000
 0.886940   0.000000   0.000000
 0.888889   0.000000   0.000000
 0.890838   0.000000   0.000000
 0.892787   0.000000   0.000000
 0.894737   0.000000   0.000000
 0.896686   0.000000   0.000000
 0.898636   0.000000   0.000000
 0.900585   0.000000   0.000000
 0.902534   0.000000   0.000000
 0.904483   0.000000   0.000000
 0.906433   0.000000   0.000000
 0.908382   0.000000   0.000000
 0.910331   0.000000   0.000000
 0.912281   0.000000   0.000000
 0.914230   0.000000   0.000000
 0.916179   0.000000   0.000000
 0.918129   0.000000   0.000000
 0.920078   0.000000   0.000000
 0.922027   0.000000   0.000000
 0.923977   0.000000   0.000000
 0.925926   0.000000   0.000000
 0.927875   0.000000   0.000000
 0.929825   0.000000   0.000000
 0.931774   0.000000   0.000000
 0.933723   0.000000   0.000000
 0.935673   0.000000   0.000000
 0.937622   0.000000   0.000000
 0.939571   0.000000   0.000000
 0.941520   0.000000   0.000000
 0.943470   0.000000   0.000000
 0.945419   0.000000   0.000000
 0.947368   0.000000   0.000000
 0.949318   0.000000   0.000000
 0.951267   0.000000   0.000000
 0.953216   0.000000   0.000000
 0.955166   0.000000   0.000000
 0.957115   0.000000   0.000000
 0.959064   0.000000   0.000000
 0.961014   0.000000   0.000000
 0.962963   0.000000   0.000000
 0.964912   0.000000   0.000000
 0.966862   0.000000   0.000000
 0.968811   0.000000   0.000000
 0.970760   0.000000   0.000000
 0.972710   0.000000   0.000000
 0.974659   0.000000   0.000000
 0.976608   0.000000   0.000000
 0.978557   0.000000   0.000000
 0.980507   0.000000   0.000000
 0.982456   0.000000   0.000000
 0.984406   0.000000   0.000000
 0.986355   0.000000   0.000000
 0.988304   0.000000   0.000000
 0.990253   0.000000   0.000000
 0.992203   0.000000   0.000000
 0.994152   0.000000   0.000000
 0.996101   0.000000   0.000000
 0.998051   0.000000   0.000000
 1.000000   0.000000   0.000000
514 psinorm vpol1(km/s) dvpol1/dpsiN
 0.000000   0.000000   0.000000
 0.001949   0.000000   0.000000
 0.003899   0.000000   0.000000
 0.005848   0.000000   0.000000
 0.007797   0.000000   0.000000
 0.009747   0.000000   0.000000
 0.011696   0.000000   0.000000
 0.013645   0.000000   0.000000
 0.015595   0.000000   0.000000
 0.017544   0.000000   0.000000
 0.019493   0.000000   0.000000
 0.021442   0.000000   0.000000
 0.023392   0.000000   0.000000
 0.025341   0.000000   0.000000
 0.027290   0.000000   0.000000
 0.029240   0.000000   0.000000
 0.031189   0.000000   0.000000
 0.033138   0.000000   0.000000
 0.035088   0.000000   0.000000
 0.037037   0.000000   0.000000
 0.038986   0.000000   0.000000
 0.040936   0.000000   0.000000
 0.042885   0.000000   0.000000
 0.044834   0.000000   0.000000
 0.046784   0.000000   0.000000
 0.048733   0.000000   0.000000
 0.050682   0.000000   0.000000
 0.052632   0.000000   0.000000
 0.054581   0.000000   0.000000
 0.056530   0.000000   0.000000
 0.058480   0.000000   0.000000
 0.060429   0.000000   0.000000
 0.062378   0.000000   0.000000
 0.064327   0.000000   0.000000
 0.066277   0.000000   0.000000
 0.068226   0.000000   0.000000
 0.070175   0.000000   0.000000
 0.072125   0.000000   0.000000
 0.074074   0.000000   0.000000
 0.076023   0.000000   0.000000
 0.077973   0.000000   0.000000
 0.079922   0.000000   0.000000
 0.081871   0.000000   0.000000
 0.083821   0.000000   0.000000
 0.085770   0.000000   0.000000
 0.087719   0.000000   0.000000
 0.089669   0.000000   0.000000
 0.091618   0.000000   0.000000
 0.093567   0.000000   0.000000
 0.095517   0.000000   0.000000
 0.097466   0.000000   0.000000
 0.099415   0.000000   0.000000
 0.101364   0.000000   0.000000
 0.103314   0.000000   0.000000
 0.105263   0.000000   0.000000
 0.107213   0.000000   0.000000
 0.109162   0.000000   0.000000
 0.111111   0.000000   0.000000
 0.113060   0.000000   0.000000
 0.115010   0.000000   0.000000
 0.116959   0.000000   0.000000
 0.118908   0.000000   0.000000
 0.120858   0.000000   0.000000
 0.122807   0.000000   0.000000
 0.124756   0.000000   0.000000
 0.126706   0.000000   0.000000
 0.128655   0.000000   0.000000
 0.130604   0.000000   0.000000
 0.132554   0.000000   0.000000
 0.134503   0.000000   0.000000
 0.136452   0.000000   0.000000
 0.138402   0.000000   0.000000
 0.140351   0.000000   0.000000
 0.142300   0.000000   0.000000
 0.144250   0.000000   0.000000
 0.146199   0.000000   0.000000
 0.148148   0.000000   0.000000
 0.150097   0.000000   0.000000
 0.152047   0.000000   0.000000
 0.153996   0.000000   0.000000
 0.155945   0.000000   0.000000
 0.157895   0.000000   0.000000
 0.159844   0.000000   0.000000
 0.161793   0.000000   0.000000
 0.163743   0.000000   0.000000
 0.165692   0.000000   0.000000
 0.167641   0.000000   0.000000
 0.169591   0.000000   0.000000
 0.171540   0.000000   0.000000
 0.173489   0.000000   0.000000
 0.175439   0.000000   0.000000
 0.177388   0.000000   0.000000
 0.179337   0.000000   0.000000
 0.181286   0.000000   0.000000
 0.183236   0.000000   0.000000
 0.185185   0.000000   0.000000
 0.187135   0.000000   0.000000
 0.189084   0.000000   0.000000
 0.191033   0.000000   0.000000
 0.192983   0.000000   0.000000
 0.194932   0.000000   0.000000
 0.196881   0.000000   0.000000
 0.198830   0.000000   0.000000
 0.200780   0.000000   0.000000
 0.202729   0.000000   0.000000
 0.204678   0.000000   0.000000
 0.206628   0.000000   0.000000
 0.208577   0.000000   0.000000
 0.210526   0.000000   0.000000
 0.212476   0.000000   0.000000
 0.214425   0.000000   0.000000
 0.216374   0.000000   0.000000
 0.218324   0.000000   0.000000
 0.220273   0.000000   0.000000
 0.222222   0.000000   0.000000
 0.224171   0.000000   0.000000
 0.226121   0.000000   0.000000
 0.228070   0.000000   0.000000
 0.230019   0.000000   0.000000
 0.231969   0.000000   0.000000
 0.233918   0.000000   0.000000
 0.235867   0.000000   0.000000
 0.237817   0.000000   0.000000
 0.239766   0.000000   0.000000
 0.241715   0.000000   0.000000
 0.243665   0.000000   0.000000
 0.245614   0.000000   0.000000
 0.247563   0.000000   0.000000
 0.249513   0.000000   0.000000
 0.251462   0.000000   0.000000
 0.253411   0.000000   0.000000
 0.255361   0.000000   0.000000
 0.257310   0.000000   0.000000
 0.259259   0.000000   0.000000
 0.261209   0.000000   0.000000
 0.263158   0.000000   0.000000
 0.265107   0.000000   0.000000
 0.267056   0.000000   0.000000
 0.269006   0.000000   0.000000
 0.270955   0.000000   0.000000
 0.272904   0.000000   0.000000
 0.274854   0.000000   0.000000
 0.276803   0.000000   0.000000
 0.278752   0.000000   0.000000
 0.280702   0.000000   0.000000
 0.282651   0.000000   0.000000
 0.284600   0.000000   0.000000
 0.286550   0.000000   0.000000
 0.288499   0.000000   0.000000
 0.290448   0.000000   0.000000
 0.292398   0.000000   0.000000
 0.294347   0.000000   0.000000
 0.296296   0.000000   0.000000
 0.298246   0.000000   0.000000
 0.300195   0.000000   0.000000
 0.302144   0.000000   0.000000
 0.304094   0.000000   0.000000
 0.306043   0.000000   0.000000
 0.307992   0.000000   0.000000
 0.309941   0.000000   0.000000
 0.311891   0.000000   0.000000
 0.313840   0.000000   0.000000
 0.315790   0.000000   0.000000
 0.317739   0.000000   0.000000
 0.319688   0.000000   0.000000
 0.321637   0.000000   0.000000
 0.323587   0.000000   0.000000
 0.325536   0.000000   0.000000
 0.327485   0.000000   0.000000
 0.329435   0.000000   0.000000
 0.331384   0.000000   0.000000
 0.333333   0.000000   0.000000
 0.335283   0.000000   0.000000
 0.337232   0.000000   0.000000
 0.339181   0.000000   0.000000
 0.341131   0.000000   0.000000
 0.343080   0.000000   0.000000
 0.345029   0.000000   0.000000
 0.346979   0.000000   0.000000
 0.348928   0.000000   0.000000
 0.350877   0.000000   0.000000
 0.352826   0.000000   0.000000
 0.354776   0.000000   0.000000
 0.356725   0.000000   0.000000
 0.358675   0.000000   0.000000
 0.360624   0.000000   0.000000
 0.362573   0.000000   0.000000
 0.364522   0.000000   0.000000
 0.366472   0.000000   0.000000
 0.368421   0.000000   0.000000
 0.370370   0.000000   0.000000
 0.372320   0.000000   0.000000
 0.374269   0.000000   0.000000
 0.376218   0.000000   0.000000
 0.378168   0.000000   0.000000
 0.380117   0.000000   0.000000
 0.382066   0.000000   0.000000
 0.384016   0.000000   0.000000
 0.385965   0.000000   0.000000
 0.387914   0.000000   0.000000
 0.389863   0.000000   0.000000
 0.391813   0.000000   0.000000
 0.393762   0.000000   0.000000
 0.395711   0.000000   0.000000
 0.397661   0.000000   0.000000
 0.399610   0.000000   0.000000
 0.401560   0.000000   0.000000
 0.403509   0.000000   0.000000
 0.405458   0.000000   0.000000
 0.407407   0.000000   0.000000
 0.409357   0.000000   0.000000
 0.411306   0.000000   0.000000
 0.413255   0.000000   0.000000
 0.415205   0.000000   0.000000
 0.417154   0.000000   0.000000
 0.419103   0.000000   0.000000
 0.421053   0.000000   0.000000
 0.423002   0.000000   0.000000
 0.424951   0.000000   0.000000
 0.426901   0.000000   0.000000
 0.428850   0.000000   0.000000
 0.430799   0.000000   0.000000
 0.432748   0.000000   0.000000
 0.434698   0.000000   0.000000
 0.436647   0.000000   0.000000
 0.438597   0.000000   0.000000
 0.440546   0.000000   0.000000
 0.442495   0.000000   0.000000
 0.444444   0.000000   0.000000
 0.446394   0.000000   0.000000
 0.448343   0.000000   0.000000
 0.450292   0.000000   0.000000
 0.452242   0.000000   0.000000
 0.454191   0.000000   0.000000
 0.456140   0.000000   0.000000
 0.458090   0.000000   0.000000
 0.460039   0.000000   0.000000
 0.461988   0.000000   0.000000
 0.463938   0.000000   0.000000
 0.465887   0.000000   0.000000
 0.467836   0.000000   0.000000
 0.469786   0.000000   0.000000
 0.471735   0.000000   0.000000
 0.473684   0.000000   0.000000
 0.475633   0.000000   0.000000
 0.477583   0.000000   0.000000
 0.479532   0.000000   0.000000
 0.481482   0.000000   0.000000
 0.483431   0.000000   0.000000
 0.485380   0.000000   0.000000
 0.487329   0.000000   0.000000
 0.489279   0.000000   0.000000
 0.491228   0.000000   0.000000
 0.493177   0.000000   0.000000
 0.495127   0.000000   0.000000
 0.497076   0.000000   0.000000
 0.499025   0.000000   0.000000
 0.500975   0.000000   0.000000
 0.502924   0.000000   0.000000
 0.504873   0.000000   0.000000
 0.506823   0.000000   0.000000
 0.508772   0.000000   0.000000
 0.510721   0.000000   0.000000
 0.512671   0.000000   0.000000
 0.514620   0.000000   0.000000
 0.516569   0.000000   0.000000
 0.518518   0.000000   0.000000
 0.520468   0.000000   0.000000
 0.522417   0.000000   0.000000
 0.524366   0.000000   0.000000
 0.526316   0.000000   0.000000
 0.528265   0.000000   0.000000
 0.530214   0.000000   0.000000
 0.532164   0.000000   0.000000
 0.534113   0.000000   0.000000
 0.536062   0.000000   0.000000
 0.538012   0.000000   0.000000
 0.539961   0.000000   0.000000
 0.541910   0.000000   0.000000
 0.543860   0.000000   0.000000
 0.545809   0.000000   0.000000
 0.547758   0.000000   0.000000
 0.549708   0.000000   0.000000
 0.551657   0.000000   0.000000
 0.553606   0.000000   0.000000
 0.555556   0.000000   0.000000
 0.557505   0.000000   0.000000
 0.559454   0.000000   0.000000
 0.561404   0.000000   0.000000
 0.563353   0.000000   0.000000
 0.565302   0.000000   0.000000
 0.567252   0.000000   0.000000
 0.569201   0.000000   0.000000
 0.571150   0.000000   0.000000
 0.573099   0.000000   0.000000
 0.575049   0.000000   0.000000
 0.576998   0.000000   0.000000
 0.578947   0.000000   0.000000
 0.580897   0.000000   0.000000
 0.582846   0.000000   0.000000
 0.584795   0.000000   0.000000
 0.586745   0.000000   0.000000
 0.588694   0.000000   0.000000
 0.590643   0.000000   0.000000
 0.592593   0.000000   0.000000
 0.594542   0.000000   0.000000
 0.596491   0.000000   0.000000
 0.598441   0.000000   0.000000
 0.600390   0.000000   0.000000
 0.602339   0.000000   0.000000
 0.604289   0.000000   0.000000
 0.606238   0.000000   0.000000
 0.608187   0.000000   0.000000
 0.610136   0.000000   0.000000
 0.612086   0.000000   0.000000
 0.614035   0.000000   0.000000
 0.615984   0.000000   0.000000
 0.617934   0.000000   0.000000
 0.619883   0.000000   0.000000
 0.621832   0.000000   0.000000
 0.623782   0.000000   0.000000
 0.625731   0.000000   0.000000
 0.627680   0.000000   0.000000
 0.629630   0.000000   0.000000
 0.631579   0.000000   0.000000
 0.633528   0.000000   0.000000
 0.635478   0.000000   0.000000
 0.637427   0.000000   0.000000
 0.639376   0.000000   0.000000
 0.641325   0.000000   0.000000
 0.643275   0.000000   0.000000
 0.645224   0.000000   0.000000
 0.647173   0.000000   0.000000
 0.649123   0.000000   0.000000
 0.651072   0.000000   0.000000
 0.653021   0.000000   0.000000
 0.654971   0.000000   0.000000
 0.656920   0.000000   0.000000
 0.658869   0.000000   0.000000
 0.660819   0.000000   0.000000
 0.662768   0.000000   0.000000
 0.664717   0.000000   0.000000
 0.666667   0.000000   0.000000
 0.668616   0.000000   0.000000
 0.670565   0.000000   0.000000
 0.672515   0.000000   0.000000
 0.674464   0.000000   0.000000
 0.676413   0.000000   0.000000
 0.678363   0.000000   0.000000
 0.680312   0.000000   0.000000
 0.682261   0.000000   0.000000
 0.684211   0.000000   0.000000
 0.686160   0.000000   0.000000
 0.688109   0.000000   0.000000
 0.690059   0.000000   0.000000
 0.692008   0.000000   0.000000
 0.693957   0.000000   0.000000
 0.695906   0.000000   0.000000
 0.697856   0.000000   0.000000
 0.699805   0.000000   0.000000
 0.701754   0.000000   0.000000
 0.703704   0.000000   0.000000
 0.705653   0.000000   0.000000
 0.707602   0.000000   0.000000
 0.709552   0.000000   0.000000
 0.711501   0.000000   0.000000
 0.713450   0.000000   0.000000
 0.715400   0.000000   0.000000
 0.717349   0.000000   0.000000
 0.719298   0.000000   0.000000
 0.721248   0.000000   0.000000
 0.723197   0.000000   0.000000
 0.725146   0.000000   0.000000
 0.727096   0.000000   0.000000
 0.729045   0.000000   0.000000
 0.730994   0.000000   0.000000
 0.732943   0.000000   0.000000
 0.734893   0.000000   0.000000
 0.736842   0.000000   0.000000
 0.738791   0.000000   0.000000
 0.740741   0.000000   0.000000
 0.742690   0.000000   0.000000
 0.744639   0.000000   0.000000
 0.746589   0.000000   0.000000
 0.748538   0.000000   0.000000
 0.750487   0.000000   0.000000
 0.752437   0.000000   0.000000
 0.754386   0.000000   0.000000
 0.756335   0.000000   0.000000
 0.758285   0.000000   0.000000
 0.760234   0.000000   0.000000
 0.762183   0.000000   0.000000
 0.764133   0.000000   0.000000
 0.766082   0.000000   0.000000
 0.768031   0.000000   0.000000
 0.769980   0.000000   0.000000
 0.771930   0.000000   0.000000
 0.773879   0.000000   0.000000
 0.775829   0.000000   0.000000
 0.777778   0.000000   0.000000
 0.779727   0.000000   0.000000
 0.781676   0.000000   0.000000
 0.783626   0.000000   0.000000
 0.785575   0.000000   0.000000
 0.787524   0.000000   0.000000
 0.789474   0.000000   0.000000
 0.791423   0.000000   0.000000
 0.793372   0.000000   0.000000
 0.795322   0.000000   0.000000
 0.797271   0.000000   0.000000
 0.799220   0.000000   0.000000
 0.801170   0.000000   0.000000
 0.803119   0.000000   0.000000
 0.805068   0.000000   0.000000
 0.807018   0.000000   0.000000
 0.808967   0.000000   0.000000
 0.810916   0.000000   0.000000
 0.812866   0.000000   0.000000
 0.814815   0.000000   0.000000
 0.816764   0.000000   0.000000
 0.818713   0.000000   0.000000
 0.820663   0.000000   0.000000
 0.822612   0.000000   0.000000
 0.824561   0.000000   0.000000
 0.826511   0.000000   0.000000
 0.828460   0.000000   0.000000
 0.830409   0.000000   0.000000
 0.832359   0.000000   0.000000
 0.834308   0.000000   0.000000
 0.836257   0.000000   0.000000
 0.838207   0.000000   0.000000
 0.840156   0.000000   0.000000
 0.842105   0.000000   0.000000
 0.844055   0.000000   0.000000
 0.846004   0.000000   0.000000
 0.847953   0.000000   0.000000
 0.849903   0.000000   0.000000
 0.851852   0.000000   0.000000
 0.853801   0.000000   0.000000
 0.855750   0.000000   0.000000
 0.857700   0.000000   0.000000
 0.859649   0.000000   0.000000
 0.861598   0.000000   0.000000
 0.863548   0.000000   0.000000
 0.865497   0.000000   0.000000
 0.867446   0.000000   0.000000
 0.869396   0.000000   0.000000
 0.871345   0.000000   0.000000
 0.873294   0.000000   0.000000
 0.875244   0.000000   0.000000
 0.877193   0.000000   0.000000
 0.879142   0.000000   0.000000
 0.881092   0.000000   0.000000
 0.883041   0.000000   0.000000
 0.884990   0.000000   0.000000
 0.886940   0.000000   0.000000
 0.888889   0.000000   0.000000
 0.890838   0.000000   0.000000
 0.892787   0.000000   0.000000
 0.894737   0.000000   0.000000
 0.896686   0.000000   0.000000
 0.898636   0.000000   0.000000
 0.900585   0.000000   0.000000
 0.902534   0.000000   0.000000
 0.904483   0.000000   0.000000
 0.906433   0.000000   0.000000
 0.908382   0.000000   0.000000
 0.910331   0.000000   0.000000
 0.912281   0.000000   0.000000
 0.914230   0.000000   0.000000
 0.916179   0.000000   0.000000
 0.918129   0.000000   0.000000
 0.920078   0.000000   0.000000
 0.922027   0.000000   0.000000
 0.923977   0.000000   0.000000
 0.925926   0.000000   0.000000
 0.927875   0.000000   0.000000
 0.929825   0.000000   0.000000
 0.931774   0.000000   0.000000
 0.933723   0.000000   0.000000
 0.935673   0.000000   0.000000
 0.937622   0.000000   0.000000
 0.939571   0.000000   0.000000
 0.941520   0.000000   0.000000
 0.943470   0.000000   0.000000
 0.945419   0.000000   0.000000
 0.947368   0.000000   0.000000
 0.949318   0.000000   0.000000
 0.951267   0.000000   0.000000
 0.953216   0.000000   0.000000
 0.955166   0.000000   0.000000
 0.957115   0.000000   0.000000
 0.959064   0.000000   0.000000
 0.961014   0.000000   0.000000
 0.962963   0.000000   0.000000
 0.964912   0.000000   0.000000
 0.966862   0.000000   0.000000
 0.968811   0.000000   0.000000
 0.970760   0.000000   0.000000
 0.972710   0.000000   0.000000
 0.974659   0.000000   0.000000
 0.976608   0.000000   0.000000
 0.978557   0.000000   0.000000
 0.980507   0.000000   0.000000
 0.982456   0.000000   0.000000
 0.984406   0.000000   0.000000
 0.986355   0.000000   0.000000
 0.988304   0.000000   0.000000
 0.990253   0.000000   0.000000
 0.992203   0.000000   0.000000
 0.994152   0.000000   0.000000
 0.996101   0.000000   0.000000
 0.998051   0.000000   0.000000
 1.000000   0.000000   0.000000
514 psinorm kpol(km/s/T) dkpol/dpsiN
 0.000000   0.000000   0.000000
 0.001949   0.000000   0.000000
 0.003899   0.000000   0.000000
 0.005848   0.000000   0.000000
 0.007797   0.000000   0.000000
 0.009747   0.000000   0.000000
 0.011696   0.000000   0.000000
 0.013645   0.000000   0.000000
 0.015595   0.000000   0.000000
 0.017544   0.000000   0.000000
 0.019493   0.000000   0.000000
 0.021442   0.000000   0.000000
 0.023392   0.000000   0.000000
 0.025341   0.000000   0.000000
 0.027290   0.000000   0.000000
 0.029240   0.000000   0.000000
 0.031189   0.000000   0.000000
 0.033138   0.000000   0.000000
 0.035088   0.000000   0.000000
 0.037037   0.000000   0.000000
 0.038986   0.000000   0.000000
 0.040936   0.000000   0.000000
 0.042885   0.000000   0.000000
 0.044834   0.000000   0.000000
 0.046784   0.000000   0.000000
 0.048733   0.000000   0.000000
 0.050682   0.000000   0.000000
 0.052632   0.000000   0.000000
 0.054581   0.000000   0.000000
 0.056530   0.000000   0.000000
 0.058480   0.000000   0.000000
 0.060429   0.000000   0.000000
 0.062378   0.000000   0.000000
 0.064327   0.000000   0.000000
 0.066277   0.000000   0.000000
 0.068226   0.000000   0.000000
 0.070175   0.000000   0.000000
 0.072125   0.000000   0.000000
 0.074074   0.000000   0.000000
 0.076023   0.000000   0.000000
 0.077973   0.000000   0.000000
 0.079922   0.000000   0.000000
 0.081871   0.000000   0.000000
 0.083821   0.000000   0.000000
 0.085770   0.000000   0.000000
 0.087719   0.000000   0.000000
 0.089669   0.000000   0.000000
 0.091618   0.000000   0.000000
 0.093567   0.000000   0.000000
 0.095517   0.000000   0.000000
 0.097466   0.000000   0.000000
 0.099415   0.000000   0.000000
 0.101364   0.000000   0.000000
 0.103314   0.000000   0.000000
 0.105263   0.000000   0.000000
 0.107213   0.000000   0.000000
 0.109162   0.000000   0.000000
 0.111111   0.000000   0.000000
 0.113060   0.000000   0.000000
 0.115010   0.000000   0.000000
 0.116959   0.000000   0.000000
 0.118908   0.000000   0.000000
 0.120858   0.000000   0.000000
 0.122807   0.000000   0.000000
 0.124756   0.000000   0.000000
 0.126706   0.000000   0.000000
 0.128655   0.000000   0.000000
 0.130604   0.000000   0.000000
 0.132554   0.000000   0.000000
 0.134503   0.000000   0.000000
 0.136452   0.000000   0.000000
 0.138402   0.000000   0.000000
 0.140351   0.000000   0.000000
 0.142300   0.000000   0.000000
 0.144250   0.000000   0.000000
 0.146199   0.000000   0.000000
 0.148148   0.000000   0.000000
 0.150097   0.000000   0.000000
 0.152047   0.000000   0.000000
 0.153996   0.000000   0.000000
 0.155945   0.000000   0.000000
 0.157895   0.000000   0.000000
 0.159844   0.000000   0.000000
 0.161793   0.000000   0.000000
 0.163743   0.000000   0.000000
 0.165692   0.000000   0.000000
 0.167641   0.000000   0.000000
 0.169591   0.000000   0.000000
 0.171540   0.000000   0.000000
 0.173489   0.000000   0.000000
 0.175439   0.000000   0.000000
 0.177388   0.000000   0.000000
 0.179337   0.000000   0.000000
 0.181286   0.000000   0.000000
 0.183236   0.000000   0.000000
 0.185185   0.000000   0.000000
 0.187135   0.000000   0.000000
 0.189084   0.000000   0.000000
 0.191033   0.000000   0.000000
 0.192983   0.000000   0.000000
 0.194932   0.000000   0.000000
 0.196881   0.000000   0.000000
 0.198830   0.000000   0.000000
 0.200780   0.000000   0.000000
 0.202729   0.000000   0.000000
 0.204678   0.000000   0.000000
 0.206628   0.000000   0.000000
 0.208577   0.000000   0.000000
 0.210526   0.000000   0.000000
 0.212476   0.000000   0.000000
 0.214425   0.000000   0.000000
 0.216374   0.000000   0.000000
 0.218324   0.000000   0.000000
 0.220273   0.000000   0.000000
 0.222222   0.000000   0.000000
 0.224171   0.000000   0.000000
 0.226121   0.000000   0.000000
 0.228070   0.000000   0.000000
 0.230019   0.000000   0.000000
 0.231969   0.000000   0.000000
 0.233918   0.000000   0.000000
 0.235867   0.000000   0.000000
 0.237817   0.000000   0.000000
 0.239766   0.000000   0.000000
 0.241715   0.000000   0.000000
 0.243665   0.000000   0.000000
 0.245614   0.000000   0.000000
 0.247563   0.000000   0.000000
 0.249513   0.000000   0.000000
 0.251462   0.000000   0.000000
 0.253411   0.000000   0.000000
 0.255361   0.000000   0.000000
 0.257310   0.000000   0.000000
 0.259259   0.000000   0.000000
 0.261209   0.000000   0.000000
 0.263158   0.000000   0.000000
 0.265107   0.000000   0.000000
 0.267056   0.000000   0.000000
 0.269006   0.000000   0.000000
 0.270955   0.000000   0.000000
 0.272904   0.000000   0.000000
 0.274854   0.000000   0.000000
 0.276803   0.000000   0.000000
 0.278752   0.000000   0.000000
 0.280702   0.000000   0.000000
 0.282651   0.000000   0.000000
 0.284600   0.000000   0.000000
 0.286550   0.000000   0.000000
 0.288499   0.000000   0.000000
 0.290448   0.000000   0.000000
 0.292398   0.000000   0.000000
 0.294347   0.000000   0.000000
 0.296296   0.000000   0.000000
 0.298246   0.000000   0.000000
 0.300195   0.000000   0.000000
 0.302144   0.000000   0.000000
 0.304094   0.000000   0.000000
 0.306043   0.000000   0.000000
 0.307992   0.000000   0.000000
 0.309941   0.000000   0.000000
 0.311891   0.000000   0.000000
 0.313840   0.000000   0.000000
 0.315790   0.000000   0.000000
 0.317739   0.000000   0.000000
 0.319688   0.000000   0.000000
 0.321637   0.000000   0.000000
 0.323587   0.000000   0.000000
 0.325536   0.000000   0.000000
 0.327485   0.000000   0.000000
 0.329435   0.000000   0.000000
 0.331384   0.000000   0.000000
 0.333333   0.000000   0.000000
 0.335283   0.000000   0.000000
 0.337232   0.000000   0.000000
 0.339181   0.000000   0.000000
 0.341131   0.000000   0.000000
 0.343080   0.000000   0.000000
 0.345029   0.000000   0.000000
 0.346979   0.000000   0.000000
 0.348928   0.000000   0.000000
 0.350877   0.000000   0.000000
 0.352826   0.000000   0.000000
 0.354776   0.000000   0.000000
 0.356725   0.000000   0.000000
 0.358675   0.000000   0.000000
 0.360624   0.000000   0.000000
 0.362573   0.000000   0.000000
 0.364522   0.000000   0.000000
 0.366472   0.000000   0.000000
 0.368421   0.000000   0.000000
 0.370370   0.000000   0.000000
 0.372320   0.000000   0.000000
 0.374269   0.000000   0.000000
 0.376218   0.000000   0.000000
 0.378168   0.000000   0.000000
 0.380117   0.000000   0.000000
 0.382066   0.000000   0.000000
 0.384016   0.000000   0.000000
 0.385965   0.000000   0.000000
 0.387914   0.000000   0.000000
 0.389863   0.000000   0.000000
 0.391813   0.000000   0.000000
 0.393762   0.000000   0.000000
 0.395711   0.000000   0.000000
 0.397661   0.000000   0.000000
 0.399610   0.000000   0.000000
 0.401560   0.000000   0.000000
 0.403509   0.000000   0.000000
 0.405458   0.000000   0.000000
 0.407407   0.000000   0.000000
 0.409357   0.000000   0.000000
 0.411306   0.000000   0.000000
 0.413255   0.000000   0.000000
 0.415205   0.000000   0.000000
 0.417154   0.000000   0.000000
 0.419103   0.000000   0.000000
 0.421053   0.000000   0.000000
 0.423002   0.000000   0.000000
 0.424951   0.000000   0.000000
 0.426901   0.000000   0.000000
 0.428850   0.000000   0.000000
 0.430799   0.000000   0.000000
 0.432748   0.000000   0.000000
 0.434698   0.000000   0.000000
 0.436647   0.000000   0.000000
 0.438597   0.000000   0.000000
 0.440546   0.000000   0.000000
 0.442495   0.000000   0.000000
 0.444444   0.000000   0.000000
 0.446394   0.000000   0.000000
 0.448343   0.000000   0.000000
 0.450292   0.000000   0.000000
 0.452242   0.000000   0.000000
 0.454191   0.000000   0.000000
 0.456140   0.000000   0.000000
 0.458090   0.000000   0.000000
 0.460039   0.000000   0.000000
 0.461988   0.000000   0.000000
 0.463938   0.000000   0.000000
 0.465887   0.000000   0.000000
 0.467836   0.000000   0.000000
 0.469786   0.000000   0.000000
 0.471735   0.000000   0.000000
 0.473684   0.000000   0.000000
 0.475633   0.000000   0.000000
 0.477583   0.000000   0.000000
 0.479532   0.000000   0.000000
 0.481482   0.000000   0.000000
 0.483431   0.000000   0.000000
 0.485380   0.000000   0.000000
 0.487329   0.000000   0.000000
 0.489279   0.000000   0.000000
 0.491228   0.000000   0.000000
 0.493177   0.000000   0.000000
 0.495127   0.000000   0.000000
 0.497076   0.000000   0.000000
 0.499025   0.000000   0.000000
 0.500975   0.000000   0.000000
 0.502924   0.000000   0.000000
 0.504873   0.000000   0.000000
 0.506823   0.000000   0.000000
 0.508772   0.000000   0.000000
 0.510721   0.000000   0.000000
 0.512671   0.000000   0.000000
 0.514620   0.000000   0.000000
 0.516569   0.000000   0.000000
 0.518518   0.000000   0.000000
 0.520468   0.000000   0.000000
 0.522417   0.000000   0.000000
 0.524366   0.000000   0.000000
 0.526316   0.000000   0.000000
 0.528265   0.000000   0.000000
 0.530214   0.000000   0.000000
 0.532164   0.000000   0.000000
 0.534113   0.000000   0.000000
 0.536062   0.000000   0.000000
 0.538012   0.000000   0.000000
 0.539961   0.000000   0.000000
 0.541910   0.000000   0.000000
 0.543860   0.000000   0.000000
 0.545809   0.000000   0.000000
 0.547758   0.000000   0.000000
 0.549708   0.000000   0.000000
 0.551657   0.000000   0.000000
 0.553606   0.000000   0.000000
 0.555556   0.000000   0.000000
 0.557505   0.000000   0.000000
 0.559454   0.000000   0.000000
 0.561404   0.000000   0.000000
 0.563353   0.000000   0.000000
 0.565302   0.000000   0.000000
 0.567252   0.000000   0.000000
 0.569201   0.000000   0.000000
 0.571150   0.000000   0.000000
 0.573099   0.000000   0.000000
 0.575049   0.000000   0.000000
 0.576998   0.000000   0.000000
 0.578947   0.000000   0.000000
 0.580897   0.000000   0.000000
 0.582846   0.000000   0.000000
 0.584795   0.000000   0.000000
 0.586745   0.000000   0.000000
 0.588694   0.000000   0.000000
 0.590643   0.000000   0.000000
 0.592593   0.000000   0.000000
 0.594542   0.000000   0.000000
 0.596491   0.000000   0.000000
 0.598441   0.000000   0.000000
 0.600390   0.000000   0.000000
 0.602339   0.000000   0.000000
 0.604289   0.000000   0.000000
 0.606238   0.000000   0.000000
 0.608187   0.000000   0.000000
 0.610136   0.000000   0.000000
 0.612086   0.000000   0.000000
 0.614035   0.000000   0.000000
 0.615984   0.000000   0.000000
 0.617934   0.000000   0.000000
 0.619883   0.000000   0.000000
 0.621832   0.000000   0.000000
 0.623782   0.000000   0.000000
 0.625731   0.000000   0.000000
 0.627680   0.000000   0.000000
 0.629630   0.000000   0.000000
 0.631579   0.000000   0.000000
 0.633528   0.000000   0.000000
 0.635478   0.000000   0.000000
 0.637427   0.000000   0.000000
 0.639376   0.000000   0.000000
 0.641325   0.000000   0.000000
 0.643275   0.000000   0.000000
 0.645224   0.000000   0.000000
 0.647173   0.000000   0.000000
 0.649123   0.000000   0.000000
 0.651072   0.000000   0.000000
 0.653021   0.000000   0.000000
 0.654971   0.000000   0.000000
 0.656920   0.000000   0.000000
 0.658869   0.000000   0.000000
 0.660819   0.000000   0.000000
 0.662768   0.000000   0.000000
 0.664717   0.000000   0.000000
 0.666667   0.000000   0.000000
 0.668616   0.000000   0.000000
 0.670565   0.000000   0.000000
 0.672515   0.000000   0.000000
 0.674464   0.000000   0.000000
 0.676413   0.000000   0.000000
 0.678363   0.000000   0.000000
 0.680312   0.000000   0.000000
 0.682261   0.000000   0.000000
 0.684211   0.000000   0.000000
 0.686160   0.000000   0.000000
 0.688109   0.000000   0.000000
 0.690059   0.000000   0.000000
 0.692008   0.000000   0.000000
 0.693957   0.000000   0.000000
 0.695906   0.000000   0.000000
 0.697856   0.000000   0.000000
 0.699805   0.000000   0.000000
 0.701754   0.000000   0.000000
 0.703704   0.000000   0.000000
 0.705653   0.000000   0.000000
 0.707602   0.000000   0.000000
 0.709552   0.000000   0.000000
 0.711501   0.000000   0.000000
 0.713450   0.000000   0.000000
 0.715400   0.000000   0.000000
 0.717349   0.000000   0.000000
 0.719298   0.000000   0.000000
 0.721248   0.000000   0.000000
 0.723197   0.000000   0.000000
 0.725146   0.000000   0.000000
 0.727096   0.000000   0.000000
 0.729045   0.000000   0.000000
 0.730994   0.000000   0.000000
 0.732943   0.000000   0.000000
 0.734893   0.000000   0.000000
 0.736842   0.000000   0.000000
 0.738791   0.000000   0.000000
 0.740741   0.000000   0.000000
 0.742690   0.000000   0.000000
 0.744639   0.000000   0.000000
 0.746589   0.000000   0.000000
 0.748538   0.000000   0.000000
 0.750487   0.000000   0.000000
 0.752437   0.000000   0.000000
 0.754386   0.000000   0.000000
 0.756335   0.000000   0.000000
 0.758285   0.000000   0.000000
 0.760234   0.000000   0.000000
 0.762183   0.000000   0.000000
 0.764133   0.000000   0.000000
 0.766082   0.000000   0.000000
 0.768031   0.000000   0.000000
 0.769980   0.000000   0.000000
 0.771930   0.000000   0.000000
 0.773879   0.000000   0.000000
 0.775829   0.000000   0.000000
 0.777778   0.000000   0.000000
 0.779727   0.000000   0.000000
 0.781676   0.000000   0.000000
 0.783626   0.000000   0.000000
 0.785575   0.000000   0.000000
 0.787524   0.000000   0.000000
 0.789474   0.000000   0.000000
 0.791423   0.000000   0.000000
 0.793372   0.000000   0.000000
 0.795322   0.000000   0.000000
 0.797271   0.000000   0.000000
 0.799220   0.000000   0.000000
 0.801170   0.000000   0.000000
 0.803119   0.000000   0.000000
 0.805068   0.000000   0.000000
 0.807018   0.000000   0.000000
 0.808967   0.000000   0.000000
 0.810916   0.000000   0.000000
 0.812866   0.000000   0.000000
 0.814815   0.000000   0.000000
 0.816764   0.000000   0.000000
 0.818713   0.000000   0.000000
 0.820663   0.000000   0.000000
 0.822612   0.000000   0.000000
 0.824561   0.000000   0.000000
 0.826511   0.000000   0.000000
 0.828460   0.000000   0.000000
 0.830409   0.000000   0.000000
 0.832359   0.000000   0.000000
 0.834308   0.000000   0.000000
 0.836257   0.000000   0.000000
 0.838207   0.000000   0.000000
 0.840156   0.000000   0.000000
 0.842105   0.000000   0.000000
 0.844055   0.000000   0.000000
 0.846004   0.000000   0.000000
 0.847953   0.000000   0.000000
 0.849903   0.000000   0.000000
 0.851852   0.000000   0.000000
 0.853801   0.000000   0.000000
 0.855750   0.000000   0.000000
 0.857700   0.000000   0.000000
 0.859649   0.000000   0.000000
 0.861598   0.000000   0.000000
 0.863548   0.000000   0.000000
 0.865497   0.000000   0.000000
 0.867446   0.000000   0.000000
 0.869396   0.000000   0.000000
 0.871345   0.000000   0.000000
 0.873294   0.000000   0.000000
 0.875244   0.000000   0.000000
 0.877193   0.000000   0.000000
 0.879142   0.000000   0.000000
 0.881092   0.000000   0.000000
 0.883041   0.000000   0.000000
 0.884990   0.000000   0.000000
 0.886940   0.000000   0.000000
 0.888889   0.000000   0.000000
 0.890838   0.000000   0.000000
 0.892787   0.000000   0.000000
 0.894737   0.000000   0.000000
 0.896686   0.000000   0.000000
 0.898636   0.000000   0.000000
 0.900585   0.000000   0.000000
 0.902534   0.000000   0.000000
 0.904483   0.000000   0.000000
 0.906433   0.000000   0.000000
 0.908382   0.000000   0.000000
 0.910331   0.000000   0.000000
 0.912281   0.000000   0.000000
 0.914230   0.000000   0.000000
 0.916179   0.000000   0.000000
 0.918129   0.000000   0.000000
 0.920078   0.000000   0.000000
 0.922027   0.000000   0.000000
 0.923977   0.000000   0.000000
 0.925926   0.000000   0.000000
 0.927875   0.000000   0.000000
 0.929825   0.000000   0.000000
 0.931774   0.000000   0.000000
 0.933723   0.000000   0.000000
 0.935673   0.000000   0.000000
 0.937622   0.000000   0.000000
 0.939571   0.000000   0.000000
 0.941520   0.000000   0.000000
 0.943470   0.000000   0.000000
 0.945419   0.000000   0.000000
 0.947368   0.000000   0.000000
 0.949318   0.000000   0.000000
 0.951267   0.000000   0.000000
 0.953216   0.000000   0.000000
 0.955166   0.000000   0.000000
 0.957115   0.000000   0.000000
 0.959064   0.000000   0.000000
 0.961014   0.000000   0.000000
 0.962963   0.000000   0.000000
 0.964912   0.000000   0.000000
 0.966862   0.000000   0.000000
 0.968811   0.000000   0.000000
 0.970760   0.000000   0.000000
 0.972710   0.000000   0.000000
 0.974659   0.000000   0.000000
 0.976608   0.000000   0.000000
 0.978557   0.000000   0.000000
 0.980507   0.000000   0.000000
 0.982456   0.000000   0.000000
 0.984406   0.000000   0.000000
 0.986355   0.000000   0.000000
 0.988304   0.000000   0.000000
 0.990253   0.000000   0.000000
 0.992203   0.000000   0.000000
 0.994152   0.000000   0.000000
 0.996101   0.000000   0.000000
 0.998051   0.000000   0.000000
 1.000000   0.000000   0.000000
514 psinorm omeg(kRad/s) domeg/dpsiN
 0.000000   0.000000   0.000000
 0.001949   0.000000   0.000000
 0.003899   0.000000   0.000000
 0.005848   0.000000   0.000000
 0.007797   0.000000   0.000000
 0.009747   0.000000   0.000000
 0.011696   0.000000   0.000000
 0.013645   0.000000   0.000000
 0.015595   0.000000   0.000000
 0.017544   0.000000   0.000000
 0.019493   0.000000   0.000000
 0.021442   0.000000   0.000000
 0.023392   0.000000   0.000000
 0.025341   0.000000   0.000000
 0.027290   0.000000   0.000000
 0.029240   0.000000   0.000000
 0.031189   0.000000   0.000000
 0.033138   0.000000   0.000000
 0.035088   0.000000   0.000000
 0.037037   0.000000   0.000000
 0.038986   0.000000   0.000000
 0.040936   0.000000   0.000000
 0.042885   0.000000   0.000000
 0.044834   0.000000   0.000000
 0.046784   0.000000   0.000000
 0.048733   0.000000   0.000000
 0.050682   0.000000   0.000000
 0.052632   0.000000   0.000000
 0.054581   0.000000   0.000000
 0.056530   0.000000   0.000000
 0.058480   0.000000   0.000000
 0.060429   0.000000   0.000000
 0.062378   0.000000   0.000000
 0.064327   0.000000   0.000000
 0.066277   0.000000   0.000000
 0.068226   0.000000   0.000000
 0.070175   0.000000   0.000000
 0.072125   0.000000   0.000000
 0.074074   0.000000   0.000000
 0.076023   0.000000   0.000000
 0.077973   0.000000   0.000000
 0.079922   0.000000   0.000000
 0.081871   0.000000   0.000000
 0.083821   0.000000   0.000000
 0.085770   0.000000   0.000000
 0.087719   0.000000   0.000000
 0.089669   0.000000   0.000000
 0.091618   0.000000   0.000000
 0.093567   0.000000   0.000000
 0.095517   0.000000   0.000000
 0.097466   0.000000   0.000000
 0.099415   0.000000   0.000000
 0.101364   0.000000   0.000000
 0.103314   0.000000   0.000000
 0.105263   0.000000   0.000000
 0.107213   0.000000   0.000000
 0.109162   0.000000   0.000000
 0.111111   0.000000   0.000000
 0.113060   0.000000   0.000000
 0.115010   0.000000   0.000000
 0.116959   0.000000   0.000000
 0.118908   0.000000   0.000000
 0.120858   0.000000   0.000000
 0.122807   0.000000   0.000000
 0.124756   0.000000   0.000000
 0.126706   0.000000   0.000000
 0.128655   0.000000   0.000000
 0.130604   0.000000   0.000000
 0.132554   0.000000   0.000000
 0.134503   0.000000   0.000000
 0.136452   0.000000   0.000000
 0.138402   0.000000   0.000000
 0.140351   0.000000   0.000000
 0.142300   0.000000   0.000000
 0.144250   0.000000   0.000000
 0.146199   0.000000   0.000000
 0.148148   0.000000   0.000000
 0.150097   0.000000   0.000000
 0.152047   0.000000   0.000000
 0.153996   0.000000   0.000000
 0.155945   0.000000   0.000000
 0.157895   0.000000   0.000000
 0.159844   0.000000   0.000000
 0.161793   0.000000   0.000000
 0.163743   0.000000   0.000000
 0.165692   0.000000   0.000000
 0.167641   0.000000   0.000000
 0.169591   0.000000   0.000000
 0.171540   0.000000   0.000000
 0.173489   0.000000   0.000000
 0.175439   0.000000   0.000000
 0.177388   0.000000   0.000000
 0.179337   0.000000   0.000000
 0.181286   0.000000   0.000000
 0.183236   0.000000   0.000000
 0.185185   0.000000   0.000000
 0.187135   0.000000   0.000000
 0.189084   0.000000   0.000000
 0.191033   0.000000   0.000000
 0.192983   0.000000   0.000000
 0.194932   0.000000   0.000000
 0.196881   0.000000   0.000000
 0.198830   0.000000   0.000000
 0.200780   0.000000   0.000000
 0.202729   0.000000   0.000000
 0.204678   0.000000   0.000000
 0.206628   0.000000   0.000000
 0.208577   0.000000   0.000000
 0.210526   0.000000   0.000000
 0.212476   0.000000   0.000000
 0.214425   0.000000   0.000000
 0.216374   0.000000   0.000000
 0.218324   0.000000   0.000000
 0.220273   0.000000   0.000000
 0.222222   0.000000   0.000000
 0.224171   0.000000   0.000000
 0.226121   0.000000   0.000000
 0.228070   0.000000   0.000000
 0.230019   0.000000   0.000000
 0.231969   0.000000   0.000000
 0.233918   0.000000   0.000000
 0.235867   0.000000   0.000000
 0.237817   0.000000   0.000000
 0.239766   0.000000   0.000000
 0.241715   0.000000   0.000000
 0.243665   0.000000   0.000000
 0.245614   0.000000   0.000000
 0.247563   0.000000   0.000000
 0.249513   0.000000   0.000000
 0.251462   0.000000   0.000000
 0.253411   0.000000   0.000000
 0.255361   0.000000   0.000000
 0.257310   0.000000   0.000000
 0.259259   0.000000   0.000000
 0.261209   0.000000   0.000000
 0.263158   0.000000   0.000000
 0.265107   0.000000   0.000000
 0.267056   0.000000   0.000000
 0.269006   0.000000   0.000000
 0.270955   0.000000   0.000000
 0.272904   0.000000   0.000000
 0.274854   0.000000   0.000000
 0.276803   0.000000   0.000000
 0.278752   0.000000   0.000000
 0.280702   0.000000   0.000000
 0.282651   0.000000   0.000000
 0.284600   0.000000   0.000000
 0.286550   0.000000   0.000000
 0.288499   0.000000   0.000000
 0.290448   0.000000   0.000000
 0.292398   0.000000   0.000000
 0.294347   0.000000   0.000000
 0.296296   0.000000   0.000000
 0.298246   0.000000   0.000000
 0.300195   0.000000   0.000000
 0.302144   0.000000   0.000000
 0.304094   0.000000   0.000000
 0.306043   0.000000   0.000000
 0.307992   0.000000   0.000000
 0.309941   0.000000   0.000000
 0.311891   0.000000   0.000000
 0.313840   0.000000   0.000000
 0.315790   0.000000   0.000000
 0.317739   0.000000   0.000000
 0.319688   0.000000   0.000000
 0.321637   0.000000   0.000000
 0.323587   0.000000   0.000000
 0.325536   0.000000   0.000000
 0.327485   0.000000   0.000000
 0.329435   0.000000   0.000000
 0.331384   0.000000   0.000000
 0.333333   0.000000   0.000000
 0.335283   0.000000   0.000000
 0.337232   0.000000   0.000000
 0.339181   0.000000   0.000000
 0.341131   0.000000   0.000000
 0.343080   0.000000   0.000000
 0.345029   0.000000   0.000000
 0.346979   0.000000   0.000000
 0.348928   0.000000   0.000000
 0.350877   0.000000   0.000000
 0.352826   0.000000   0.000000
 0.354776   0.000000   0.000000
 0.356725   0.000000   0.000000
 0.358675   0.000000   0.000000
 0.360624   0.000000   0.000000
 0.362573   0.000000   0.000000
 0.364522   0.000000   0.000000
 0.366472   0.000000   0.000000
 0.368421   0.000000   0.000000
 0.370370   0.000000   0.000000
 0.372320   0.000000   0.000000
 0.374269   0.000000   0.000000
 0.376218   0.000000   0.000000
 0.378168   0.000000   0.000000
 0.380117   0.000000   0.000000
 0.382066   0.000000   0.000000
 0.384016   0.000000   0.000000
 0.385965   0.000000   0.000000
 0.387914   0.000000   0.000000
 0.389863   0.000000   0.000000
 0.391813   0.000000   0.000000
 0.393762   0.000000   0.000000
 0.395711   0.000000   0.000000
 0.397661   0.000000   0.000000
 0.399610   0.000000   0.000000
 0.401560   0.000000   0.000000
 0.403509   0.000000   0.000000
 0.405458   0.000000   0.000000
 0.407407   0.000000   0.000000
 0.409357   0.000000   0.000000
 0.411306   0.000000   0.000000
 0.413255   0.000000   0.000000
 0.415205   0.000000   0.000000
 0.417154   0.000000   0.000000
 0.419103   0.000000   0.000000
 0.421053   0.000000   0.000000
 0.423002   0.000000   0.000000
 0.424951   0.000000   0.000000
 0.426901   0.000000   0.000000
 0.428850   0.000000   0.000000
 0.430799   0.000000   0.000000
 0.432748   0.000000   0.000000
 0.434698   0.000000   0.000000
 0.436647   0.000000   0.000000
 0.438597   0.000000   0.000000
 0.440546   0.000000   0.000000
 0.442495   0.000000   0.000000
 0.444444   0.000000   0.000000
 0.446394   0.000000   0.000000
 0.448343   0.000000   0.000000
 0.450292   0.000000   0.000000
 0.452242   0.000000   0.000000
 0.454191   0.000000   0.000000
 0.456140   0.000000   0.000000
 0.458090   0.000000   0.000000
 0.460039   0.000000   0.000000
 0.461988   0.000000   0.000000
 0.463938   0.000000   0.000000
 0.465887   0.000000   0.000000
 0.467836   0.000000   0.000000
 0.469786   0.000000   0.000000
 0.471735   0.000000   0.000000
 0.473684   0.000000   0.000000
 0.475633   0.000000   0.000000
 0.477583   0.000000   0.000000
 0.479532   0.000000   0.000000
 0.481482   0.000000   0.000000
 0.483431   0.000000   0.000000
 0.485380   0.000000   0.000000
 0.487329   0.000000   0.000000
 0.489279   0.000000   0.000000
 0.491228   0.000000   0.000000
 0.493177   0.000000   0.000000
 0.495127   0.000000   0.000000
 0.497076   0.000000   0.000000
 0.499025   0.000000   0.000000
 0.500975   0.000000   0.000000
 0.502924   0.000000   0.000000
 0.504873   0.000000   0.000000
 0.506823   0.000000   0.000000
 0.508772   0.000000   0.000000
 0.510721   0.000000   0.000000
 0.512671   0.000000   0.000000
 0.514620   0.000000   0.000000
 0.516569   0.000000   0.000000
 0.518518   0.000000   0.000000
 0.520468   0.000000   0.000000
 0.522417   0.000000   0.000000
 0.524366   0.000000   0.000000
 0.526316   0.000000   0.000000
 0.528265   0.000000   0.000000
 0.530214   0.000000   0.000000
 0.532164   0.000000   0.000000
 0.534113   0.000000   0.000000
 0.536062   0.000000   0.000000
 0.538012   0.000000   0.000000
 0.539961   0.000000   0.000000
 0.541910   0.000000   0.000000
 0.543860   0.000000   0.000000
 0.545809   0.000000   0.000000
 0.547758   0.000000   0.000000
 0.549708   0.000000   0.000000
 0.551657   0.000000   0.000000
 0.553606   0.000000   0.000000
 0.555556   0.000000   0.000000
 0.557505   0.000000   0.000000
 0.559454   0.000000   0.000000
 0.561404   0.000000   0.000000
 0.563353   0.000000   0.000000
 0.565302   0.000000   0.000000
 0.567252   0.000000   0.000000
 0.569201   0.000000   0.000000
 0.571150   0.000000   0.000000
 0.573099   0.000000   0.000000
 0.575049   0.000000   0.000000
 0.576998   0.000000   0.000000
 0.578947   0.000000   0.000000
 0.580897   0.000000   0.000000
 0.582846   0.000000   0.000000
 0.584795   0.000000   0.000000
 0.586745   0.000000   0.000000
 0.588694   0.000000   0.000000
 0.590643   0.000000   0.000000
 0.592593   0.000000   0.000000
 0.594542   0.000000   0.000000
 0.596491   0.000000   0.000000
 0.598441   0.000000   0.000000
 0.600390   0.000000   0.000000
 0.602339   0.000000   0.000000
 0.604289   0.000000   0.000000
 0.606238   0.000000   0.000000
 0.608187   0.000000   0.000000
 0.610136   0.000000   0.000000
 0.612086   0.000000   0.000000
 0.614035   0.000000   0.000000
 0.615984   0.000000   0.000000
 0.617934   0.000000   0.000000
 0.619883   0.000000   0.000000
 0.621832   0.000000   0.000000
 0.623782   0.000000   0.000000
 0.625731   0.000000   0.000000
 0.627680   0.000000   0.000000
 0.629630   0.000000   0.000000
 0.631579   0.000000   0.000000
 0.633528   0.000000   0.000000
 0.635478   0.000000   0.000000
 0.637427   0.000000   0.000000
 0.639376   0.000000   0.000000
 0.641325   0.000000   0.000000
 0.643275   0.000000   0.000000
 0.645224   0.000000   0.000000
 0.647173   0.000000   0.000000
 0.649123   0.000000   0.000000
 0.651072   0.000000   0.000000
 0.653021   0.000000   0.000000
 0.654971   0.000000   0.000000
 0.656920   0.000000   0.000000
 0.658869   0.000000   0.000000
 0.660819   0.000000   0.000000
 0.662768   0.000000   0.000000
 0.664717   0.000000   0.000000
 0.666667   0.000000   0.000000
 0.668616   0.000000   0.000000
 0.670565   0.000000   0.000000
 0.672515   0.000000   0.000000
 0.674464   0.000000   0.000000
 0.676413   0.000000   0.000000
 0.678363   0.000000   0.000000
 0.680312   0.000000   0.000000
 0.682261   0.000000   0.000000
 0.684211   0.000000   0.000000
 0.686160   0.000000   0.000000
 0.688109   0.000000   0.000000
 0.690059   0.000000   0.000000
 0.692008   0.000000   0.000000
 0.693957   0.000000   0.000000
 0.695906   0.000000   0.000000
 0.697856   0.000000   0.000000
 0.699805   0.000000   0.000000
 0.701754   0.000000   0.000000
 0.703704   0.000000   0.000000
 0.705653   0.000000   0.000000
 0.707602   0.000000   0.000000
 0.709552   0.000000   0.000000
 0.711501   0.000000   0.000000
 0.713450   0.000000   0.000000
 0.715400   0.000000   0.000000
 0.717349   0.000000   0.000000
 0.719298   0.000000   0.000000
 0.721248   0.000000   0.000000
 0.723197   0.000000   0.000000
 0.725146   0.000000   0.000000
 0.727096   0.000000   0.000000
 0.729045   0.000000   0.000000
 0.730994   0.000000   0.000000
 0.732943   0.000000   0.000000
 0.734893   0.000000   0.000000
 0.736842   0.000000   0.000000
 0.738791   0.000000   0.000000
 0.740741   0.000000   0.000000
 0.742690   0.000000   0.000000
 0.744639   0.000000   0.000000
 0.746589   0.000000   0.000000
 0.748538   0.000000   0.000000
 0.750487   0.000000   0.000000
 0.752437   0.000000   0.000000
 0.754386   0.000000   0.000000
 0.756335   0.000000   0.000000
 0.758285   0.000000   0.000000
 0.760234   0.000000   0.000000
 0.762183   0.000000   0.000000
 0.764133   0.000000   0.000000
 0.766082   0.000000   0.000000
 0.768031   0.000000   0.000000
 0.769980   0.000000   0.000000
 0.771930   0.000000   0.000000
 0.773879   0.000000   0.000000
 0.775829   0.000000   0.000000
 0.777778   0.000000   0.000000
 0.779727   0.000000   0.000000
 0.781676   0.000000   0.000000
 0.783626   0.000000   0.000000
 0.785575   0.000000   0.000000
 0.787524   0.000000   0.000000
 0.789474   0.000000   0.000000
 0.791423   0.000000   0.000000
 0.793372   0.000000   0.000000
 0.795322   0.000000   0.000000
 0.797271   0.000000   0.000000
 0.799220   0.000000   0.000000
 0.801170   0.000000   0.000000
 0.803119   0.000000   0.000000
 0.805068   0.000000   0.000000
 0.807018   0.000000   0.000000
 0.808967   0.000000   0.000000
 0.810916   0.000000   0.000000
 0.812866   0.000000   0.000000
 0.814815   0.000000   0.000000
 0.816764   0.000000   0.000000
 0.818713   0.000000   0.000000
 0.820663   0.000000   0.000000
 0.822612   0.000000   0.000000
 0.824561   0.000000   0.000000
 0.826511   0.000000   0.000000
 0.828460   0.000000   0.000000
 0.830409   0.000000   0.000000
 0.832359   0.000000   0.000000
 0.834308   0.000000   0.000000
 0.836257   0.000000   0.000000
 0.838207   0.000000   0.000000
 0.840156   0.000000   0.000000
 0.842105   0.000000   0.000000
 0.844055   0.000000   0.000000
 0.846004   0.000000   0.000000
 0.847953   0.000000   0.000000
 0.849903   0.000000   0.000000
 0.851852   0.000000   0.000000
 0.853801   0.000000   0.000000
 0.855750   0.000000   0.000000
 0.857700   0.000000   0.000000
 0.859649   0.000000   0.000000
 0.861598   0.000000   0.000000
 0.863548   0.000000   0.000000
 0.865497   0.000000   0.000000
 0.867446   0.000000   0.000000
 0.869396   0.000000   0.000000
 0.871345   0.000000   0.000000
 0.873294   0.000000   0.000000
 0.875244   0.000000   0.000000
 0.877193   0.000000   0.000000
 0.879142   0.000000   0.000000
 0.881092   0.000000   0.000000
 0.883041   0.000000   0.000000
 0.884990   0.000000   0.000000
 0.886940   0.000000   0.000000
 0.888889   0.000000   0.000000
 0.890838   0.000000   0.000000
 0.892787   0.000000   0.000000
 0.894737   0.000000   0.000000
 0.896686   0.000000   0.000000
 0.898636   0.000000   0.000000
 0.900585   0.000000   0.000000
 0.902534   0.000000   0.000000
 0.904483   0.000000   0.000000
 0.906433   0.000000   0.000000
 0.908382   0.000000   0.000000
 0.910331   0.000000   0.000000
 0.912281   0.000000   0.000000
 0.914230   0.000000   0.000000
 0.916179   0.000000   0.000000
 0.918129   0.000000   0.000000
 0.920078   0.000000   0.000000
 0.922027   0.000000   0.000000
 0.923977   0.000000   0.000000
 0.925926   0.000000   0.000000
 0.927875   0.000000   0.000000
 0.929825   0.000000   0.000000
 0.931774   0.000000   0.000000
 0.933723   0.000000   0.000000
 0.935673   0.000000   0.000000
 0.937622   0.000000   0.000000
 0.939571   0.000000   0.000000
 0.941520   0.000000   0.000000
 0.943470   0.000000   0.000000
 0.945419   0.000000   0.000000
 0.947368   0.000000   0.000000
 0.949318   0.000000   0.000000
 0.951267   0.000000   0.000000
 0.953216   0.000000   0.000000
 0.955166   0.000000   0.000000
 0.957115   0.000000   0.000000
 0.959064   0.000000   0.000000
 0.961014   0.000000   0.000000
 0.962963   0.000000   0.000000
 0.964912   0.000000   0.000000
 0.966862   0.000000   0.000000
 0.968811   0.000000   0.000000
 0.970760   0.000000   0.000000
 0.972710   0.000000   0.000000
 0.974659   0.000000   0.000000
 0.976608   0.000000   0.000000
 0.978557   0.000000   0.000000
 0.980507   0.000000   0.000000
 0.982456   0.000000   0.000000
 0.984406   0.000000   0.000000
 0.986355   0.000000   0.000000
 0.988304   0.000000   0.000000
 0.990253   0.000000   0.000000
 0.992203   0.000000   0.000000
 0.994152   0.000000   0.000000
 0.996101   0.000000   0.000000
 0.998051   0.000000   0.000000
 1.000000   0.000000   0.000000
514 psinorm omegp(kRad/s) domegp/dpsiN
 0.000000   0.000000   0.000000
 0.001949   0.000000   0.000000
 0.003899   0.000000   0.000000
 0.005848   0.000000   0.000000
 0.007797   0.000000   0.000000
 0.009747   0.000000   0.000000
 0.011696   0.000000   0.000000
 0.013645   0.000000   0.000000
 0.015595   0.000000   0.000000
 0.017544   0.000000   0.000000
 0.019493   0.000000   0.000000
 0.021442   0.000000   0.000000
 0.023392   0.000000   0.000000
 0.025341   0.000000   0.000000
 0.027290   0.000000   0.000000
 0.029240   0.000000   0.000000
 0.031189   0.000000   0.000000
 0.033138   0.000000   0.000000
 0.035088   0.000000   0.000000
 0.037037   0.000000   0.000000
 0.038986   0.000000   0.000000
 0.040936   0.000000   0.000000
 0.042885   0.000000   0.000000
 0.044834   0.000000   0.000000
 0.046784   0.000000   0.000000
 0.048733   0.000000   0.000000
 0.050682   0.000000   0.000000
 0.052632   0.000000   0.000000
 0.054581   0.000000   0.000000
 0.056530   0.000000   0.000000
 0.058480   0.000000   0.000000
 0.060429   0.000000   0.000000
 0.062378   0.000000   0.000000
 0.064327   0.000000   0.000000
 0.066277   0.000000   0.000000
 0.068226   0.000000   0.000000
 0.070175   0.000000   0.000000
 0.072125   0.000000   0.000000
 0.074074   0.000000   0.000000
 0.076023   0.000000   0.000000
 0.077973   0.000000   0.000000
 0.079922   0.000000   0.000000
 0.081871   0.000000   0.000000
 0.083821   0.000000   0.000000
 0.085770   0.000000   0.000000
 0.087719   0.000000   0.000000
 0.089669   0.000000   0.000000
 0.091618   0.000000   0.000000
 0.093567   0.000000   0.000000
 0.095517   0.000000   0.000000
 0.097466   0.000000   0.000000
 0.099415   0.000000   0.000000
 0.101364   0.000000   0.000000
 0.103314   0.000000   0.000000
 0.105263   0.000000   0.000000
 0.107213   0.000000   0.000000
 0.109162   0.000000   0.000000
 0.111111   0.000000   0.000000
 0.113060   0.000000   0.000000
 0.115010   0.000000   0.000000
 0.116959   0.000000   0.000000
 0.118908   0.000000   0.000000
 0.120858   0.000000   0.000000
 0.122807   0.000000   0.000000
 0.124756   0.000000   0.000000
 0.126706   0.000000   0.000000
 0.128655   0.000000   0.000000
 0.130604   0.000000   0.000000
 0.132554   0.000000   0.000000
 0.134503   0.000000   0.000000
 0.136452   0.000000   0.000000
 0.138402   0.000000   0.000000
 0.140351   0.000000   0.000000
 0.142300   0.000000   0.000000
 0.144250   0.000000   0.000000
 0.146199   0.000000   0.000000
 0.148148   0.000000   0.000000
 0.150097   0.000000   0.000000
 0.152047   0.000000   0.000000
 0.153996   0.000000   0.000000
 0.155945   0.000000   0.000000
 0.157895   0.000000   0.000000
 0.159844   0.000000   0.000000
 0.161793   0.000000   0.000000
 0.163743   0.000000   0.000000
 0.165692   0.000000   0.000000
 0.167641   0.000000   0.000000
 0.169591   0.000000   0.000000
 0.171540   0.000000   0.000000
 0.173489   0.000000   0.000000
 0.175439   0.000000   0.000000
 0.177388   0.000000   0.000000
 0.179337   0.000000   0.000000
 0.181286   0.000000   0.000000
 0.183236   0.000000   0.000000
 0.185185   0.000000   0.000000
 0.187135   0.000000   0.000000
 0.189084   0.000000   0.000000
 0.191033   0.000000   0.000000
 0.192983   0.000000   0.000000
 0.194932   0.000000   0.000000
 0.196881   0.000000   0.000000
 0.198830   0.000000   0.000000
 0.200780   0.000000   0.000000
 0.202729   0.000000   0.000000
 0.204678   0.000000   0.000000
 0.206628   0.000000   0.000000
 0.208577   0.000000   0.000000
 0.210526   0.000000   0.000000
 0.212476   0.000000   0.000000
 0.214425   0.000000   0.000000
 0.216374   0.000000   0.000000
 0.218324   0.000000   0.000000
 0.220273   0.000000   0.000000
 0.222222   0.000000   0.000000
 0.224171   0.000000   0.000000
 0.226121   0.000000   0.000000
 0.228070   0.000000   0.000000
 0.230019   0.000000   0.000000
 0.231969   0.000000   0.000000
 0.233918   0.000000   0.000000
 0.235867   0.000000   0.000000
 0.237817   0.000000   0.000000
 0.239766   0.000000   0.000000
 0.241715   0.000000   0.000000
 0.243665   0.000000   0.000000
 0.245614   0.000000   0.000000
 0.247563   0.000000   0.000000
 0.249513   0.000000   0.000000
 0.251462   0.000000   0.000000
 0.253411   0.000000   0.000000
 0.255361   0.000000   0.000000
 0.257310   0.000000   0.000000
 0.259259   0.000000   0.000000
 0.261209   0.000000   0.000000
 0.263158   0.000000   0.000000
 0.265107   0.000000   0.000000
 0.267056   0.000000   0.000000
 0.269006   0.000000   0.000000
 0.270955   0.000000   0.000000
 0.272904   0.000000   0.000000
 0.274854   0.000000   0.000000
 0.276803   0.000000   0.000000
 0.278752   0.000000   0.000000
 0.280702   0.000000   0.000000
 0.282651   0.000000   0.000000
 0.284600   0.000000   0.000000
 0.286550   0.000000   0.000000
 0.288499   0.000000   0.000000
 0.290448   0.000000   0.000000
 0.292398   0.000000   0.000000
 0.294347   0.000000   0.000000
 0.296296   0.000000   0.000000
 0.298246   0.000000   0.000000
 0.300195   0.000000   0.000000
 0.302144   0.000000   0.000000
 0.304094   0.000000   0.000000
 0.306043   0.000000   0.000000
 0.307992   0.000000   0.000000
 0.309941   0.000000   0.000000
 0.311891   0.000000   0.000000
 0.313840   0.000000   0.000000
 0.315790   0.000000   0.000000
 0.317739   0.000000   0.000000
 0.319688   0.000000   0.000000
 0.321637   0.000000   0.000000
 0.323587   0.000000   0.000000
 0.325536   0.000000   0.000000
 0.327485   0.000000   0.000000
 0.329435   0.000000   0.000000
 0.331384   0.000000   0.000000
 0.333333   0.000000   0.000000
 0.335283   0.000000   0.000000
 0.337232   0.000000   0.000000
 0.339181   0.000000   0.000000
 0.341131   0.000000   0.000000
 0.343080   0.000000   0.000000
 0.345029   0.000000   0.000000
 0.346979   0.000000   0.000000
 0.348928   0.000000   0.000000
 0.350877   0.000000   0.000000
 0.352826   0.000000   0.000000
 0.354776   0.000000   0.000000
 0.356725   0.000000   0.000000
 0.358675   0.000000   0.000000
 0.360624   0.000000   0.000000
 0.362573   0.000000   0.000000
 0.364522   0.000000   0.000000
 0.366472   0.000000   0.000000
 0.368421   0.000000   0.000000
 0.370370   0.000000   0.000000
 0.372320   0.000000   0.000000
 0.374269   0.000000   0.000000
 0.376218   0.000000   0.000000
 0.378168   0.000000   0.000000
 0.380117   0.000000   0.000000
 0.382066   0.000000   0.000000
 0.384016   0.000000   0.000000
 0.385965   0.000000   0.000000
 0.387914   0.000000   0.000000
 0.389863   0.000000   0.000000
 0.391813   0.000000   0.000000
 0.393762   0.000000   0.000000
 0.395711   0.000000   0.000000
 0.397661   0.000000   0.000000
 0.399610   0.000000   0.000000
 0.401560   0.000000   0.000000
 0.403509   0.000000   0.000000
 0.405458   0.000000   0.000000
 0.407407   0.000000   0.000000
 0.409357   0.000000   0.000000
 0.411306   0.000000   0.000000
 0.413255   0.000000   0.000000
 0.415205   0.000000   0.000000
 0.417154   0.000000   0.000000
 0.419103   0.000000   0.000000
 0.421053   0.000000   0.000000
 0.423002   0.000000   0.000000
 0.424951   0.000000   0.000000
 0.426901   0.000000   0.000000
 0.428850   0.000000   0.000000
 0.430799   0.000000   0.000000
 0.432748   0.000000   0.000000
 0.434698   0.000000   0.000000
 0.436647   0.000000   0.000000
 0.438597   0.000000   0.000000
 0.440546   0.000000   0.000000
 0.442495   0.000000   0.000000
 0.444444   0.000000   0.000000
 0.446394   0.000000   0.000000
 0.448343   0.000000   0.000000
 0.450292   0.000000   0.000000
 0.452242   0.000000   0.000000
 0.454191   0.000000   0.000000
 0.456140   0.000000   0.000000
 0.458090   0.000000   0.000000
 0.460039   0.000000   0.000000
 0.461988   0.000000   0.000000
 0.463938   0.000000   0.000000
 0.465887   0.000000   0.000000
 0.467836   0.000000   0.000000
 0.469786   0.000000   0.000000
 0.471735   0.000000   0.000000
 0.473684   0.000000   0.000000
 0.475633   0.000000   0.000000
 0.477583   0.000000   0.000000
 0.479532   0.000000   0.000000
 0.481482   0.000000   0.000000
 0.483431   0.000000   0.000000
 0.485380   0.000000   0.000000
 0.487329   0.000000   0.000000
 0.489279   0.000000   0.000000
 0.491228   0.000000   0.000000
 0.493177   0.000000   0.000000
 0.495127   0.000000   0.000000
 0.497076   0.000000   0.000000
 0.499025   0.000000   0.000000
 0.500975   0.000000   0.000000
 0.502924   0.000000   0.000000
 0.504873   0.000000   0.000000
 0.506823   0.000000   0.000000
 0.508772   0.000000   0.000000
 0.510721   0.000000   0.000000
 0.512671   0.000000   0.000000
 0.514620   0.000000   0.000000
 0.516569   0.000000   0.000000
 0.518518   0.000000   0.000000
 0.520468   0.000000   0.000000
 0.522417   0.000000   0.000000
 0.524366   0.000000   0.000000
 0.526316   0.000000   0.000000
 0.528265   0.000000   0.000000
 0.530214   0.000000   0.000000
 0.532164   0.000000   0.000000
 0.534113   0.000000   0.000000
 0.536062   0.000000   0.000000
 0.538012   0.000000   0.000000
 0.539961   0.000000   0.000000
 0.541910   0.000000   0.000000
 0.543860   0.000000   0.000000
 0.545809   0.000000   0.000000
 0.547758   0.000000   0.000000
 0.549708   0.000000   0.000000
 0.551657   0.000000   0.000000
 0.553606   0.000000   0.000000
 0.555556   0.000000   0.000000
 0.557505   0.000000   0.000000
 0.559454   0.000000   0.000000
 0.561404   0.000000   0.000000
 0.563353   0.000000   0.000000
 0.565302   0.000000   0.000000
 0.567252   0.000000   0.000000
 0.569201   0.000000   0.000000
 0.571150   0.000000   0.000000
 0.573099   0.000000   0.000000
 0.575049   0.000000   0.000000
 0.576998   0.000000   0.000000
 0.578947   0.000000   0.000000
 0.580897   0.000000   0.000000
 0.582846   0.000000   0.000000
 0.584795   0.000000   0.000000
 0.586745   0.000000   0.000000
 0.588694   0.000000   0.000000
 0.590643   0.000000   0.000000
 0.592593   0.000000   0.000000
 0.594542   0.000000   0.000000
 0.596491   0.000000   0.000000
 0.598441   0.000000   0.000000
 0.600390   0.000000   0.000000
 0.602339   0.000000   0.000000
 0.604289   0.000000   0.000000
 0.606238   0.000000   0.000000
 0.608187   0.000000   0.000000
 0.610136   0.000000   0.000000
 0.612086   0.000000   0.000000
 0.614035   0.000000   0.000000
 0.615984   0.000000   0.000000
 0.617934   0.000000   0.000000
 0.619883   0.000000   0.000000
 0.621832   0.000000   0.000000
 0.623782   0.000000   0.000000
 0.625731   0.000000   0.000000
 0.627680   0.000000   0.000000
 0.629630   0.000000   0.000000
 0.631579   0.000000   0.000000
 0.633528   0.000000   0.000000
 0.635478   0.000000   0.000000
 0.637427   0.000000   0.000000
 0.639376   0.000000   0.000000
 0.641325   0.000000   0.000000
 0.643275   0.000000   0.000000
 0.645224   0.000000   0.000000
 0.647173   0.000000   0.000000
 0.649123   0.000000   0.000000
 0.651072   0.000000   0.000000
 0.653021   0.000000   0.000000
 0.654971   0.000000   0.000000
 0.656920   0.000000   0.000000
 0.658869   0.000000   0.000000
 0.660819   0.000000   0.000000
 0.662768   0.000000   0.000000
 0.664717   0.000000   0.000000
 0.666667   0.000000   0.000000
 0.668616   0.000000   0.000000
 0.670565   0.000000   0.000000
 0.672515   0.000000   0.000000
 0.674464   0.000000   0.000000
 0.676413   0.000000   0.000000
 0.678363   0.000000   0.000000
 0.680312   0.000000   0.000000
 0.682261   0.000000   0.000000
 0.684211   0.000000   0.000000
 0.686160   0.000000   0.000000
 0.688109   0.000000   0.000000
 0.690059   0.000000   0.000000
 0.692008   0.000000   0.000000
 0.693957   0.000000   0.000000
 0.695906   0.000000   0.000000
 0.697856   0.000000   0.000000
 0.699805   0.000000   0.000000
 0.701754   0.000000   0.000000
 0.703704   0.000000   0.000000
 0.705653   0.000000   0.000000
 0.707602   0.000000   0.000000
 0.709552   0.000000   0.000000
 0.711501   0.000000   0.000000
 0.713450   0.000000   0.000000
 0.715400   0.000000   0.000000
 0.717349   0.000000   0.000000
 0.719298   0.000000   0.000000
 0.721248   0.000000   0.000000
 0.723197   0.000000   0.000000
 0.725146   0.000000   0.000000
 0.727096   0.000000   0.000000
 0.729045   0.000000   0.000000
 0.730994   0.000000   0.000000
 0.732943   0.000000   0.000000
 0.734893   0.000000   0.000000
 0.736842   0.000000   0.000000
 0.738791   0.000000   0.000000
 0.740741   0.000000   0.000000
 0.742690   0.000000   0.000000
 0.744639   0.000000   0.000000
 0.746589   0.000000   0.000000
 0.748538   0.000000   0.000000
 0.750487   0.000000   0.000000
 0.752437   0.000000   0.000000
 0.754386   0.000000   0.000000
 0.756335   0.000000   0.000000
 0.758285   0.000000   0.000000
 0.760234   0.000000   0.000000
 0.762183   0.000000   0.000000
 0.764133   0.000000   0.000000
 0.766082   0.000000   0.000000
 0.768031   0.000000   0.000000
 0.769980   0.000000   0.000000
 0.771930   0.000000   0.000000
 0.773879   0.000000   0.000000
 0.775829   0.000000   0.000000
 0.777778   0.000000   0.000000
 0.779727   0.000000   0.000000
 0.781676   0.000000   0.000000
 0.783626   0.000000   0.000000
 0.785575   0.000000   0.000000
 0.787524   0.000000   0.000000
 0.789474   0.000000   0.000000
 0.791423   0.000000   0.000000
 0.793372   0.000000   0.000000
 0.795322   0.000000   0.000000
 0.797271   0.000000   0.000000
 0.799220   0.000000   0.000000
 0.801170   0.000000   0.000000
 0.803119   0.000000   0.000000
 0.805068   0.000000   0.000000
 0.807018   0.000000   0.000000
 0.808967   0.000000   0.000000
 0.810916   0.000000   0.000000
 0.812866   0.000000   0.000000
 0.814815   0.000000   0.000000
 0.816764   0.000000   0.000000
 0.818713   0.000000   0.000000
 0.820663   0.000000   0.000000
 0.822612   0.000000   0.000000
 0.824561   0.000000   0.000000
 0.826511   0.000000   0.000000
 0.828460   0.000000   0.000000
 0.830409   0.000000   0.000000
 0.832359   0.000000   0.000000
 0.834308   0.000000   0.000000
 0.836257   0.000000   0.000000
 0.838207   0.000000   0.000000
 0.840156   0.000000   0.000000
 0.842105   0.000000   0.000000
 0.844055   0.000000   0.000000
 0.846004   0.000000   0.000000
 0.847953   0.000000   0.000000
 0.849903   0.000000   0.000000
 0.851852   0.000000   0.000000
 0.853801   0.000000   0.000000
 0.855750   0.000000   0.000000
 0.857700   0.000000   0.000000
 0.859649   0.000000   0.000000
 0.861598   0.000000   0.000000
 0.863548   0.000000   0.000000
 0.865497   0.000000   0.000000
 0.867446   0.000000   0.000000
 0.869396   0.000000   0.000000
 0.871345   0.000000   0.000000
 0.873294   0.000000   0.000000
 0.875244   0.000000   0.000000
 0.877193   0.000000   0.000000
 0.879142   0.000000   0.000000
 0.881092   0.000000   0.000000
 0.883041   0.000000   0.000000
 0.884990   0.000000   0.000000
 0.886940   0.000000   0.000000
 0.888889   0.000000   0.000000
 0.890838   0.000000   0.000000
 0.892787   0.000000   0.000000
 0.894737   0.000000   0.000000
 0.896686   0.000000   0.000000
 0.898636   0.000000   0.000000
 0.900585   0.000000   0.000000
 0.902534   0.000000   0.000000
 0.904483   0.000000   0.000000
 0.906433   0.000000   0.000000
 0.908382   0.000000   0.000000
 0.910331   0.000000   0.000000
 0.912281   0.000000   0.000000
 0.914230   0.000000   0.000000
 0.916179   0.000000   0.000000
 0.918129   0.000000   0.000000
 0.920078   0.000000   0.000000
 0.922027   0.000000   0.000000
 0.923977   0.000000   0.000000
 0.925926   0.000000   0.000000
 0.927875   0.000000   0.000000
 0.929825   0.000000   0.000000
 0.931774   0.000000   0.000000
 0.933723   0.000000   0.000000
 0.935673   0.000000   0.000000
 0.937622   0.000000   0.000000
 0.939571   0.000000   0.000000
 0.941520   0.000000   0.000000
 0.943470   0.000000   0.000000
 0.945419   0.000000   0.000000
 0.947368   0.000000   0.000000
 0.949318   0.000000   0.000000
 0.951267   0.000000   0.000000
 0.953216   0.000000   0.000000
 0.955166   0.000000   0.000000
 0.957115   0.000000   0.000000
 0.959064   0.000000   0.000000
 0.961014   0.000000   0.000000
 0.962963   0.000000   0.000000
 0.964912   0.000000   0.000000
 0.966862   0.000000   0.000000
 0.968811   0.000000   0.000000
 0.970760   0.000000   0.000000
 0.972710   0.000000   0.000000
 0.974659   0.000000   0.000000
 0.976608   0.000000   0.000000
 0.978557   0.000000   0.000000
 0.980507   0.000000   0.000000
 0.982456   0.000000   0.000000
 0.984406   0.000000   0.000000
 0.986355   0.000000   0.000000
 0.988304   0.000000   0.000000
 0.990253   0.000000   0.000000
 0.992203   0.000000   0.000000
 0.994152   0.000000   0.000000
 0.996101   0.000000   0.000000
 0.998051   0.000000   0.000000
 1.000000   0.000000   0.000000
514 psinorm omgvb(kRad/s) domgvb/dpsiN
 0.000000   0.000000   0.000000
 0.001949   0.000000   0.000000
 0.003899   0.000000   0.000000
 0.005848   0.000000   0.000000
 0.007797   0.000000   0.000000
 0.009747   0.000000   0.000000
 0.011696   0.000000   0.000000
 0.013645   0.000000   0.000000
 0.015595   0.000000   0.000000
 0.017544   0.000000   0.000000
 0.019493   0.000000   0.000000
 0.021442   0.000000   0.000000
 0.023392   0.000000   0.000000
 0.025341   0.000000   0.000000
 0.027290   0.000000   0.000000
 0.029240   0.000000   0.000000
 0.031189   0.000000   0.000000
 0.033138   0.000000   0.000000
 0.035088   0.000000   0.000000
 0.037037   0.000000   0.000000
 0.038986   0.000000   0.000000
 0.040936   0.000000   0.000000
 0.042885   0.000000   0.000000
 0.044834   0.000000   0.000000
 0.046784   0.000000   0.000000
 0.048733   0.000000   0.000000
 0.050682   0.000000   0.000000
 0.052632   0.000000   0.000000
 0.054581   0.000000   0.000000
 0.056530   0.000000   0.000000
 0.058480   0.000000   0.000000
 0.060429   0.000000   0.000000
 0.062378   0.000000   0.000000
 0.064327   0.000000   0.000000
 0.066277   0.000000   0.000000
 0.068226   0.000000   0.000000
 0.070175   0.000000   0.000000
 0.072125   0.000000   0.000000
 0.074074   0.000000   0.000000
 0.076023   0.000000   0.000000
 0.077973   0.000000   0.000000
 0.079922   0.000000   0.000000
 0.081871   0.000000   0.000000
 0.083821   0.000000   0.000000
 0.085770   0.000000   0.000000
 0.087719   0.000000   0.000000
 0.089669   0.000000   0.000000
 0.091618   0.000000   0.000000
 0.093567   0.000000   0.000000
 0.095517   0.000000   0.000000
 0.097466   0.000000   0.000000
 0.099415   0.000000   0.000000
 0.101364   0.000000   0.000000
 0.103314   0.000000   0.000000
 0.105263   0.000000   0.000000
 0.107213   0.000000   0.000000
 0.109162   0.000000   0.000000
 0.111111   0.000000   0.000000
 0.113060   0.000000   0.000000
 0.115010   0.000000   0.000000
 0.116959   0.000000   0.000000
 0.118908   0.000000   0.000000
 0.120858   0.000000   0.000000
 0.122807   0.000000   0.000000
 0.124756   0.000000   0.000000
 0.126706   0.000000   0.000000
 0.128655   0.000000   0.000000
 0.130604   0.000000   0.000000
 0.132554   0.000000   0.000000
 0.134503   0.000000   0.000000
 0.136452   0.000000   0.000000
 0.138402   0.000000   0.000000
 0.140351   0.000000   0.000000
 0.142300   0.000000   0.000000
 0.144250   0.000000   0.000000
 0.146199   0.000000   0.000000
 0.148148   0.000000   0.000000
 0.150097   0.000000   0.000000
 0.152047   0.000000   0.000000
 0.153996   0.000000   0.000000
 0.155945   0.000000   0.000000
 0.157895   0.000000   0.000000
 0.159844   0.000000   0.000000
 0.161793   0.000000   0.000000
 0.163743   0.000000   0.000000
 0.165692   0.000000   0.000000
 0.167641   0.000000   0.000000
 0.169591   0.000000   0.000000
 0.171540   0.000000   0.000000
 0.173489   0.000000   0.000000
 0.175439   0.000000   0.000000
 0.177388   0.000000   0.000000
 0.179337   0.000000   0.000000
 0.181286   0.000000   0.000000
 0.183236   0.000000   0.000000
 0.185185   0.000000   0.000000
 0.187135   0.000000   0.000000
 0.189084   0.000000   0.000000
 0.191033   0.000000   0.000000
 0.192983   0.000000   0.000000
 0.194932   0.000000   0.000000
 0.196881   0.000000   0.000000
 0.198830   0.000000   0.000000
 0.200780   0.000000   0.000000
 0.202729   0.000000   0.000000
 0.204678   0.000000   0.000000
 0.206628   0.000000   0.000000
 0.208577   0.000000   0.000000
 0.210526   0.000000   0.000000
 0.212476   0.000000   0.000000
 0.214425   0.000000   0.000000
 0.216374   0.000000   0.000000
 0.218324   0.000000   0.000000
 0.220273   0.000000   0.000000
 0.222222   0.000000   0.000000
 0.224171   0.000000   0.000000
 0.226121   0.000000   0.000000
 0.228070   0.000000   0.000000
 0.230019   0.000000   0.000000
 0.231969   0.000000   0.000000
 0.233918   0.000000   0.000000
 0.235867   0.000000   0.000000
 0.237817   0.000000   0.000000
 0.239766   0.000000   0.000000
 0.241715   0.000000   0.000000
 0.243665   0.000000   0.000000
 0.245614   0.000000   0.000000
 0.247563   0.000000   0.000000
 0.249513   0.000000   0.000000
 0.251462   0.000000   0.000000
 0.253411   0.000000   0.000000
 0.255361   0.000000   0.000000
 0.257310   0.000000   0.000000
 0.259259   0.000000   0.000000
 0.261209   0.000000   0.000000
 0.263158   0.000000   0.000000
 0.265107   0.000000   0.000000
 0.267056   0.000000   0.000000
 0.269006   0.000000   0.000000
 0.270955   0.000000   0.000000
 0.272904   0.000000   0.000000
 0.274854   0.000000   0.000000
 0.276803   0.000000   0.000000
 0.278752   0.000000   0.000000
 0.280702   0.000000   0.000000
 0.282651   0.000000   0.000000
 0.284600   0.000000   0.000000
 0.286550   0.000000   0.000000
 0.288499   0.000000   0.000000
 0.290448   0.000000   0.000000
 0.292398   0.000000   0.000000
 0.294347   0.000000   0.000000
 0.296296   0.000000   0.000000
 0.298246   0.000000   0.000000
 0.300195   0.000000   0.000000
 0.302144   0.000000   0.000000
 0.304094   0.000000   0.000000
 0.306043   0.000000   0.000000
 0.307992   0.000000   0.000000
 0.309941   0.000000   0.000000
 0.311891   0.000000   0.000000
 0.313840   0.000000   0.000000
 0.315790   0.000000   0.000000
 0.317739   0.000000   0.000000
 0.319688   0.000000   0.000000
 0.321637   0.000000   0.000000
 0.323587   0.000000   0.000000
 0.325536   0.000000   0.000000
 0.327485   0.000000   0.000000
 0.329435   0.000000   0.000000
 0.331384   0.000000   0.000000
 0.333333   0.000000   0.000000
 0.335283   0.000000   0.000000
 0.337232   0.000000   0.000000
 0.339181   0.000000   0.000000
 0.341131   0.000000   0.000000
 0.343080   0.000000   0.000000
 0.345029   0.000000   0.000000
 0.346979   0.000000   0.000000
 0.348928   0.000000   0.000000
 0.350877   0.000000   0.000000
 0.352826   0.000000   0.000000
 0.354776   0.000000   0.000000
 0.356725   0.000000   0.000000
 0.358675   0.000000   0.000000
 0.360624   0.000000   0.000000
 0.362573   0.000000   0.000000
 0.364522   0.000000   0.000000
 0.366472   0.000000   0.000000
 0.368421   0.000000   0.000000
 0.370370   0.000000   0.000000
 0.372320   0.000000   0.000000
 0.374269   0.000000   0.000000
 0.376218   0.000000   0.000000
 0.378168   0.000000   0.000000
 0.380117   0.000000   0.000000
 0.382066   0.000000   0.000000
 0.384016   0.000000   0.000000
 0.385965   0.000000   0.000000
 0.387914   0.000000   0.000000
 0.389863   0.000000   0.000000
 0.391813   0.000000   0.000000
 0.393762   0.000000   0.000000
 0.395711   0.000000   0.000000
 0.397661   0.000000   0.000000
 0.399610   0.000000   0.000000
 0.401560   0.000000   0.000000
 0.403509   0.000000   0.000000
 0.405458   0.000000   0.000000
 0.407407   0.000000   0.000000
 0.409357   0.000000   0.000000
 0.411306   0.000000   0.000000
 0.413255   0.000000   0.000000
 0.415205   0.000000   0.000000
 0.417154   0.000000   0.000000
 0.419103   0.000000   0.000000
 0.421053   0.000000   0.000000
 0.423002   0.000000   0.000000
 0.424951   0.000000   0.000000
 0.426901   0.000000   0.000000
 0.428850   0.000000   0.000000
 0.430799   0.000000   0.000000
 0.432748   0.000000   0.000000
 0.434698   0.000000   0.000000
 0.436647   0.000000   0.000000
 0.438597   0.000000   0.000000
 0.440546   0.000000   0.000000
 0.442495   0.000000   0.000000
 0.444444   0.000000   0.000000
 0.446394   0.000000   0.000000
 0.448343   0.000000   0.000000
 0.450292   0.000000   0.000000
 0.452242   0.000000   0.000000
 0.454191   0.000000   0.000000
 0.456140   0.000000   0.000000
 0.458090   0.000000   0.000000
 0.460039   0.000000   0.000000
 0.461988   0.000000   0.000000
 0.463938   0.000000   0.000000
 0.465887   0.000000   0.000000
 0.467836   0.000000   0.000000
 0.469786   0.000000   0.000000
 0.471735   0.000000   0.000000
 0.473684   0.000000   0.000000
 0.475633   0.000000   0.000000
 0.477583   0.000000   0.000000
 0.479532   0.000000   0.000000
 0.481482   0.000000   0.000000
 0.483431   0.000000   0.000000
 0.485380   0.000000   0.000000
 0.487329   0.000000   0.000000
 0.489279   0.000000   0.000000
 0.491228   0.000000   0.000000
 0.493177   0.000000   0.000000
 0.495127   0.000000   0.000000
 0.497076   0.000000   0.000000
 0.499025   0.000000   0.000000
 0.500975   0.000000   0.000000
 0.502924   0.000000   0.000000
 0.504873   0.000000   0.000000
 0.506823   0.000000   0.000000
 0.508772   0.000000   0.000000
 0.510721   0.000000   0.000000
 0.512671   0.000000   0.000000
 0.514620   0.000000   0.000000
 0.516569   0.000000   0.000000
 0.518518   0.000000   0.000000
 0.520468   0.000000   0.000000
 0.522417   0.000000   0.000000
 0.524366   0.000000   0.000000
 0.526316   0.000000   0.000000
 0.528265   0.000000   0.000000
 0.530214   0.000000   0.000000
 0.532164   0.000000   0.000000
 0.534113   0.000000   0.000000
 0.536062   0.000000   0.000000
 0.538012   0.000000   0.000000
 0.539961   0.000000   0.000000
 0.541910   0.000000   0.000000
 0.543860   0.000000   0.000000
 0.545809   0.000000   0.000000
 0.547758   0.000000   0.000000
 0.549708   0.000000   0.000000
 0.551657   0.000000   0.000000
 0.553606   0.000000   0.000000
 0.555556   0.000000   0.000000
 0.557505   0.000000   0.000000
 0.559454   0.000000   0.000000
 0.561404   0.000000   0.000000
 0.563353   0.000000   0.000000
 0.565302   0.000000   0.000000
 0.567252   0.000000   0.000000
 0.569201   0.000000   0.000000
 0.571150   0.000000   0.000000
 0.573099   0.000000   0.000000
 0.575049   0.000000   0.000000
 0.576998   0.000000   0.000000
 0.578947   0.000000   0.000000
 0.580897   0.000000   0.000000
 0.582846   0.000000   0.000000
 0.584795   0.000000   0.000000
 0.586745   0.000000   0.000000
 0.588694   0.000000   0.000000
 0.590643   0.000000   0.000000
 0.592593   0.000000   0.000000
 0.594542   0.000000   0.000000
 0.596491   0.000000   0.000000
 0.598441   0.000000   0.000000
 0.600390   0.000000   0.000000
 0.602339   0.000000   0.000000
 0.604289   0.000000   0.000000
 0.606238   0.000000   0.000000
 0.608187   0.000000   0.000000
 0.610136   0.000000   0.000000
 0.612086   0.000000   0.000000
 0.614035   0.000000   0.000000
 0.615984   0.000000   0.000000
 0.617934   0.000000   0.000000
 0.619883   0.000000   0.000000
 0.621832   0.000000   0.000000
 0.623782   0.000000   0.000000
 0.625731   0.000000   0.000000
 0.627680   0.000000   0.000000
 0.629630   0.000000   0.000000
 0.631579   0.000000   0.000000
 0.633528   0.000000   0.000000
 0.635478   0.000000   0.000000
 0.637427   0.000000   0.000000
 0.639376   0.000000   0.000000
 0.641325   0.000000   0.000000
 0.643275   0.000000   0.000000
 0.645224   0.000000   0.000000
 0.647173   0.000000   0.000000
 0.649123   0.000000   0.000000
 0.651072   0.000000   0.000000
 0.653021   0.000000   0.000000
 0.654971   0.000000   0.000000
 0.656920   0.000000   0.000000
 0.658869   0.000000   0.000000
 0.660819   0.000000   0.000000
 0.662768   0.000000   0.000000
 0.664717   0.000000   0.000000
 0.666667   0.000000   0.000000
 0.668616   0.000000   0.000000
 0.670565   0.000000   0.000000
 0.672515   0.000000   0.000000
 0.674464   0.000000   0.000000
 0.676413   0.000000   0.000000
 0.678363   0.000000   0.000000
 0.680312   0.000000   0.000000
 0.682261   0.000000   0.000000
 0.684211   0.000000   0.000000
 0.686160   0.000000   0.000000
 0.688109   0.000000   0.000000
 0.690059   0.000000   0.000000
 0.692008   0.000000   0.000000
 0.693957   0.000000   0.000000
 0.695906   0.000000   0.000000
 0.697856   0.000000   0.000000
 0.699805   0.000000   0.000000
 0.701754   0.000000   0.000000
 0.703704   0.000000   0.000000
 0.705653   0.000000   0.000000
 0.707602   0.000000   0.000000
 0.709552   0.000000   0.000000
 0.711501   0.000000   0.000000
 0.713450   0.000000   0.000000
 0.715400   0.000000   0.000000
 0.717349   0.000000   0.000000
 0.719298   0.000000   0.000000
 0.721248   0.000000   0.000000
 0.723197   0.000000   0.000000
 0.725146   0.000000   0.000000
 0.727096   0.000000   0.000000
 0.729045   0.000000   0.000000
 0.730994   0.000000   0.000000
 0.732943   0.000000   0.000000
 0.734893   0.000000   0.000000
 0.736842   0.000000   0.000000
 0.738791   0.000000   0.000000
 0.740741   0.000000   0.000000
 0.742690   0.000000   0.000000
 0.744639   0.000000   0.000000
 0.746589   0.000000   0.000000
 0.748538   0.000000   0.000000
 0.750487   0.000000   0.000000
 0.752437   0.000000   0.000000
 0.754386   0.000000   0.000000
 0.756335   0.000000   0.000000
 0.758285   0.000000   0.000000
 0.760234   0.000000   0.000000
 0.762183   0.000000   0.000000
 0.764133   0.000000   0.000000
 0.766082   0.000000   0.000000
 0.768031   0.000000   0.000000
 0.769980   0.000000   0.000000
 0.771930   0.000000   0.000000
 0.773879   0.000000   0.000000
 0.775829   0.000000   0.000000
 0.777778   0.000000   0.000000
 0.779727   0.000000   0.000000
 0.781676   0.000000   0.000000
 0.783626   0.000000   0.000000
 0.785575   0.000000   0.000000
 0.787524   0.000000   0.000000
 0.789474   0.000000   0.000000
 0.791423   0.000000   0.000000
 0.793372   0.000000   0.000000
 0.795322   0.000000   0.000000
 0.797271   0.000000   0.000000
 0.799220   0.000000   0.000000
 0.801170   0.000000   0.000000
 0.803119   0.000000   0.000000
 0.805068   0.000000   0.000000
 0.807018   0.000000   0.000000
 0.808967   0.000000   0.000000
 0.810916   0.000000   0.000000
 0.812866   0.000000   0.000000
 0.814815   0.000000   0.000000
 0.816764   0.000000   0.000000
 0.818713   0.000000   0.000000
 0.820663   0.000000   0.000000
 0.822612   0.000000   0.000000
 0.824561   0.000000   0.000000
 0.826511   0.000000   0.000000
 0.828460   0.000000   0.000000
 0.830409   0.000000   0.000000
 0.832359   0.000000   0.000000
 0.834308   0.000000   0.000000
 0.836257   0.000000   0.000000
 0.838207   0.000000   0.000000
 0.840156   0.000000   0.000000
 0.842105   0.000000   0.000000
 0.844055   0.000000   0.000000
 0.846004   0.000000   0.000000
 0.847953   0.000000   0.000000
 0.849903   0.000000   0.000000
 0.851852   0.000000   0.000000
 0.853801   0.000000   0.000000
 0.855750   0.000000   0.000000
 0.857700   0.000000   0.000000
 0.859649   0.000000   0.000000
 0.861598   0.000000   0.000000
 0.863548   0.000000   0.000000
 0.865497   0.000000   0.000000
 0.867446   0.000000   0.000000
 0.869396   0.000000   0.000000
 0.871345   0.000000   0.000000
 0.873294   0.000000   0.000000
 0.875244   0.000000   0.000000
 0.877193   0.000000   0.000000
 0.879142   0.000000   0.000000
 0.881092   0.000000   0.000000
 0.883041   0.000000   0.000000
 0.884990   0.000000   0.000000
 0.886940   0.000000   0.000000
 0.888889   0.000000   0.000000
 0.890838   0.000000   0.000000
 0.892787   0.000000   0.000000
 0.894737   0.000000   0.000000
 0.896686   0.000000   0.000000
 0.898636   0.000000   0.000000
 0.900585   0.000000   0.000000
 0.902534   0.000000   0.000000
 0.904483   0.000000   0.000000
 0.906433   0.000000   0.000000
 0.908382   0.000000   0.000000
 0.910331   0.000000   0.000000
 0.912281   0.000000   0.000000
 0.914230   0.000000   0.000000
 0.916179   0.000000   0.000000
 0.918129   0.000000   0.000000
 0.920078   0.000000   0.000000
 0.922027   0.000000   0.000000
 0.923977   0.000000   0.000000
 0.925926   0.000000   0.000000
 0.927875   0.000000   0.000000
 0.929825   0.000000   0.000000
 0.931774   0.000000   0.000000
 0.933723   0.000000   0.000000
 0.935673   0.000000   0.000000
 0.937622   0.000000   0.000000
 0.939571   0.000000   0.000000
 0.941520   0.000000   0.000000
 0.943470   0.000000   0.000000
 0.945419   0.000000   0.000000
 0.947368   0.000000   0.000000
 0.949318   0.000000   0.000000
 0.951267   0.000000   0.000000
 0.953216   0.000000   0.000000
 0.955166   0.000000   0.000000
 0.957115   0.000000   0.000000
 0.959064   0.000000   0.000000
 0.961014   0.000000   0.000000
 0.962963   0.000000   0.000000
 0.964912   0.000000   0.000000
 0.966862   0.000000   0.000000
 0.968811   0.000000   0.000000
 0.970760   0.000000   0.000000
 0.972710   0.000000   0.000000
 0.974659   0.000000   0.000000
 0.976608   0.000000   0.000000
 0.978557   0.000000   0.000000
 0.980507   0.000000   0.000000
 0.982456   0.000000   0.000000
 0.984406   0.000000   0.000000
 0.986355   0.000000   0.000000
 0.988304   0.000000   0.000000
 0.990253   0.000000   0.000000
 0.992203   0.000000   0.000000
 0.994152   0.000000   0.000000
 0.996101   0.000000   0.000000
 0.998051   0.000000   0.000000
 1.000000   0.000000   0.000000
