514 psinorm ne(10^20/m^3) dne/dpsiN
 0.000000   0.441737   0.059927
 0.001949   0.441854   0.053429
 0.003899   0.441945   0.044009
 0.005848   0.442025   0.039257
 0.007797   0.442098   0.035850
 0.009747   0.442165   0.033404
 0.011696   0.442229   0.031304
 0.013645   0.442287   0.029321
 0.015595   0.442343   0.027890
 0.017544   0.442396   0.026392
 0.019493   0.442446   0.024952
 0.021442   0.442493   0.023779
 0.023392   0.442539   0.022746
 0.025341   0.442582   0.021645
 0.027290   0.442623   0.020669
 0.029240   0.442663   0.019624
 0.031189   0.442699   0.018722
 0.033138   0.442736   0.017945
 0.035088   0.442769   0.017100
 0.037037   0.442802   0.016398
 0.038986   0.442833   0.015612
 0.040936   0.442863   0.014758
 0.042885   0.442891   0.014046
 0.044834   0.442918   0.013464
 0.046784   0.442943   0.012601
 0.048733   0.442967   0.012093
 0.050682   0.442991   0.011504
 0.052632   0.443012   0.010846
 0.054581   0.443033   0.010331
 0.056530   0.443052   0.009521
 0.058480   0.443070   0.009068
 0.060429   0.443087   0.008547
 0.062378   0.443103   0.007876
 0.064327   0.443118   0.007485
 0.066277   0.443132   0.006809
 0.068226   0.443145   0.006279
 0.070175   0.443157   0.005882
 0.072125   0.443168   0.005200
 0.074074   0.443177   0.004879
 0.076023   0.443187   0.004476
 0.077973   0.443195   0.003787
 0.079922   0.443201   0.003245
 0.081871   0.443207   0.002836
 0.083821   0.443212   0.002357
 0.085770   0.443216   0.002026
 0.087719   0.443220   0.001612
 0.089669   0.443223   0.000910
 0.091618   0.443224   0.000574
 0.093567   0.443225   0.000154
 0.095517   0.443225   -0.000335
 0.097466   0.443224   -0.000896
 0.099415   0.443221   -0.001390
 0.101364   0.443218   -0.001597
 0.103314   0.443215   -0.001875
 0.105263   0.443211   -0.002374
 0.107213   0.443206   -0.002874
 0.109162   0.443200   -0.003447
 0.111111   0.443192   -0.003951
 0.113060   0.443184   -0.003947
 0.115010   0.443177   -0.004455
 0.116959   0.443167   -0.005034
 0.118908   0.443157   -0.005255
 0.120858   0.443147   -0.005769
 0.122807   0.443135   -0.006354
 0.124756   0.443122   -0.006580
 0.126706   0.443109   -0.006876
 0.128655   0.443095   -0.007467
 0.130604   0.443080   -0.007697
 0.132554   0.443065   -0.007998
 0.134503   0.443049   -0.008594
 0.136452   0.443031   -0.008828
 0.138402   0.443014   -0.009134
 0.140351   0.442996   -0.009735
 0.142300   0.442976   -0.009974
 0.144250   0.442957   -0.010510
 0.146199   0.442935   -0.010891
 0.148148   0.442914   -0.011205
 0.150097   0.442892   -0.011675
 0.152047   0.442869   -0.011766
 0.153996   0.442846   -0.012154
 0.155945   0.442822   -0.012630
 0.157895   0.442797   -0.013178
 0.159844   0.442770   -0.013571
 0.161793   0.442744   -0.013598
 0.163743   0.442717   -0.014151
 0.165692   0.442688   -0.014548
 0.167641   0.442660   -0.014807
 0.169591   0.442631   -0.015365
 0.171540   0.442601   -0.015540
 0.173489   0.442570   -0.015802
 0.175439   0.442539   -0.016366
 0.177388   0.442506   -0.016774
 0.179337   0.442474   -0.017112
 0.181286   0.442440   -0.017381
 0.183236   0.442406   -0.017722
 0.185185   0.442371   -0.018065
 0.187135   0.442335   -0.018410
 0.189084   0.442299   -0.018826
 0.191033   0.442262   -0.019102
 0.192983   0.442224   -0.019451
 0.194932   0.442186   -0.019873
 0.196881   0.442147   -0.020457
 0.198830   0.442106   -0.020508
 0.200780   0.442067   -0.020864
 0.202729   0.442025   -0.021524
 0.204678   0.441983   -0.021578
 0.206628   0.441941   -0.021939
 0.208577   0.441897   -0.022371
 0.210526   0.441854   -0.022663
 0.212476   0.441809   -0.023028
 0.214425   0.441764   -0.023466
 0.216374   0.441718   -0.023763
 0.218324   0.441671   -0.024133
 0.220273   0.441624   -0.024575
 0.222222   0.441575   -0.024712
 0.224171   0.441527   -0.025016
 0.226121   0.441478   -0.025628
 0.228070   0.441427   -0.026077
 0.230019   0.441376   -0.026149
 0.231969   0.441325   -0.026293
 0.233918   0.441274   -0.026983
 0.235867   0.441220   -0.027296
 0.237817   0.441167   -0.027445
 0.239766   0.441113   -0.028141
 0.241715   0.441058   -0.028221
 0.243665   0.441003   -0.028613
 0.245614   0.440946   -0.029075
 0.247563   0.440890   -0.029160
 0.249513   0.440832   -0.029795
 0.251462   0.440774   -0.030024
 0.253411   0.440715   -0.030352
 0.255361   0.440655   -0.030752
 0.257310   0.440595   -0.030986
 0.259259   0.440534   -0.031559
 0.261209   0.440472   -0.031724
 0.263158   0.440411   -0.031962
 0.265107   0.440348   -0.032612
 0.267056   0.440284   -0.032952
 0.269006   0.440219   -0.033123
 0.270955   0.440154   -0.033366
 0.272904   0.440089   -0.033711
 0.274854   0.440023   -0.034371
 0.276803   0.439955   -0.034618
 0.278752   0.439888   -0.034725
 0.280702   0.439820   -0.035391
 0.282651   0.439750   -0.035643
 0.284600   0.439681   -0.035998
 0.286550   0.439610   -0.036426
 0.288499   0.439539   -0.036439
 0.290448   0.439468   -0.037043
 0.292398   0.439394   -0.037476
 0.294347   0.439322   -0.037738
 0.296296   0.439247   -0.038103
 0.298246   0.439173   -0.038296
 0.300195   0.439098   -0.038807
 0.302144   0.439022   -0.038931
 0.304094   0.438946   -0.039375
 0.306043   0.438868   -0.039890
 0.307992   0.438791   -0.040091
 0.309941   0.438712   -0.040468
 0.311891   0.438633   -0.040919
 0.313840   0.438552   -0.041371
 0.315790   0.438472   -0.041578
 0.317739   0.438390   -0.041857
 0.319688   0.438309   -0.042314
 0.321637   0.438225   -0.042702
 0.323587   0.438142   -0.042915
 0.325536   0.438058   -0.043199
 0.327485   0.437974   -0.043593
 0.329435   0.437888   -0.044060
 0.331384   0.437802   -0.044599
 0.333333   0.437714   -0.044748
 0.335283   0.437627   -0.044970
 0.337232   0.437539   -0.045514
 0.339181   0.437450   -0.045668
 0.341131   0.437361   -0.046146
 0.343080   0.437270   -0.046695
 0.345029   0.437179   -0.046854
 0.346979   0.437087   -0.047085
 0.348928   0.436995   -0.047640
 0.350877   0.436902   -0.048126
 0.352826   0.436808   -0.048291
 0.354776   0.436713   -0.048529
 0.356725   0.436618   -0.049020
 0.358675   0.436522   -0.049514
 0.360624   0.436425   -0.049827
 0.362573   0.436328   -0.050070
 0.364522   0.436230   -0.050245
 0.366472   0.436132   -0.050746
 0.368421   0.436032   -0.051319
 0.370370   0.435932   -0.051499
 0.372320   0.435832   -0.051750
 0.374269   0.435730   -0.052329
 0.376218   0.435628   -0.052769
 0.378168   0.435525   -0.053025
 0.380117   0.435421   -0.053353
 0.382066   0.435317   -0.053543
 0.384016   0.435212   -0.054060
 0.385965   0.435106   -0.054393
 0.387914   0.435000   -0.054657
 0.389863   0.434893   -0.055368
 0.391813   0.434784   -0.055635
 0.393762   0.434676   -0.055716
 0.395711   0.434567   -0.056175
 0.397661   0.434457   -0.056706
 0.399610   0.434346   -0.056980
 0.401560   0.434235   -0.057256
 0.403509   0.434123   -0.057603
 0.405458   0.434010   -0.058141
 0.407407   0.433896   -0.058352
 0.409357   0.433783   -0.058634
 0.411306   0.433667   -0.059247
 0.413255   0.433552   -0.059723
 0.415205   0.433435   -0.060011
 0.417154   0.433318   -0.060108
 0.419103   0.433200   -0.060590
 0.421053   0.433081   -0.061143
 0.423002   0.432962   -0.061506
 0.424951   0.432842   -0.061732
 0.426901   0.432721   -0.062029
 0.428850   0.432600   -0.062396
 0.430799   0.432478   -0.062695
 0.432748   0.432355   -0.063191
 0.434698   0.432232   -0.063758
 0.436647   0.432107   -0.063799
 0.438597   0.431983   -0.064106
 0.440546   0.431857   -0.064746
 0.442495   0.431730   -0.065056
 0.444444   0.431603   -0.065563
 0.446394   0.431475   -0.065876
 0.448343   0.431346   -0.066259
 0.450292   0.431217   -0.066507
 0.452242   0.431087   -0.066825
 0.454191   0.430956   -0.067212
 0.456140   0.430825   -0.067465
 0.458090   0.430693   -0.068054
 0.460039   0.430560   -0.068446
 0.461988   0.430426   -0.068704
 0.463938   0.430292   -0.069299
 0.465887   0.430156   -0.069696
 0.467836   0.430020   -0.069692
 0.469786   0.429884   -0.070292
 0.471735   0.429746   -0.070693
 0.473684   0.429609   -0.071029
 0.475633   0.429469   -0.071298
 0.477583   0.429331   -0.071637
 0.479532   0.429190   -0.072246
 0.481482   0.429049   -0.072319
 0.483431   0.428908   -0.072730
 0.485380   0.428765   -0.073344
 0.487329   0.428622   -0.073623
 0.489279   0.428478   -0.073972
 0.491228   0.428334   -0.074388
 0.493177   0.428188   -0.074673
 0.495127   0.428043   -0.075026
 0.497076   0.427896   -0.075447
 0.499025   0.427748   -0.075736
 0.500975   0.427601   -0.076094
 0.502924   0.427452   -0.076791
 0.504873   0.427301   -0.077085
 0.506823   0.427151   -0.077176
 0.508772   0.427000   -0.077605
 0.510721   0.426849   -0.077904
 0.512671   0.426697   -0.078544
 0.514620   0.426543   -0.078978
 0.516569   0.426389   -0.079075
 0.518518   0.426234   -0.079380
 0.520468   0.426079   -0.080027
 0.522417   0.425922   -0.080466
 0.524366   0.425766   -0.080503
 0.526316   0.425608   -0.080880
 0.528265   0.425450   -0.081324
 0.530214   0.425291   -0.081913
 0.532164   0.425131   -0.082295
 0.534113   0.424971   -0.082468
 0.536062   0.424809   -0.082788
 0.538012   0.424648   -0.083174
 0.539961   0.424485   -0.083626
 0.541910   0.424322   -0.083950
 0.543860   0.424158   -0.084064
 0.545809   0.423994   -0.084520
 0.547758   0.423828   -0.085124
 0.549708   0.423662   -0.085519
 0.551657   0.423495   -0.085702
 0.553606   0.423328   -0.086035
 0.555556   0.423159   -0.086711
 0.557505   0.422990   -0.086897
 0.559454   0.422821   -0.086957
 0.561404   0.422651   -0.087637
 0.563353   0.422479   -0.088104
 0.565302   0.422307   -0.088168
 0.567252   0.422135   -0.088574
 0.569201   0.421962   -0.089045
 0.571150   0.421788   -0.089454
 0.573099   0.421613   -0.089522
 0.575049   0.421439   -0.089933
 0.576998   0.421263   -0.090688
 0.578947   0.421086   -0.090760
 0.580897   0.420909   -0.090895
 0.582846   0.420731   -0.091654
 0.584795   0.420552   -0.092009
 0.586745   0.420372   -0.092148
 0.588694   0.420192   -0.092349
 0.590643   0.420012   -0.092708
 0.592593   0.419831   -0.093130
 0.594542   0.419649   -0.093615
 0.596491   0.419466   -0.093978
 0.598441   0.419283   -0.094122
 0.600390   0.419099   -0.094610
 0.602339   0.418914   -0.094977
 0.604289   0.418729   -0.095406
 0.606238   0.418542   -0.095614
 0.608187   0.418356   -0.095763
 0.610136   0.418169   -0.096134
 0.612086   0.417981   -0.096567
 0.614035   0.417792   -0.097061
 0.615984   0.417603   -0.097436
 0.617934   0.417412   -0.097589
 0.619883   0.417222   -0.097802
 0.621832   0.417031   -0.098180
 0.623782   0.416839   -0.098619
 0.625731   0.416647   -0.098834
 0.627680   0.416454   -0.099215
 0.629630   0.416260   -0.099657
 0.631579   0.416066   -0.099874
 0.633528   0.415871   -0.099973
 0.635478   0.415676   -0.100418
 0.637427   0.415479   -0.100921
 0.639376   0.415282   -0.101081
 0.641325   0.415085   -0.101469
 0.643275   0.414887   -0.101631
 0.645224   0.414689   -0.101851
 0.647173   0.414490   -0.102242
 0.649123   0.414290   -0.102692
 0.651072   0.414089   -0.102913
 0.653021   0.413889   -0.103020
 0.654971   0.413688   -0.103471
 0.656920   0.413486   -0.103981
 0.658869   0.413282   -0.104090
 0.660819   0.413080   -0.104256
 0.662768   0.412876   -0.104767
 0.664717   0.412671   -0.104877
 0.666667   0.412467   -0.105045
 0.668616   0.412262   -0.105557
 0.670565   0.412056   -0.105669
 0.672515   0.411850   -0.105837
 0.674464   0.411643   -0.106351
 0.676413   0.411435   -0.106464
 0.678363   0.411228   -0.106923
 0.680312   0.411018   -0.107148
 0.682261   0.410810   -0.107262
 0.684211   0.410600   -0.107722
 0.686160   0.410390   -0.107658
 0.688109   0.410180   -0.108063
 0.690059   0.409969   -0.108524
 0.692008   0.409757   -0.108460
 0.693957   0.409546   -0.108631
 0.695906   0.409334   -0.109038
 0.697856   0.409121   -0.109209
 0.699805   0.408908   -0.109435
 0.701754   0.408694   -0.109843
 0.703704   0.408480   -0.110015
 0.705653   0.408265   -0.109949
 0.707602   0.408051   -0.110068
 0.709552   0.407836   -0.110530
 0.711501   0.407620   -0.111046
 0.713450   0.407403   -0.110874
 0.715400   0.407188   -0.111046
 0.717349   0.406970   -0.111560
 0.719298   0.406753   -0.111388
 0.721248   0.406536   -0.111559
 0.723197   0.406318   -0.112074
 0.725146   0.406099   -0.112194
 0.727096   0.405881   -0.112072
 0.729045   0.405662   -0.112293
 0.730994   0.405443   -0.112756
 0.732943   0.405223   -0.112583
 0.734893   0.405004   -0.112753
 0.736842   0.404783   -0.113265
 0.738791   0.404562   -0.113091
 0.740741   0.404342   -0.113260
 0.742690   0.404121   -0.113478
 0.744639   0.403900   -0.113597
 0.746589   0.403678   -0.113765
 0.748538   0.403456   -0.113687
 0.750487   0.403235   -0.113806
 0.752437   0.403013   -0.113972
 0.754386   0.402790   -0.114186
 0.756335   0.402567   -0.114304
 0.758285   0.402345   -0.114174
 0.760234   0.402122   -0.114386
 0.762183   0.401899   -0.114503
 0.764133   0.401676   -0.114372
 0.766082   0.401453   -0.114581
 0.768031   0.401229   -0.114743
 0.769980   0.401006   -0.114858
 0.771930   0.400781   -0.114724
 0.773879   0.400558   -0.114590
 0.775829   0.400335   -0.115044
 0.777778   0.400110   -0.114953
 0.779727   0.399886   -0.114816
 0.781676   0.399662   -0.114928
 0.783626   0.399438   -0.114789
 0.785575   0.399215   -0.114989
 0.787524   0.398990   -0.115100
 0.789474   0.398766   -0.114959
 0.791423   0.398542   -0.114860
 0.793372   0.398318   -0.114969
 0.795322   0.398094   -0.114825
 0.797271   0.397871   -0.114722
 0.799220   0.397646   -0.114830
 0.801170   0.397423   -0.114682
 0.803119   0.397199   -0.114872
 0.805068   0.396975   -0.114681
 0.807018   0.396752   -0.114531
 0.808967   0.396528   -0.114420
 0.810916   0.396306   -0.114523
 0.812866   0.396082   -0.114666
 0.814815   0.395859   -0.114255
 0.816764   0.395637   -0.114099
 0.818713   0.395414   -0.114199
 0.820663   0.395191   -0.114337
 0.822612   0.394969   -0.114217
 0.824561   0.394746   -0.114018
 0.826511   0.394524   -0.113856
 0.828460   0.394302   -0.114029
 0.830409   0.394079   -0.113827
 0.832359   0.393858   -0.113662
 0.834308   0.393636   -0.114126
 0.836257   0.393413   -0.113922
 0.838207   0.393192   -0.114050
 0.840156   0.392969   -0.114213
 0.842105   0.392747   -0.114005
 0.844055   0.392524   -0.114427
 0.846004   0.392301   -0.114586
 0.847953   0.392078   -0.114969
 0.849903   0.391853   -0.115387
 0.851852   0.391628   -0.115543
 0.853801   0.391402   -0.116255
 0.855750   0.391175   -0.116932
 0.857700   0.390946   -0.117642
 0.859649   0.390716   -0.118684
 0.861598   0.390484   -0.119654
 0.863548   0.390249   -0.120956
 0.865497   0.390012   -0.122589
 0.867446   0.389772   -0.124150
 0.869396   0.389528   -0.126044
 0.871345   0.389280   -0.128566
 0.873294   0.389027   -0.131609
 0.875244   0.388767   -0.134690
 0.877193   0.388502   -0.138103
 0.879142   0.388229   -0.142628
 0.881092   0.387946   -0.147491
 0.883041   0.387654   -0.152985
 0.884990   0.387349   -0.159585
 0.886940   0.387031   -0.166825
 0.888889   0.386699   -0.175294
 0.890838   0.386348   -0.185207
 0.892787   0.385977   -0.196255
 0.894737   0.385583   -0.208846
 0.896686   0.385163   -0.222963
 0.898636   0.384713   -0.238691
 0.900585   0.384232   -0.256609
 0.902534   0.383713   -0.276852
 0.904483   0.383153   -0.299989
 0.906433   0.382544   -0.326490
 0.908382   0.381880   -0.356931
 0.910331   0.381152   -0.391056
 0.912281   0.380355   -0.430063
 0.914230   0.379475   -0.474816
 0.916179   0.378504   -0.524680
 0.918129   0.377430   -0.581256
 0.920078   0.376238   -0.645095
 0.922027   0.374915   -0.716635
 0.923977   0.373444   -0.797330
 0.925926   0.371806   -0.888010
 0.927875   0.369982   -0.988647
 0.929825   0.367952   -1.100607
 0.931774   0.365691   -1.225591
 0.933723   0.363174   -1.363036
 0.935673   0.360376   -1.514599
 0.937622   0.357269   -1.681058
 0.939571   0.353824   -1.861756
 0.941520   0.350012   -2.056461
 0.943470   0.345805   -2.264005
 0.945419   0.341185   -2.487203
 0.947368   0.336110   -2.729651
 0.949318   0.330541   -2.989602
 0.951267   0.324454   -3.260603
 0.953216   0.317832   -3.537369
 0.955166   0.310662   -3.819950
 0.957115   0.302938   -4.103067
 0.959064   0.294668   -4.379024
 0.961014   0.285864   -4.645823
 0.962963   0.276554   -4.897007
 0.964912   0.266775   -5.122777
 0.966862   0.256580   -5.321387
 0.968811   0.246027   -5.487030
 0.970760   0.235192   -5.610594
 0.972710   0.224152   -5.692480
 0.974659   0.212997   -5.729647
 0.976608   0.201817   -5.718930
 0.978557   0.190704   -5.660046
 0.980507   0.179749   -5.557912
 0.982456   0.169034   -5.414535
 0.984406   0.158638   -5.233493
 0.986355   0.148628   -5.022335
 0.988304   0.139061   -4.783885
 0.990253   0.129981   -4.524398
 0.992203   0.121420   -4.251941
 0.994152   0.113402   -3.972976
 0.996101   0.105934   -3.689594
 0.998051   0.099017   -3.408503
 1.000000   0.092644   -3.269831
514 psinorm te(KeV) dte/dpsiN
 0.000000   2.240478   0.031338
 0.001949   2.240539   -0.024733
 0.003899   2.240381   -0.105868
 0.005848   2.240126   -0.148164
 0.007797   2.239803   -0.178589
 0.009747   2.239430   -0.203079
 0.011696   2.239012   -0.224139
 0.013645   2.238556   -0.241769
 0.015595   2.238069   -0.257369
 0.017544   2.237552   -0.272077
 0.019493   2.237008   -0.285647
 0.021442   2.236439   -0.297598
 0.023392   2.235848   -0.308673
 0.025341   2.235235   -0.319555
 0.027290   2.234603   -0.329477
 0.029240   2.233951   -0.339220
 0.031189   2.233280   -0.348544
 0.033138   2.232592   -0.356889
 0.035088   2.231888   -0.365523
 0.037037   2.231167   -0.373740
 0.038986   2.230432   -0.381198
 0.040936   2.229681   -0.388714
 0.042885   2.228916   -0.396050
 0.044834   2.228137   -0.403080
 0.046784   2.227344   -0.409939
 0.048733   2.226539   -0.416854
 0.050682   2.225719   -0.423219
 0.052632   2.224888   -0.429415
 0.054581   2.224045   -0.435905
 0.056530   2.223189   -0.441835
 0.058480   2.222322   -0.447833
 0.060429   2.221443   -0.453895
 0.062378   2.220553   -0.459445
 0.064327   2.219652   -0.464948
 0.066277   2.218740   -0.470522
 0.068226   2.217818   -0.476398
 0.070175   2.216883   -0.481460
 0.072125   2.215941   -0.486596
 0.074074   2.214986   -0.492272
 0.076023   2.214022   -0.497126
 0.077973   2.213048   -0.502056
 0.079922   2.212064   -0.507295
 0.081871   2.211070   -0.512175
 0.083821   2.210067   -0.517135
 0.085770   2.209054   -0.522171
 0.087719   2.208032   -0.526605
 0.089669   2.207001   -0.531357
 0.091618   2.205960   -0.536423
 0.093567   2.204910   -0.540882
 0.095517   2.203851   -0.545425
 0.097466   2.202783   -0.550285
 0.099415   2.201706   -0.554845
 0.101364   2.200620   -0.558862
 0.103314   2.199527   -0.563441
 0.105263   2.198424   -0.568024
 0.107213   2.197312   -0.572145
 0.109162   2.196193   -0.576826
 0.111111   2.195064   -0.581438
 0.113060   2.193926   -0.585263
 0.115010   2.192782   -0.589418
 0.116959   2.191628   -0.594136
 0.118908   2.190466   -0.597984
 0.120858   2.189297   -0.602163
 0.122807   2.188118   -0.606671
 0.124756   2.186932   -0.610540
 0.126706   2.185738   -0.614744
 0.128655   2.184535   -0.619040
 0.130604   2.183325   -0.622932
 0.132554   2.182106   -0.627160
 0.134503   2.180879   -0.631243
 0.136452   2.179646   -0.634916
 0.138402   2.178404   -0.639169
 0.140351   2.177153   -0.643277
 0.142300   2.175896   -0.646972
 0.144250   2.174631   -0.651008
 0.146199   2.173358   -0.655382
 0.148148   2.172076   -0.659433
 0.150097   2.170788   -0.662675
 0.152047   2.169492   -0.666742
 0.153996   2.168188   -0.671150
 0.155945   2.166876   -0.674413
 0.157895   2.165558   -0.678262
 0.159844   2.164232   -0.682696
 0.161793   2.162897   -0.686219
 0.163743   2.161556   -0.689849
 0.165692   2.160208   -0.694067
 0.167641   2.158851   -0.697611
 0.169591   2.157488   -0.701505
 0.171540   2.156116   -0.705747
 0.173489   2.154737   -0.709069
 0.175439   2.153351   -0.712744
 0.177388   2.151958   -0.717011
 0.179337   2.150556   -0.720942
 0.181286   2.149147   -0.724290
 0.183236   2.147732   -0.727994
 0.185185   2.146309   -0.731702
 0.187135   2.144879   -0.735420
 0.189084   2.143441   -0.739492
 0.191033   2.141997   -0.742874
 0.192983   2.140545   -0.746614
 0.194932   2.139086   -0.750710
 0.196881   2.137619   -0.754463
 0.198830   2.136145   -0.757871
 0.200780   2.134664   -0.761640
 0.202729   2.133175   -0.765768
 0.204678   2.131679   -0.768950
 0.206628   2.130177   -0.772497
 0.208577   2.128667   -0.776648
 0.210526   2.127149   -0.780094
 0.212476   2.125625   -0.783907
 0.214425   2.124093   -0.787837
 0.216374   2.122554   -0.791057
 0.218324   2.121009   -0.794891
 0.220273   2.119455   -0.798844
 0.222222   2.117895   -0.802445
 0.224171   2.116327   -0.805937
 0.226121   2.114752   -0.809554
 0.228070   2.113171   -0.813537
 0.230019   2.111581   -0.816802
 0.231969   2.109986   -0.820440
 0.233918   2.108382   -0.824693
 0.235867   2.106771   -0.827977
 0.237817   2.105154   -0.831388
 0.239766   2.103530   -0.835418
 0.241715   2.101898   -0.838967
 0.243665   2.100259   -0.842646
 0.245614   2.098612   -0.846451
 0.247563   2.096959   -0.849773
 0.249513   2.095299   -0.853721
 0.251462   2.093630   -0.857548
 0.253411   2.091956   -0.860640
 0.255361   2.090275   -0.864609
 0.257310   2.088585   -0.868706
 0.259259   2.086889   -0.871817
 0.261209   2.085186   -0.875559
 0.263158   2.083475   -0.879430
 0.265107   2.081758   -0.883184
 0.267056   2.080032   -0.886568
 0.269006   2.078301   -0.890088
 0.270955   2.076562   -0.894237
 0.272904   2.074815   -0.897391
 0.274854   2.073063   -0.901180
 0.276803   2.071302   -0.905352
 0.278752   2.069534   -0.908524
 0.280702   2.067759   -0.912084
 0.282651   2.065977   -0.916029
 0.284600   2.064189   -0.919468
 0.286550   2.062392   -0.923298
 0.288499   2.060589   -0.927265
 0.290448   2.058778   -0.930473
 0.292398   2.056961   -0.934323
 0.294347   2.055135   -0.938562
 0.296296   2.053302   -0.941537
 0.298246   2.051464   -0.945156
 0.300195   2.049617   -0.949417
 0.302144   2.047763   -0.952661
 0.304094   2.045903   -0.956551
 0.306043   2.044034   -0.960582
 0.307992   2.042158   -0.963982
 0.309941   2.040276   -0.967501
 0.311891   2.038386   -0.971418
 0.313840   2.036488   -0.974835
 0.315790   2.034585   -0.978513
 0.317739   2.032673   -0.982839
 0.319688   2.030754   -0.986529
 0.321637   2.028828   -0.989832
 0.323587   2.026895   -0.993536
 0.325536   2.024954   -0.997638
 0.327485   2.023006   -1.000959
 0.329435   2.021051   -1.004682
 0.331384   2.019089   -1.008805
 0.333333   2.017119   -1.012143
 0.335283   2.015142   -1.015886
 0.337232   2.013158   -1.020283
 0.339181   2.011165   -1.023638
 0.341131   2.009167   -1.027146
 0.343080   2.007160   -1.031311
 0.345029   2.005147   -1.034683
 0.346979   2.003126   -1.038464
 0.348928   2.001098   -1.042649
 0.350877   1.999062   -1.046440
 0.352826   1.997019   -1.049836
 0.354776   1.994969   -1.053641
 0.356725   1.992911   -1.057450
 0.358675   1.990846   -1.061267
 0.360624   1.988773   -1.065238
 0.362573   1.986693   -1.069067
 0.364522   1.984605   -1.072751
 0.366472   1.982511   -1.076338
 0.368421   1.980409   -1.080591
 0.370370   1.978299   -1.084036
 0.372320   1.976182   -1.087641
 0.374269   1.974058   -1.092169
 0.376218   1.971925   -1.095631
 0.378168   1.969786   -1.099253
 0.380117   1.967639   -1.103546
 0.382066   1.965484   -1.107023
 0.384016   1.963323   -1.110920
 0.385965   1.961153   -1.114975
 0.387914   1.958976   -1.118882
 0.389863   1.956791   -1.122381
 0.391813   1.954600   -1.126301
 0.393762   1.952400   -1.130639
 0.395711   1.950193   -1.133896
 0.397661   1.947979   -1.137833
 0.399610   1.945757   -1.141773
 0.401560   1.943527   -1.145722
 0.403509   1.941290   -1.149833
 0.405458   1.939045   -1.153792
 0.407407   1.936792   -1.157337
 0.409357   1.934533   -1.161309
 0.411306   1.932264   -1.165703
 0.413255   1.929989   -1.169005
 0.415205   1.927706   -1.172993
 0.417154   1.925415   -1.177405
 0.419103   1.923117   -1.180980
 0.421053   1.920811   -1.184725
 0.423002   1.918497   -1.189156
 0.424951   1.916175   -1.192745
 0.426901   1.913847   -1.196507
 0.428850   1.911510   -1.200955
 0.430799   1.909166   -1.204984
 0.432748   1.906813   -1.208593
 0.434698   1.904453   -1.212374
 0.436647   1.902086   -1.216418
 0.438597   1.899710   -1.220470
 0.440546   1.897327   -1.224693
 0.442495   1.894937   -1.229014
 0.444444   1.892537   -1.232649
 0.446394   1.890130   -1.236200
 0.448343   1.887717   -1.240705
 0.450292   1.885294   -1.244615
 0.452242   1.882864   -1.248441
 0.454191   1.880427   -1.252963
 0.456140   1.877980   -1.256624
 0.458090   1.875527   -1.260464
 0.460039   1.873065   -1.265002
 0.461988   1.870596   -1.268675
 0.463938   1.868119   -1.272791
 0.465887   1.865633   -1.277083
 0.467836   1.863141   -1.280768
 0.469786   1.860640   -1.284897
 0.471735   1.858131   -1.289204
 0.473684   1.855614   -1.293340
 0.475633   1.853090   -1.297042
 0.477583   1.850557   -1.301188
 0.479532   1.848016   -1.305336
 0.481482   1.845468   -1.309492
 0.483431   1.842911   -1.314090
 0.485380   1.840345   -1.317989
 0.487329   1.837773   -1.321712
 0.489279   1.835192   -1.325884
 0.491228   1.832603   -1.330237
 0.493177   1.830007   -1.333971
 0.495127   1.827402   -1.338154
 0.497076   1.824789   -1.342784
 0.499025   1.822168   -1.346528
 0.500975   1.819539   -1.350723
 0.502924   1.816902   -1.355366
 0.504873   1.814256   -1.359119
 0.506823   1.811602   -1.363060
 0.508772   1.808941   -1.367716
 0.510721   1.806271   -1.371478
 0.512671   1.803594   -1.375694
 0.514620   1.800907   -1.380361
 0.516569   1.798213   -1.384583
 0.518518   1.795510   -1.388356
 0.520468   1.792800   -1.392320
 0.522417   1.790081   -1.397268
 0.524366   1.787354   -1.401048
 0.526316   1.784619   -1.405022
 0.528265   1.781875   -1.409715
 0.530214   1.779124   -1.413502
 0.532164   1.776364   -1.418015
 0.534113   1.773595   -1.422719
 0.536062   1.770818   -1.426247
 0.538012   1.768034   -1.430502
 0.539961   1.765241   -1.435215
 0.541910   1.762439   -1.439281
 0.543860   1.759629   -1.443544
 0.545809   1.756811   -1.448000
 0.547758   1.753985   -1.452071
 0.549708   1.751149   -1.456341
 0.551657   1.748307   -1.460806
 0.553606   1.745455   -1.464882
 0.555556   1.742595   -1.469158
 0.557505   1.739727   -1.473897
 0.559454   1.736850   -1.477977
 0.561404   1.733964   -1.482259
 0.563353   1.731070   -1.487005
 0.565302   1.728168   -1.490822
 0.567252   1.725258   -1.495109
 0.569201   1.722339   -1.499861
 0.571150   1.719411   -1.504149
 0.573099   1.716475   -1.508237
 0.575049   1.713531   -1.512529
 0.576998   1.710578   -1.517289
 0.578947   1.707616   -1.521379
 0.580897   1.704646   -1.525675
 0.582846   1.701668   -1.530440
 0.584795   1.698681   -1.534531
 0.586745   1.695684   -1.538829
 0.588694   1.692681   -1.543599
 0.590643   1.689667   -1.547691
 0.592593   1.686646   -1.551991
 0.594542   1.683616   -1.557032
 0.596491   1.680577   -1.561124
 0.598441   1.677529   -1.565425
 0.600390   1.674473   -1.570201
 0.602339   1.671409   -1.574023
 0.604289   1.668336   -1.578593
 0.606238   1.665254   -1.583639
 0.608187   1.662163   -1.587939
 0.610136   1.659064   -1.592028
 0.612086   1.655956   -1.596598
 0.614035   1.652839   -1.601376
 0.615984   1.649714   -1.605462
 0.617934   1.646579   -1.610031
 0.619883   1.643436   -1.615080
 0.621832   1.640284   -1.618892
 0.623782   1.637124   -1.623189
 0.625731   1.633955   -1.628507
 0.627680   1.630776   -1.632584
 0.629630   1.627589   -1.637148
 0.631579   1.624393   -1.641924
 0.633528   1.621189   -1.645996
 0.635478   1.617975   -1.650827
 0.637427   1.614753   -1.655601
 0.639376   1.611522   -1.660157
 0.641325   1.608281   -1.664220
 0.643275   1.605033   -1.668774
 0.645224   1.601775   -1.673814
 0.647173   1.598508   -1.677870
 0.649123   1.595233   -1.682689
 0.651072   1.591948   -1.687725
 0.653021   1.588654   -1.691772
 0.654971   1.585351   -1.696313
 0.656920   1.582040   -1.701344
 0.658869   1.578720   -1.705654
 0.660819   1.575390   -1.710187
 0.662768   1.572051   -1.715211
 0.664717   1.568704   -1.719511
 0.666667   1.565347   -1.724036
 0.668616   1.561982   -1.729325
 0.670565   1.558606   -1.733614
 0.672515   1.555222   -1.737857
 0.674464   1.551830   -1.743138
 0.676413   1.548428   -1.747414
 0.678363   1.545017   -1.752191
 0.680312   1.541596   -1.757464
 0.682261   1.538167   -1.761455
 0.684211   1.534728   -1.766220
 0.686160   1.531280   -1.771483
 0.688109   1.527823   -1.775460
 0.690059   1.524358   -1.780213
 0.692008   1.520882   -1.785737
 0.693957   1.517397   -1.790480
 0.695906   1.513902   -1.794708
 0.697856   1.510399   -1.799443
 0.699805   1.506886   -1.804680
 0.701754   1.503365   -1.808892
 0.703704   1.499834   -1.813612
 0.705653   1.496293   -1.819108
 0.707602   1.492743   -1.823303
 0.709552   1.489184   -1.828007
 0.711501   1.485615   -1.833489
 0.713450   1.482037   -1.837939
 0.715400   1.478449   -1.842626
 0.717349   1.474853   -1.847820
 0.719298   1.471246   -1.852523
 0.721248   1.467630   -1.857466
 0.723197   1.464004   -1.862644
 0.725146   1.460369   -1.867053
 0.727096   1.456724   -1.871977
 0.729045   1.453070   -1.877412
 0.730994   1.449406   -1.882321
 0.732943   1.445733   -1.886701
 0.734893   1.442050   -1.891598
 0.736842   1.438358   -1.897282
 0.738791   1.434654   -1.901913
 0.740741   1.430942   -1.906514
 0.742690   1.427221   -1.912179
 0.744639   1.423489   -1.916786
 0.746589   1.419747   -1.921639
 0.748538   1.415996   -1.927283
 0.750487   1.412235   -1.931864
 0.752437   1.408464   -1.936968
 0.754386   1.404683   -1.942592
 0.756335   1.400892   -1.947146
 0.758285   1.397091   -1.952225
 0.760234   1.393280   -1.957826
 0.762183   1.389459   -1.962627
 0.764133   1.385628   -1.967956
 0.766082   1.381786   -1.973533
 0.768031   1.377935   -1.978567
 0.769980   1.374074   -1.983330
 0.771930   1.370202   -1.988623
 0.773879   1.366320   -1.993902
 0.775829   1.362427   -1.999451
 0.777778   1.358524   -2.005253
 0.779727   1.354611   -2.010231
 0.781676   1.350688   -2.015206
 0.783626   1.346754   -2.020717
 0.785575   1.342809   -2.026758
 0.787524   1.338853   -2.031701
 0.789474   1.334888   -2.036906
 0.791423   1.330912   -2.042919
 0.793372   1.326925   -2.048103
 0.795322   1.322926   -2.053827
 0.797271   1.318917   -2.059811
 0.799220   1.314897   -2.064685
 0.801170   1.310866   -2.070377
 0.803119   1.306824   -2.076881
 0.805068   1.302771   -2.081994
 0.807018   1.298707   -2.087652
 0.808967   1.294631   -2.094126
 0.810916   1.290544   -2.099201
 0.812866   1.286446   -2.105100
 0.814815   1.282336   -2.111817
 0.816764   1.278214   -2.117690
 0.818713   1.274081   -2.123265
 0.820663   1.269936   -2.129392
 0.822612   1.265779   -2.135789
 0.824561   1.261610   -2.141599
 0.826511   1.257429   -2.147964
 0.828460   1.253236   -2.154878
 0.830409   1.249029   -2.160647
 0.832359   1.244811   -2.167250
 0.834308   1.240579   -2.174404
 0.836257   1.236335   -2.180405
 0.838207   1.232077   -2.187244
 0.840156   1.227807   -2.194639
 0.842105   1.223523   -2.201148
 0.844055   1.219225   -2.208223
 0.846004   1.214913   -2.216132
 0.847953   1.210587   -2.222872
 0.849903   1.206246   -2.230456
 0.851852   1.201890   -2.238880
 0.853801   1.197519   -2.246711
 0.855750   1.193132   -2.254490
 0.857700   1.188729   -2.263123
 0.859649   1.184308   -2.272324
 0.861598   1.179871   -2.281159
 0.863548   1.175414   -2.290575
 0.865497   1.170940   -2.300842
 0.867446   1.166445   -2.311006
 0.869396   1.161929   -2.322035
 0.871345   1.157392   -2.334473
 0.873294   1.152830   -2.346240
 0.875244   1.148244   -2.359433
 0.877193   1.143630   -2.374594
 0.879142   1.138988   -2.389342
 0.881092   1.134314   -2.406356
 0.883041   1.129605   -2.425346
 0.884990   1.124860   -2.444727
 0.886940   1.120073   -2.467219
 0.888889   1.115241   -2.492528
 0.890838   1.110357   -2.519953
 0.892787   1.105418   -2.550290
 0.894737   1.100414   -2.585150
 0.896686   1.095338   -2.624030
 0.898636   1.090183   -2.667500
 0.900585   1.084938   -2.717362
 0.902534   1.079590   -2.773738
 0.904483   1.074126   -2.837935
 0.906433   1.068525   -2.912293
 0.908382   1.062771   -2.998688
 0.910331   1.056836   -3.097077
 0.912281   1.050695   -3.211515
 0.914230   1.044315   -3.344680
 0.916179   1.037658   -3.496840
 0.918129   1.030680   -3.673750
 0.920078   1.023334   -3.879696
 0.922027   1.015557   -4.116237
 0.923977   1.007284   -4.390448
 0.925926   0.998439   -4.707921
 0.927875   0.988933   -5.072132
 0.929825   0.978663   -5.493123
 0.931774   0.967516   -5.977755
 0.933723   0.955361   -6.530565
 0.935673   0.942052   -7.165784
 0.937622   0.927423   -7.893146
 0.939571   0.911285   -8.723858
 0.941520   0.893417   -9.683916
 0.943470   0.873526   -10.899345
 0.945419   0.850922   -10.433090
 0.947368   0.832858   -9.664638
 0.949318   0.813239   -10.659758
 0.951267   0.791297   -11.878131
 0.953216   0.766938   -13.125485
 0.955166   0.740119   -14.383205
 0.957115   0.710859   -15.616335
 0.959064   0.679247   -16.773529
 0.961014   0.645458   -17.823933
 0.962963   0.609752   -18.723629
 0.964912   0.572473   -19.418772
 0.966862   0.534038   -19.890348
 0.968811   0.494921   -20.114229
 0.970760   0.455633   -20.064085
 0.972710   0.416691   -19.757533
 0.974659   0.378598   -19.210284
 0.976608   0.341810   -18.439540
 0.978557   0.306720   -17.482740
 0.980507   0.273646   -16.389490
 0.982456   0.242817   -15.200713
 0.984406   0.214379   -13.957089
 0.986355   0.188397   -12.701935
 0.988304   0.164867   -11.460012
 0.990253   0.143726   -10.259422
 0.992203   0.124867   -9.123604
 0.994152   0.108152   -8.067800
 0.996101   0.093418   -7.092910
 0.998051   0.080497   -6.207254
 1.000000   0.069216   -5.788454
514 psinorm ni(10^20/m^3) dni/dpsiN
 0.000000   0.361421   0.192874
 0.001949   0.361797   0.183435
 0.003899   0.362136   0.168624
 0.005848   0.362455   0.159129
 0.007797   0.362757   0.151288
 0.009747   0.363045   0.144847
 0.011696   0.363322   0.139402
 0.013645   0.363588   0.133980
 0.015595   0.363844   0.129345
 0.017544   0.364092   0.125086
 0.019493   0.364331   0.120834
 0.021442   0.364563   0.117013
 0.023392   0.364788   0.113357
 0.025341   0.365005   0.110079
 0.027290   0.365217   0.106847
 0.029240   0.365422   0.103571
 0.031189   0.365621   0.100463
 0.033138   0.365813   0.097617
 0.035088   0.366001   0.094937
 0.037037   0.366184   0.092215
 0.038986   0.366361   0.089550
 0.040936   0.366533   0.087050
 0.042885   0.366700   0.084507
 0.044834   0.366862   0.082026
 0.046784   0.367020   0.079709
 0.048733   0.367173   0.077348
 0.050682   0.367321   0.075266
 0.052632   0.367466   0.073136
 0.054581   0.367607   0.070747
 0.056530   0.367742   0.068855
 0.058480   0.367875   0.066914
 0.060429   0.368003   0.064712
 0.062378   0.368127   0.062757
 0.064327   0.368248   0.060836
 0.066277   0.368364   0.058865
 0.068226   0.368477   0.057059
 0.070175   0.368587   0.055333
 0.072125   0.368693   0.053556
 0.074074   0.368796   0.051728
 0.076023   0.368895   0.049983
 0.077973   0.368991   0.048401
 0.079922   0.369083   0.046553
 0.081871   0.369172   0.045005
 0.083821   0.369259   0.043404
 0.085770   0.369341   0.041753
 0.087719   0.369422   0.040188
 0.089669   0.369498   0.038569
 0.091618   0.369572   0.037115
 0.093567   0.369643   0.035533
 0.095517   0.369710   0.033896
 0.097466   0.369775   0.032424
 0.099415   0.369837   0.031214
 0.101364   0.369896   0.029829
 0.103314   0.369953   0.028169
 0.105263   0.370006   0.026724
 0.107213   0.370057   0.025493
 0.109162   0.370106   0.024207
 0.111111   0.370152   0.022745
 0.113060   0.370194   0.021330
 0.115010   0.370235   0.020079
 0.116959   0.370273   0.018771
 0.118908   0.370308   0.017563
 0.120858   0.370341   0.016297
 0.122807   0.370372   0.014974
 0.124756   0.370400   0.013752
 0.126706   0.370425   0.012472
 0.128655   0.370448   0.011134
 0.130604   0.370469   0.010122
 0.132554   0.370488   0.008827
 0.134503   0.370503   0.007475
 0.136452   0.370517   0.006674
 0.138402   0.370529   0.005366
 0.140351   0.370538   0.003999
 0.142300   0.370545   0.003187
 0.144250   0.370550   0.002090
 0.146199   0.370553   0.000709
 0.148148   0.370553   -0.000171
 0.150097   0.370552   -0.001223
 0.152047   0.370548   -0.002562
 0.153996   0.370542   -0.003509
 0.155945   0.370534   -0.004573
 0.157895   0.370524   -0.005472
 0.159844   0.370513   -0.006431
 0.161793   0.370499   -0.007733
 0.163743   0.370483   -0.008643
 0.165692   0.370466   -0.009614
 0.167641   0.370445   -0.010700
 0.169591   0.370424   -0.011621
 0.171540   0.370400   -0.012603
 0.173489   0.370375   -0.013472
 0.175439   0.370348   -0.014632
 0.177388   0.370318   -0.015626
 0.179337   0.370287   -0.016335
 0.181286   0.370254   -0.017216
 0.183236   0.370220   -0.018161
 0.185185   0.370183   -0.019109
 0.187135   0.370145   -0.020061
 0.189084   0.370105   -0.021077
 0.191033   0.370063   -0.021975
 0.192983   0.370019   -0.022706
 0.194932   0.369974   -0.023501
 0.196881   0.369928   -0.024469
 0.198830   0.369879   -0.025379
 0.200780   0.369829   -0.026123
 0.202729   0.369777   -0.026930
 0.204678   0.369724   -0.027850
 0.206628   0.369669   -0.028601
 0.208577   0.369612   -0.029418
 0.210526   0.369554   -0.030113
 0.212476   0.369495   -0.031108
 0.214425   0.369433   -0.031933
 0.216374   0.369370   -0.032402
 0.218324   0.369306   -0.033406
 0.220273   0.369240   -0.034241
 0.222222   0.369173   -0.035016
 0.224171   0.369104   -0.035730
 0.226121   0.369033   -0.036275
 0.228070   0.368962   -0.037121
 0.230019   0.368889   -0.037843
 0.231969   0.368815   -0.038632
 0.233918   0.368738   -0.039249
 0.235867   0.368662   -0.039979
 0.237817   0.368582   -0.040776
 0.239766   0.368503   -0.041402
 0.241715   0.368421   -0.042139
 0.243665   0.368338   -0.042706
 0.245614   0.368254   -0.043339
 0.247563   0.368169   -0.044084
 0.249513   0.368082   -0.044896
 0.251462   0.367994   -0.045537
 0.253411   0.367905   -0.046050
 0.255361   0.367815   -0.046630
 0.257310   0.367723   -0.047277
 0.259259   0.367630   -0.047796
 0.261209   0.367537   -0.048624
 0.263158   0.367441   -0.049278
 0.265107   0.367345   -0.049870
 0.267056   0.367246   -0.050398
 0.269006   0.367148   -0.050994
 0.270955   0.367048   -0.051657
 0.272904   0.366947   -0.051949
 0.274854   0.366845   -0.052794
 0.276803   0.366741   -0.053463
 0.278752   0.366637   -0.053761
 0.280702   0.366531   -0.054370
 0.282651   0.366425   -0.055046
 0.284600   0.366317   -0.055592
 0.286550   0.366208   -0.055963
 0.288499   0.366099   -0.056646
 0.290448   0.365987   -0.057198
 0.292398   0.365876   -0.057574
 0.294347   0.365763   -0.058263
 0.296296   0.365649   -0.058576
 0.298246   0.365534   -0.059203
 0.300195   0.365418   -0.059898
 0.302144   0.365301   -0.059970
 0.304094   0.365184   -0.060603
 0.306043   0.365065   -0.061303
 0.307992   0.364945   -0.061446
 0.309941   0.364825   -0.062017
 0.311891   0.364703   -0.062657
 0.313840   0.364581   -0.062804
 0.315790   0.364458   -0.063448
 0.317739   0.364333   -0.063911
 0.319688   0.364209   -0.064311
 0.321637   0.364083   -0.064893
 0.323587   0.363956   -0.065047
 0.325536   0.363829   -0.065517
 0.327485   0.363701   -0.065855
 0.329435   0.363572   -0.066262
 0.331384   0.363442   -0.066986
 0.333333   0.363311   -0.067329
 0.335283   0.363180   -0.067490
 0.337232   0.363048   -0.067969
 0.339181   0.362915   -0.068317
 0.341131   0.362782   -0.068732
 0.343080   0.362647   -0.069216
 0.345029   0.362512   -0.069316
 0.346979   0.362377   -0.069736
 0.348928   0.362240   -0.070223
 0.350877   0.362103   -0.070645
 0.352826   0.361965   -0.071003
 0.354776   0.361826   -0.071175
 0.356725   0.361687   -0.071349
 0.358675   0.361548   -0.071776
 0.360624   0.361407   -0.072272
 0.362573   0.361266   -0.072702
 0.364522   0.361124   -0.072814
 0.366472   0.360982   -0.072993
 0.368421   0.360839   -0.073493
 0.370370   0.360696   -0.073607
 0.372320   0.360552   -0.074045
 0.374269   0.360407   -0.074293
 0.376218   0.360263   -0.074411
 0.378168   0.360117   -0.074851
 0.380117   0.359971   -0.075103
 0.382066   0.359824   -0.075480
 0.384016   0.359676   -0.075668
 0.385965   0.359529   -0.075922
 0.387914   0.359381   -0.076111
 0.389863   0.359233   -0.076236
 0.391813   0.359083   -0.076685
 0.393762   0.358934   -0.076943
 0.395711   0.358783   -0.077070
 0.397661   0.358633   -0.077264
 0.399610   0.358482   -0.077459
 0.401560   0.358331   -0.077655
 0.403509   0.358179   -0.077916
 0.405458   0.358027   -0.078113
 0.407407   0.357875   -0.078246
 0.409357   0.357722   -0.078445
 0.411306   0.357569   -0.078710
 0.413255   0.357415   -0.078846
 0.415205   0.357262   -0.079047
 0.417154   0.357107   -0.079053
 0.419103   0.356953   -0.079191
 0.421053   0.356798   -0.079656
 0.423002   0.356643   -0.079663
 0.424951   0.356488   -0.079804
 0.426901   0.356332   -0.080009
 0.428850   0.356176   -0.080018
 0.430799   0.356020   -0.080225
 0.432748   0.355863   -0.080369
 0.434698   0.355706   -0.080578
 0.436647   0.355549   -0.080524
 0.438597   0.355392   -0.080734
 0.440546   0.355234   -0.081009
 0.442495   0.355077   -0.080956
 0.444444   0.354919   -0.081105
 0.446394   0.354760   -0.081053
 0.448343   0.354603   -0.081330
 0.450292   0.354443   -0.081481
 0.452242   0.354285   -0.081164
 0.454191   0.354127   -0.081443
 0.456140   0.353968   -0.081596
 0.458090   0.353809   -0.081546
 0.460039   0.353650   -0.081826
 0.461988   0.353490   -0.081715
 0.463938   0.353331   -0.081666
 0.465887   0.353171   -0.081947
 0.467836   0.353012   -0.081837
 0.469786   0.352852   -0.081790
 0.471735   0.352693   -0.082072
 0.473684   0.352532   -0.082025
 0.475633   0.352373   -0.081917
 0.477583   0.352213   -0.082139
 0.479532   0.352053   -0.082093
 0.481482   0.351893   -0.082048
 0.483431   0.351733   -0.082063
 0.485380   0.351573   -0.082017
 0.487329   0.351413   -0.082181
 0.489279   0.351253   -0.082137
 0.491228   0.351093   -0.082153
 0.493177   0.350932   -0.082049
 0.495127   0.350773   -0.082005
 0.497076   0.350613   -0.082021
 0.499025   0.350453   -0.081918
 0.500975   0.350293   -0.081874
 0.502924   0.350134   -0.081891
 0.504873   0.349974   -0.081788
 0.506823   0.349815   -0.081746
 0.508772   0.349655   -0.081762
 0.510721   0.349496   -0.081661
 0.512671   0.349337   -0.081618
 0.514620   0.349178   -0.081635
 0.516569   0.349019   -0.081593
 0.518518   0.348860   -0.081493
 0.520468   0.348701   -0.081452
 0.522417   0.348542   -0.081195
 0.524366   0.348385   -0.081096
 0.526316   0.348226   -0.081054
 0.528265   0.348069   -0.081071
 0.530214   0.347910   -0.080973
 0.532164   0.347753   -0.080657
 0.534113   0.347596   -0.080674
 0.536062   0.347438   -0.080577
 0.538012   0.347282   -0.080536
 0.539961   0.347124   -0.080276
 0.541910   0.346969   -0.080180
 0.543860   0.346812   -0.080140
 0.545809   0.346656   -0.079879
 0.547758   0.346500   -0.079784
 0.549708   0.346345   -0.079744
 0.551657   0.346189   -0.079759
 0.553606   0.346034   -0.079388
 0.555556   0.345880   -0.079071
 0.557505   0.345726   -0.079085
 0.559454   0.345572   -0.078992
 0.561404   0.345418   -0.078674
 0.563353   0.345265   -0.078689
 0.565302   0.345111   -0.078596
 0.567252   0.344958   -0.078278
 0.569201   0.344806   -0.078013
 0.571150   0.344654   -0.077694
 0.573099   0.344503   -0.077602
 0.575049   0.344352   -0.077562
 0.576998   0.344201   -0.077296
 0.578947   0.344050   -0.077204
 0.580897   0.343900   -0.077165
 0.582846   0.343750   -0.076617
 0.584795   0.343601   -0.076246
 0.586745   0.343452   -0.076487
 0.588694   0.343303   -0.076218
 0.590643   0.343155   -0.075847
 0.592593   0.343007   -0.075526
 0.594542   0.342861   -0.075256
 0.596491   0.342714   -0.075166
 0.598441   0.342568   -0.074845
 0.600390   0.342422   -0.074855
 0.602339   0.342276   -0.074484
 0.604289   0.342132   -0.074162
 0.606238   0.341987   -0.074172
 0.608187   0.341842   -0.073849
 0.610136   0.341699   -0.073478
 0.612086   0.341556   -0.073155
 0.614035   0.341414   -0.072880
 0.615984   0.341272   -0.072509
 0.617934   0.341131   -0.072469
 0.619883   0.340989   -0.072192
 0.621832   0.340849   -0.071821
 0.623782   0.340709   -0.071497
 0.625731   0.340571   -0.071219
 0.627680   0.340432   -0.071132
 0.629630   0.340293   -0.070522
 0.631579   0.340157   -0.070243
 0.633528   0.340020   -0.070157
 0.635478   0.339883   -0.069831
 0.637427   0.339747   -0.069549
 0.639376   0.339612   -0.069223
 0.641325   0.339477   -0.069137
 0.643275   0.339343   -0.068810
 0.645224   0.339209   -0.068241
 0.647173   0.339076   -0.067870
 0.649123   0.338945   -0.067542
 0.651072   0.338813   -0.067544
 0.653021   0.338681   -0.067173
 0.654971   0.338551   -0.066557
 0.656920   0.338422   -0.066271
 0.658869   0.338293   -0.065900
 0.660819   0.338165   -0.065570
 0.662768   0.338037   -0.065569
 0.664717   0.337909   -0.065199
 0.666667   0.337783   -0.064580
 0.668616   0.337657   -0.064290
 0.670565   0.337532   -0.063919
 0.672515   0.337408   -0.063588
 0.674464   0.337285   -0.063296
 0.676413   0.337161   -0.062925
 0.678363   0.337039   -0.062593
 0.680312   0.336917   -0.062300
 0.682261   0.336796   -0.061929
 0.684211   0.336676   -0.061307
 0.686160   0.336557   -0.061012
 0.688109   0.336438   -0.060930
 0.690059   0.336320   -0.060307
 0.692008   0.336203   -0.060010
 0.693957   0.336086   -0.059676
 0.695906   0.335970   -0.059305
 0.697856   0.335855   -0.058969
 0.699805   0.335740   -0.058380
 0.701754   0.335627   -0.058009
 0.703704   0.335514   -0.057673
 0.705653   0.335402   -0.057373
 0.707602   0.335291   -0.057002
 0.709552   0.335180   -0.056665
 0.711501   0.335070   -0.056072
 0.713450   0.334961   -0.055701
 0.715400   0.334853   -0.055363
 0.717349   0.334745   -0.055059
 0.719298   0.334638   -0.054688
 0.721248   0.334532   -0.054058
 0.723197   0.334427   -0.053752
 0.725146   0.334323   -0.053381
 0.727096   0.334219   -0.053042
 0.729045   0.334116   -0.052735
 0.730994   0.334013   -0.052102
 0.732943   0.333913   -0.051731
 0.734893   0.333812   -0.051391
 0.736842   0.333712   -0.050789
 0.738791   0.333614   -0.050418
 0.740741   0.333516   -0.050077
 0.742690   0.333419   -0.049765
 0.744639   0.333322   -0.049395
 0.746589   0.333226   -0.048759
 0.748538   0.333132   -0.048446
 0.750487   0.333037   -0.048076
 0.752437   0.332944   -0.047439
 0.754386   0.332852   -0.047124
 0.756335   0.332761   -0.046754
 0.758285   0.332670   -0.046410
 0.760234   0.332580   -0.046093
 0.762183   0.332490   -0.045723
 0.764133   0.332401   -0.045085
 0.766082   0.332314   -0.044472
 0.768031   0.332228   -0.044421
 0.769980   0.332141   -0.044051
 0.771930   0.332056   -0.043411
 0.773879   0.331972   -0.043067
 0.775829   0.331888   -0.042721
 0.777778   0.331805   -0.042104
 0.779727   0.331724   -0.041757
 0.781676   0.331643   -0.041388
 0.783626   0.331563   -0.041041
 0.785575   0.331483   -0.040717
 0.787524   0.331404   -0.040052
 0.789474   0.331326   -0.039705
 0.791423   0.331249   -0.039674
 0.793372   0.331172   -0.039305
 0.795322   0.331096   -0.038662
 0.797271   0.331021   -0.038334
 0.799220   0.330947   -0.037670
 0.801170   0.330874   -0.037321
 0.803119   0.330801   -0.037287
 0.805068   0.330729   -0.036919
 0.807018   0.330657   -0.036569
 0.808967   0.330586   -0.036239
 0.810916   0.330516   -0.035870
 0.812866   0.330446   -0.035817
 0.814815   0.330376   -0.035485
 0.816764   0.330308   -0.034837
 0.818713   0.330241   -0.034766
 0.820663   0.330173   -0.034711
 0.822612   0.330105   -0.034377
 0.824561   0.330039   -0.034306
 0.826511   0.329971   -0.034251
 0.828460   0.329905   -0.034213
 0.830409   0.329838   -0.034142
 0.832359   0.329772   -0.033790
 0.834308   0.329706   -0.033751
 0.836257   0.329640   -0.034274
 0.838207   0.329573   -0.034516
 0.840156   0.329506   -0.034476
 0.842105   0.329438   -0.034702
 0.844055   0.329370   -0.034944
 0.846004   0.329302   -0.035497
 0.847953   0.329232   -0.036318
 0.849903   0.329160   -0.036857
 0.851852   0.329088   -0.037707
 0.853801   0.329013   -0.038840
 0.855750   0.328937   -0.039959
 0.857700   0.328858   -0.041390
 0.859649   0.328776   -0.042835
 0.861598   0.328691   -0.044548
 0.863548   0.328602   -0.046574
 0.865497   0.328509   -0.049210
 0.867446   0.328410   -0.051814
 0.869396   0.328307   -0.054733
 0.871345   0.328197   -0.058560
 0.873294   0.328079   -0.062352
 0.875244   0.327954   -0.066759
 0.877193   0.327819   -0.072077
 0.879142   0.327673   -0.077947
 0.881092   0.327515   -0.084438
 0.883041   0.327343   -0.091544
 0.884990   0.327158   -0.099789
 0.886940   0.326954   -0.109553
 0.888889   0.326731   -0.119936
 0.890838   0.326487   -0.131482
 0.892787   0.326218   -0.145070
 0.894737   0.325921   -0.159891
 0.896686   0.325595   -0.176275
 0.898636   0.325234   -0.194347
 0.900585   0.324837   -0.214635
 0.902534   0.324397   -0.237259
 0.904483   0.323912   -0.262489
 0.906433   0.323374   -0.291372
 0.908382   0.322776   -0.323292
 0.910331   0.322114   -0.358913
 0.912281   0.321377   -0.398814
 0.914230   0.320559   -0.443261
 0.916179   0.319649   -0.492836
 0.918129   0.318637   -0.548220
 0.920078   0.317511   -0.609372
 0.922027   0.316262   -0.676756
 0.923977   0.314873   -0.751793
 0.925926   0.313330   -0.834724
 0.927875   0.311619   -0.925258
 0.929825   0.309723   -1.024712
 0.931774   0.307624   -1.134200
 0.933723   0.305302   -1.252626
 0.935673   0.302740   -1.381261
 0.937622   0.299916   -1.521198
 0.939571   0.296810   -1.671234
 0.941520   0.293402   -1.831177
 0.943470   0.289670   -2.002393
 0.945419   0.285595   -2.183857
 0.947368   0.281157   -2.372828
 0.949318   0.276343   -2.570545
 0.951267   0.271135   -2.775070
 0.953216   0.265526   -2.982040
 0.955166   0.259508   -3.191965
 0.957115   0.253080   -3.401708
 0.959064   0.246248   -3.605543
 0.961014   0.239022   -3.802962
 0.962963   0.231420   -3.990242
 0.964912   0.223468   -4.160603
 0.966862   0.215198   -4.313655
 0.968811   0.206649   -4.446006
 0.970760   0.197867   -4.550793
 0.972710   0.188906   -4.628808
 0.974659   0.179820   -4.678205
 0.976608   0.170670   -4.695471
 0.978557   0.161517   -4.679989
 0.980507   0.152423   -4.634431
 0.982456   0.143447   -4.558876
 0.984406   0.134648   -4.454955
 0.986355   0.126077   -4.327228
 0.988304   0.117780   -4.176001
 0.990253   0.109799   -4.004741
 0.992203   0.102166   -3.819530
 0.994152   0.094907   -3.624083
 0.996101   0.088039   -3.418746
 0.998051   0.081577   -3.210012
 1.000000   0.075523   -3.106102
514 psinorm ti(KeV) dti/dpsiN
 0.000000   4.480955   -8.564178
 0.001949   4.464264   -8.177433
 0.003899   4.449072   -7.653832
 0.005848   4.434421   -7.426641
 0.007797   4.420123   -7.266144
 0.009747   4.406090   -7.144172
 0.011696   4.392268   -7.046365
 0.013645   4.378624   -6.958826
 0.015595   4.365135   -6.884307
 0.017544   4.351782   -6.819883
 0.019493   4.338552   -6.759676
 0.021442   4.325433   -6.702629
 0.023392   4.312418   -6.651676
 0.025341   4.299498   -6.606170
 0.027290   4.286667   -6.559515
 0.029240   4.273922   -6.517785
 0.031189   4.261254   -6.480089
 0.033138   4.248663   -6.439943
 0.035088   4.236145   -6.404011
 0.037037   4.223693   -6.371394
 0.038986   4.211309   -6.336169
 0.040936   4.198989   -6.304211
 0.042885   4.186729   -6.275082
 0.044834   4.174528   -6.243411
 0.046784   4.162386   -6.214523
 0.048733   4.150298   -6.188211
 0.050682   4.138265   -6.158947
 0.052632   4.126284   -6.132451
 0.054581   4.114354   -6.108275
 0.056530   4.102474   -6.080968
 0.058480   4.090644   -6.056177
 0.060429   4.078861   -6.033921
 0.062378   4.067124   -6.009966
 0.064327   4.055434   -5.984819
 0.066277   4.043789   -5.962165
 0.068226   4.032188   -5.941318
 0.070175   4.020630   -5.917450
 0.072125   4.009116   -5.895824
 0.074074   3.997642   -5.876457
 0.076023   3.986209   -5.853642
 0.077973   3.974819   -5.832581
 0.079922   3.963468   -5.813998
 0.081871   3.952156   -5.792242
 0.083821   3.940884   -5.772225
 0.085770   3.929650   -5.754432
 0.087719   3.918453   -5.733271
 0.089669   3.907296   -5.714068
 0.091618   3.896174   -5.697073
 0.093567   3.885089   -5.676511
 0.095517   3.874042   -5.657653
 0.097466   3.863030   -5.640988
 0.099415   3.852053   -5.623000
 0.101364   3.841111   -5.603480
 0.103314   3.830205   -5.585644
 0.105263   3.819333   -5.567789
 0.107213   3.808496   -5.550110
 0.109162   3.797693   -5.534356
 0.111111   3.786923   -5.517316
 0.113060   3.776186   -5.498542
 0.115010   3.765485   -5.481421
 0.116959   3.754814   -5.466442
 0.118908   3.744176   -5.448045
 0.120858   3.733572   -5.431287
 0.122807   3.723000   -5.416417
 0.124756   3.712459   -5.398400
 0.126706   3.701951   -5.382007
 0.128655   3.691475   -5.367488
 0.130604   3.681029   -5.349854
 0.132554   3.670616   -5.333829
 0.134503   3.660232   -5.319424
 0.136452   3.649881   -5.301936
 0.138402   3.639560   -5.286282
 0.140351   3.629269   -5.272233
 0.142300   3.619009   -5.255132
 0.144250   3.608780   -5.239371
 0.146199   3.598581   -5.225681
 0.148148   3.588410   -5.210333
 0.150097   3.578271   -5.193352
 0.152047   3.568161   -5.178172
 0.153996   3.558081   -5.164563
 0.155945   3.548030   -5.147733
 0.157895   3.538010   -5.132691
 0.159844   3.528017   -5.119446
 0.161793   3.518054   -5.102769
 0.163743   3.508122   -5.088107
 0.165692   3.498216   -5.074747
 0.167641   3.488340   -5.058223
 0.169591   3.478494   -5.043702
 0.171540   3.468675   -5.030468
 0.173489   3.458885   -5.014100
 0.175439   3.449125   -4.999722
 0.177388   3.439391   -4.986616
 0.179337   3.429687   -4.972174
 0.181286   3.420010   -4.956177
 0.183236   3.410363   -4.941667
 0.185185   3.400742   -4.927383
 0.187135   3.391151   -4.912807
 0.189084   3.381587   -4.899961
 0.191033   3.372051   -4.884310
 0.192983   3.362543   -4.870123
 0.194932   3.353062   -4.857410
 0.196881   3.343609   -4.843161
 0.198830   3.334184   -4.827400
 0.200780   3.324787   -4.813328
 0.202729   3.315417   -4.800712
 0.204678   3.306074   -4.785112
 0.206628   3.296759   -4.770945
 0.208577   3.287472   -4.758464
 0.210526   3.278211   -4.743272
 0.212476   3.268978   -4.729009
 0.214425   3.259773   -4.716420
 0.216374   3.250593   -4.701392
 0.218324   3.241442   -4.687280
 0.220273   3.232317   -4.674583
 0.222222   3.223220   -4.660901
 0.224171   3.214149   -4.645767
 0.226121   3.205106   -4.631775
 0.228070   3.196090   -4.619426
 0.230019   3.187100   -4.604212
 0.231969   3.178138   -4.590373
 0.233918   3.169202   -4.577918
 0.235867   3.160293   -4.562871
 0.237817   3.151411   -4.549185
 0.239766   3.142556   -4.536625
 0.241715   3.133728   -4.521745
 0.243665   3.124926   -4.507968
 0.245614   3.116151   -4.495549
 0.247563   3.107402   -4.480839
 0.249513   3.098680   -4.466970
 0.251462   3.089986   -4.454694
 0.253411   3.081316   -4.439658
 0.255361   3.072675   -4.425946
 0.257310   3.064059   -4.413813
 0.259259   3.055470   -4.398700
 0.261209   3.046909   -4.385144
 0.263158   3.038373   -4.372908
 0.265107   3.029863   -4.359544
 0.267056   3.021379   -4.344576
 0.269006   3.012924   -4.330652
 0.270955   3.004494   -4.318527
 0.272904   2.996090   -4.303731
 0.274854   2.987714   -4.290215
 0.276803   2.979362   -4.277988
 0.278752   2.971038   -4.263116
 0.280702   2.962741   -4.249510
 0.282651   2.954469   -4.237181
 0.284600   2.946224   -4.222483
 0.286550   2.938006   -4.209038
 0.288499   2.929813   -4.196607
 0.290448   2.921647   -4.181833
 0.292398   2.913508   -4.168550
 0.294347   2.905394   -4.156017
 0.296296   2.897308   -4.141168
 0.298246   2.889248   -4.127797
 0.300195   2.881214   -4.115665
 0.302144   2.873205   -4.100991
 0.304094   2.865224   -4.087282
 0.306043   2.857269   -4.074797
 0.307992   2.849340   -4.061535
 0.309941   2.841437   -4.046762
 0.311891   2.833562   -4.033188
 0.313840   2.825711   -4.019851
 0.315790   2.817889   -4.006218
 0.317739   2.810091   -3.993784
 0.319688   2.802321   -3.980348
 0.321637   2.794576   -3.965680
 0.323587   2.786859   -3.951931
 0.325536   2.779167   -3.939869
 0.327485   2.771501   -3.925127
 0.329435   2.763863   -3.911544
 0.331384   2.756250   -3.899383
 0.333333   2.748663   -3.884568
 0.335283   2.741104   -3.870899
 0.337232   2.733571   -3.858386
 0.339181   2.726064   -3.843750
 0.341131   2.718584   -3.830503
 0.343080   2.711129   -3.818146
 0.345029   2.703701   -3.803184
 0.346979   2.696300   -3.789597
 0.348928   2.688925   -3.777395
 0.350877   2.681576   -3.763755
 0.352826   2.674254   -3.748950
 0.354776   2.666959   -3.735250
 0.356725   2.659690   -3.721792
 0.358675   2.652448   -3.708289
 0.360624   2.645232   -3.695638
 0.362573   2.638042   -3.682338
 0.364522   2.630878   -3.667645
 0.366472   2.623742   -3.653775
 0.368421   2.616632   -3.641249
 0.370370   2.609548   -3.626484
 0.372320   2.602492   -3.613042
 0.374269   2.595461   -3.600675
 0.376218   2.588457   -3.585583
 0.378168   2.581481   -3.572057
 0.380117   2.574529   -3.559594
 0.382066   2.567605   -3.544688
 0.384016   2.560708   -3.531078
 0.385965   2.553838   -3.518519
 0.387914   2.546993   -3.504857
 0.389863   2.540176   -3.490114
 0.391813   2.533385   -3.476394
 0.393762   2.526621   -3.463707
 0.395711   2.519884   -3.448894
 0.397661   2.513174   -3.435091
 0.399610   2.506490   -3.421534
 0.401560   2.499834   -3.407676
 0.403509   2.493204   -3.395089
 0.405458   2.486600   -3.381437
 0.407407   2.480023   -3.366485
 0.409357   2.473474   -3.352776
 0.411306   2.466950   -3.340062
 0.413255   2.460454   -3.325041
 0.415205   2.453986   -3.311251
 0.417154   2.447544   -3.298701
 0.419103   2.441128   -3.283871
 0.421053   2.434740   -3.269999
 0.423002   2.428378   -3.257097
 0.424951   2.422044   -3.242458
 0.426901   2.415736   -3.228505
 0.428850   2.409456   -3.215510
 0.430799   2.403202   -3.201766
 0.432748   2.396975   -3.187037
 0.434698   2.390775   -3.172977
 0.436647   2.384604   -3.159167
 0.438597   2.378458   -3.145314
 0.440546   2.372340   -3.132132
 0.442495   2.366249   -3.118490
 0.444444   2.360184   -3.103627
 0.446394   2.354148   -3.089669
 0.448343   2.348138   -3.076624
 0.450292   2.342155   -3.061696
 0.452242   2.336200   -3.047658
 0.454191   2.330272   -3.034783
 0.456140   2.324370   -3.020050
 0.458090   2.318497   -3.005672
 0.460039   2.312651   -2.992706
 0.461988   2.306832   -2.977908
 0.463938   2.301040   -2.963975
 0.465887   2.295275   -2.950918
 0.467836   2.289538   -2.935794
 0.469786   2.283828   -2.921784
 0.471735   2.278146   -2.908637
 0.473684   2.272491   -2.894578
 0.475633   2.266863   -2.879630
 0.477583   2.261263   -2.865780
 0.479532   2.255689   -2.851658
 0.481482   2.250144   -2.837495
 0.483431   2.244626   -2.824169
 0.485380   2.239136   -2.809958
 0.487329   2.233672   -2.795409
 0.489279   2.228236   -2.781145
 0.491228   2.222829   -2.767701
 0.493177   2.217448   -2.753090
 0.495127   2.212094   -2.739014
 0.497076   2.206768   -2.725482
 0.499025   2.201470   -2.710283
 0.500975   2.196201   -2.696396
 0.502924   2.190957   -2.683303
 0.504873   2.185742   -2.668043
 0.506823   2.180555   -2.653818
 0.508772   2.175394   -2.640640
 0.510721   2.170261   -2.625583
 0.512671   2.165157   -2.611285
 0.514620   2.160080   -2.598020
 0.516569   2.155030   -2.583941
 0.518518   2.150008   -2.569069
 0.520468   2.145013   -2.554939
 0.522417   2.140046   -2.541297
 0.524366   2.135107   -2.526366
 0.526316   2.130196   -2.512164
 0.528265   2.125312   -2.498702
 0.530214   2.120456   -2.483978
 0.532164   2.115627   -2.469706
 0.534113   2.110826   -2.456160
 0.536062   2.106053   -2.441114
 0.538012   2.101308   -2.427037
 0.539961   2.096590   -2.413674
 0.541910   2.091900   -2.398837
 0.543860   2.087237   -2.384690
 0.545809   2.082602   -2.370980
 0.547758   2.077995   -2.356086
 0.549708   2.073416   -2.342138
 0.551657   2.068863   -2.328612
 0.553606   2.064339   -2.313664
 0.555556   2.059842   -2.299648
 0.557505   2.055372   -2.286309
 0.559454   2.050930   -2.271306
 0.561404   2.046517   -2.257224
 0.563353   2.042129   -2.243805
 0.565302   2.037770   -2.229016
 0.567252   2.033438   -2.215135
 0.569201   2.029133   -2.201639
 0.571150   2.024856   -2.187450
 0.573099   2.020607   -2.172859
 0.575049   2.016384   -2.158892
 0.576998   2.012189   -2.145292
 0.578947   2.008022   -2.130918
 0.580897   2.003881   -2.116887
 0.582846   1.999768   -2.103480
 0.584795   1.995681   -2.089055
 0.586745   1.991623   -2.075231
 0.588694   1.987590   -2.062016
 0.590643   1.983585   -2.047274
 0.592593   1.979608   -2.033657
 0.594542   1.975656   -2.020638
 0.596491   1.971731   -2.006116
 0.598441   1.967834   -1.992439
 0.600390   1.963963   -1.979617
 0.602339   1.960118   -1.965317
 0.604289   1.956300   -1.951581
 0.606238   1.952508   -1.938687
 0.608187   1.948743   -1.925185
 0.610136   1.945004   -1.911093
 0.612086   1.941292   -1.897550
 0.614035   1.937605   -1.884833
 0.615984   1.933945   -1.871237
 0.617934   1.930310   -1.858177
 0.619883   1.926700   -1.845393
 0.621832   1.923116   -1.831484
 0.623782   1.919559   -1.818639
 0.625731   1.916025   -1.806329
 0.627680   1.912518   -1.792918
 0.629630   1.909035   -1.780021
 0.631579   1.905577   -1.767647
 0.633528   1.902144   -1.754736
 0.635478   1.898736   -1.742328
 0.637427   1.895351   -1.730162
 0.639376   1.891991   -1.717723
 0.641325   1.888655   -1.705031
 0.643275   1.885343   -1.692828
 0.645224   1.882055   -1.681394
 0.647173   1.878789   -1.668935
 0.649123   1.875548   -1.657227
 0.651072   1.872328   -1.646005
 0.653021   1.869132   -1.633782
 0.654971   1.865958   -1.622570
 0.656920   1.862805   -1.611835
 0.658869   1.859675   -1.600121
 0.660819   1.856566   -1.589136
 0.662768   1.853479   -1.579162
 0.664717   1.850411   -1.567958
 0.666667   1.847365   -1.557203
 0.668616   1.844339   -1.547449
 0.670565   1.841333   -1.537029
 0.672515   1.838347   -1.527322
 0.674464   1.835378   -1.518064
 0.676413   1.832429   -1.508158
 0.678363   1.829498   -1.498958
 0.680312   1.826585   -1.490197
 0.682261   1.823689   -1.481080
 0.684211   1.820810   -1.472661
 0.686160   1.817947   -1.464946
 0.688109   1.815100   -1.456620
 0.690059   1.812268   -1.448713
 0.692008   1.809451   -1.442047
 0.693957   1.806647   -1.434938
 0.695906   1.803858   -1.427671
 0.697856   1.801080   -1.421359
 0.699805   1.798316   -1.415736
 0.701754   1.795562   -1.409810
 0.703704   1.792819   -1.404290
 0.705653   1.790087   -1.399726
 0.707602   1.787363   -1.395145
 0.709552   1.784647   -1.390966
 0.711501   1.781939   -1.387464
 0.713450   1.779239   -1.384231
 0.715400   1.776542   -1.381396
 0.717349   1.773852   -1.379509
 0.719298   1.771165   -1.377626
 0.721248   1.768481   -1.376140
 0.723197   1.765799   -1.375871
 0.725146   1.763118   -1.375614
 0.727096   1.760436   -1.376300
 0.729045   1.757752   -1.377930
 0.730994   1.755065   -1.379428
 0.732943   1.752375   -1.381342
 0.734893   1.749679   -1.384750
 0.736842   1.746976   -1.389102
 0.738791   1.744264   -1.393195
 0.740741   1.741544   -1.398513
 0.742690   1.738811   -1.405049
 0.744639   1.736067   -1.411599
 0.746589   1.733308   -1.419377
 0.748538   1.730533   -1.428379
 0.750487   1.727740   -1.437661
 0.752437   1.724927   -1.448180
 0.754386   1.722093   -1.459927
 0.756335   1.719236   -1.472218
 0.758285   1.716353   -1.485756
 0.760234   1.713443   -1.500530
 0.762183   1.710504   -1.516107
 0.764133   1.707532   -1.532943
 0.766082   1.704527   -1.551300
 0.768031   1.701485   -1.570607
 0.769980   1.698405   -1.590841
 0.771930   1.695282   -1.612631
 0.773879   1.692117   -1.635775
 0.775829   1.688904   -1.660320
 0.777778   1.685644   -1.686688
 0.779727   1.682330   -1.714257
 0.781676   1.678961   -1.742718
 0.783626   1.675535   -1.773328
 0.785575   1.672047   -1.805786
 0.787524   1.668496   -1.838912
 0.789474   1.664877   -1.874487
 0.791423   1.661187   -1.912210
 0.793372   1.657424   -1.950549
 0.795322   1.653582   -1.991369
 0.797271   1.649659   -2.034362
 0.799220   1.645652   -2.078464
 0.801170   1.641555   -2.125082
 0.803119   1.637366   -2.174179
 0.805068   1.633080   -2.224043
 0.807018   1.628695   -2.276461
 0.808967   1.624204   -2.332219
 0.810916   1.619604   -2.388667
 0.812866   1.614891   -2.447437
 0.814815   1.610061   -2.509588
 0.816764   1.605109   -2.573312
 0.818713   1.600031   -2.638531
 0.820663   1.594821   -2.707242
 0.822612   1.589475   -2.778841
 0.824561   1.583989   -2.851183
 0.826511   1.578358   -2.926522
 0.828460   1.572579   -3.005350
 0.830409   1.566643   -3.085359
 0.832359   1.560549   -3.168426
 0.834308   1.554290   -3.254761
 0.836257   1.547862   -3.341876
 0.838207   1.541260   -3.432114
 0.840156   1.534480   -3.525958
 0.842105   1.527516   -3.620719
 0.844055   1.520363   -3.718676
 0.846004   1.513017   -3.819752
 0.847953   1.505473   -3.921319
 0.849903   1.497727   -4.030302
 0.851852   1.489759   -4.151587
 0.853801   1.481544   -4.280132
 0.855750   1.473075   -4.409703
 0.857700   1.464351   -4.542128
 0.859649   1.455366   -4.678409
 0.861598   1.446114   -4.813914
 0.863548   1.436596   -4.952650
 0.865497   1.426804   -5.094508
 0.867446   1.416738   -5.235100
 0.869396   1.406392   -5.378749
 0.871345   1.395766   -5.525068
 0.873294   1.384856   -5.669896
 0.875244   1.373659   -5.817336
 0.877193   1.362174   -5.966718
 0.879142   1.350401   -6.113829
 0.881092   1.338336   -6.263382
 0.883041   1.325980   -6.414706
 0.884990   1.313331   -6.562421
 0.886940   1.300393   -6.711579
 0.888889   1.287163   -6.862340
 0.890838   1.273644   -7.010540
 0.892787   1.259836   -7.155990
 0.894737   1.245742   -7.302195
 0.896686   1.231365   -7.446433
 0.898636   1.216708   -7.588078
 0.900585   1.201779   -7.728717
 0.902534   1.186582   -7.865787
 0.904483   1.171118   -7.998009
 0.906433   1.155397   -8.129033
 0.908382   1.139423   -8.259311
 0.910331   1.123203   -8.381765
 0.912281   1.106743   -8.502561
 0.914230   1.090051   -8.621055
 0.916179   1.073138   -8.730710
 0.918129   1.056010   -8.837962
 0.920078   1.038679   -8.942452
 0.922027   1.021152   -9.037386
 0.923977   1.003442   -9.128605
 0.925926   0.985560   -9.216316
 0.927875   0.967517   -9.293502
 0.929825   0.949325   -9.366754
 0.931774   0.930996   -9.435739
 0.933723   0.912544   -9.492982
 0.935673   0.893983   -9.545779
 0.937622   0.875325   -9.594364
 0.939571   0.856584   -9.633330
 0.941520   0.837775   -9.662073
 0.943470   0.818911   -9.685845
 0.945419   0.800009   -9.704905
 0.947368   0.781082   -9.711533
 0.949318   0.762144   -9.712639
 0.951267   0.743212   -9.709050
 0.953216   0.724298   -9.692752
 0.955166   0.705420   -9.671467
 0.957115   0.686589   -9.645213
 0.959064   0.667823   -9.606558
 0.961014   0.649133   -9.563436
 0.962963   0.630535   -9.515328
 0.964912   0.612043   -9.455438
 0.966862   0.593668   -9.391031
 0.968811   0.575427   -9.322711
 0.970760   0.557329   -9.243260
 0.972710   0.539388   -9.159780
 0.974659   0.521614   -9.072889
 0.976608   0.504021   -8.978101
 0.978557   0.486618   -8.875260
 0.980507   0.469417   -8.769667
 0.982456   0.452425   -8.659487
 0.984406   0.435654   -8.544496
 0.986355   0.419110   -8.427609
 0.988304   0.402803   -8.304356
 0.990253   0.386739   -8.175448
 0.992203   0.370927   -8.045253
 0.994152   0.355371   -7.914148
 0.996101   0.340078   -7.776225
 0.998051   0.325051   -7.638014
 1.000000   0.310297   -7.570367
3 N Z A of ION SPECIES
 6.000000   6.000000   12.000000
 1.000000   1.000000   2.000000
 1.000000   1.000000   2.000000
514 psinorm nz1(10^20/m^3) dnz1/dpsiN
 0.000000   0.013386   -0.022158
 0.001949   0.013343   -0.021668
 0.003899   0.013301   -0.020769
 0.005848   0.013262   -0.019979
 0.007797   0.013224   -0.019240
 0.009747   0.013187   -0.018574
 0.011696   0.013151   -0.018016
 0.013645   0.013117   -0.017443
 0.015595   0.013083   -0.016909
 0.017544   0.013051   -0.016449
 0.019493   0.013019   -0.015980
 0.021442   0.012988   -0.015539
 0.023392   0.012958   -0.015102
 0.025341   0.012929   -0.014739
 0.027290   0.012901   -0.014363
 0.029240   0.012873   -0.013991
 0.031189   0.012846   -0.013624
 0.033138   0.012820   -0.013279
 0.035088   0.012795   -0.012973
 0.037037   0.012770   -0.012636
 0.038986   0.012745   -0.012323
 0.040936   0.012722   -0.012049
 0.042885   0.012698   -0.011743
 0.044834   0.012676   -0.011427
 0.046784   0.012654   -0.011185
 0.048733   0.012632   -0.010876
 0.050682   0.012612   -0.010627
 0.052632   0.012591   -0.010382
 0.054581   0.012571   -0.010069
 0.056530   0.012552   -0.009889
 0.058480   0.012532   -0.009641
 0.060429   0.012514   -0.009361
 0.062378   0.012496   -0.009147
 0.064327   0.012478   -0.008892
 0.066277   0.012461   -0.008676
 0.068226   0.012445   -0.008463
 0.070175   0.012428   -0.008242
 0.072125   0.012412   -0.008059
 0.074074   0.012397   -0.007808
 0.076023   0.012382   -0.007584
 0.077973   0.012367   -0.007436
 0.079922   0.012353   -0.007218
 0.081871   0.012339   -0.007028
 0.083821   0.012326   -0.006841
 0.085770   0.012313   -0.006621
 0.087719   0.012300   -0.006429
 0.089669   0.012287   -0.006276
 0.091618   0.012275   -0.006090
 0.093567   0.012264   -0.005896
 0.095517   0.012252   -0.005705
 0.097466   0.012241   -0.005553
 0.099415   0.012231   -0.005434
 0.101364   0.012220   -0.005238
 0.103314   0.012210   -0.005007
 0.105263   0.012201   -0.004850
 0.107213   0.012191   -0.004728
 0.109162   0.012182   -0.004609
 0.111111   0.012173   -0.004449
 0.113060   0.012165   -0.004213
 0.115010   0.012157   -0.004089
 0.116959   0.012149   -0.003968
 0.118908   0.012142   -0.003803
 0.120858   0.012134   -0.003678
 0.122807   0.012127   -0.003555
 0.124756   0.012120   -0.003389
 0.126706   0.012114   -0.003225
 0.128655   0.012108   -0.003100
 0.130604   0.012102   -0.002970
 0.132554   0.012096   -0.002804
 0.134503   0.012091   -0.002678
 0.136452   0.012086   -0.002584
 0.138402   0.012081   -0.002417
 0.140351   0.012076   -0.002289
 0.142300   0.012072   -0.002193
 0.144250   0.012068   -0.002100
 0.146199   0.012064   -0.001933
 0.148148   0.012060   -0.001839
 0.150097   0.012057   -0.001742
 0.152047   0.012053   -0.001534
 0.153996   0.012051   -0.001441
 0.155945   0.012048   -0.001343
 0.157895   0.012045   -0.001284
 0.159844   0.012043   -0.001190
 0.161793   0.012041   -0.000977
 0.163743   0.012039   -0.000918
 0.165692   0.012037   -0.000822
 0.167641   0.012036   -0.000684
 0.169591   0.012034   -0.000624
 0.171540   0.012033   -0.000489
 0.173489   0.012033   -0.000388
 0.175439   0.012032   -0.000289
 0.177388   0.012031   -0.000191
 0.179337   0.012031   -0.000130
 0.181286   0.012031   -0.000027
 0.183236   0.012031   0.000073
 0.185185   0.012031   0.000174
 0.187135   0.012032   0.000275
 0.189084   0.012032   0.000375
 0.191033   0.012033   0.000479
 0.192983   0.012034   0.000542
 0.194932   0.012035   0.000605
 0.196881   0.012037   0.000669
 0.198830   0.012038   0.000812
 0.200780   0.012040   0.000877
 0.202729   0.012041   0.000901
 0.204678   0.012043   0.001045
 0.206628   0.012045   0.001110
 0.208577   0.012048   0.001175
 0.210526   0.012050   0.001242
 0.212476   0.012052   0.001347
 0.214425   0.012055   0.001411
 0.216374   0.012058   0.001440
 0.218324   0.012061   0.001546
 0.220273   0.012064   0.001611
 0.222222   0.012067   0.001717
 0.224171   0.012071   0.001786
 0.226121   0.012074   0.001775
 0.228070   0.012078   0.001841
 0.230019   0.012081   0.001949
 0.231969   0.012085   0.002057
 0.233918   0.012089   0.002044
 0.235867   0.012093   0.002114
 0.237817   0.012098   0.002222
 0.239766   0.012102   0.002210
 0.241715   0.012106   0.002320
 0.243665   0.012111   0.002349
 0.245614   0.012115   0.002377
 0.247563   0.012120   0.002487
 0.249513   0.012125   0.002517
 0.251462   0.012130   0.002585
 0.253411   0.012135   0.002616
 0.255361   0.012140   0.002646
 0.257310   0.012145   0.002715
 0.259259   0.012151   0.002706
 0.261209   0.012156   0.002817
 0.263158   0.012162   0.002886
 0.265107   0.012167   0.002876
 0.267056   0.012173   0.002908
 0.269006   0.012179   0.002978
 0.270955   0.012184   0.003048
 0.272904   0.012190   0.003040
 0.274854   0.012196   0.003071
 0.276803   0.012202   0.003141
 0.278752   0.012209   0.003173
 0.280702   0.012215   0.003163
 0.282651   0.012221   0.003234
 0.284600   0.012227   0.003266
 0.286550   0.012234   0.003256
 0.288499   0.012240   0.003368
 0.290448   0.012247   0.003359
 0.292398   0.012253   0.003350
 0.294347   0.012260   0.003421
 0.296296   0.012266   0.003412
 0.298246   0.012273   0.003485
 0.300195   0.012280   0.003515
 0.302144   0.012287   0.003506
 0.304094   0.012294   0.003538
 0.306043   0.012301   0.003569
 0.307992   0.012308   0.003559
 0.309941   0.012314   0.003591
 0.311891   0.012322   0.003623
 0.313840   0.012329   0.003572
 0.315790   0.012336   0.003645
 0.317739   0.012343   0.003676
 0.319688   0.012350   0.003666
 0.321637   0.012357   0.003698
 0.323587   0.012364   0.003689
 0.325536   0.012372   0.003720
 0.327485   0.012379   0.003710
 0.329435   0.012386   0.003700
 0.331384   0.012393   0.003731
 0.333333   0.012401   0.003764
 0.335283   0.012408   0.003753
 0.337232   0.012415   0.003743
 0.339181   0.012423   0.003775
 0.341131   0.012430   0.003764
 0.343080   0.012437   0.003753
 0.345029   0.012444   0.003744
 0.346979   0.012452   0.003775
 0.348928   0.012459   0.003764
 0.350877   0.012466   0.003753
 0.352826   0.012474   0.003785
 0.354776   0.012481   0.003774
 0.356725   0.012489   0.003721
 0.358675   0.012496   0.003710
 0.360624   0.012503   0.003741
 0.362573   0.012510   0.003772
 0.364522   0.012518   0.003762
 0.366472   0.012525   0.003708
 0.368421   0.012532   0.003696
 0.370370   0.012539   0.003685
 0.372320   0.012547   0.003716
 0.374269   0.012554   0.003661
 0.376218   0.012561   0.003607
 0.378168   0.012568   0.003638
 0.380117   0.012575   0.003625
 0.382066   0.012582   0.003656
 0.384016   0.012589   0.003601
 0.385965   0.012596   0.003588
 0.387914   0.012603   0.003576
 0.389863   0.012610   0.003478
 0.391813   0.012617   0.003508
 0.393762   0.012624   0.003538
 0.395711   0.012631   0.003482
 0.397661   0.012637   0.003426
 0.399610   0.012644   0.003413
 0.401560   0.012651   0.003400
 0.403509   0.012657   0.003386
 0.405458   0.012664   0.003329
 0.407407   0.012670   0.003316
 0.409357   0.012677   0.003302
 0.411306   0.012683   0.003244
 0.413255   0.012689   0.003187
 0.415205   0.012695   0.003173
 0.417154   0.012702   0.003157
 0.419103   0.012708   0.003100
 0.421053   0.012714   0.003085
 0.423002   0.012720   0.003026
 0.424951   0.012726   0.003012
 0.426901   0.012732   0.002997
 0.428850   0.012737   0.002937
 0.430799   0.012743   0.002922
 0.432748   0.012749   0.002863
 0.434698   0.012754   0.002803
 0.436647   0.012760   0.002787
 0.438597   0.012765   0.002771
 0.440546   0.012770   0.002710
 0.442495   0.012776   0.002650
 0.444444   0.012781   0.002590
 0.446394   0.012786   0.002529
 0.448343   0.012791   0.002512
 0.450292   0.012796   0.002496
 0.452242   0.012800   0.002390
 0.454191   0.012805   0.002372
 0.456140   0.012810   0.002355
 0.458090   0.012814   0.002249
 0.460039   0.012818   0.002230
 0.461988   0.012823   0.002168
 0.463938   0.012827   0.002061
 0.465887   0.012831   0.002042
 0.467836   0.012835   0.002024
 0.469786   0.012839   0.001916
 0.471735   0.012842   0.001896
 0.473684   0.012846   0.001833
 0.475633   0.012849   0.001770
 0.477583   0.012853   0.001750
 0.479532   0.012856   0.001641
 0.481482   0.012859   0.001621
 0.483431   0.012863   0.001556
 0.485380   0.012865   0.001446
 0.487329   0.012868   0.001426
 0.489279   0.012871   0.001361
 0.491228   0.012873   0.001294
 0.493177   0.012876   0.001229
 0.495127   0.012878   0.001163
 0.497076   0.012881   0.001096
 0.499025   0.012883   0.001030
 0.500975   0.012885   0.000963
 0.502924   0.012886   0.000850
 0.504873   0.012888   0.000784
 0.506823   0.012889   0.000762
 0.508772   0.012891   0.000693
 0.510721   0.012892   0.000626
 0.512671   0.012893   0.000512
 0.514620   0.012894   0.000443
 0.516569   0.012895   0.000420
 0.518518   0.012896   0.000352
 0.520468   0.012896   0.000238
 0.522417   0.012897   0.000121
 0.524366   0.012897   0.000099
 0.526316   0.012897   0.000029
 0.528265   0.012897   -0.000042
 0.530214   0.012897   -0.000157
 0.532164   0.012896   -0.000273
 0.534113   0.012896   -0.000299
 0.536062   0.012895   -0.000369
 0.538012   0.012894   -0.000440
 0.539961   0.012893   -0.000558
 0.541910   0.012892   -0.000628
 0.543860   0.012891   -0.000654
 0.545809   0.012890   -0.000773
 0.547758   0.012888   -0.000890
 0.549708   0.012886   -0.000962
 0.551657   0.012884   -0.000990
 0.553606   0.012882   -0.001108
 0.555556   0.012880   -0.001273
 0.557505   0.012877   -0.001302
 0.559454   0.012875   -0.001327
 0.561404   0.012872   -0.001494
 0.563353   0.012869   -0.001569
 0.565302   0.012866   -0.001595
 0.567252   0.012863   -0.001716
 0.569201   0.012859   -0.001839
 0.571150   0.012856   -0.001960
 0.573099   0.012852   -0.001987
 0.575049   0.012848   -0.002062
 0.576998   0.012844   -0.002232
 0.578947   0.012839   -0.002259
 0.580897   0.012835   -0.002288
 0.582846   0.012830   -0.002506
 0.584795   0.012825   -0.002627
 0.586745   0.012820   -0.002610
 0.588694   0.012815   -0.002688
 0.590643   0.012810   -0.002810
 0.592593   0.012804   -0.002934
 0.594542   0.012798   -0.003060
 0.596491   0.012792   -0.003135
 0.598441   0.012786   -0.003213
 0.600390   0.012779   -0.003292
 0.602339   0.012773   -0.003415
 0.604289   0.012766   -0.003541
 0.606238   0.012759   -0.003574
 0.608187   0.012752   -0.003652
 0.610136   0.012745   -0.003776
 0.612086   0.012738   -0.003902
 0.614035   0.012730   -0.004030
 0.615984   0.012722   -0.004155
 0.617934   0.012714   -0.004187
 0.619883   0.012705   -0.004268
 0.621832   0.012697   -0.004393
 0.623782   0.012688   -0.004520
 0.625731   0.012679   -0.004603
 0.627680   0.012670   -0.004680
 0.629630   0.012661   -0.004856
 0.631579   0.012651   -0.004939
 0.633528   0.012642   -0.004969
 0.635478   0.012632   -0.005098
 0.637427   0.012622   -0.005229
 0.639376   0.012612   -0.005310
 0.641325   0.012601   -0.005389
 0.643275   0.012591   -0.005470
 0.645224   0.012580   -0.005602
 0.647173   0.012569   -0.005729
 0.649123   0.012558   -0.005858
 0.651072   0.012546   -0.005895
 0.653021   0.012535   -0.005974
 0.654971   0.012523   -0.006152
 0.656920   0.012511   -0.006285
 0.658869   0.012498   -0.006365
 0.660819   0.012486   -0.006448
 0.662768   0.012473   -0.006533
 0.664717   0.012460   -0.006613
 0.666667   0.012447   -0.006744
 0.668616   0.012434   -0.006878
 0.670565   0.012421   -0.006958
 0.672515   0.012407   -0.007042
 0.674464   0.012393   -0.007176
 0.676413   0.012379   -0.007256
 0.678363   0.012365   -0.007388
 0.680312   0.012350   -0.007475
 0.682261   0.012336   -0.007556
 0.684211   0.012321   -0.007736
 0.686160   0.012305   -0.007774
 0.688109   0.012290   -0.007856
 0.690059   0.012275   -0.008036
 0.692008   0.012259   -0.008075
 0.693957   0.012243   -0.008159
 0.695906   0.012227   -0.008289
 0.697856   0.012211   -0.008373
 0.699805   0.012195   -0.008509
 0.701754   0.012178   -0.008639
 0.703704   0.012161   -0.008724
 0.705653   0.012144   -0.008763
 0.707602   0.012127   -0.008844
 0.709552   0.012109   -0.008978
 0.711501   0.012092   -0.009162
 0.713450   0.012074   -0.009196
 0.715400   0.012056   -0.009280
 0.717349   0.012037   -0.009417
 0.719298   0.012019   -0.009450
 0.721248   0.012001   -0.009584
 0.723197   0.011982   -0.009720
 0.725146   0.011963   -0.009802
 0.727096   0.011944   -0.009838
 0.729045   0.011924   -0.009926
 0.730994   0.011905   -0.010109
 0.732943   0.011885   -0.010142
 0.734893   0.011865   -0.010227
 0.736842   0.011845   -0.010413
 0.738791   0.011825   -0.010446
 0.740741   0.011804   -0.010531
 0.742690   0.011784   -0.010619
 0.744639   0.011763   -0.010700
 0.746589   0.011742   -0.010834
 0.748538   0.011721   -0.010874
 0.750487   0.011700   -0.010955
 0.752437   0.011678   -0.011089
 0.754386   0.011656   -0.011177
 0.756335   0.011634   -0.011258
 0.758285   0.011612   -0.011294
 0.760234   0.011590   -0.011382
 0.762183   0.011568   -0.011463
 0.764133   0.011546   -0.011548
 0.766082   0.011523   -0.011685
 0.768031   0.011500   -0.011720
 0.769980   0.011477   -0.011801
 0.771930   0.011454   -0.011885
 0.773879   0.011431   -0.011921
 0.775829   0.011408   -0.012054
 0.777778   0.011384   -0.012142
 0.779727   0.011360   -0.012176
 0.781676   0.011337   -0.012257
 0.783626   0.011313   -0.012291
 0.785575   0.011289   -0.012379
 0.787524   0.011264   -0.012508
 0.789474   0.011240   -0.012542
 0.791423   0.011215   -0.012531
 0.793372   0.011191   -0.012611
 0.795322   0.011166   -0.012694
 0.797271   0.011142   -0.012731
 0.799220   0.011117   -0.012860
 0.801170   0.011091   -0.012894
 0.803119   0.011066   -0.012931
 0.805068   0.011041   -0.012960
 0.807018   0.011016   -0.012994
 0.808967   0.010990   -0.013030
 0.810916   0.010965   -0.013109
 0.812866   0.010939   -0.013142
 0.814815   0.010914   -0.013128
 0.816764   0.010888   -0.013210
 0.818713   0.010862   -0.013239
 0.820663   0.010836   -0.013271
 0.822612   0.010811   -0.013307
 0.824561   0.010785   -0.013285
 0.826511   0.010759   -0.013268
 0.828460   0.010733   -0.013303
 0.830409   0.010707   -0.013281
 0.832359   0.010681   -0.013312
 0.834308   0.010655   -0.013396
 0.836257   0.010629   -0.013275
 0.838207   0.010603   -0.013256
 0.840156   0.010577   -0.013290
 0.842105   0.010551   -0.013217
 0.844055   0.010526   -0.013247
 0.846004   0.010500   -0.013182
 0.847953   0.010474   -0.013109
 0.849903   0.010449   -0.013088
 0.851852   0.010423   -0.012973
 0.853801   0.010398   -0.012902
 0.855750   0.010373   -0.012829
 0.857700   0.010348   -0.012709
 0.859649   0.010323   -0.012641
 0.861598   0.010299   -0.012518
 0.863548   0.010275   -0.012397
 0.865497   0.010250   -0.012230
 0.867446   0.010227   -0.012056
 0.869396   0.010203   -0.011885
 0.871345   0.010181   -0.011668
 0.873294   0.010158   -0.011543
 0.875244   0.010136   -0.011322
 0.877193   0.010114   -0.011004
 0.879142   0.010093   -0.010780
 0.881092   0.010072   -0.010509
 0.883041   0.010052   -0.010240
 0.884990   0.010032   -0.009966
 0.886940   0.010013   -0.009545
 0.888889   0.009995   -0.009226
 0.890838   0.009977   -0.008954
 0.892787   0.009960   -0.008531
 0.894737   0.009944   -0.008159
 0.896686   0.009928   -0.007781
 0.898636   0.009913   -0.007391
 0.900585   0.009899   -0.006996
 0.902534   0.009886   -0.006599
 0.904483   0.009873   -0.006250
 0.906433   0.009862   -0.005853
 0.908382   0.009851   -0.005607
 0.910331   0.009840   -0.005357
 0.912281   0.009830   -0.005208
 0.914230   0.009819   -0.005259
 0.916179   0.009809   -0.005307
 0.918129   0.009799   -0.005506
 0.920078   0.009788   -0.005954
 0.922027   0.009776   -0.006647
 0.923977   0.009762   -0.007589
 0.925926   0.009746   -0.008881
 0.927875   0.009727   -0.010565
 0.929825   0.009705   -0.012649
 0.931774   0.009678   -0.015232
 0.933723   0.009645   -0.018402
 0.935673   0.009606   -0.022223
 0.937622   0.009559   -0.026643
 0.939571   0.009502   -0.031754
 0.941520   0.009435   -0.037547
 0.943470   0.009356   -0.043602
 0.945419   0.009265   -0.050558
 0.947368   0.009159   -0.059471
 0.949318   0.009033   -0.069843
 0.951267   0.008887   -0.080922
 0.953216   0.008718   -0.092555
 0.955166   0.008526   -0.104664
 0.957115   0.008310   -0.116893
 0.959064   0.008070   -0.128913
 0.961014   0.007807   -0.140477
 0.962963   0.007522   -0.151127
 0.964912   0.007218   -0.160362
 0.966862   0.006897   -0.167955
 0.968811   0.006563   -0.173504
 0.970760   0.006221   -0.176633
 0.972710   0.005874   -0.177279
 0.974659   0.005529   -0.175240
 0.976608   0.005191   -0.170577
 0.978557   0.004865   -0.163343
 0.980507   0.004554   -0.153913
 0.982456   0.004264   -0.142610
 0.984406   0.003998   -0.129756
 0.986355   0.003759   -0.115851
 0.988304   0.003547   -0.101314
 0.990253   0.003364   -0.086609
 0.992203   0.003209   -0.072069
 0.994152   0.003083   -0.058149
 0.996101   0.002982   -0.045141
 0.998051   0.002907   -0.033082
 1.000000   0.002853   -0.027288
514 psinorm ptot(KPa) dptot/dpsiN
 0.000000   42.765243   -36.844967
 0.001949   42.693432   -35.832160
 0.003899   42.625535   -34.667876
 0.005848   42.558262   -34.458514
 0.007797   42.491216   -34.396336
 0.009747   42.424150   -34.389635
 0.011696   42.357131   -34.424258
 0.013645   42.289964   -34.485333
 0.015595   42.222672   -34.534586
 0.017544   42.155314   -34.616365
 0.019493   42.087738   -34.709404
 0.021442   42.020017   -34.769567
 0.023392   41.952171   -34.841669
 0.025341   41.884169   -34.924421
 0.027290   41.816036   -34.982607
 0.029240   41.747772   -35.073049
 0.031189   41.679286   -35.166570
 0.033138   41.610693   -35.215484
 0.035088   41.541981   -35.284080
 0.037037   41.473120   -35.363808
 0.038986   41.404133   -35.421252
 0.040936   41.335013   -35.491343
 0.042885   41.265752   -35.571511
 0.044834   41.196355   -35.622985
 0.046784   41.126858   -35.692720
 0.048733   41.057189   -35.762965
 0.050682   40.987454   -35.798382
 0.052632   40.917611   -35.854050
 0.054581   40.847659   -35.932195
 0.056530   40.777548   -35.972523
 0.058480   40.707402   -36.013523
 0.060429   40.637131   -36.086734
 0.062378   40.566736   -36.138308
 0.064327   40.496264   -36.166299
 0.066277   40.425724   -36.224838
 0.068226   40.355023   -36.279803
 0.070175   40.284305   -36.299125
 0.072125   40.213493   -36.347645
 0.074074   40.142586   -36.398754
 0.076023   40.071611   -36.421436
 0.077973   40.000578   -36.458932
 0.079922   39.929457   -36.520235
 0.081871   39.858223   -36.536632
 0.083821   39.787001   -36.569346
 0.085770   39.715639   -36.611328
 0.087719   39.644290   -36.626757
 0.089669   39.572831   -36.671656
 0.091618   39.501307   -36.706117
 0.093567   39.429751   -36.724096
 0.095517   39.358120   -36.758370
 0.097466   39.286430   -36.802216
 0.099415   39.214665   -36.818551
 0.101364   39.142911   -36.816904
 0.103314   39.071116   -36.846138
 0.105263   38.999248   -36.873576
 0.107213   38.927346   -36.887336
 0.109162   38.855424   -36.922213
 0.111111   38.783423   -36.953846
 0.113060   38.711378   -36.943225
 0.115010   38.639381   -36.959337
 0.116959   38.567274   -36.997954
 0.118908   38.495163   -36.987678
 0.120858   38.423059   -37.005278
 0.122807   38.350880   -37.042189
 0.124756   38.278668   -37.033478
 0.126706   38.206486   -37.042593
 0.128655   38.134239   -37.079271
 0.130604   38.061951   -37.061208
 0.132554   37.989738   -37.071879
 0.134503   37.917408   -37.106919
 0.136452   37.845095   -37.076485
 0.138402   37.772847   -37.088785
 0.140351   37.700486   -37.125395
 0.142300   37.628132   -37.096779
 0.144250   37.555846   -37.105268
 0.146199   37.483459   -37.135192
 0.148148   37.411093   -37.125004
 0.150097   37.338746   -37.113802
 0.152047   37.266386   -37.115902
 0.153996   37.194031   -37.124065
 0.155945   37.121676   -37.113249
 0.157895   37.049326   -37.112504
 0.159844   36.976975   -37.122492
 0.161793   36.904623   -37.104505
 0.163743   36.832304   -37.103938
 0.165692   36.759955   -37.111072
 0.167641   36.687645   -37.092869
 0.169591   36.615329   -37.094459
 0.171540   36.543014   -37.091992
 0.173489   36.470745   -37.061998
 0.175439   36.398509   -37.072914
 0.177388   36.326198   -37.080864
 0.179337   36.253968   -37.061733
 0.181286   36.181731   -37.033522
 0.183236   36.109575   -37.022598
 0.185185   36.037380   -37.012897
 0.187135   35.965261   -37.001331
 0.189084   35.893112   -37.008475
 0.191033   35.821002   -36.981771
 0.192983   35.748920   -36.961857
 0.194932   35.676888   -36.959136
 0.196881   35.604853   -36.959033
 0.198830   35.532822   -36.921247
 0.200780   35.460897   -36.901712
 0.202729   35.388942   -36.909267
 0.204678   35.317025   -36.870459
 0.206628   35.245184   -36.848381
 0.208577   35.173353   -36.846528
 0.210526   35.101556   -36.811471
 0.212476   35.029825   -36.800542
 0.214425   34.958071   -36.796102
 0.216374   34.886394   -36.749902
 0.218324   34.814783   -36.739674
 0.220273   34.743146   -36.734366
 0.222222   34.671593   -36.704664
 0.224171   34.600071   -36.669512
 0.226121   34.528618   -36.647773
 0.228070   34.457182   -36.644368
 0.230019   34.385779   -36.596847
 0.231969   34.314491   -36.565951
 0.233918   34.243208   -36.563467
 0.235867   34.171966   -36.526804
 0.237817   34.100790   -36.494997
 0.239766   34.029672   -36.489996
 0.241715   33.958552   -36.446012
 0.243665   33.887569   -36.415300
 0.245614   33.816569   -36.399353
 0.247563   33.745685   -36.354535
 0.249513   33.674822   -36.344862
 0.251462   33.603976   -36.319691
 0.253411   33.533248   -36.271184
 0.255361   33.462555   -36.242521
 0.257310   33.391939   -36.219952
 0.259259   33.321369   -36.180977
 0.261209   33.250869   -36.151283
 0.263158   33.180416   -36.126284
 0.265107   33.110049   -36.107882
 0.267056   33.039667   -36.061546
 0.269006   32.969445   -36.018016
 0.270955   32.899233   -35.995412
 0.272904   32.829135   -35.938668
 0.274854   32.759108   -35.929061
 0.276803   32.689048   -35.905810
 0.278752   32.619147   -35.838676
 0.280702   32.549313   -35.817098
 0.282651   32.479496   -35.791466
 0.284600   32.409797   -35.746806
 0.286550   32.340119   -35.708419
 0.288499   32.270570   -35.672202
 0.290448   32.201069   -35.635372
 0.292398   32.131628   -35.598032
 0.294347   32.062272   -35.572960
 0.296296   31.992965   -35.514512
 0.298246   31.923802   -35.474474
 0.300195   31.854650   -35.461816
 0.302144   31.785571   -35.386909
 0.304094   31.716676   -35.356622
 0.306043   31.647716   -35.340103
 0.307992   31.578920   -35.280242
 0.309941   31.510194   -35.235463
 0.311891   31.441537   -35.206094
 0.313840   31.372925   -35.155939
 0.315790   31.304465   -35.114531
 0.317739   31.236013   -35.080942
 0.319688   31.167719   -35.041384
 0.321637   31.099422   -34.995692
 0.323587   31.031271   -34.935167
 0.325536   30.963210   -34.902202
 0.327485   30.895222   -34.846966
 0.329435   30.827342   -34.806820
 0.331384   30.759510   -34.792506
 0.333333   30.691720   -34.727056
 0.335283   30.624110   -34.667426
 0.337232   30.556552   -34.643697
 0.339181   30.489069   -34.579553
 0.341131   30.421727   -34.539947
 0.343080   30.354397   -34.515503
 0.345029   30.287185   -34.440495
 0.346979   30.220114   -34.390904
 0.348928   30.153095   -34.367552
 0.350877   30.086149   -34.327613
 0.352826   30.019286   -34.262927
 0.354776   29.952558   -34.203871
 0.356725   29.885925   -34.156262
 0.358675   29.819383   -34.117451
 0.360624   29.752901   -34.080034
 0.362573   29.686539   -34.032622
 0.364522   29.620242   -33.961934
 0.366472   29.554121   -33.910447
 0.368421   29.488025   -33.885665
 0.370370   29.422035   -33.813044
 0.372320   29.356188   -33.763382
 0.374269   29.290392   -33.732645
 0.376218   29.224698   -33.668207
 0.378168   29.159119   -33.618277
 0.380117   29.093621   -33.575541
 0.382066   29.028242   -33.511459
 0.384016   28.962959   -33.464086
 0.385965   28.897765   -33.419210
 0.387914   28.832691   -33.361853
 0.389863   28.767721   -33.310004
 0.391813   28.702816   -33.261232
 0.393762   28.638035   -33.207898
 0.395711   28.573371   -33.144326
 0.397661   28.508806   -33.096417
 0.399610   28.444328   -33.040264
 0.401560   28.379982   -32.982410
 0.403509   28.315730   -32.938112
 0.405458   28.251589   -32.891442
 0.407407   28.187519   -32.819695
 0.409357   28.123625   -32.763111
 0.411306   28.059776   -32.729965
 0.413255   27.996044   -32.666091
 0.415205   27.932411   -32.609309
 0.417154   27.868900   -32.549331
 0.419103   27.805533   -32.488712
 0.421053   27.742227   -32.448231
 0.423002   27.679018   -32.396210
 0.424951   27.615946   -32.327284
 0.426901   27.552974   -32.268358
 0.428850   27.490132   -32.216092
 0.430799   27.427395   -32.160378
 0.432748   27.364771   -32.101114
 0.434698   27.302233   -32.051658
 0.436647   27.239801   -31.977781
 0.438597   27.177552   -31.921825
 0.440546   27.115338   -31.885344
 0.442495   27.053263   -31.824246
 0.444444   26.991287   -31.764839
 0.446394   26.929412   -31.696746
 0.448343   26.867701   -31.653510
 0.450292   26.806026   -31.586199
 0.452242   26.744547   -31.511489
 0.454191   26.683163   -31.469536
 0.456140   26.621879   -31.401920
 0.458090   26.560727   -31.343505
 0.460039   26.499670   -31.301266
 0.461988   26.438715   -31.225385
 0.463938   26.377923   -31.171709
 0.465887   26.317176   -31.127397
 0.467836   26.256588   -31.040368
 0.469786   26.196150   -30.986570
 0.471735   26.135771   -30.941997
 0.473684   26.075538   -30.878500
 0.475633   26.015407   -30.802645
 0.477583   25.955439   -30.748736
 0.479532   25.895518   -30.694830
 0.481482   25.835760   -30.621618
 0.483431   25.776124   -30.570257
 0.485380   25.716597   -30.514315
 0.487329   25.657179   -30.449587
 0.489279   25.597874   -30.385814
 0.491228   25.538705   -30.332330
 0.493177   25.479638   -30.259579
 0.495127   25.420723   -30.197237
 0.497076   25.361899   -30.145353
 0.499025   25.303216   -30.069542
 0.500975   25.244658   -30.008652
 0.502924   25.186212   -29.969098
 0.504873   25.127839   -29.893318
 0.506823   25.069658   -29.819473
 0.508772   25.011573   -29.770219
 0.510721   24.953614   -29.695978
 0.512671   24.895788   -29.642797
 0.514620   24.838037   -29.593297
 0.516569   24.780433   -29.522661
 0.518518   24.722958   -29.449964
 0.520468   24.665608   -29.396328
 0.522417   24.608341   -29.338981
 0.524366   24.551245   -29.256884
 0.526316   24.494269   -29.193732
 0.528265   24.437418   -29.143716
 0.530214   24.380667   -29.081961
 0.532164   24.324028   -29.014526
 0.534113   24.267539   -28.954907
 0.536062   24.211162   -28.880452
 0.538012   24.154934   -28.820398
 0.539961   24.098791   -28.763740
 0.541910   24.042813   -28.694409
 0.543860   23.986911   -28.624942
 0.545809   23.931204   -28.564737
 0.547758   23.875566   -28.504760
 0.549708   23.820064   -28.446002
 0.551657   23.764655   -28.385483
 0.553606   23.709418   -28.308512
 0.555556   23.654280   -28.251295
 0.557505   23.599266   -28.193906
 0.559454   23.544380   -28.115344
 0.561404   23.489644   -28.058002
 0.563353   23.434982   -28.009629
 0.565302   23.380463   -27.930790
 0.567252   23.326080   -27.865628
 0.569201   23.271814   -27.809456
 0.571150   23.217679   -27.742702
 0.573099   23.163673   -27.667250
 0.575049   23.109804   -27.609492
 0.576998   23.056024   -27.562189
 0.578947   23.002367   -27.488249
 0.580897   22.948847   -27.421183
 0.582846   22.895452   -27.367666
 0.584795   22.842168   -27.295396
 0.586745   22.789027   -27.237211
 0.588694   22.735970   -27.174232
 0.590643   22.683102   -27.100407
 0.592593   22.630306   -27.037856
 0.594542   22.577681   -26.987076
 0.596491   22.525110   -26.922230
 0.598441   22.472712   -26.850452
 0.600390   22.420420   -26.806546
 0.602339   22.368220   -26.733971
 0.604289   22.316185   -26.672911
 0.606238   22.264222   -26.621508
 0.608187   22.212414   -26.551075
 0.610136   22.160726   -26.481800
 0.612086   22.109162   -26.422099
 0.614035   22.057706   -26.371719
 0.615984   22.006365   -26.305451
 0.617934   21.955141   -26.247008
 0.619883   21.904027   -26.189223
 0.621832   21.853056   -26.119574
 0.623782   21.802187   -26.062343
 0.625731   21.751438   -26.009170
 0.627680   21.700804   -25.951588
 0.629630   21.650253   -25.888720
 0.631579   21.599863   -25.831682
 0.633528   21.549561   -25.768237
 0.635478   21.499393   -25.717295
 0.637427   21.449290   -25.670365
 0.639376   21.399330   -25.608656
 0.641325   21.349467   -25.555412
 0.643275   21.299690   -25.495135
 0.645224   21.250061   -25.438192
 0.647173   21.200531   -25.379199
 0.649123   21.151108   -25.332376
 0.651072   21.101761   -25.291033
 0.653021   21.052524   -25.224703
 0.654971   21.003409   -25.171755
 0.656920   20.954379   -25.134718
 0.658869   20.905434   -25.073158
 0.660819   20.856619   -25.019969
 0.662768   20.807881   -24.994284
 0.664717   20.759191   -24.935674
 0.666667   20.710657   -24.876688
 0.668616   20.662197   -24.846863
 0.670565   20.613804   -24.792719
 0.672515   20.565530   -24.744940
 0.674464   20.517324   -24.717801
 0.676413   20.469180   -24.666571
 0.678363   20.421149   -24.633748
 0.680312   20.373133   -24.600725
 0.682261   20.325255   -24.552081
 0.684211   20.277405   -24.516534
 0.686160   20.229665   -24.480750
 0.688109   20.181979   -24.452058
 0.690059   20.134327   -24.419266
 0.692008   20.086768   -24.391036
 0.693957   20.039250   -24.361159
 0.695906   19.991808   -24.333016
 0.697856   19.944376   -24.307524
 0.699805   19.897033   -24.284596
 0.701754   19.849715   -24.263813
 0.703704   19.802428   -24.242576
 0.705653   19.755193   -24.225749
 0.707602   19.707996   -24.203952
 0.709552   19.660822   -24.198360
 0.711501   19.613647   -24.196961
 0.713450   19.566502   -24.175967
 0.715400   19.519385   -24.169286
 0.717349   19.472266   -24.181708
 0.719298   19.425125   -24.169856
 0.721248   19.378028   -24.165311
 0.723197   19.330904   -24.186378
 0.725146   19.283749   -24.189794
 0.727096   19.236588   -24.195715
 0.729045   19.189410   -24.220518
 0.730994   19.142177   -24.240228
 0.732943   19.094922   -24.247184
 0.734893   19.047637   -24.275953
 0.736842   19.000270   -24.318387
 0.738791   18.952844   -24.338909
 0.740741   18.905372   -24.376092
 0.742690   18.857801   -24.428890
 0.744639   18.810149   -24.470722
 0.746589   18.762390   -24.516081
 0.748538   18.714560   -24.573997
 0.750487   18.666601   -24.630555
 0.752437   18.618526   -24.692396
 0.754386   18.570325   -24.772970
 0.756335   18.521961   -24.845675
 0.758285   18.473452   -24.922478
 0.760234   18.424788   -25.019172
 0.762183   18.375927   -25.111256
 0.764133   18.326879   -25.200788
 0.766082   18.277669   -25.309913
 0.768031   18.228221   -25.432168
 0.769980   18.178535   -25.549137
 0.771930   18.128605   -25.665222
 0.773879   18.078466   -25.795259
 0.775829   18.028029   -25.950077
 0.777778   17.977287   -26.095946
 0.779727   17.926307   -26.247836
 0.781676   17.874973   -26.410563
 0.783626   17.823332   -26.582250
 0.785575   17.771329   -26.776671
 0.787524   17.718957   -26.957646
 0.789474   17.666221   -27.154089
 0.791423   17.613083   -27.375461
 0.793372   17.559511   -27.592568
 0.795322   17.505500   -27.813950
 0.797271   17.451065   -28.056793
 0.799220   17.396134   -28.296423
 0.801170   17.340737   -28.555257
 0.803119   17.284798   -28.848094
 0.805068   17.228287   -29.119087
 0.807018   17.171262   -29.408697
 0.808967   17.113623   -29.723037
 0.810916   17.055402   -30.036488
 0.812866   16.996510   -30.375393
 0.814815   16.936968   -30.717918
 0.816764   16.876772   -31.063031
 0.818713   16.815885   -31.432816
 0.820663   16.754215   -31.826148
 0.822612   16.691795   -32.224319
 0.824561   16.628604   -32.626149
 0.826511   16.564585   -33.048777
 0.828460   16.499748   -33.501995
 0.830409   16.433994   -33.944312
 0.832359   16.367398   -34.403159
 0.834308   16.299857   -34.904626
 0.836257   16.231340   -35.398131
 0.838207   16.161839   -35.915500
 0.840156   16.091306   -36.450570
 0.842105   16.019755   -36.981136
 0.844055   15.947116   -37.547277
 0.846004   15.873358   -38.135094
 0.847953   15.798466   -38.728058
 0.849903   15.722357   -39.360997
 0.851852   15.644998   -40.065258
 0.853801   15.566183   -40.822779
 0.855750   15.485870   -41.583152
 0.857700   15.404049   -42.369918
 0.859649   15.320671   -43.187579
 0.861598   15.235704   -44.000601
 0.863548   15.149112   -44.846531
 0.865497   15.060848   -45.731704
 0.867446   14.970850   -46.604760
 0.869396   14.879136   -47.510481
 0.871345   14.785607   -48.467543
 0.873294   14.690209   -49.419694
 0.875244   14.592919   -50.403106
 0.877193   14.493688   -51.428839
 0.879142   14.392449   -52.468982
 0.881092   14.289111   -53.549093
 0.883041   14.183662   -54.669184
 0.884990   14.076010   -55.808745
 0.886940   13.966063   -57.007022
 0.888889   13.853741   -58.258589
 0.890838   13.738971   -59.548851
 0.892787   13.621620   -60.888159
 0.894737   13.501567   -62.297928
 0.896686   13.378722   -63.763274
 0.898636   13.252952   -65.285486
 0.900585   13.124175   -66.901740
 0.902534   12.992169   -68.600109
 0.904483   12.856772   -70.393249
 0.906433   12.717704   -72.335908
 0.908382   12.574736   -74.438083
 0.910331   12.427545   -76.660104
 0.912281   12.275836   -79.084250
 0.914230   12.119198   -81.735597
 0.916179   11.957231   -84.566521
 0.918129   11.789470   -87.674675
 0.920078   11.615391   -91.080628
 0.922027   11.434438   -94.756442
 0.923977   11.245931   -98.803074
 0.925926   11.049209   -103.251659
 0.927875   10.843456   -108.056037
 0.929825   10.627893   -113.321092
 0.931774   10.401623   -119.095389
 0.933723   10.163659   -125.300709
 0.935673   9.913069   -132.051361
 0.937622   9.648798   -139.373990
 0.939571   9.369789   -147.209307
 0.941520   9.074976   -155.615244
 0.943470   8.763037   -165.206713
 0.945419   8.430846   -165.450108
 0.947368   8.118112   -163.976919
 0.949318   7.791493   -171.922571
 0.951267   7.447795   -180.504648
 0.953216   7.087886   -188.413188
 0.955166   6.713164   -195.506597
 0.957115   6.325612   -201.448598
 0.959064   5.927918   -205.769774
 0.961014   5.523312   -208.338250
 0.962963   5.115609   -208.910502
 0.964912   4.708979   -207.173667
 0.966862   4.307841   -203.235994
 0.968811   3.916557   -197.165349
 0.970760   3.539291   -188.977490
 0.972710   3.179743   -179.093534
 0.974659   2.840995   -167.874828
 0.976608   2.525367   -155.630056
 0.978557   2.234349   -142.780597
 0.980507   1.968678   -129.783430
 0.982456   1.728310   -116.971054
 0.984406   1.512621   -104.601336
 0.986355   1.320458   -92.944931
 0.988304   1.150322   -82.083620
 0.990253   1.000496   -72.117249
 0.992203   0.869146   -63.110703
 0.994152   0.754419   -55.065910
 0.996101   0.654499   -47.894404
 0.998051   0.567685   -41.576168
 1.000000   0.492388   -38.633766
514 psinorm omgpp(kRad/s) domgpp/dpsiN
 0.000000   -9.207489   155.548257
 0.001949   -8.904325   200.121918
 0.003899   -8.427124   195.491456
 0.005848   -8.142006   133.853762
 0.007797   -7.905362   112.048589
 0.009747   -7.705147   93.810083
 0.011696   -7.539579   84.186378
 0.013645   -7.376988   79.576792
 0.015595   -7.229317   70.602574
 0.017544   -7.101699   65.278471
 0.019493   -6.974861   63.280180
 0.021442   -6.855033   60.343580
 0.023392   -6.739584   54.786431
 0.025341   -6.641411   51.159972
 0.027290   -6.540162   51.009641
 0.029240   -6.442527   49.260067
 0.031189   -6.348096   47.729031
 0.033138   -6.256479   44.405496
 0.035088   -6.174964   42.858028
 0.037037   -6.089378   43.140281
 0.038986   -6.006803   39.945274
 0.040936   -5.933636   38.618117
 0.042885   -5.856233   40.647414
 0.044834   -5.775192   37.500417
 0.046784   -5.710027   36.284239
 0.048733   -5.633726   36.677794
 0.050682   -5.567057   33.542225
 0.052632   -5.502946   35.831756
 0.054581   -5.427355   32.835994
 0.056530   -5.374951   29.716408
 0.058480   -5.311485   33.756117
 0.060429   -5.243338   31.995328
 0.062378   -5.186767   31.154054
 0.064327   -5.121900   31.005890
 0.066277   -5.065880   28.280657
 0.068226   -5.011633   28.704055
 0.070175   -4.953992   27.332235
 0.072125   -4.905069   28.013626
 0.074074   -4.844772   30.149857
 0.076023   -4.787545   25.472216
 0.077973   -4.745464   24.480505
 0.079922   -4.692101   26.521582
 0.081871   -4.642083   25.210296
 0.083821   -4.593807   26.000206
 0.085770   -4.540711   26.377847
 0.087719   -4.490986   23.349178
 0.089669   -4.449676   22.401425
 0.091618   -4.403645   24.497018
 0.093567   -4.354187   24.940738
 0.095517   -4.306402   22.355446
 0.097466   -4.267019   18.837107
 0.099415   -4.232975   21.260518
 0.101364   -4.184145   26.341425
 0.103314   -4.130268   24.262989
 0.105263   -4.089537   19.147966
 0.107213   -4.055613   16.994340
 0.109162   -4.023275   18.597536
 0.111111   -3.983120   24.398694
 0.113060   -3.928169   22.737380
 0.115010   -3.894478   16.814898
 0.116959   -3.862607   18.820908
 0.118908   -3.821114   19.217721
 0.120858   -3.787681   16.741807
 0.122807   -3.755837   18.731320
 0.124756   -3.714667   20.755365
 0.126706   -3.674912   18.308651
 0.128655   -3.643277   16.927675
 0.130604   -3.608928   18.924278
 0.132554   -3.569489   18.211961
 0.134503   -3.537916   15.196054
 0.136452   -3.510255   17.130815
 0.138402   -3.471117   18.069551
 0.140351   -3.439797   15.055844
 0.142300   -3.412429   13.734428
 0.144250   -3.386247   16.317397
 0.146199   -3.348813   16.266368
 0.148148   -3.322841   13.622528
 0.150097   -3.295713   18.518680
 0.152047   -3.250628   17.832613
 0.153996   -3.226173   13.201827
 0.155945   -3.199167   11.853169
 0.157895   -3.179961   11.112048
 0.159844   -3.155844   17.989390
 0.161793   -3.109839   16.664005
 0.163743   -3.090884   11.038845
 0.165692   -3.066801   14.657213
 0.167641   -3.033751   13.279161
 0.169591   -3.015033   12.584706
 0.171540   -2.984689   14.566138
 0.173489   -2.958254   13.165393
 0.175439   -2.933358   12.502521
 0.177388   -2.909506   10.885807
 0.179337   -2.890925   11.444123
 0.181286   -2.864897   13.049983
 0.183236   -2.840044   12.698834
 0.185185   -2.815384   12.687980
 0.187135   -2.790573   12.382988
 0.189084   -2.767102   12.595690
 0.191033   -2.741475   11.247616
 0.192983   -2.723252   9.055724
 0.194932   -2.706166   9.054520
 0.196881   -2.687957   12.793736
 0.198830   -2.656296   12.760845
 0.200780   -2.638209   7.385471
 0.202729   -2.627497   10.808835
 0.204678   -2.596077   12.681568
 0.206628   -2.578058   8.912359
 0.208577   -2.561327   9.111202
 0.210526   -2.542543   10.977868
 0.212476   -2.518521   10.464526
 0.214425   -2.501738   7.493094
 0.216374   -2.489313   9.303076
 0.218324   -2.465459   10.401650
 0.220273   -2.448754   10.311854
 0.222222   -2.425263   10.766759
 0.224171   -2.406785   6.152067
 0.226121   -2.401283   5.608854
 0.228070   -2.384921   10.461058
 0.230019   -2.360506   12.248253
 0.231969   -2.337166   7.121757
 0.233918   -2.332729   5.785387
 0.235867   -2.314615   10.592706
 0.237817   -2.291425   7.074872
 0.239766   -2.287020   7.260578
 0.241715   -2.263123   9.013839
 0.243665   -2.251882   5.499550
 0.245614   -2.241680   8.690665
 0.247563   -2.218005   8.947027
 0.249513   -2.206802   6.962005
 0.251462   -2.190863   7.173151
 0.253411   -2.178841   5.906013
 0.255361   -2.167836   6.879133
 0.257310   -2.152022   5.634420
 0.259259   -2.145873   7.337088
 0.261209   -2.123406   9.813144
 0.263158   -2.107608   5.317591
 0.265107   -2.102678   4.292854
 0.267056   -2.090874   7.323143
 0.269006   -2.074123   8.294357
 0.270955   -2.058534   5.509364
 0.272904   -2.052647   4.257217
 0.274854   -2.041933   6.733794
 0.276803   -2.026395   6.964468
 0.278752   -2.014785   4.270814
 0.280702   -2.009746   5.266133
 0.282651   -1.994258   6.916457
 0.284600   -1.982786   4.201949
 0.286550   -1.977878   6.671818
 0.288499   -1.956781   6.911691
 0.290448   -1.950936   2.723970
 0.292398   -1.946160   5.195645
 0.294347   -1.930684   5.466695
 0.296296   -1.924851   5.589171
 0.298246   -1.908887   6.558499
 0.300195   -1.899276   3.924516
 0.302144   -1.893589   4.170893
 0.304094   -1.883012   5.207837
 0.306043   -1.873283   3.726908
 0.307992   -1.868484   4.107852
 0.309941   -1.857271   5.558258
 0.311891   -1.846813   2.512644
 0.313840   -1.847468   3.899729
 0.315790   -1.831599   6.546663
 0.317739   -1.821939   3.720418
 0.319688   -1.817097   4.089981
 0.321637   -1.805997   4.140363
 0.323587   -1.800957   3.692093
 0.325536   -1.791603   3.870276
 0.327485   -1.785871   2.733826
 0.329435   -1.780945   3.674686
 0.331384   -1.771545   5.253881
 0.333333   -1.760465   4.127709
 0.335283   -1.755454   2.367105
 0.337232   -1.751235   3.894373
 0.339181   -1.740274   4.030294
 0.341131   -1.735524   2.283846
 0.343080   -1.731369   2.564692
 0.345029   -1.725527   4.113346
 0.346979   -1.715329   3.663976
 0.348928   -1.711238   2.324948
 0.350877   -1.706266   4.092327
 0.352826   -1.695286   4.104956
 0.354776   -1.690264   1.213729
 0.356725   -1.690551   1.183989
 0.358675   -1.685645   3.704299
 0.360624   -1.676111   5.000401
 0.362573   -1.666154   4.020519
 0.364522   -1.660439   1.465537
 0.366472   -1.660442   1.101159
 0.368421   -1.656147   2.579445
 0.370370   -1.650388   4.040795
 0.372320   -1.640390   2.345456
 0.374269   -1.641237   0.003238
 0.376218   -1.640378   2.797524
 0.378168   -1.630325   3.676664
 0.380117   -1.626039   3.894101
 0.382066   -1.615146   2.802528
 0.384016   -1.615118   1.114567
 0.385965   -1.610802   2.419278
 0.387914   -1.605687   0.230764
 0.389863   -1.609903   1.508486
 0.391813   -1.599799   5.010879
 0.393762   -1.590365   2.648791
 0.395711   -1.589474   0.286913
 0.397661   -1.589247   1.356838
 0.399610   -1.584186   2.640056
 0.401560   -1.578953   2.476848
 0.403509   -1.574528   1.194106
 0.405458   -1.574298   1.586710
 0.407407   -1.568343   2.858656
 0.409357   -1.563153   1.238020
 0.411306   -1.563513   0.211139
 0.413255   -1.562330   1.643967
 0.415205   -1.557101   2.487911
 0.417154   -1.552629   1.431304
 0.419103   -1.551522   1.646183
 0.421053   -1.546208   1.330077
 0.423002   -1.546333   1.467858
 0.424951   -1.540487   2.884005
 0.426901   -1.535089   1.373442
 0.428850   -1.535129   1.343737
 0.430799   -1.529851   1.659488
 0.432748   -1.528660   0.488688
 0.434698   -1.527946   1.554688
 0.436647   -1.522601   2.747389
 0.438597   -1.517234   1.423916
 0.440546   -1.517046   0.187769
 0.442495   -1.516502   0.494094
 0.444444   -1.515120   0.550567
 0.446394   -1.514355   1.442584
 0.448343   -1.509498   2.820281
 0.450292   -1.503362   0.605915
 0.452242   -1.507140   0.249238
 0.454191   -1.502395   2.778293
 0.456140   -1.496311   0.653903
 0.458090   -1.499850   0.338545
 0.460039   -1.494995   1.631256
 0.461988   -1.493491   -0.561398
 0.463938   -1.497187   0.313893
 0.465887   -1.492272   2.889068
 0.467836   -1.485925   0.711913
 0.469786   -1.489501   0.362648
 0.471735   -1.484515   1.560051
 0.473684   -1.483420   0.711794
 0.475633   -1.481741   1.851912
 0.477583   -1.476198   0.553001
 0.479532   -1.479580   0.594662
 0.481482   -1.473874   1.628370
 0.483431   -1.473228   -0.675643
 0.485380   -1.476508   0.719179
 0.487329   -1.470425   1.899152
 0.489279   -1.469106   0.527753
 0.491228   -1.468367   0.616636
 0.493177   -1.466702   0.744950
 0.495127   -1.465463   0.535261
 0.497076   -1.464615   0.739537
 0.499025   -1.462580   0.827178
 0.500975   -1.461390   -0.674657
 0.502924   -1.465208   -0.435604
 0.504873   -1.463088   2.043319
 0.506823   -1.457239   1.684262
 0.508772   -1.456518   0.708126
 0.510721   -1.454479   -0.217599
 0.512671   -1.457369   -0.542193
 0.514620   -1.456595   1.689796
 0.516569   -1.450783   2.000476
 0.518518   -1.448797   -0.236909
 0.520468   -1.451709   -1.600413
 0.522417   -1.455037   0.797871
 0.524366   -1.448599   2.045709
 0.526316   -1.447063   0.644592
 0.528265   -1.446085   -0.350590
 0.530214   -1.448430   -1.307464
 0.532164   -1.451183   0.679421
 0.534113   -1.445785   1.952941
 0.536062   -1.443571   0.954946
 0.538012   -1.442062   -0.464337
 0.539961   -1.445379   -0.313881
 0.541910   -1.443285   2.050472
 0.543860   -1.437382   0.719750
 0.545809   -1.440474   -1.335822
 0.547758   -1.442589   -0.161374
 0.549708   -1.441102   1.766996
 0.551657   -1.435701   0.865699
 0.553606   -1.437727   -2.312274
 0.555556   -1.444719   -0.438150
 0.557505   -1.439442   3.038118
 0.559454   -1.432877   -0.081320
 0.561404   -1.439766   -1.492984
 0.563353   -1.438702   1.926841
 0.565302   -1.432255   0.954839
 0.567252   -1.434984   -1.492801
 0.569201   -1.438075   -1.442351
 0.571150   -1.440606   0.968277
 0.573099   -1.434301   2.028152
 0.575049   -1.432701   -1.444984
 0.576998   -1.439930   -0.269361
 0.578947   -1.433751   3.084007
 0.580897   -1.427906   -1.450499
 0.582846   -1.439397   -3.515007
 0.584795   -1.441607   1.972102
 0.586745   -1.431702   2.796364
 0.588694   -1.430700   -0.250378
 0.590643   -1.432678   -1.224174
 0.592593   -1.435473   -1.564971
 0.594542   -1.438779   -0.315005
 0.596491   -1.436701   0.899413
 0.598441   -1.435273   0.557956
 0.600390   -1.434525   -0.371108
 0.602339   -1.436720   -1.263199
 0.604289   -1.439451   0.568832
 0.606238   -1.434506   1.607397
 0.608187   -1.433185   -0.257324
 0.610136   -1.435509   -1.320910
 0.612086   -1.438336   -1.620134
 0.614035   -1.441825   -1.565359
 0.615984   -1.444438   0.651800
 0.617934   -1.439280   1.503149
 0.619883   -1.438574   -0.447692
 0.621832   -1.441025   -1.457760
 0.623782   -1.444259   -0.736892
 0.625731   -1.443900   0.457285
 0.627680   -1.442476   -1.524802
 0.629630   -1.449850   -1.792484
 0.631579   -1.449469   1.436458
 0.633528   -1.444250   0.437097
 0.635478   -1.447769   -1.902385
 0.637427   -1.451668   -0.846896
 0.639376   -1.451071   0.390646
 0.641325   -1.450145   0.350933
 0.643275   -1.449702   -1.000780
 0.645224   -1.454044   -1.972695
 0.647173   -1.457392   -1.885841
 0.649123   -1.461398   -0.074818
 0.651072   -1.457688   1.113138
 0.653021   -1.457059   -2.002953
 0.654971   -1.465502   -3.403976
 0.656920   -1.470333   -1.172055
 0.658869   -1.470071   -0.029481
 0.660819   -1.470448   -0.406014
 0.662768   -1.471653   -0.321709
 0.664717   -1.471702   -1.208645
 0.666667   -1.476368   -2.603864
 0.668616   -1.481854   -1.551440
 0.670565   -1.482416   -0.451805
 0.672515   -1.483616   -1.801446
 0.674464   -1.489437   -1.724446
 0.676413   -1.490338   -1.678317
 0.678363   -1.495983   -1.980440
 0.680312   -1.498061   -0.884274
 0.682261   -1.499430   -2.988083
 0.684211   -1.509716   -2.282660
 0.686160   -1.508336   -0.126105
 0.688109   -1.510208   -3.207033
 0.690059   -1.520845   -2.541968
 0.692008   -1.520125   -0.550828
 0.693957   -1.522992   -2.455601
 0.695906   -1.529697   -2.587490
 0.697856   -1.533079   -2.964473
 0.699805   -1.541253   -4.027220
 0.701754   -1.548777   -2.935073
 0.703704   -1.552695   -1.158670
 0.705653   -1.553296   -1.234268
 0.707602   -1.557506   -3.348701
 0.709552   -1.566355   -5.771009
 0.711501   -1.580005   -3.748445
 0.713450   -1.580967   -1.660828
 0.715400   -1.586483   -4.122098
 0.717349   -1.597036   -3.150138
 0.719298   -1.598762   -3.139252
 0.721248   -1.609281   -5.651775
 0.723197   -1.620798   -4.718479
 0.725146   -1.627673   -2.673046
 0.727096   -1.631218   -3.090376
 0.729045   -1.639720   -6.406837
 0.730994   -1.656192   -5.266479
 0.732943   -1.660249   -3.415846
 0.734893   -1.669513   -7.119320
 0.736842   -1.688002   -6.105542
 0.738791   -1.693312   -4.039128
 0.740741   -1.703754   -5.616611
 0.742690   -1.715211   -5.733021
 0.744639   -1.726101   -6.911985
 0.746589   -1.742164   -6.363640
 0.748538   -1.750917   -5.442124
 0.750487   -1.763377   -7.730588
 0.752437   -1.781061   -8.252968
 0.754386   -1.795557   -7.374713
 0.756335   -1.809807   -6.491745
 0.758285   -1.820867   -7.000487
 0.760234   -1.837100   -8.301961
 0.762183   -1.853228   -8.525568
 0.764133   -1.870341   -10.159341
 0.766082   -1.892836   -9.459700
 0.768031   -1.907215   -8.495962
 0.769980   -1.925953   -9.929783
 0.771930   -1.945932   -9.356054
 0.773879   -1.962434   -10.821375
 0.775829   -1.988129   -12.453919
 0.777778   -2.010994   -10.742303
 0.779727   -2.030003   -10.875703
 0.781676   -2.053387   -11.310650
 0.783626   -2.074102   -12.035609
 0.785575   -2.100311   -14.478170
 0.787524   -2.130538   -13.768565
 0.789474   -2.153991   -11.340935
 0.791423   -2.174757   -12.720331
 0.793372   -2.203575   -15.232928
 0.795322   -2.234151   -14.978093
 0.797271   -2.261976   -16.436263
 0.799220   -2.298220   -16.871400
 0.801170   -2.327754   -15.569134
 0.803119   -2.358923   -15.942178
 0.805068   -2.389897   -16.303909
 0.807018   -2.422493   -17.296499
 0.808967   -2.457335   -18.856895
 0.810916   -2.495997   -19.177495
 0.812866   -2.532107   -17.975052
 0.814815   -2.566083   -19.733174
 0.816764   -2.609026   -21.068774
 0.818713   -2.648209   -20.659912
 0.820663   -2.689581   -21.708484
 0.822612   -2.732849   -21.048849
 0.824561   -2.771629   -20.364678
 0.826511   -2.812252   -22.488922
 0.828460   -2.859310   -23.059646
 0.830409   -2.902139   -23.510340
 0.832359   -2.950980   -26.675988
 0.834308   -3.006145   -23.962080
 0.836257   -3.044384   -22.193990
 0.838207   -3.092685   -26.475827
 0.840156   -3.147610   -25.960108
 0.842105   -3.193877   -26.362759
 0.844055   -3.250404   -27.397079
 0.846004   -3.300701   -25.661488
 0.847953   -3.350432   -27.698505
 0.849903   -3.408702   -29.650884
 0.851852   -3.466041   -31.397603
 0.853801   -3.531090   -33.439997
 0.855750   -3.596390   -32.866371
 0.857700   -3.659235   -33.891865
 0.859649   -3.728531   -34.226873
 0.861598   -3.792651   -33.363822
 0.863548   -3.858618   -33.342516
 0.865497   -3.922655   -32.467660
 0.867446   -3.985177   -32.575495
 0.869396   -4.049668   -32.491316
 0.871345   -4.111862   -33.549441
 0.873294   -4.180443   -33.622175
 0.875244   -4.242951   -30.396007
 0.877193   -4.298961   -30.263674
 0.879142   -4.360919   -31.231517
 0.881092   -4.420731   -30.983255
 0.883041   -4.481722   -30.709898
 0.884990   -4.540438   -27.516145
 0.886940   -4.589003   -27.130453
 0.888889   -4.646216   -29.960377
 0.890838   -4.705788   -27.359957
 0.892787   -4.752865   -25.264694
 0.894737   -4.804297   -26.127763
 0.896686   -4.854737   -25.288171
 0.898636   -4.902895   -24.641056
 0.900585   -4.950813   -24.087963
 0.902534   -4.996790   -23.881452
 0.904483   -5.043903   -23.244735
 0.906433   -5.087419   -24.903573
 0.908382   -5.140997   -26.438673
 0.910331   -5.190477   -26.785208
 0.912281   -5.245435   -31.271200
 0.914230   -5.312397   -32.934828
 0.916179   -5.373815   -33.476079
 0.918129   -5.442924   -38.849506
 0.920078   -5.525282   -44.412339
 0.922027   -5.616044   -49.429341
 0.923977   -5.718013   -56.549790
 0.925926   -5.836523   -64.395653
 0.927875   -5.969027   -72.353028
 0.929825   -6.118636   -82.246002
 0.931774   -6.289693   -93.101133
 0.933723   -6.481544   -105.310437
 0.935673   -6.700313   -118.255366
 0.937622   -6.942610   -130.364705
 0.939571   -7.208474   -142.221744
 0.941520   -7.496990   -148.876798
 0.943470   -7.788947   -158.727112
 0.945419   -8.115849   -189.099089
 0.947368   -8.526055   -226.704432
 0.949318   -8.999802   -250.406013
 0.951267   -9.502373   -262.968233
 0.953216   -10.024852   -274.296449
 0.955166   -10.571867   -284.242214
 0.957115   -11.133105   -287.775257
 0.959064   -11.693615   -287.270564
 0.961014   -12.253173   -282.747186
 0.962963   -12.796055   -268.433840
 0.964912   -13.299528   -247.010894
 0.966862   -13.759128   -220.082293
 0.968811   -14.157660   -181.675514
 0.970760   -14.467299   -134.780824
 0.972710   -14.683122   -80.594005
 0.974659   -14.781595   -16.461120
 0.976608   -14.747287   56.126614
 0.978557   -14.562813   132.583513
 0.980507   -14.230268   209.665375
 0.982456   -13.745406   287.450815
 0.984406   -13.109420   360.532378
 0.986355   -12.339759   424.519587
 0.988304   -11.454643   475.269375
 0.990253   -10.487159   508.238215
 0.992203   -9.472998   520.615916
 0.994152   -8.457279   511.829112
 0.996101   -7.477889   486.212038
 0.998051   -6.561571   337.125288
 1.000000   -6.163172   204.412147
514 psinorm ommpp() dommpp/dpsiN
 0.000000   -21.406330   477.468607
 0.001949   -20.475743   532.796298
 0.003899   -19.328846   384.919139
 0.005848   -18.974537   141.553049
 0.007797   -18.777072   82.998150
 0.009747   -18.650964   54.655576
 0.011696   -18.563950   36.335427
 0.013645   -18.509328   25.348860
 0.015595   -18.465120   18.202310
 0.017544   -18.438349   10.456975
 0.019493   -18.424359   9.316108
 0.021442   -18.402035   8.118923
 0.023392   -18.392710   4.231762
 0.025341   -18.385534   5.491755
 0.027290   -18.371303   2.742797
 0.029240   -18.374849   -3.378031
 0.031189   -18.384471   0.208852
 0.033138   -18.374035   3.557598
 0.035088   -18.370603   -1.397982
 0.037037   -18.379479   -1.423385
 0.038986   -18.376152   0.696580
 0.040936   -18.376765   -3.066163
 0.042885   -18.388101   -2.734002
 0.044834   -18.387422   -0.266985
 0.046784   -18.389144   -3.447390
 0.048733   -18.400859   -0.417755
 0.050682   -18.390772   2.411050
 0.052632   -18.391463   -4.844019
 0.054581   -18.409650   -1.459520
 0.056530   -18.397153   3.856953
 0.058480   -18.394617   -3.398114
 0.060429   -18.410392   -4.009414
 0.062378   -18.410245   1.614349
 0.064327   -18.404100   0.583924
 0.066277   -18.407974   -1.852606
 0.068226   -18.411323   1.864788
 0.070175   -18.400705   3.074162
 0.072125   -18.399342   -1.662346
 0.074074   -18.407182   -0.062129
 0.076023   -18.399584   4.027122
 0.077973   -18.391480   -0.484323
 0.079922   -18.401463   0.663095
 0.081871   -18.388895   4.522294
 0.083821   -18.383835   0.211887
 0.085770   -18.388064   1.766785
 0.087719   -18.376948   3.538873
 0.089669   -18.374270   1.068736
 0.091618   -18.372780   2.823542
 0.093567   -18.363264   2.952650
 0.095517   -18.361271   0.694483
 0.097466   -18.360556   4.059861
 0.099415   -18.345446   7.582520
 0.101364   -18.330999   3.464318
 0.103314   -18.331947   1.591613
 0.105263   -18.324797   5.548089
 0.107213   -18.310311   5.292077
 0.109162   -18.304159   2.785820
 0.111111   -18.299452   4.448668
 0.113060   -18.286818   6.572247
 0.115010   -18.273826   4.324381
 0.116959   -18.269953   5.989759
 0.118908   -18.250478   8.084643
 0.120858   -18.238435   4.058413
 0.122807   -18.234650   5.709612
 0.124756   -18.216179   7.579507
 0.126706   -18.205102   3.570750
 0.128655   -18.202252   7.173492
 0.130604   -18.177139   9.038097
 0.132554   -18.167020   3.283876
 0.134503   -18.164332   9.030828
 0.136452   -18.131818   10.677770
 0.138402   -18.122711   2.773953
 0.140351   -18.120999   8.486988
 0.142300   -18.089629   12.487206
 0.144250   -18.072318   4.630426
 0.146199   -18.071566   6.235873
 0.148148   -18.048011   12.122390
 0.150097   -18.024313   8.130546
 0.152047   -18.016318   6.115738
 0.153996   -18.000472   10.057192
 0.155945   -17.977115   11.828531
 0.157895   -17.954353   9.626212
 0.159844   -17.939578   7.775614
 0.161793   -17.924044   9.524598
 0.163743   -17.902439   9.471946
 0.165692   -17.887109   9.745674
 0.167641   -17.864450   11.275552
 0.169591   -17.843147   9.311249
 0.171540   -17.828142   11.476388
 0.173489   -17.798412   11.110746
 0.175439   -17.784830   7.245976
 0.177388   -17.770160   11.119030
 0.179337   -17.741488   14.702563
 0.181286   -17.712849   12.885603
 0.183236   -17.691250   10.896621
 0.185185   -17.670363   10.978329
 0.187135   -17.648445   9.229485
 0.189084   -17.634373   10.708414
 0.191033   -17.606704   14.270931
 0.192983   -17.578731   12.568548
 0.194932   -17.557696   10.787565
 0.196881   -17.536681   12.631038
 0.198830   -17.508460   14.341576
 0.200780   -17.480763   12.442644
 0.202729   -17.459943   12.468596
 0.204678   -17.432161   14.336274
 0.206628   -17.404045   12.452440
 0.208577   -17.383605   13.877760
 0.210526   -17.349950   14.123258
 0.212476   -17.328545   10.833163
 0.214425   -17.307711   15.701200
 0.216374   -17.267341   15.733164
 0.218324   -17.246377   10.845980
 0.220273   -17.225053   12.320046
 0.222222   -17.198354   15.478806
 0.224171   -17.164717   17.575638
 0.226121   -17.129826   14.142116
 0.228070   -17.109569   13.914584
 0.230019   -17.075587   15.732126
 0.231969   -17.048233   14.122364
 0.233918   -17.020524   15.712196
 0.235867   -16.986987   15.482364
 0.237817   -16.960161   14.109219
 0.239766   -16.931976   15.684665
 0.241715   -16.899023   17.239665
 0.243665   -16.864757   15.892838
 0.245614   -16.837053   15.434641
 0.247563   -16.804593   15.411987
 0.249513   -16.776964   14.074895
 0.251462   -16.749715   17.401543
 0.253411   -16.709133   19.157032
 0.255361   -16.675025   15.618255
 0.257310   -16.648234   17.358828
 0.259259   -16.607360   17.332655
 0.261209   -16.580661   13.812055
 0.263158   -16.553507   15.432318
 0.265107   -16.520506   18.822156
 0.267056   -16.480139   19.315826
 0.269006   -16.445196   15.838500
 0.270955   -16.418380   18.857309
 0.272904   -16.371690   18.824670
 0.274854   -16.344993   13.824607
 0.276803   -16.317789   19.021547
 0.278752   -16.270847   20.724294
 0.280702   -16.236991   15.767595
 0.282651   -16.209366   17.224525
 0.284600   -16.169850   20.416198
 0.286550   -16.129763   17.472146
 0.288499   -16.101720   17.393553
 0.290448   -16.061963   20.340660
 0.292398   -16.022412   17.424597
 0.294347   -15.994019   19.284921
 0.296296   -15.947239   20.498715
 0.298246   -15.914101   15.423772
 0.300195   -15.887099   20.491363
 0.302144   -15.834226   22.367635
 0.304094   -15.799897   16.049387
 0.306043   -15.771646   19.083509
 0.307992   -15.725509   22.057529
 0.309941   -15.685666   18.893671
 0.311891   -15.651846   20.565429
 0.313840   -15.605488   20.636058
 0.315790   -15.571392   17.655821
 0.317739   -15.536648   19.195887
 0.319688   -15.496567   20.397056
 0.321637   -15.457140   22.342611
 0.323587   -15.409449   20.826093
 0.325536   -15.375932   20.471983
 0.327485   -15.329649   22.261763
 0.329435   -15.289137   17.382744
 0.331384   -15.261867   18.927697
 0.333333   -15.215356   24.067388
 0.335283   -15.168028   21.131901
 0.337232   -15.132957   20.760919
 0.339181   -15.087102   21.845548
 0.341131   -15.047784   18.930564
 0.343080   -15.013289   22.568748
 0.345029   -14.959811   24.097845
 0.346979   -14.919338   19.087051
 0.348928   -14.885388   19.142700
 0.350877   -14.844720   22.328057
 0.352826   -14.798353   24.019760
 0.354776   -14.751066   24.043902
 0.356725   -14.704605   22.211793
 0.358675   -14.664466   19.397991
 0.360624   -14.628970   19.225863
 0.362573   -14.589523   23.541132
 0.364522   -14.537207   25.680711
 0.366472   -14.489397   21.250131
 0.368421   -14.454346   22.468631
 0.370370   -14.401814   23.703604
 0.372320   -14.361932   20.706494
 0.374269   -14.321080   24.239302
 0.376218   -14.267447   24.046038
 0.378168   -14.227331   20.851284
 0.380117   -14.186149   22.511430
 0.382066   -14.139582   23.920707
 0.384016   -14.092882   22.622993
 0.385965   -14.051372   22.673476
 0.387914   -14.004501   25.435282
 0.389863   -13.952225   23.854600
 0.391813   -13.911498   21.185406
 0.393762   -13.869624   24.190672
 0.395711   -13.817202   25.571975
 0.397661   -13.769921   24.037676
 0.399610   -13.723479   24.077592
 0.401560   -13.676042   22.802035
 0.403509   -13.634571   22.622631
 0.405458   -13.587859   25.520464
 0.407407   -13.535092   25.550654
 0.409357   -13.488240   22.751400
 0.411306   -13.446382   24.319300
 0.413255   -13.393444   25.653066
 0.415205   -13.346364   24.241822
 0.417154   -13.298925   25.571330
 0.419103   -13.246686   23.942665
 0.421053   -13.205578   23.008268
 0.423002   -13.156981   25.680865
 0.424951   -13.105474   25.394194
 0.426901   -13.057971   24.722810
 0.428850   -13.009081   24.547785
 0.430799   -12.962284   25.266872
 0.432748   -12.910591   25.525846
 0.434698   -12.862761   25.884430
 0.436647   -12.809670   25.698882
 0.438597   -12.762564   23.175872
 0.440546   -12.719305   24.554047
 0.442495   -12.666852   26.799322
 0.444444   -12.614842   27.045703
 0.446394   -12.561400   24.679017
 0.448343   -12.518613   24.352456
 0.450292   -12.466474   28.686776
 0.452242   -12.406759   26.126933
 0.454191   -12.364596   23.999510
 0.456140   -12.313209   27.224246
 0.458090   -12.258447   24.919975
 0.460039   -12.216040   25.651577
 0.461988   -12.158458   28.398799
 0.463938   -12.105315   24.574924
 0.465887   -12.062635   25.986748
 0.467836   -12.004019   28.712405
 0.469786   -11.950688   24.692894
 0.471735   -11.907736   24.729516
 0.473684   -11.854292   28.565149
 0.475633   -11.796389   26.825474
 0.477583   -11.749705   25.719156
 0.479532   -11.696113   27.518264
 0.481482   -11.642411   26.449930
 0.483431   -11.592983   26.492934
 0.485380   -11.539142   26.735004
 0.487329   -11.488770   26.747603
 0.489279   -11.434851   26.595872
 0.491228   -11.385070   27.243873
 0.493177   -11.328655   28.117809
 0.495127   -11.275441   26.470884
 0.497076   -11.225443   27.804090
 0.499025   -11.167060   28.427455
 0.500975   -11.114607   25.875500
 0.502924   -11.066170   27.426706
 0.504873   -11.007698   28.736082
 0.506823   -10.954130   26.215561
 0.508772   -10.905481   27.281773
 0.510721   -10.847786   28.574824
 0.512671   -10.794070   26.320330
 0.514620   -10.745161   26.126213
 0.516569   -10.692230   28.182405
 0.518518   -10.635306   28.200469
 0.520468   -10.582278   27.950051
 0.522417   -10.526330   28.983802
 0.524366   -10.469300   28.270959
 0.526316   -10.416103   26.325806
 0.528265   -10.366653   27.101247
 0.530214   -10.310463   29.586199
 0.532164   -10.251295   27.915273
 0.534113   -10.201616   27.421914
 0.536062   -10.144405   28.172351
 0.538012   -10.091775   27.532401
 0.539961   -10.037057   28.516122
 0.541910   -9.980619   28.002775
 0.543860   -9.927876   27.862909
 0.545809   -9.871983   28.830180
 0.547758   -9.815496   27.831696
 0.549708   -9.763469   26.013762
 0.551657   -9.714067   28.662242
 0.553606   -9.651744   30.833331
 0.555556   -9.593850   27.343353
 0.557505   -9.545127   27.038528
 0.559454   -9.488454   29.418544
 0.561404   -9.430424   27.433214
 0.563353   -9.381487   26.879276
 0.565302   -9.325648   29.001260
 0.567252   -9.268410   28.740881
 0.569201   -9.213587   29.013725
 0.571150   -9.155315   29.071527
 0.573099   -9.100266   27.387550
 0.575049   -9.048533   27.396081
 0.576998   -8.993450   28.036598
 0.578947   -8.939246   27.207480
 0.580897   -8.887369   28.690350
 0.582846   -8.827386   30.764654
 0.584795   -8.767449   27.034823
 0.586745   -8.721985   25.403642
 0.588694   -8.668404   29.376651
 0.590643   -8.607475   29.967598
 0.592593   -8.551563   27.902274
 0.594542   -8.498682   27.525657
 0.596491   -8.444268   28.332000
 0.598441   -8.388215   26.304880
 0.600390   -8.341700   27.105972
 0.602339   -8.282556   29.581164
 0.604289   -8.226365   26.384239
 0.606238   -8.179679   26.172108
 0.608187   -8.124346   29.153014
 0.610136   -8.066041   29.160931
 0.612086   -8.010649   27.436752
 0.614035   -7.959063   27.726118
 0.615984   -7.902573   26.821950
 0.617934   -7.854488   25.601931
 0.619883   -7.802753   28.021498
 0.621832   -7.745261   28.285094
 0.623782   -7.692472   26.381279
 0.625731   -7.642399   25.698828
 0.627680   -7.592298   27.836090
 0.629630   -7.533861   27.870983
 0.631579   -7.483624   25.275073
 0.633528   -7.435339   25.500021
 0.635478   -7.384198   25.795990
 0.637427   -7.334760   25.824152
 0.639376   -7.283536   25.310659
 0.641325   -7.236099   25.070446
 0.643275   -7.185785   26.328604
 0.645224   -7.133445   26.776652
 0.647173   -7.081409   25.798284
 0.649123   -7.032859   22.854308
 0.651072   -6.992296   23.518838
 0.653021   -6.941182   26.509772
 0.654971   -6.888934   24.763246
 0.656920   -6.844626   24.010262
 0.658869   -6.795342   24.414754
 0.660819   -6.749435   21.049416
 0.662768   -6.713265   21.443274
 0.664717   -6.665849   25.115533
 0.666667   -6.615338   23.422149
 0.668616   -6.574521   21.922380
 0.670565   -6.529885   22.056623
 0.672515   -6.488524   20.625859
 0.674464   -6.449464   20.994620
 0.676413   -6.406687   21.115046
 0.678363   -6.367138   19.709112
 0.680312   -6.329840   19.822344
 0.682261   -6.289870   21.074689
 0.684211   -6.247669   19.455082
 0.686160   -6.214010   16.777005
 0.688109   -6.182272   18.492257
 0.690059   -6.141905   18.043714
 0.692008   -6.111914   15.947562
 0.693957   -6.079741   16.827376
 0.695906   -6.046321   16.103414
 0.697856   -6.016956   15.668689
 0.699805   -5.985230   15.499788
 0.701754   -5.956538   14.181397
 0.703704   -5.929938   12.628004
 0.705653   -5.907299   11.958676
 0.707602   -5.883323   11.771501
 0.709552   -5.861403   11.853519
 0.711501   -5.837107   11.176271
 0.713450   -5.817838   9.358004
 0.715400   -5.800622   7.838652
 0.717349   -5.787273   7.147539
 0.719298   -5.772761   8.309722
 0.721248   -5.754872   6.565446
 0.723197   -5.747157   4.249724
 0.725146   -5.738306   3.549996
 0.727096   -5.733317   1.570089
 0.729045   -5.732183   2.211735
 0.730994   -5.724696   2.251667
 0.732943   -5.723406   -0.815649
 0.734893   -5.727879   -1.909804
 0.736842   -5.730853   -2.381481
 0.738791   -5.737162   -4.459078
 0.740741   -5.748241   -6.908616
 0.742690   -5.764096   -7.875476
 0.744639   -5.778940   -7.482217
 0.746589   -5.793269   -9.925891
 0.748538   -5.817636   -12.497813
 0.750487   -5.841986   -12.353736
 0.752437   -5.865803   -14.798671
 0.754386   -5.899681   -17.612721
 0.756335   -5.934457   -19.060964
 0.758285   -5.974002   -21.515021
 0.760234   -6.018342   -23.219204
 0.762183   -6.064510   -23.568374
 0.764133   -6.110234   -24.932170
 0.766082   -6.161718   -29.817380
 0.768031   -6.226463   -32.600551
 0.769980   -6.288795   -32.108850
 0.771930   -6.351655   -34.809718
 0.773879   -6.424513   -38.589411
 0.775829   -6.502118   -40.222695
 0.777778   -6.581340   -42.921027
 0.779727   -6.669424   -45.899744
 0.781676   -6.760257   -48.570309
 0.783626   -6.858804   -52.324300
 0.785575   -6.964266   -53.170191
 0.787524   -7.066061   -55.787781
 0.789474   -7.181790   -62.704719
 0.791423   -7.310540   -65.102799
 0.793372   -7.435560   -65.075715
 0.795322   -7.564272   -69.388866
 0.797271   -7.706101   -72.265990
 0.799220   -7.845965   -75.329686
 0.801170   -7.999818   -82.550903
 0.803119   -8.167823   -85.397395
 0.805068   -8.332698   -86.886160
 0.807018   -8.506597   -92.286421
 0.808967   -8.692516   -95.835852
 0.810916   -8.880165   -99.635568
 0.812866   -9.081002   -104.860355
 0.814815   -9.289012   -106.734246
 0.816764   -9.497052   -110.565706
 0.818713   -9.719997   -117.485817
 0.820663   -9.955135   -122.016331
 0.822612   -10.195736   -125.219850
 0.824561   -10.443242   -129.635214
 0.826511   -10.701189   -135.514933
 0.828460   -10.971609   -139.656307
 0.830409   -11.245569   -141.988805
 0.832359   -11.525226   -147.711397
 0.834308   -11.821488   -155.032946
 0.836257   -12.129544   -159.543384
 0.838207   -12.443550   -163.128899
 0.840156   -12.765580   -167.132400
 0.842105   -13.095032   -171.797763
 0.844055   -13.435425   -178.684238
 0.846004   -13.791714   -184.297527
 0.847953   -14.153816   -191.062285
 0.849903   -14.536676   -208.587885
 0.851852   -14.967076   -228.344569
 0.853801   -15.426763   -236.653429
 0.855750   -15.889551   -240.993945
 0.857700   -16.366406   -248.087141
 0.859649   -16.856836   -251.882030
 0.861598   -17.348242   -255.946278
 0.863548   -17.854778   -264.907098
 0.865497   -18.381104   -268.663541
 0.867446   -18.902028   -270.801258
 0.869396   -19.436966   -280.136338
 0.871345   -19.994268   -284.230915
 0.873294   -20.544898   -286.662862
 0.875244   -21.111975   -295.788197
 0.877193   -21.698166   -300.403860
 0.879142   -22.282949   -303.851154
 0.881092   -22.882889   -311.185460
 0.883041   -23.496254   -315.027031
 0.884990   -24.110865   -321.191726
 0.886940   -24.748593   -330.147028
 0.888889   -25.398102   -334.141720
 0.890838   -26.051077   -338.773604
 0.892787   -26.718641   -346.139983
 0.894737   -27.400684   -352.365348
 0.896686   -28.092508   -356.756370
 0.898636   -28.791681   -363.706272
 0.900585   -29.510589   -371.695292
 0.902534   -30.240549   -376.798275
 0.904483   -30.979349   -387.378186
 0.906433   -31.750953   -402.552132
 0.908382   -32.548886   -411.378722
 0.910331   -33.354508   -421.935464
 0.912281   -34.194029   -439.373511
 0.914230   -35.067607   -452.258470
 0.916179   -35.956933   -467.190484
 0.918129   -36.889205   -488.627247
 0.920078   -37.862069   -504.042715
 0.922027   -38.853963   -522.172823
 0.923977   -39.898048   -549.552828
 0.925926   -40.996641   -569.834018
 0.927875   -42.119261   -590.596106
 0.929825   -43.299405   -622.833674
 0.931774   -44.547654   -647.643674
 0.933723   -45.823920   -670.975383
 0.935673   -47.163819   -707.063127
 0.937622   -48.580719   -738.407018
 0.939571   -50.042130   -760.495055
 0.941520   -51.545129   -789.823466
 0.943470   -53.121689   -826.563910
 0.945419   -54.767865   -849.582551
 0.947368   -56.433362   -869.461290
 0.949318   -58.157925   -898.509122
 0.951267   -59.936620   -910.501866
 0.953216   -61.707061   -916.505863
 0.955166   -63.510093   -929.433560
 0.957115   -65.330913   -921.294374
 0.959064   -67.101298   -904.138430
 0.961014   -68.856140   -890.949375
 0.962963   -70.575128   -853.318105
 0.964912   -72.182374   -804.064569
 0.966862   -73.710135   -758.470365
 0.968811   -75.139700   -686.437009
 0.970760   -76.385866   -600.757443
 0.972710   -77.481976   -519.492860
 0.974659   -78.411454   -419.018159
 0.976608   -79.115309   -298.180729
 0.978557   -79.573762   -179.204208
 0.980507   -79.813914   -59.503937
 0.982456   -79.805895   70.420854
 0.984406   -79.539210   196.425244
 0.986355   -79.040153   327.040857
 0.988304   -78.264405   468.224433
 0.990253   -77.215014   594.349481
 0.992203   -75.946925   704.159207
 0.994152   -74.469605   823.776075
 0.996101   -72.735846   934.571216
 0.998051   -70.825622   58.107828
 1.000000   -72.507441   -862.913806
514 psinorm omepp() domepp/dpsiN
 0.000000   1.161060   -158.408600
 0.001949   0.852322   -193.635118
 0.003899   0.406006   -173.467786
 0.005848   0.175860   -101.469420
 0.007797   0.010478   -15.042732
 0.009747   0.117348   55.615439
 0.011696   0.227321   52.844629
 0.013645   0.323336   44.943217
 0.015595   0.402546   40.155772
 0.017544   0.479905   38.413497
 0.019493   0.552282   34.495188
 0.021442   0.614367   30.426139
 0.023392   0.670911   29.145993
 0.025341   0.728007   27.877491
 0.027290   0.779577   26.591689
 0.029240   0.831688   25.727890
 0.031189   0.879892   23.293523
 0.033138   0.922486   22.400653
 0.035088   0.967234   21.951882
 0.037037   1.008079   20.647883
 0.038986   1.047719   20.685495
 0.040936   1.088732   20.244061
 0.042885   1.126652   18.602015
 0.044834   1.161243   18.837827
 0.046784   1.200103   18.399966
 0.048733   1.232987   16.746015
 0.050682   1.265379   16.765865
 0.052632   1.298358   16.539792
 0.054581   1.329868   16.982253
 0.056530   1.364554   16.255111
 0.058480   1.393244   15.083834
 0.060429   1.423366   15.660112
 0.062378   1.454287   14.578538
 0.064327   1.480193   14.608378
 0.066277   1.511248   15.556228
 0.068226   1.540847   13.868724
 0.070175   1.565308   13.872442
 0.072125   1.594938   14.077585
 0.074074   1.620199   12.590168
 0.076023   1.644015   13.546554
 0.077973   1.673019   14.507426
 0.079922   1.700580   13.224028
 0.081871   1.724567   12.679587
 0.083821   1.750019   12.473766
 0.085770   1.773203   11.722857
 0.087719   1.795714   13.096939
 0.089669   1.824271   13.315687
 0.091618   1.847635   11.810028
 0.093567   1.870307   12.009998
 0.095517   1.894463   12.987547
 0.097466   1.920944   13.021087
 0.099415   1.945219   10.709666
 0.101364   1.962690   9.764788
 0.103314   1.983293   11.550898
 0.105263   2.007725   12.123564
 0.107213   2.030562   12.527351
 0.109162   2.056568   12.982252
 0.111111   2.081167   9.683011
 0.113060   2.094312   9.280481
 0.115010   2.117357   12.637244
 0.116959   2.143583   11.105892
 0.118908   2.160647   10.326534
 0.120858   2.183849   12.509031
 0.122807   2.209419   10.973230
 0.124756   2.226623   9.427622
 0.126706   2.246178   11.402866
 0.128655   2.271080   10.836063
 0.130604   2.288417   9.498387
 0.132554   2.308115   11.266965
 0.134503   2.332345   10.485034
 0.136452   2.348986   9.355938
 0.138402   2.368825   11.342894
 0.140351   2.393210   10.558552
 0.142300   2.409983   10.193393
 0.144250   2.432957   11.419594
 0.146199   2.454508   10.467139
 0.148148   2.473758   9.841604
 0.150097   2.492871   8.879756
 0.152047   2.508378   9.553212
 0.153996   2.530116   10.513214
 0.155945   2.549359   10.700722
 0.157895   2.571839   11.381022
 0.159844   2.593734   8.830912
 0.161793   2.606262   8.798909
 0.163743   2.628045   11.023466
 0.165692   2.649243   9.670648
 0.167641   2.665741   10.069498
 0.169591   2.688507   10.322929
 0.171540   2.705993   8.535588
 0.173489   2.721779   9.706797
 0.175439   2.743843   11.168625
 0.177388   2.765326   10.421462
 0.179337   2.784466   9.004180
 0.181286   2.800424   8.807431
 0.183236   2.818807   9.443010
 0.185185   2.837242   9.465219
 0.187135   2.855712   10.102096
 0.189084   2.876629   9.512673
 0.191033   2.892793   8.916120
 0.192983   2.911394   10.170665
 0.194932   2.932447   11.193044
 0.196881   2.955025   8.986320
 0.198830   2.967476   8.007500
 0.200780   2.986249   11.261073
 0.202729   3.011379   9.454031
 0.204678   3.023101   7.637238
 0.206628   3.041160   10.113810
 0.208577   3.062533   9.736521
 0.210526   3.079113   9.134973
 0.212476   3.098152   10.182109
 0.214425   3.118812   9.368527
 0.216374   3.134670   8.982843
 0.218324   3.153838   10.250371
 0.220273   3.174636   9.054704
 0.222222   3.189133   8.046384
 0.224171   3.206000   10.070357
 0.226121   3.228400   11.125385
 0.228070   3.249379   8.519054
 0.230019   3.261608   6.905113
 0.231969   3.276303   10.406023
 0.233918   3.302175   10.810998
 0.235867   3.318445   7.754419
 0.237817   3.332408   10.036000
 0.239766   3.357569   9.871839
 0.241715   3.370889   8.254094
 0.243665   3.389755   10.100704
 0.245614   3.410271   8.488898
 0.247563   3.422844   9.323957
 0.249513   3.446630   10.385379
 0.251462   3.463341   8.332101
 0.253411   3.479109   9.169353
 0.255361   3.499094   9.661424
 0.257310   3.516780   9.625602
 0.259259   3.536615   9.014438
 0.261209   3.551925   8.273505
 0.263158   3.568872   10.320264
 0.265107   3.592153   10.312707
 0.267056   3.609071   8.085552
 0.269006   3.623678   8.357335
 0.270955   3.641655   8.759353
 0.272904   3.657822   10.171183
 0.274854   3.681316   10.669945
 0.276803   3.699427   7.809221
 0.278752   3.711756   8.997654
 0.280702   3.734514   10.290439
 0.282651   3.751881   8.886387
 0.284600   3.769153   9.506448
 0.286550   3.788948   8.542973
 0.288499   3.802465   8.723903
 0.290448   3.822954   10.363777
 0.292398   3.842873   9.846317
 0.294347   3.861346   8.787430
 0.296296   3.877127   7.944471
 0.298246   3.892321   9.685185
 0.300195   3.914885   9.070666
 0.302144   3.927678   8.447622
 0.304094   3.947826   10.766100
 0.306043   3.969655   9.323591
 0.307992   3.984170   8.288413
 0.309941   4.001963   9.773895
 0.311891   4.022280   9.988325
 0.313840   4.040908   8.765381
 0.315790   4.056454   8.849483
 0.317739   4.075410   9.892591
 0.319688   4.095016   9.430853
 0.321637   4.112172   8.426533
 0.323587   4.127870   8.704130
 0.325536   4.146108   9.107775
 0.327485   4.163372   9.506471
 0.329435   4.183175   10.811620
 0.331384   4.205525   9.170589
 0.333333   4.218922   7.518655
 0.335283   4.234842   10.072190
 0.337232   4.258190   9.453220
 0.339181   4.271690   8.373868
 0.341131   4.290842   10.706462
 0.343080   4.313433   9.287744
 0.345029   4.327046   7.632881
 0.346979   4.343195   9.964612
 0.348928   4.365895   11.013937
 0.350877   4.386127   8.720274
 0.352826   4.399886   7.708514
 0.354776   4.416184   9.398768
 0.356725   4.436530   10.445398
 0.358675   4.456911   9.855928
 0.360624   4.474959   8.849769
 0.362573   4.491407   8.030577
 0.364522   4.506263   8.845330
 0.366472   4.525897   10.958014
 0.368421   4.548986   9.535533
 0.370370   4.563067   7.647865
 0.372320   4.578806   10.213443
 0.374269   4.602885   10.846484
 0.376218   4.621086   8.733237
 0.378168   4.636935   9.014253
 0.380117   4.656230   8.615947
 0.382066   4.670520   9.010678
 0.384016   4.691366   10.095885
 0.385965   4.709885   9.086958
 0.387914   4.726787   10.097061
 0.389863   4.749243   10.117154
 0.391813   4.766231   8.338537
 0.393762   4.781756   8.510227
 0.395711   4.799404   9.937350
 0.397661   4.820503   9.803704
 0.399610   4.837631   8.790912
 0.401560   4.854779   9.224791
 0.403509   4.873597   10.274111
 0.405458   4.894827   9.226654
 0.407407   4.909563   8.209085
 0.409357   4.926836   10.552299
 0.411306   4.950703   10.727223
 0.413255   4.968651   9.063140
 0.415205   4.986040   8.544007
 0.417154   5.001964   8.943022
 0.419103   5.020900   10.139749
 0.421053   5.041500   10.424635
 0.423002   5.061546   8.995148
 0.424951   5.076563   8.127210
 0.426901   5.093234   9.440261
 0.428850   5.113369   9.688371
 0.430799   5.131000   9.436343
 0.432748   5.150152   10.250340
 0.434698   5.170967   8.856917
 0.436647   5.184689   8.069093
 0.438597   5.202430   10.561991
 0.440546   5.225867   10.813593
 0.442495   5.244582   9.760179
 0.444444   5.263912   9.081035
 0.446394   5.279987   9.362837
 0.448343   5.300416   9.425972
 0.450292   5.316729   8.554853
 0.452242   5.333771   9.635854
 0.454191   5.354298   9.236089
 0.456140   5.369774   9.392669
 0.458090   5.390923   10.708139
 0.460039   5.411525   9.278841
 0.461988   5.427091   9.666417
 0.463938   5.449218   10.749275
 0.465887   5.469004   8.059373
 0.467836   5.480633   8.674832
 0.469786   5.502833   10.786828
 0.471735   5.522692   9.773484
 0.473684   5.540930   8.720261
 0.475633   5.556684   8.729379
 0.477583   5.574967   10.420057
 0.479532   5.597309   9.408845
 0.481482   5.611648   9.036178
 0.483431   5.632538   10.872028
 0.485380   5.654027   9.588706
 0.487329   5.669915   8.801930
 0.489279   5.688347   9.877579
 0.491228   5.708427   9.243943
 0.493177   5.724380   8.835029
 0.495127   5.742876   10.143687
 0.497076   5.763929   9.509771
 0.499025   5.779945   8.866779
 0.500975   5.798502   11.199654
 0.502924   5.823609   10.568307
 0.504873   5.839697   7.640818
 0.506823   5.853399   8.944286
 0.508772   5.874567   9.568907
 0.510721   5.890699   9.947507
 0.512671   5.913356   11.256893
 0.514620   5.934590   9.221903
 0.516569   5.949303   7.930834
 0.518518   5.965505   9.746246
 0.520468   5.987306   11.289581
 0.522417   6.009522   8.845310
 0.524366   6.021785   7.726011
 0.526316   6.039649   10.052239
 0.528265   6.060977   10.671693
 0.530214   6.081247   10.266253
 0.532164   6.101005   9.526844
 0.534113   6.118394   8.415857
 0.536062   6.133810   8.791277
 0.538012   6.152673   10.327809
 0.539961   6.174077   9.927725
 0.541910   6.191371   8.266115
 0.543860   6.206305   9.088541
 0.545809   6.226804   10.722627
 0.547758   6.248102   10.317145
 0.549708   6.267030   9.107522
 0.551657   6.283613   8.704039
 0.553606   6.300958   10.324840
 0.555556   6.323873   10.373851
 0.557505   6.341408   7.941905
 0.559454   6.354830   9.318595
 0.561404   6.377746   11.395146
 0.563353   6.399261   8.732076
 0.565302   6.411784   8.080849
 0.567252   6.430771   10.387542
 0.569201   6.452284   10.392563
 0.571150   6.471281   8.334109
 0.573099   6.484770   8.328773
 0.575049   6.503758   11.401241
 0.576998   6.529220   9.996886
 0.578947   6.542726   7.328815
 0.580897   6.557796   10.391839
 0.582846   6.583238   11.003071
 0.584795   6.600686   8.342427
 0.586745   6.615764   8.382488
 0.588694   6.633368   8.985097
 0.590643   6.650788   9.343608
 0.592593   6.669800   10.627873
 0.594542   6.692224   10.227177
 0.596491   6.709665   8.340042
 0.598441   6.724741   9.379675
 0.600390   6.746233   9.742562
 0.602339   6.762718   9.332172
 0.604289   6.782621   9.853626
 0.606238   6.801138   8.613534
 0.608187   6.816197   8.325013
 0.610136   6.833588   9.557285
 0.612086   6.853462   10.594870
 0.614035   6.874897   9.954633
 0.615984   6.892265   8.552068
 0.617934   6.908241   8.830775
 0.619883   6.926695   8.942358
 0.621832   6.943098   9.047783
 0.623782   6.961973   9.810050
 0.625731   6.981347   9.405241
 0.627680   6.998635   9.507796
 0.629630   7.018419   9.550423
 0.631579   7.035873   7.919695
 0.633528   7.049290   8.735170
 0.635478   7.069935   10.752172
 0.637427   7.091213   9.522835
 0.639376   7.107055   8.475732
 0.641325   7.124251   8.469748
 0.643275   7.140078   8.748931
 0.645224   7.158362   9.087754
 0.647173   7.175502   9.661024
 0.649123   7.196032   9.944596
 0.651072   7.214278   8.081586
 0.653021   7.227534   8.406729
 0.654971   7.247059   10.646020
 0.656920   7.269042   9.271053
 0.658869   7.283197   7.643032
 0.660819   7.298843   9.631452
 0.662768   7.320747   9.235165
 0.664717   7.334841   7.610097
 0.666667   7.350419   9.833830
 0.668616   7.373180   9.437586
 0.670565   7.387207   7.332706
 0.672515   7.401770   9.550273
 0.674464   7.424440   9.395518
 0.676413   7.438394   8.738082
 0.678363   7.458512   9.992268
 0.680312   7.477354   8.142710
 0.682261   7.490253   8.450435
 0.684211   7.510306   8.985684
 0.686160   7.525291   8.092046
 0.688109   7.541849   9.362780
 0.690059   7.561798   9.179871
 0.692008   7.577644   8.202690
 0.693957   7.593772   8.595345
 0.695906   7.611148   8.580324
 0.697856   7.627226   8.864200
 0.699805   7.645709   9.169778
 0.701754   7.662970   8.523604
 0.703704   7.678941   8.105610
 0.705653   7.694574   7.459532
 0.707602   7.708019   8.457928
 0.709552   7.727554   10.880912
 0.711501   7.750442   8.598654
 0.713450   7.761072   6.754417
 0.715400   7.776780   9.625724
 0.717349   7.798599   8.537244
 0.719298   7.810058   7.182762
 0.721248   7.826607   9.799499
 0.723197   7.848263   9.160729
 0.725146   7.862316   6.885705
 0.727096   7.875110   8.107421
 0.729045   7.893924   9.947928
 0.730994   7.913887   7.756454
 0.732943   7.924158   6.793396
 0.734893   7.940378   10.112671
 0.736842   7.963584   8.796057
 0.738791   7.974665   6.725623
 0.740741   7.989809   8.871326
 0.742690   8.009252   8.715012
 0.744639   8.023781   7.820089
 0.746589   8.039743   8.122867
 0.748538   8.055452   7.719247
 0.750487   8.069833   7.986418
 0.752437   8.086592   9.199465
 0.754386   8.105700   8.556026
 0.756335   8.119943   7.000249
 0.758285   8.132994   8.206177
 0.760234   8.151936   8.716524
 0.762183   8.166971   7.409706
 0.764133   8.180826   8.368589
 0.766082   8.199597   9.002039
 0.768031   8.215916   7.980745
 0.769980   8.230706   7.300002
 0.771930   8.244378   6.992692
 0.773879   8.257971   8.987877
 0.775829   8.279426   9.585447
 0.777778   8.295347   7.282746
 0.779727   8.307814   7.152435
 0.781676   8.323227   7.617110
 0.783626   8.337513   8.810702
 0.785575   8.357577   9.053853
 0.787524   8.372804   7.281395
 0.789474   8.385966   7.597888
 0.791423   8.402427   8.320157
 0.793372   8.418398   7.923041
 0.795322   8.433318   7.997986
 0.797271   8.449582   7.980946
 0.799220   8.464428   7.583802
 0.801170   8.479151   9.259403
 0.803119   8.500527   8.624100
 0.805068   8.512768   6.863216
 0.807018   8.527288   8.302915
 0.808967   8.545139   8.517783
 0.810916   8.560490   8.727210
 0.812866   8.579168   8.701998
 0.814815   8.594421   7.809489
 0.816764   8.609610   8.257962
 0.818713   8.626611   9.316403
 0.820663   8.645935   9.412918
 0.822612   8.663313   8.166881
 0.824561   8.677770   8.009002
 0.826511   8.694541   10.033879
 0.828460   8.716889   9.396835
 0.830409   8.731170   8.150302
 0.832359   8.748669   11.241744
 0.834308   8.774997   10.607704
 0.836257   8.790018   9.353687
 0.838207   8.811470   11.613901
 0.840156   8.835299   10.388342
 0.842105   8.851964   10.785199
 0.844055   8.877355   13.043123
 0.846004   8.902819   12.622763
 0.847953   8.926559   13.019062
 0.849903   8.953582   13.875880
 0.851852   8.980661   14.871828
 0.853801   9.011552   15.699259
 0.855750   9.041856   16.364888
 0.857700   9.075361   18.577863
 0.859649   9.114289   19.433239
 0.861598   9.151111   20.259934
 0.863548   9.193285   23.257360
 0.865497   9.241789   24.571191
 0.867446   9.289063   25.853003
 0.869396   9.342593   30.345223
 0.871345   9.407374   33.967582
 0.873294   9.474998   35.986008
 0.875244   9.547686   39.849907
 0.877193   9.630368   44.893103
 0.879142   9.722679   50.145247
 0.881092   9.825890   56.251312
 0.883041   9.941996   62.681510
 0.884990   10.070222   70.029356
 0.886940   10.215049   79.832561
 0.888889   10.381478   90.798899
 0.890838   10.568983   101.515211
 0.892787   10.777185   114.469710
 0.894737   11.015316   129.421928
 0.896686   11.281786   144.473868
 0.898636   11.578635   163.217802
 0.900585   11.918150   185.445301
 0.902534   12.301501   210.494043
 0.904483   12.738656   241.078162
 0.906433   13.241498   277.966409
 0.908382   13.822407   317.232451
 0.910331   14.478070   361.709914
 0.912281   15.232765   417.219283
 0.914230   16.104748   475.831298
 0.916179   17.087555   541.110648
 0.918129   18.214612   620.499829
 0.920078   19.506799   707.280904
 0.922027   20.971593   804.702595
 0.923977   22.644440   918.641323
 0.925926   24.553254   1042.114996
 0.927875   26.706605   1178.202623
 0.929825   29.147213   1335.869253
 0.931774   31.914990   1505.271779
 0.933723   35.014762   1689.503559
 0.935673   38.502563   1898.833977
 0.937622   42.418095   2123.936799
 0.939571   46.781669   2374.057676
 0.941520   51.672172   2746.540140
 0.943470   57.490903   1530.151080
 0.945419   57.641138   -166.112815
 0.947368   56.843396   1198.105940
 0.949318   62.315769   3013.394359
 0.951267   68.592206   3234.457583
 0.953216   74.923684   3239.155665
 0.955166   81.221655   3177.330584
 0.957115   87.312201   3003.776699
 0.959064   92.930377   2724.584377
 0.961014   97.935040   2357.011423
 0.962963   102.120783   1868.793448
 0.964912   105.219596   1291.619331
 0.966862   107.156210   668.575959
 0.968811   107.827023   -14.378388
 0.970760   107.100163   -704.341468
 0.972710   105.080133   -1348.096274
 0.974659   101.844560   -1948.090999
 0.976608   97.486474   -2476.862878
 0.978557   92.189749   -2891.470856
 0.980507   86.212281   -3190.192635
 0.982456   79.751437   -3383.143266
 0.984406   73.021269   -3465.928150
 0.986355   66.237812   -3459.733755
 0.988304   59.535227   -3381.340108
 0.990253   53.057349   -3231.353752
 0.992203   46.936364   -3029.340649
 0.994152   41.245730   -2805.565732
 0.996101   36.000268   -2564.352192
 0.998051   31.247575   -1568.627728
 1.000000   29.882452   -700.422304
514 psinorm omgeb(kRad/s) domgeb/dpsiN
 0.000000   -9.207489   155.548257
 0.001949   -8.904325   200.121918
 0.003899   -8.427124   195.491456
 0.005848   -8.142006   133.853762
 0.007797   -7.905362   112.048589
 0.009747   -7.705147   93.810083
 0.011696   -7.539579   84.186378
 0.013645   -7.376988   79.576792
 0.015595   -7.229317   70.602574
 0.017544   -7.101699   65.278471
 0.019493   -6.974861   63.280180
 0.021442   -6.855033   60.343580
 0.023392   -6.739584   54.786431
 0.025341   -6.641411   51.159972
 0.027290   -6.540162   51.009641
 0.029240   -6.442527   49.260067
 0.031189   -6.348096   47.729031
 0.033138   -6.256479   44.405496
 0.035088   -6.174964   42.858028
 0.037037   -6.089378   43.140281
 0.038986   -6.006803   39.945274
 0.040936   -5.933636   38.618117
 0.042885   -5.856233   40.647414
 0.044834   -5.775192   37.500417
 0.046784   -5.710027   36.284239
 0.048733   -5.633726   36.677794
 0.050682   -5.567057   33.542225
 0.052632   -5.502946   35.831756
 0.054581   -5.427355   32.835994
 0.056530   -5.374951   29.716408
 0.058480   -5.311485   33.756117
 0.060429   -5.243338   31.995328
 0.062378   -5.186767   31.154054
 0.064327   -5.121900   31.005890
 0.066277   -5.065880   28.280657
 0.068226   -5.011633   28.704055
 0.070175   -4.953992   27.332235
 0.072125   -4.905069   28.013626
 0.074074   -4.844772   30.149857
 0.076023   -4.787545   25.472216
 0.077973   -4.745464   24.480505
 0.079922   -4.692101   26.521582
 0.081871   -4.642083   25.210296
 0.083821   -4.593807   26.000206
 0.085770   -4.540711   26.377847
 0.087719   -4.490986   23.349178
 0.089669   -4.449676   22.401425
 0.091618   -4.403645   24.497018
 0.093567   -4.354187   24.940738
 0.095517   -4.306402   22.355446
 0.097466   -4.267019   18.837107
 0.099415   -4.232975   21.260518
 0.101364   -4.184145   26.341425
 0.103314   -4.130268   24.262989
 0.105263   -4.089537   19.147966
 0.107213   -4.055613   16.994340
 0.109162   -4.023275   18.597536
 0.111111   -3.983120   24.398694
 0.113060   -3.928169   22.737380
 0.115010   -3.894478   16.814898
 0.116959   -3.862607   18.820908
 0.118908   -3.821114   19.217721
 0.120858   -3.787681   16.741807
 0.122807   -3.755837   18.731320
 0.124756   -3.714667   20.755365
 0.126706   -3.674912   18.308651
 0.128655   -3.643277   16.927675
 0.130604   -3.608928   18.924278
 0.132554   -3.569489   18.211961
 0.134503   -3.537916   15.196054
 0.136452   -3.510255   17.130815
 0.138402   -3.471117   18.069551
 0.140351   -3.439797   15.055844
 0.142300   -3.412429   13.734428
 0.144250   -3.386247   16.317397
 0.146199   -3.348813   16.266368
 0.148148   -3.322841   13.622528
 0.150097   -3.295713   18.518680
 0.152047   -3.250628   17.832613
 0.153996   -3.226173   13.201827
 0.155945   -3.199167   11.853169
 0.157895   -3.179961   11.112048
 0.159844   -3.155844   17.989390
 0.161793   -3.109839   16.664005
 0.163743   -3.090884   11.038845
 0.165692   -3.066801   14.657213
 0.167641   -3.033751   13.279161
 0.169591   -3.015033   12.584706
 0.171540   -2.984689   14.566138
 0.173489   -2.958254   13.165393
 0.175439   -2.933358   12.502521
 0.177388   -2.909506   10.885807
 0.179337   -2.890925   11.444123
 0.181286   -2.864897   13.049983
 0.183236   -2.840044   12.698834
 0.185185   -2.815384   12.687980
 0.187135   -2.790573   12.382988
 0.189084   -2.767102   12.595690
 0.191033   -2.741475   11.247616
 0.192983   -2.723252   9.055724
 0.194932   -2.706166   9.054520
 0.196881   -2.687957   12.793736
 0.198830   -2.656296   12.760845
 0.200780   -2.638209   7.385471
 0.202729   -2.627497   10.808835
 0.204678   -2.596077   12.681568
 0.206628   -2.578058   8.912359
 0.208577   -2.561327   9.111202
 0.210526   -2.542543   10.977868
 0.212476   -2.518521   10.464526
 0.214425   -2.501738   7.493094
 0.216374   -2.489313   9.303076
 0.218324   -2.465459   10.401650
 0.220273   -2.448754   10.311854
 0.222222   -2.425263   10.766759
 0.224171   -2.406785   6.152067
 0.226121   -2.401283   5.608854
 0.228070   -2.384921   10.461058
 0.230019   -2.360506   12.248253
 0.231969   -2.337166   7.121757
 0.233918   -2.332729   5.785387
 0.235867   -2.314615   10.592706
 0.237817   -2.291425   7.074872
 0.239766   -2.287020   7.260578
 0.241715   -2.263123   9.013839
 0.243665   -2.251882   5.499550
 0.245614   -2.241680   8.690665
 0.247563   -2.218005   8.947027
 0.249513   -2.206802   6.962005
 0.251462   -2.190863   7.173151
 0.253411   -2.178841   5.906013
 0.255361   -2.167836   6.879133
 0.257310   -2.152022   5.634420
 0.259259   -2.145873   7.337088
 0.261209   -2.123406   9.813144
 0.263158   -2.107608   5.317591
 0.265107   -2.102678   4.292854
 0.267056   -2.090874   7.323143
 0.269006   -2.074123   8.294357
 0.270955   -2.058534   5.509364
 0.272904   -2.052647   4.257217
 0.274854   -2.041933   6.733794
 0.276803   -2.026395   6.964468
 0.278752   -2.014785   4.270814
 0.280702   -2.009746   5.266133
 0.282651   -1.994258   6.916457
 0.284600   -1.982786   4.201949
 0.286550   -1.977878   6.671818
 0.288499   -1.956781   6.911691
 0.290448   -1.950936   2.723970
 0.292398   -1.946160   5.195645
 0.294347   -1.930684   5.466695
 0.296296   -1.924851   5.589171
 0.298246   -1.908887   6.558499
 0.300195   -1.899276   3.924516
 0.302144   -1.893589   4.170893
 0.304094   -1.883012   5.207837
 0.306043   -1.873283   3.726908
 0.307992   -1.868484   4.107852
 0.309941   -1.857271   5.558258
 0.311891   -1.846813   2.512644
 0.313840   -1.847468   3.899729
 0.315790   -1.831599   6.546663
 0.317739   -1.821939   3.720418
 0.319688   -1.817097   4.089981
 0.321637   -1.805997   4.140363
 0.323587   -1.800957   3.692093
 0.325536   -1.791603   3.870276
 0.327485   -1.785871   2.733826
 0.329435   -1.780945   3.674686
 0.331384   -1.771545   5.253881
 0.333333   -1.760465   4.127709
 0.335283   -1.755454   2.367105
 0.337232   -1.751235   3.894373
 0.339181   -1.740274   4.030294
 0.341131   -1.735524   2.283846
 0.343080   -1.731369   2.564692
 0.345029   -1.725527   4.113346
 0.346979   -1.715329   3.663976
 0.348928   -1.711238   2.324948
 0.350877   -1.706266   4.092327
 0.352826   -1.695286   4.104956
 0.354776   -1.690264   1.213729
 0.356725   -1.690551   1.183989
 0.358675   -1.685645   3.704299
 0.360624   -1.676111   5.000401
 0.362573   -1.666154   4.020519
 0.364522   -1.660439   1.465537
 0.366472   -1.660442   1.101159
 0.368421   -1.656147   2.579445
 0.370370   -1.650388   4.040795
 0.372320   -1.640390   2.345456
 0.374269   -1.641237   0.003238
 0.376218   -1.640378   2.797524
 0.378168   -1.630325   3.676664
 0.380117   -1.626039   3.894101
 0.382066   -1.615146   2.802528
 0.384016   -1.615118   1.114567
 0.385965   -1.610802   2.419278
 0.387914   -1.605687   0.230764
 0.389863   -1.609903   1.508486
 0.391813   -1.599799   5.010879
 0.393762   -1.590365   2.648791
 0.395711   -1.589474   0.286913
 0.397661   -1.589247   1.356838
 0.399610   -1.584186   2.640056
 0.401560   -1.578953   2.476848
 0.403509   -1.574528   1.194106
 0.405458   -1.574298   1.586710
 0.407407   -1.568343   2.858656
 0.409357   -1.563153   1.238020
 0.411306   -1.563513   0.211139
 0.413255   -1.562330   1.643967
 0.415205   -1.557101   2.487911
 0.417154   -1.552629   1.431304
 0.419103   -1.551522   1.646183
 0.421053   -1.546208   1.330077
 0.423002   -1.546333   1.467858
 0.424951   -1.540487   2.884005
 0.426901   -1.535089   1.373442
 0.428850   -1.535129   1.343737
 0.430799   -1.529851   1.659488
 0.432748   -1.528660   0.488688
 0.434698   -1.527946   1.554688
 0.436647   -1.522601   2.747389
 0.438597   -1.517234   1.423916
 0.440546   -1.517046   0.187769
 0.442495   -1.516502   0.494094
 0.444444   -1.515120   0.550567
 0.446394   -1.514355   1.442584
 0.448343   -1.509498   2.820281
 0.450292   -1.503362   0.605915
 0.452242   -1.507140   0.249238
 0.454191   -1.502395   2.778293
 0.456140   -1.496311   0.653903
 0.458090   -1.499850   0.338545
 0.460039   -1.494995   1.631256
 0.461988   -1.493491   -0.561398
 0.463938   -1.497187   0.313893
 0.465887   -1.492272   2.889068
 0.467836   -1.485925   0.711913
 0.469786   -1.489501   0.362648
 0.471735   -1.484515   1.560051
 0.473684   -1.483420   0.711794
 0.475633   -1.481741   1.851912
 0.477583   -1.476198   0.553001
 0.479532   -1.479580   0.594662
 0.481482   -1.473874   1.628370
 0.483431   -1.473228   -0.675643
 0.485380   -1.476508   0.719179
 0.487329   -1.470425   1.899152
 0.489279   -1.469106   0.527753
 0.491228   -1.468367   0.616636
 0.493177   -1.466702   0.744950
 0.495127   -1.465463   0.535261
 0.497076   -1.464615   0.739537
 0.499025   -1.462580   0.827178
 0.500975   -1.461390   -0.674657
 0.502924   -1.465208   -0.435604
 0.504873   -1.463088   2.043319
 0.506823   -1.457239   1.684262
 0.508772   -1.456518   0.708126
 0.510721   -1.454479   -0.217599
 0.512671   -1.457369   -0.542193
 0.514620   -1.456595   1.689796
 0.516569   -1.450783   2.000476
 0.518518   -1.448797   -0.236909
 0.520468   -1.451709   -1.600413
 0.522417   -1.455037   0.797871
 0.524366   -1.448599   2.045709
 0.526316   -1.447063   0.644592
 0.528265   -1.446085   -0.350590
 0.530214   -1.448430   -1.307464
 0.532164   -1.451183   0.679421
 0.534113   -1.445785   1.952941
 0.536062   -1.443571   0.954946
 0.538012   -1.442062   -0.464337
 0.539961   -1.445379   -0.313881
 0.541910   -1.443285   2.050472
 0.543860   -1.437382   0.719750
 0.545809   -1.440474   -1.335822
 0.547758   -1.442589   -0.161374
 0.549708   -1.441102   1.766996
 0.551657   -1.435701   0.865699
 0.553606   -1.437727   -2.312274
 0.555556   -1.444719   -0.438150
 0.557505   -1.439442   3.038118
 0.559454   -1.432877   -0.081320
 0.561404   -1.439766   -1.492984
 0.563353   -1.438702   1.926841
 0.565302   -1.432255   0.954839
 0.567252   -1.434984   -1.492801
 0.569201   -1.438075   -1.442351
 0.571150   -1.440606   0.968277
 0.573099   -1.434301   2.028152
 0.575049   -1.432701   -1.444984
 0.576998   -1.439930   -0.269361
 0.578947   -1.433751   3.084007
 0.580897   -1.427906   -1.450499
 0.582846   -1.439397   -3.515007
 0.584795   -1.441607   1.972102
 0.586745   -1.431702   2.796364
 0.588694   -1.430700   -0.250378
 0.590643   -1.432678   -1.224174
 0.592593   -1.435473   -1.564971
 0.594542   -1.438779   -0.315005
 0.596491   -1.436701   0.899413
 0.598441   -1.435273   0.557956
 0.600390   -1.434525   -0.371108
 0.602339   -1.436720   -1.263199
 0.604289   -1.439451   0.568832
 0.606238   -1.434506   1.607397
 0.608187   -1.433185   -0.257324
 0.610136   -1.435509   -1.320910
 0.612086   -1.438336   -1.620134
 0.614035   -1.441825   -1.565359
 0.615984   -1.444438   0.651800
 0.617934   -1.439280   1.503149
 0.619883   -1.438574   -0.447692
 0.621832   -1.441025   -1.457760
 0.623782   -1.444259   -0.736892
 0.625731   -1.443900   0.457285
 0.627680   -1.442476   -1.524802
 0.629630   -1.449850   -1.792484
 0.631579   -1.449469   1.436458
 0.633528   -1.444250   0.437097
 0.635478   -1.447769   -1.902385
 0.637427   -1.451668   -0.846896
 0.639376   -1.451071   0.390646
 0.641325   -1.450145   0.350933
 0.643275   -1.449702   -1.000780
 0.645224   -1.454044   -1.972695
 0.647173   -1.457392   -1.885841
 0.649123   -1.461398   -0.074818
 0.651072   -1.457688   1.113138
 0.653021   -1.457059   -2.002953
 0.654971   -1.465502   -3.403976
 0.656920   -1.470333   -1.172055
 0.658869   -1.470071   -0.029481
 0.660819   -1.470448   -0.406014
 0.662768   -1.471653   -0.321709
 0.664717   -1.471702   -1.208645
 0.666667   -1.476368   -2.603864
 0.668616   -1.481854   -1.551440
 0.670565   -1.482416   -0.451805
 0.672515   -1.483616   -1.801446
 0.674464   -1.489437   -1.724446
 0.676413   -1.490338   -1.678317
 0.678363   -1.495983   -1.980440
 0.680312   -1.498061   -0.884274
 0.682261   -1.499430   -2.988083
 0.684211   -1.509716   -2.282660
 0.686160   -1.508336   -0.126105
 0.688109   -1.510208   -3.207033
 0.690059   -1.520845   -2.541968
 0.692008   -1.520125   -0.550828
 0.693957   -1.522992   -2.455601
 0.695906   -1.529697   -2.587490
 0.697856   -1.533079   -2.964473
 0.699805   -1.541253   -4.027220
 0.701754   -1.548777   -2.935073
 0.703704   -1.552695   -1.158670
 0.705653   -1.553296   -1.234268
 0.707602   -1.557506   -3.348701
 0.709552   -1.566355   -5.771009
 0.711501   -1.580005   -3.748445
 0.713450   -1.580967   -1.660828
 0.715400   -1.586483   -4.122098
 0.717349   -1.597036   -3.150138
 0.719298   -1.598762   -3.139252
 0.721248   -1.609281   -5.651775
 0.723197   -1.620798   -4.718479
 0.725146   -1.627673   -2.673046
 0.727096   -1.631218   -3.090376
 0.729045   -1.639720   -6.406837
 0.730994   -1.656192   -5.266479
 0.732943   -1.660249   -3.415846
 0.734893   -1.669513   -7.119320
 0.736842   -1.688002   -6.105542
 0.738791   -1.693312   -4.039128
 0.740741   -1.703754   -5.616611
 0.742690   -1.715211   -5.733021
 0.744639   -1.726101   -6.911985
 0.746589   -1.742164   -6.363640
 0.748538   -1.750917   -5.442124
 0.750487   -1.763377   -7.730588
 0.752437   -1.781061   -8.252968
 0.754386   -1.795557   -7.374713
 0.756335   -1.809807   -6.491745
 0.758285   -1.820867   -7.000487
 0.760234   -1.837100   -8.301961
 0.762183   -1.853228   -8.525568
 0.764133   -1.870341   -10.159341
 0.766082   -1.892836   -9.459700
 0.768031   -1.907215   -8.495962
 0.769980   -1.925953   -9.929783
 0.771930   -1.945932   -9.356054
 0.773879   -1.962434   -10.821375
 0.775829   -1.988129   -12.453919
 0.777778   -2.010994   -10.742303
 0.779727   -2.030003   -10.875703
 0.781676   -2.053387   -11.310650
 0.783626   -2.074102   -12.035609
 0.785575   -2.100311   -14.478170
 0.787524   -2.130538   -13.768565
 0.789474   -2.153991   -11.340935
 0.791423   -2.174757   -12.720331
 0.793372   -2.203575   -15.232928
 0.795322   -2.234151   -14.978093
 0.797271   -2.261976   -16.436263
 0.799220   -2.298220   -16.871400
 0.801170   -2.327754   -15.569134
 0.803119   -2.358923   -15.942178
 0.805068   -2.389897   -16.303909
 0.807018   -2.422493   -17.296499
 0.808967   -2.457335   -18.856895
 0.810916   -2.495997   -19.177495
 0.812866   -2.532107   -17.975052
 0.814815   -2.566083   -19.733174
 0.816764   -2.609026   -21.068774
 0.818713   -2.648209   -20.659912
 0.820663   -2.689581   -21.708484
 0.822612   -2.732849   -21.048849
 0.824561   -2.771629   -20.364678
 0.826511   -2.812252   -22.488922
 0.828460   -2.859310   -23.059646
 0.830409   -2.902139   -23.510340
 0.832359   -2.950980   -26.675988
 0.834308   -3.006145   -23.962080
 0.836257   -3.044384   -22.193990
 0.838207   -3.092685   -26.475827
 0.840156   -3.147610   -25.960108
 0.842105   -3.193877   -26.362759
 0.844055   -3.250404   -27.397079
 0.846004   -3.300701   -25.661488
 0.847953   -3.350432   -27.698505
 0.849903   -3.408702   -29.650884
 0.851852   -3.466041   -31.397603
 0.853801   -3.531090   -33.439997
 0.855750   -3.596390   -32.866371
 0.857700   -3.659235   -33.891865
 0.859649   -3.728531   -34.226873
 0.861598   -3.792651   -33.363822
 0.863548   -3.858618   -33.342516
 0.865497   -3.922655   -32.467660
 0.867446   -3.985177   -32.575495
 0.869396   -4.049668   -32.491316
 0.871345   -4.111862   -33.549441
 0.873294   -4.180443   -33.622175
 0.875244   -4.242951   -30.396007
 0.877193   -4.298961   -30.263674
 0.879142   -4.360919   -31.231517
 0.881092   -4.420731   -30.983255
 0.883041   -4.481722   -30.709898
 0.884990   -4.540438   -27.516145
 0.886940   -4.589003   -27.130453
 0.888889   -4.646216   -29.960377
 0.890838   -4.705788   -27.359957
 0.892787   -4.752865   -25.264694
 0.894737   -4.804297   -26.127763
 0.896686   -4.854737   -25.288171
 0.898636   -4.902895   -24.641056
 0.900585   -4.950813   -24.087963
 0.902534   -4.996790   -23.881452
 0.904483   -5.043903   -23.244735
 0.906433   -5.087419   -24.903573
 0.908382   -5.140997   -26.438673
 0.910331   -5.190477   -26.785208
 0.912281   -5.245435   -31.271200
 0.914230   -5.312397   -32.934828
 0.916179   -5.373815   -33.476079
 0.918129   -5.442924   -38.849506
 0.920078   -5.525282   -44.412339
 0.922027   -5.616044   -49.429341
 0.923977   -5.718013   -56.549790
 0.925926   -5.836523   -64.395653
 0.927875   -5.969027   -72.353028
 0.929825   -6.118636   -82.246002
 0.931774   -6.289693   -93.101133
 0.933723   -6.481544   -105.310437
 0.935673   -6.700313   -118.255366
 0.937622   -6.942610   -130.364705
 0.939571   -7.208474   -142.221744
 0.941520   -7.496990   -148.876798
 0.943470   -7.788947   -158.727112
 0.945419   -8.115849   -189.099089
 0.947368   -8.526055   -226.704432
 0.949318   -8.999802   -250.406013
 0.951267   -9.502373   -262.968233
 0.953216   -10.024852   -274.296449
 0.955166   -10.571867   -284.242214
 0.957115   -11.133105   -287.775257
 0.959064   -11.693615   -287.270564
 0.961014   -12.253173   -282.747186
 0.962963   -12.796055   -268.433840
 0.964912   -13.299528   -247.010894
 0.966862   -13.759128   -220.082293
 0.968811   -14.157660   -181.675514
 0.970760   -14.467299   -134.780824
 0.972710   -14.683122   -80.594005
 0.974659   -14.781595   -16.461120
 0.976608   -14.747287   56.126614
 0.978557   -14.562813   132.583513
 0.980507   -14.230268   209.665375
 0.982456   -13.745406   287.450815
 0.984406   -13.109420   360.532378
 0.986355   -12.339759   424.519587
 0.988304   -11.454643   475.269375
 0.990253   -10.487159   508.238215
 0.992203   -9.472998   520.615916
 0.994152   -8.457279   511.829112
 0.996101   -7.477889   486.212038
 0.998051   -6.561571   337.125288
 1.000000   -6.163172   204.412147
514 psinorm ommvb() dommvb/dpsiN
 0.000000   12.198841   -321.920351
 0.001949   11.571418   -332.674380
 0.003899   10.901722   -189.427683
 0.005848   10.832532   -7.699287
 0.007797   10.871710   29.050438
 0.009747   10.945817   39.154507
 0.011696   11.024371   47.850951
 0.013645   11.132340   54.227932
 0.015595   11.235804   52.400264
 0.017544   11.336650   54.821496
 0.019493   11.449498   53.964071
 0.021442   11.547002   52.224656
 0.023392   11.653126   50.554669
 0.025341   11.744122   45.668216
 0.027290   11.831141   48.266844
 0.029240   11.932322   52.638099
 0.031189   12.036375   47.520179
 0.033138   12.117556   40.847898
 0.035088   12.195640   44.256010
 0.037037   12.290101   44.563666
 0.038986   12.369349   39.248694
 0.040936   12.443129   41.684280
 0.042885   12.531868   43.381416
 0.044834   12.612230   37.767402
 0.046784   12.679116   39.731630
 0.048733   12.767133   37.095549
 0.050682   12.823715   31.131175
 0.052632   12.888518   40.675775
 0.054581   12.982295   34.295514
 0.056530   13.022201   25.859455
 0.058480   13.083131   37.154231
 0.060429   13.167054   36.004742
 0.062378   13.223478   29.539704
 0.064327   13.282200   30.421966
 0.066277   13.342094   30.133263
 0.068226   13.399690   26.839267
 0.070175   13.446713   24.258073
 0.072125   13.494273   29.675972
 0.074074   13.562409   30.211986
 0.076023   13.612039   21.445094
 0.077973   13.646016   24.964828
 0.079922   13.709362   25.858487
 0.081871   13.746812   20.688003
 0.083821   13.790028   25.788319
 0.085770   13.847353   24.611062
 0.087719   13.885961   19.810305
 0.089669   13.924594   21.332689
 0.091618   13.969135   21.673476
 0.093567   14.009077   21.988088
 0.095517   14.054869   21.660963
 0.097466   14.093537   14.777246
 0.099415   14.112471   13.677998
 0.101364   14.146854   22.877108
 0.103314   14.201679   22.671376
 0.105263   14.235260   13.599877
 0.107213   14.254698   11.702262
 0.109162   14.280884   15.811716
 0.111111   14.316332   19.950026
 0.113060   14.358649   16.165133
 0.115010   14.379349   12.490517
 0.116959   14.407346   12.831149
 0.118908   14.429364   11.133079
 0.120858   14.450753   12.683394
 0.122807   14.478814   13.021708
 0.124756   14.501512   13.175858
 0.126706   14.530189   14.737901
 0.128655   14.558975   9.754183
 0.130604   14.568211   9.886181
 0.132554   14.597531   14.928084
 0.134503   14.626416   6.165226
 0.136452   14.621564   6.453045
 0.138402   14.651594   15.295598
 0.140351   14.681201   6.568856
 0.142300   14.677200   1.247222
 0.144250   14.686071   11.686970
 0.146199   14.722753   10.030495
 0.148148   14.725170   1.500137
 0.150097   14.728600   10.388135
 0.152047   14.765690   11.716875
 0.153996   14.774299   3.144635
 0.155945   14.777948   0.024639
 0.157895   14.774391   1.485836
 0.159844   14.783735   10.213776
 0.161793   14.814205   7.139407
 0.163743   14.811554   1.566899
 0.165692   14.820308   4.911539
 0.167641   14.830699   2.003609
 0.169591   14.828114   3.273458
 0.171540   14.843453   3.089751
 0.173489   14.840158   2.054647
 0.175439   14.851472   5.256545
 0.177388   14.860654   -0.233223
 0.179337   14.850563   -3.258440
 0.181286   14.847952   0.164380
 0.183236   14.851207   1.802213
 0.185185   14.854979   1.709651
 0.187135   14.857872   3.153503
 0.189084   14.867271   1.887276
 0.191033   14.865229   -3.023315
 0.192983   14.855479   -3.512824
 0.194932   14.851529   -1.733045
 0.196881   14.848724   0.162698
 0.198830   14.852164   -1.580731
 0.200780   14.842554   -5.057173
 0.202729   14.832446   -1.659760
 0.204678   14.836084   -1.654705
 0.206628   14.825987   -3.540081
 0.208577   14.822278   -4.766557
 0.210526   14.807407   -3.145390
 0.212476   14.810023   -0.368637
 0.214425   14.805973   -8.208106
 0.216374   14.778028   -6.430088
 0.218324   14.780918   -0.444330
 0.220273   14.776299   -2.008192
 0.222222   14.773090   -4.712047
 0.224171   14.757932   -11.423571
 0.226121   14.728542   -8.533262
 0.228070   14.724648   -3.453526
 0.230019   14.715081   -3.483873
 0.231969   14.711067   -7.000607
 0.233918   14.687795   -9.926809
 0.235867   14.672372   -4.889658
 0.237817   14.668736   -7.034347
 0.239766   14.644956   -8.424087
 0.241715   14.635899   -8.225826
 0.243665   14.612876   -10.393288
 0.245614   14.595373   -6.743976
 0.247563   14.586588   -6.464959
 0.249513   14.570162   -7.112890
 0.251462   14.558852   -10.228392
 0.253411   14.530292   -13.251020
 0.255361   14.507189   -8.739122
 0.257310   14.496212   -11.724407
 0.259259   14.461487   -9.995567
 0.261209   14.457255   -3.998911
 0.263158   14.445899   -10.114727
 0.265107   14.417828   -14.529302
 0.267056   14.389264   -11.992683
 0.269006   14.371074   -7.544143
 0.270955   14.359846   -13.347945
 0.272904   14.319043   -14.567453
 0.274854   14.303060   -7.090813
 0.276803   14.291394   -12.057079
 0.278752   14.256062   -16.453480
 0.280702   14.227245   -10.501462
 0.282651   14.215108   -10.308068
 0.284600   14.187064   -16.214249
 0.286550   14.151885   -10.800328
 0.288499   14.144939   -10.481862
 0.290448   14.111027   -17.616690
 0.292398   14.076251   -12.228952
 0.294347   14.063335   -13.818226
 0.296296   14.022388   -14.909545
 0.298246   14.005215   -8.865274
 0.300195   13.987822   -16.566846
 0.302144   13.940637   -18.196742
 0.304094   13.916885   -10.841550
 0.306043   13.898363   -15.356601
 0.307992   13.857025   -17.949678
 0.309941   13.828395   -13.335414
 0.311891   13.805033   -18.052784
 0.313840   13.758020   -16.736329
 0.315790   13.739793   -11.109158
 0.317739   13.714709   -15.475469
 0.319688   13.679470   -16.307075
 0.321637   13.651144   -18.202248
 0.323587   13.608492   -17.134000
 0.325536   13.584329   -16.601707
 0.327485   13.543778   -19.527937
 0.329435   13.508192   -13.708059
 0.331384   13.490322   -13.673816
 0.333333   13.454891   -19.939680
 0.335283   13.412573   -18.764796
 0.337232   13.381722   -16.866546
 0.339181   13.346827   -17.815254
 0.341131   13.312260   -16.646717
 0.343080   13.281920   -20.004056
 0.345029   13.234284   -19.984499
 0.346979   13.204009   -15.423075
 0.348928   13.174149   -16.817752
 0.350877   13.138453   -18.235730
 0.352826   13.103067   -19.914804
 0.354776   13.060802   -22.830172
 0.356725   13.014054   -21.027804
 0.358675   12.978821   -15.693692
 0.360624   12.952860   -14.225461
 0.362573   12.923370   -19.520612
 0.364522   12.876768   -24.215173
 0.366472   12.828954   -20.148973
 0.368421   12.798199   -19.889186
 0.370370   12.751426   -19.662808
 0.372320   12.721542   -18.361039
 0.374269   12.679843   -24.236063
 0.376218   12.627070   -21.248514
 0.378168   12.597006   -17.174619
 0.380117   12.560110   -18.617329
 0.382066   12.524436   -21.118180
 0.384016   12.477764   -21.508427
 0.385965   12.440570   -20.254198
 0.387914   12.398813   -25.204519
 0.389863   12.342323   -22.346113
 0.391813   12.311699   -16.174527
 0.393762   12.279259   -21.541881
 0.395711   12.227729   -25.285062
 0.397661   12.180675   -22.680838
 0.399610   12.139293   -21.437536
 0.401560   12.097089   -20.325187
 0.403509   12.060043   -21.428525
 0.405458   12.013561   -23.933753
 0.407407   11.966749   -22.691998
 0.409357   11.925088   -21.513380
 0.411306   11.882869   -24.108162
 0.413255   11.831114   -24.009099
 0.415205   11.789262   -21.753911
 0.417154   11.746296   -24.140026
 0.419103   11.695164   -22.296482
 0.421053   11.659370   -21.678192
 0.423002   11.610648   -24.213007
 0.424951   11.564988   -22.510190
 0.426901   11.522882   -23.349368
 0.428850   11.473952   -23.204047
 0.430799   11.432433   -23.607384
 0.432748   11.381930   -25.037158
 0.434698   11.334815   -24.329742
 0.436647   11.287069   -22.951493
 0.438597   11.245330   -21.751957
 0.440546   11.202259   -24.366278
 0.442495   11.150350   -26.305228
 0.444444   11.099721   -26.495136
 0.446394   11.047045   -23.236433
 0.448343   11.009115   -21.532175
 0.450292   10.963112   -28.080861
 0.452242   10.899619   -25.877695
 0.454191   10.862202   -21.221217
 0.456140   10.816898   -26.570343
 0.458090   10.758597   -24.581430
 0.460039   10.721045   -24.020320
 0.461988   10.664966   -28.960197
 0.463938   10.608128   -24.261030
 0.465887   10.570363   -23.097680
 0.467836   10.518094   -28.000492
 0.469786   10.461186   -24.330246
 0.471735   10.423220   -23.169465
 0.473684   10.370872   -27.853355
 0.475633   10.314648   -24.973562
 0.477583   10.273508   -25.166155
 0.479532   10.216533   -26.923602
 0.481482   10.168537   -24.821560
 0.483431   10.119754   -27.168577
 0.485380   10.062634   -26.015825
 0.487329   10.018345   -24.848451
 0.489279   9.965746   -26.068119
 0.491228   9.916703   -26.627237
 0.493177   9.861953   -27.372859
 0.495127   9.809978   -25.935623
 0.497076   9.760828   -27.064553
 0.499025   9.704480   -27.600277
 0.500975   9.653217   -26.550157
 0.502924   9.600962   -27.862311
 0.504873   9.544610   -26.692763
 0.506823   9.496891   -24.531299
 0.508772   9.448963   -26.573647
 0.510721   9.393307   -28.792423
 0.512671   9.336701   -26.862523
 0.514620   9.288566   -24.436416
 0.516569   9.241447   -26.181929
 0.518518   9.186509   -28.437379
 0.520468   9.130570   -29.550465
 0.522417   9.071293   -28.185931
 0.524366   9.020701   -26.225250
 0.526316   8.969040   -25.681214
 0.528265   8.920568   -27.451837
 0.530214   8.862033   -30.893663
 0.532164   8.800112   -27.235852
 0.534113   8.755831   -25.468972
 0.536062   8.700834   -27.217405
 0.538012   8.649713   -27.996738
 0.539961   8.591678   -28.830003
 0.541910   8.537333   -25.952302
 0.543860   8.490494   -27.143159
 0.545809   8.431508   -30.166002
 0.547758   8.372907   -27.993070
 0.549708   8.322368   -24.246766
 0.551657   8.278366   -27.796543
 0.553606   8.214017   -33.145605
 0.555556   8.149131   -27.781503
 0.557505   8.105686   -24.000410
 0.559454   8.055577   -29.499864
 0.561404   7.990658   -28.926198
 0.563353   7.942785   -24.952435
 0.565302   7.893393   -28.046421
 0.567252   7.833427   -30.233681
 0.569201   7.775511   -30.456075
 0.571150   7.714709   -28.103250
 0.573099   7.665965   -25.359398
 0.575049   7.615832   -28.841065
 0.576998   7.553520   -28.305960
 0.578947   7.505495   -24.123473
 0.580897   7.459463   -30.140849
 0.582846   7.387989   -34.279661
 0.584795   7.325841   -25.062721
 0.586745   7.290283   -22.607278
 0.588694   7.237704   -29.627029
 0.590643   7.174797   -31.191772
 0.592593   7.116090   -29.467244
 0.594542   7.059903   -27.840661
 0.596491   7.007567   -27.432587
 0.598441   6.952942   -25.746924
 0.600390   6.907175   -27.477080
 0.602339   6.845837   -30.844363
 0.604289   6.786914   -25.815407
 0.606238   6.745173   -24.564711
 0.608187   6.691161   -29.410338
 0.610136   6.630532   -30.481841
 0.612086   6.572313   -29.056887
 0.614035   6.517238   -29.291476
 0.615984   6.458135   -26.170150
 0.617934   6.415208   -24.098782
 0.619883   6.364178   -28.469191
 0.621832   6.304236   -29.742854
 0.623782   6.248213   -27.118171
 0.625731   6.198499   -25.241543
 0.627680   6.149821   -29.360893
 0.629630   6.084012   -29.663468
 0.631579   6.034155   -23.838615
 0.633528   5.991089   -25.062924
 0.635478   5.936429   -27.698376
 0.637427   5.883092   -26.671049
 0.639376   5.832465   -24.920013
 0.641325   5.785954   -24.719513
 0.643275   5.736082   -27.329384
 0.645224   5.679400   -28.749347
 0.647173   5.624017   -27.684125
 0.649123   5.571461   -22.929127
 0.651072   5.534609   -22.405701
 0.653021   5.484124   -28.512725
 0.654971   5.423432   -28.167222
 0.656920   5.374294   -25.182318
 0.658869   5.325272   -24.444235
 0.660819   5.278987   -21.455430
 0.662768   5.241612   -21.764982
 0.664717   5.194147   -26.324178
 0.666667   5.138970   -26.026012
 0.668616   5.092667   -23.473819
 0.670565   5.047469   -22.508428
 0.672515   5.004908   -22.427305
 0.674464   4.960027   -22.719066
 0.676413   4.916349   -22.793363
 0.678363   4.871154   -21.689553
 0.680312   4.831779   -20.706618
 0.682261   4.790440   -24.062773
 0.684211   4.737952   -21.737742
 0.686160   4.705674   -16.903110
 0.688109   4.672064   -21.699290
 0.690059   4.621060   -20.585682
 0.692008   4.591789   -16.498390
 0.693957   4.556749   -19.282977
 0.695906   4.516624   -18.690904
 0.697856   4.483877   -18.633162
 0.699805   4.443977   -19.527008
 0.701754   4.407761   -17.116470
 0.703704   4.377243   -13.786674
 0.705653   4.354003   -13.192944
 0.707602   4.325817   -15.120202
 0.709552   4.295048   -17.624528
 0.711501   4.257103   -14.924717
 0.713450   4.236871   -11.018831
 0.715400   4.214139   -11.960750
 0.717349   4.190237   -10.297677
 0.719298   4.173999   -11.448974
 0.721248   4.145591   -12.217221
 0.723197   4.126359   -8.968203
 0.725146   4.110633   -6.223042
 0.727096   4.102099   -4.660466
 0.729045   4.092462   -8.618572
 0.730994   4.068504   -7.518147
 0.732943   4.063157   -2.600197
 0.734893   4.058366   -5.209516
 0.736842   4.042850   -3.724061
 0.738791   4.043850   0.419950
 0.740741   4.044488   1.292004
 0.742690   4.048885   2.142455
 0.744639   4.052839   0.570233
 0.746589   4.051106   3.562252
 0.748538   4.066719   7.055689
 0.750487   4.078609   4.623148
 0.752437   4.084742   6.545703
 0.754386   4.104124   10.238008
 0.756335   4.124650   12.569220
 0.758285   4.153135   14.514533
 0.760234   4.181242   14.917244
 0.762183   4.211282   15.042806
 0.764133   4.239893   14.772829
 0.766082   4.268882   20.357681
 0.768031   4.319247   24.104589
 0.769980   4.362841   22.179067
 0.771930   4.405723   25.453664
 0.773879   4.462078   27.768035
 0.775829   4.513988   27.768777
 0.777778   4.570346   32.178724
 0.779727   4.639421   35.024040
 0.781676   4.706870   37.259660
 0.783626   4.784702   40.288692
 0.785575   4.863955   38.692021
 0.787524   4.935523   42.019216
 0.789474   5.027798   51.363784
 0.791423   5.135783   52.382468
 0.793372   5.231985   49.842787
 0.795322   5.330121   54.410773
 0.797271   5.444125   55.829727
 0.799220   5.547745   58.458286
 0.801170   5.672064   66.981769
 0.803119   5.808900   69.455218
 0.805068   5.942801   70.582251
 0.807018   6.084104   74.989922
 0.808967   6.235181   76.978957
 0.810916   6.384168   80.458073
 0.812866   6.548895   86.885303
 0.814815   6.722929   87.001072
 0.816764   6.888025   89.496932
 0.818713   7.071788   96.825905
 0.820663   7.265555   100.307847
 0.822612   7.462887   104.171001
 0.824561   7.671613   109.270535
 0.826511   7.888937   113.026011
 0.828460   8.112299   116.596661
 0.830409   8.343431   118.478465
 0.832359   8.574246   121.035408
 0.834308   8.815342   131.070866
 0.836257   9.085160   137.349394
 0.838207   9.350866   136.653072
 0.840156   9.617970   141.172292
 0.842105   9.901155   145.435004
 0.844055   10.185021   151.287159
 0.846004   10.491012   158.636039
 0.847953   10.803384   163.363781
 0.849903   11.127974   178.937001
 0.851852   11.501035   196.946966
 0.853801   11.895673   203.213433
 0.855750   12.293161   208.127574
 0.857700   12.707171   214.195276
 0.859649   13.128304   217.655158
 0.861598   13.555591   222.582455
 0.863548   13.996160   231.564582
 0.865497   14.458450   236.195880
 0.867446   14.916852   238.225763
 0.869396   15.387298   247.645022
 0.871345   15.882407   250.681474
 0.873294   16.364454   253.040687
 0.875244   16.869024   265.392190
 0.877193   17.399205   270.140186
 0.879142   17.922030   272.619637
 0.881092   18.462158   280.202205
 0.883041   19.014532   284.317133
 0.884990   19.570426   293.675581
 0.886940   20.159590   303.016576
 0.888889   20.751886   304.181343
 0.890838   21.345289   311.413647
 0.892787   21.965777   320.875289
 0.894737   22.596387   326.237585
 0.896686   23.237771   331.468199
 0.898636   23.888786   339.065217
 0.900585   24.559776   347.607329
 0.902534   25.243759   352.916823
 0.904483   25.935446   364.133451
 0.906433   26.663534   377.648559
 0.908382   27.407889   384.940049
 0.910331   28.164031   395.150257
 0.912281   28.948594   408.102311
 0.914230   29.755210   419.323642
 0.916179   30.583118   433.714405
 0.918129   31.446280   449.777741
 0.920078   32.336787   459.630376
 0.922027   33.237920   472.743482
 0.923977   34.180035   493.003039
 0.925926   35.160119   505.438365
 0.927875   36.150233   518.243078
 0.929825   37.180769   540.587673
 0.931774   38.257960   554.542541
 0.933723   39.342376   565.664946
 0.935673   40.463507   588.807761
 0.937622   41.638109   608.042314
 0.939571   42.833656   618.273311
 0.941520   44.048139   640.946668
 0.943470   45.332742   667.836798
 0.945419   46.652016   660.483462
 0.947368   47.907307   642.756858
 0.949318   49.158123   648.103109
 0.951267   50.434247   647.533632
 0.953216   51.682209   642.209415
 0.955166   52.938226   645.191346
 0.957115   54.197808   633.519116
 0.959064   55.407683   616.867866
 0.961014   56.602968   608.202189
 0.962963   57.779073   584.884264
 0.964912   58.882847   557.053676
 0.966862   59.951007   538.388072
 0.968811   60.982040   504.761495
 0.970760   61.918567   465.976620
 0.972710   62.798854   438.898855
 0.974659   63.629859   402.557039
 0.976608   64.368022   354.307343
 0.978557   65.010949   311.787720
 0.980507   65.583646   269.169312
 0.982456   66.060489   217.029961
 0.984406   66.429790   164.107133
 0.986355   66.700393   97.478730
 0.988304   66.809762   7.044942
 0.990253   66.727855   -86.111266
 0.992203   66.473926   -183.543291
 0.994152   66.012326   -311.946963
 0.996101   65.257957   -448.359177
 0.998051   64.264051   279.017460
 1.000000   66.344269   1067.325954
514 psinorm omevb() domevb/dpsiN
 0.000000   -10.368549   313.956857
 0.001949   -9.756647   393.757036
 0.003899   -8.833130   368.959242
 0.005848   -8.317865   235.323181
 0.007797   -7.915841   127.091320
 0.009747   -7.822495   38.194645
 0.011696   -7.766900   31.341749
 0.013645   -7.700325   34.633575
 0.015595   -7.631863   30.446802
 0.017544   -7.581603   26.864974
 0.019493   -7.527143   28.784991
 0.021442   -7.469399   29.917440
 0.023392   -7.410495   25.640438
 0.025341   -7.369418   23.282480
 0.027290   -7.319740   24.417952
 0.029240   -7.274215   23.532177
 0.031189   -7.227988   24.435507
 0.033138   -7.178965   22.004843
 0.035088   -7.142197   20.906146
 0.037037   -7.097456   22.492398
 0.038986   -7.054522   19.259779
 0.040936   -7.022368   18.374056
 0.042885   -6.982885   22.045399
 0.044834   -6.936435   18.662589
 0.046784   -6.910130   17.884273
 0.048733   -6.866713   19.931779
 0.050682   -6.832436   16.776360
 0.052632   -6.801303   19.291964
 0.054581   -6.757224   15.853741
 0.056530   -6.739506   13.461297
 0.058480   -6.704729   18.672282
 0.060429   -6.666704   16.335216
 0.062378   -6.641055   16.575515
 0.064327   -6.602093   16.397512
 0.066277   -6.577128   12.724429
 0.068226   -6.552480   14.835331
 0.070175   -6.519300   13.459793
 0.072125   -6.500007   13.936041
 0.074074   -6.464971   17.559689
 0.076023   -6.431560   11.925662
 0.077973   -6.418483   9.973079
 0.079922   -6.392681   13.297554
 0.081871   -6.366650   12.530709
 0.083821   -6.343826   13.526440
 0.085770   -6.313914   14.654990
 0.087719   -6.286700   10.252239
 0.089669   -6.273948   9.085738
 0.091618   -6.251280   12.686990
 0.093567   -6.224494   12.930740
 0.095517   -6.200865   9.367899
 0.097466   -6.187963   5.816019
 0.099415   -6.178194   10.550852
 0.101364   -6.146836   16.576637
 0.103314   -6.113561   12.712091
 0.105263   -6.097262   7.024402
 0.107213   -6.086175   4.466989
 0.109162   -6.079843   5.615283
 0.111111   -6.064287   14.715683
 0.113060   -6.022481   13.456899
 0.115010   -6.011834   4.177654
 0.116959   -6.006190   7.715016
 0.118908   -5.981761   8.891188
 0.120858   -5.971531   4.232776
 0.122807   -5.965256   7.758090
 0.124756   -5.941290   11.327743
 0.126706   -5.921091   6.905785
 0.128655   -5.914357   6.091612
 0.130604   -5.897346   9.425891
 0.132554   -5.877604   6.944995
 0.134503   -5.870261   4.711020
 0.136452   -5.859241   7.774877
 0.138402   -5.839942   6.726658
 0.140351   -5.833007   4.497292
 0.142300   -5.822412   3.541036
 0.144250   -5.819204   4.897802
 0.146199   -5.803322   5.799229
 0.148148   -5.796599   3.780923
 0.150097   -5.788584   9.638924
 0.152047   -5.759006   8.279402
 0.153996   -5.756289   2.688613
 0.155945   -5.748526   1.152448
 0.157895   -5.751801   -0.268974
 0.159844   -5.749577   9.158479
 0.161793   -5.716101   7.865096
 0.163743   -5.718930   0.015379
 0.165692   -5.716044   4.986564
 0.167641   -5.699492   3.209663
 0.169591   -5.703540   2.261777
 0.171540   -5.690682   6.030550
 0.173489   -5.680033   3.458596
 0.175439   -5.677201   1.333896
 0.177388   -5.674832   0.464345
 0.179337   -5.675391   2.439944
 0.181286   -5.665321   4.242553
 0.183236   -5.658851   3.255824
 0.185185   -5.652627   3.222761
 0.187135   -5.646286   2.280891
 0.189084   -5.643731   3.083016
 0.191033   -5.634268   2.331496
 0.192983   -5.634646   -1.114941
 0.194932   -5.638613   -2.138524
 0.196881   -5.642982   3.807416
 0.198830   -5.623772   4.753345
 0.200780   -5.624459   -3.875602
 0.202729   -5.638876   1.354804
 0.204678   -5.619178   5.044330
 0.206628   -5.619218   -1.201451
 0.208577   -5.623860   -0.625319
 0.210526   -5.621656   1.842895
 0.212476   -5.616673   0.282418
 0.214425   -5.620550   -1.875433
 0.216374   -5.623983   0.320233
 0.218324   -5.619297   0.151278
 0.220273   -5.623389   1.257151
 0.222222   -5.614397   2.720375
 0.224171   -5.612785   -3.918289
 0.226121   -5.629684   -5.516532
 0.228070   -5.634300   1.942004
 0.230019   -5.622114   5.343140
 0.231969   -5.613469   -3.284266
 0.233918   -5.634904   -5.025611
 0.235867   -5.633059   2.838288
 0.237817   -5.623833   -2.961128
 0.239766   -5.644589   -2.611261
 0.241715   -5.634012   0.759745
 0.243665   -5.641636   -4.601154
 0.245614   -5.651951   0.201767
 0.247563   -5.640850   -0.376930
 0.249513   -5.653432   -3.423374
 0.251462   -5.654204   -1.158950
 0.253411   -5.657950   -3.263340
 0.255361   -5.666930   -2.782291
 0.257310   -5.668802   -3.991181
 0.259259   -5.682488   -1.677349
 0.261209   -5.675331   1.539639
 0.263158   -5.676480   -5.002673
 0.265107   -5.694832   -6.019853
 0.267056   -5.699946   -0.762409
 0.269006   -5.697800   -0.062978
 0.270955   -5.700189   -3.249989
 0.272904   -5.710469   -5.913966
 0.274854   -5.723249   -3.936151
 0.276803   -5.725821   -0.844753
 0.278752   -5.726542   -4.726839
 0.280702   -5.744260   -5.024306
 0.282651   -5.746140   -1.969930
 0.284600   -5.751939   -5.304498
 0.286550   -5.766826   -1.871155
 0.288499   -5.759246   -1.812212
 0.290448   -5.773890   -7.639807
 0.292398   -5.789034   -4.650672
 0.294347   -5.792030   -3.320735
 0.296296   -5.801978   -2.355301
 0.298246   -5.801207   -3.126686
 0.300195   -5.814162   -5.146149
 0.302144   -5.821267   -4.276729
 0.304094   -5.830838   -5.558263
 0.306043   -5.842938   -5.596683
 0.307992   -5.852654   -4.180561
 0.309941   -5.859233   -4.215638
 0.311891   -5.869092   -7.475681
 0.313840   -5.888376   -4.865651
 0.315790   -5.888053   -2.302821
 0.317739   -5.897350   -6.172173
 0.319688   -5.912113   -5.340871
 0.321637   -5.918169   -4.286170
 0.323587   -5.928827   -5.012037
 0.325536   -5.937711   -5.237499
 0.327485   -5.949242   -6.772645
 0.329435   -5.964120   -7.136935
 0.331384   -5.977070   -3.916708
 0.333333   -5.979387   -3.390946
 0.335283   -5.990296   -7.705085
 0.337232   -6.009425   -5.558847
 0.339181   -6.011964   -4.343574
 0.341131   -6.026367   -8.422615
 0.343080   -6.044802   -6.723052
 0.345029   -6.052573   -3.519535
 0.346979   -6.058524   -6.300636
 0.348928   -6.077133   -8.688989
 0.350877   -6.092394   -4.627947
 0.352826   -6.095173   -3.603558
 0.354776   -6.106448   -8.185039
 0.356725   -6.127081   -9.261409
 0.358675   -6.142556   -6.151629
 0.360624   -6.151070   -3.849368
 0.362573   -6.157561   -4.010058
 0.364522   -6.166701   -7.379793
 0.366472   -6.186340   -9.856855
 0.368421   -6.205133   -6.956088
 0.370370   -6.213455   -3.607069
 0.372320   -6.219196   -7.867988
 0.374269   -6.244122   -10.843245
 0.376218   -6.261463   -5.935714
 0.378168   -6.267260   -5.337589
 0.380117   -6.282270   -4.721846
 0.382066   -6.285665   -6.208151
 0.384016   -6.306484   -8.981318
 0.385965   -6.320687   -6.667680
 0.387914   -6.332475   -9.866297
 0.389863   -6.359146   -8.608668
 0.391813   -6.366030   -3.327659
 0.393762   -6.372121   -5.861437
 0.395711   -6.388878   -9.650437
 0.397661   -6.409750   -8.446866
 0.399610   -6.421817   -6.150856
 0.401560   -6.433732   -6.747943
 0.403509   -6.448125   -9.080005
 0.405458   -6.469126   -7.639944
 0.407407   -6.477906   -5.350430
 0.409357   -6.489989   -9.314279
 0.411306   -6.514216   -10.516084
 0.413255   -6.530980   -7.419172
 0.415205   -6.543141   -6.056096
 0.417154   -6.554594   -7.511718
 0.419103   -6.572422   -8.493565
 0.421053   -6.587709   -9.094559
 0.423002   -6.607879   -7.527289
 0.424951   -6.617050   -5.243205
 0.426901   -6.628323   -8.066819
 0.428850   -6.648498   -8.344633
 0.430799   -6.660851   -7.776855
 0.432748   -6.678812   -9.761652
 0.434698   -6.698912   -7.302229
 0.436647   -6.707290   -5.321704
 0.438597   -6.719664   -9.138075
 0.440546   -6.742913   -10.625824
 0.442495   -6.761083   -9.266085
 0.444444   -6.779032   -8.530469
 0.446394   -6.794342   -7.920253
 0.448343   -6.809913   -6.605691
 0.450292   -6.820091   -7.948938
 0.452242   -6.840912   -9.386616
 0.454191   -6.856692   -6.457796
 0.456140   -6.866084   -8.738766
 0.458090   -6.890772   -10.369594
 0.460039   -6.906520   -7.647585
 0.461988   -6.920583   -10.227814
 0.463938   -6.946404   -10.435381
 0.465887   -6.961276   -5.170305
 0.467836   -6.966558   -7.962918
 0.469786   -6.992334   -10.424181
 0.471735   -7.007208   -8.213433
 0.473684   -7.024350   -8.008467
 0.475633   -7.038425   -6.877467
 0.477583   -7.051164   -9.867056
 0.479532   -7.076889   -8.814183
 0.481482   -7.085522   -7.407809
 0.483431   -7.105767   -11.547671
 0.485380   -7.130535   -8.869527
 0.487329   -7.140340   -6.902778
 0.489279   -7.157453   -9.349826
 0.491228   -7.176794   -8.627307
 0.493177   -7.191082   -8.090079
 0.495127   -7.208339   -9.608426
 0.497076   -7.228544   -8.770234
 0.499025   -7.242525   -8.039601
 0.500975   -7.259892   -11.874312
 0.502924   -7.288817   -11.003912
 0.504873   -7.302785   -5.597498
 0.506823   -7.310638   -7.260025
 0.508772   -7.331085   -8.860781
 0.510721   -7.345178   -10.165106
 0.512671   -7.370725   -11.799086
 0.514620   -7.391185   -7.532106
 0.516569   -7.400085   -5.930358
 0.518518   -7.414302   -9.983156
 0.520468   -7.439015   -12.889994
 0.522417   -7.464559   -8.047439
 0.524366   -7.470384   -5.680302
 0.526316   -7.486712   -9.407647
 0.528265   -7.507062   -11.022283
 0.530214   -7.529677   -11.573717
 0.532164   -7.552188   -8.847423
 0.534113   -7.564178   -6.462916
 0.536062   -7.577380   -7.836331
 0.538012   -7.594734   -10.792146
 0.539961   -7.619455   -10.241606
 0.541910   -7.634656   -6.215643
 0.543860   -7.643687   -8.368791
 0.545809   -7.667279   -12.058449
 0.547758   -7.690691   -10.478519
 0.549708   -7.708131   -7.340527
 0.551657   -7.719315   -7.838340
 0.553606   -7.738685   -12.637115
 0.555556   -7.768592   -10.812001
 0.557505   -7.780850   -4.903787
 0.559454   -7.787707   -9.399915
 0.561404   -7.817512   -12.888130
 0.563353   -7.837963   -6.805235
 0.565302   -7.844039   -7.126010
 0.567252   -7.865755   -11.880343
 0.569201   -7.890359   -11.834914
 0.571150   -7.911887   -7.365832
 0.573099   -7.919071   -6.300621
 0.575049   -7.936459   -12.846225
 0.576998   -7.969151   -10.266248
 0.578947   -7.976477   -4.244808
 0.580897   -7.985702   -11.842337
 0.582846   -8.022636   -14.518079
 0.584795   -8.042294   -6.370325
 0.586745   -8.047466   -5.586123
 0.588694   -8.064068   -9.235475
 0.590643   -8.083466   -10.567782
 0.592593   -8.105273   -12.192844
 0.594542   -8.131004   -10.542181
 0.596491   -8.146366   -7.440629
 0.598441   -8.160014   -8.821719
 0.600390   -8.180759   -10.113670
 0.602339   -8.199437   -10.595371
 0.604289   -8.222072   -9.284794
 0.606238   -8.235643   -7.006137
 0.608187   -8.249382   -8.582337
 0.610136   -8.269097   -10.878195
 0.612086   -8.291798   -12.215004
 0.614035   -8.316722   -11.519991
 0.615984   -8.336702   -7.900268
 0.617934   -8.347521   -7.327627
 0.619883   -8.365269   -9.390050
 0.621832   -8.384123   -10.505543
 0.623782   -8.406232   -10.546942
 0.625731   -8.425247   -8.947955
 0.627680   -8.441111   -11.032598
 0.629630   -8.468269   -11.342907
 0.631579   -8.485342   -6.483237
 0.633528   -8.493541   -8.298074
 0.635478   -8.517705   -12.654558
 0.637427   -8.542880   -10.369732
 0.639376   -8.558126   -8.085086
 0.641325   -8.574396   -8.118815
 0.643275   -8.589781   -9.749711
 0.645224   -8.612406   -11.060449
 0.647173   -8.632894   -11.546865
 0.649123   -8.657430   -10.019415
 0.651072   -8.671965   -6.968448
 0.653021   -8.684593   -10.409681
 0.654971   -8.712560   -14.049996
 0.656920   -8.739374   -10.443108
 0.658869   -8.753268   -7.672514
 0.660819   -8.769291   -10.037466
 0.662768   -8.792400   -9.556874
 0.664717   -8.806543   -8.818742
 0.666667   -8.826788   -12.437694
 0.668616   -8.855034   -10.989025
 0.670565   -8.869623   -7.784511
 0.672515   -8.885386   -11.351719
 0.674464   -8.913877   -11.119964
 0.676413   -8.928732   -10.416399
 0.678363   -8.954496   -11.972709
 0.680312   -8.975416   -9.026984
 0.682261   -8.989683   -11.438518
 0.684211   -9.020023   -11.268343
 0.686160   -9.033627   -8.218151
 0.688109   -9.052057   -12.569813
 0.690059   -9.082643   -11.721839
 0.692008   -9.097769   -8.753518
 0.693957   -9.116764   -11.050947
 0.695906   -9.140845   -11.167814
 0.697856   -9.160305   -11.828673
 0.699805   -9.186961   -13.196997
 0.701754   -9.211747   -11.458677
 0.703704   -9.231636   -9.264280
 0.705653   -9.247870   -8.693800
 0.707602   -9.265525   -11.806629
 0.709552   -9.293910   -16.651921
 0.711501   -9.330446   -12.347099
 0.713450   -9.342039   -8.415245
 0.715400   -9.363262   -13.747822
 0.717349   -9.395636   -11.687382
 0.719298   -9.408820   -10.322014
 0.721248   -9.435888   -15.451274
 0.723197   -9.469061   -13.879208
 0.725146   -9.489989   -9.558752
 0.727096   -9.506328   -11.197798
 0.729045   -9.533644   -16.354765
 0.730994   -9.570079   -13.022933
 0.732943   -9.584407   -10.209242
 0.734893   -9.609891   -17.231990
 0.736842   -9.651587   -14.901599
 0.738791   -9.667977   -10.764751
 0.740741   -9.693563   -14.487937
 0.742690   -9.724463   -14.448033
 0.744639   -9.749881   -14.732073
 0.746589   -9.781907   -14.486507
 0.748538   -9.806368   -13.161371
 0.750487   -9.833210   -15.717006
 0.752437   -9.867653   -17.452433
 0.754386   -9.901257   -15.930738
 0.756335   -9.929751   -13.491993
 0.758285   -9.953860   -15.206665
 0.760234   -9.989036   -17.018484
 0.762183   -10.020198   -15.935273
 0.764133   -10.051167   -18.527930
 0.766082   -10.092433   -18.461739
 0.768031   -10.123131   -16.476707
 0.769980   -10.156660   -17.229786
 0.771930   -10.190310   -16.348746
 0.773879   -10.220405   -19.809252
 0.775829   -10.267555   -22.039366
 0.777778   -10.306341   -18.025050
 0.779727   -10.337817   -18.028138
 0.781676   -10.376615   -18.927760
 0.783626   -10.411614   -20.846310
 0.785575   -10.457889   -23.532023
 0.787524   -10.503342   -21.049960
 0.789474   -10.539958   -18.938823
 0.791423   -10.577184   -21.040488
 0.793372   -10.621974   -23.155969
 0.795322   -10.667470   -22.976079
 0.797271   -10.711558   -24.417209
 0.799220   -10.762648   -24.455201
 0.801170   -10.806905   -24.828537
 0.803119   -10.859450   -24.566278
 0.805068   -10.902665   -23.167125
 0.807018   -10.949781   -25.599415
 0.808967   -11.002474   -27.374678
 0.810916   -11.056487   -27.904706
 0.812866   -11.111275   -26.677050
 0.814815   -11.160504   -27.542663
 0.816764   -11.218636   -29.326735
 0.818713   -11.274820   -29.976315
 0.820663   -11.335516   -31.121402
 0.822612   -11.396162   -29.215730
 0.824561   -11.449399   -28.373681
 0.826511   -11.506793   -32.522801
 0.828460   -11.576199   -32.456480
 0.830409   -11.633308   -31.660642
 0.832359   -11.699649   -37.917732
 0.834308   -11.781142   -34.569785
 0.836257   -11.834402   -31.547677
 0.838207   -11.904155   -38.089728
 0.840156   -11.982909   -36.348451
 0.842105   -12.045841   -37.147958
 0.844055   -12.127759   -40.440203
 0.846004   -12.203520   -38.284251
 0.847953   -12.276991   -40.717566
 0.849903   -12.362284   -43.526764
 0.851852   -12.446702   -46.269430
 0.853801   -12.542642   -49.139255
 0.855750   -12.638247   -49.231259
 0.857700   -12.734595   -52.469727
 0.859649   -12.842820   -53.660111
 0.861598   -12.943763   -53.623757
 0.863548   -13.051903   -56.599876
 0.865497   -13.164443   -57.038852
 0.867446   -13.274240   -58.428499
 0.869396   -13.392260   -62.836539
 0.871345   -13.519235   -67.517023
 0.873294   -13.655441   -69.608184
 0.875244   -13.790637   -70.245914
 0.877193   -13.929328   -75.156777
 0.879142   -14.083598   -81.376764
 0.881092   -14.246621   -87.234567
 0.883041   -14.423718   -93.391408
 0.884990   -14.610661   -97.545501
 0.886940   -14.804052   -106.963013
 0.888889   -15.027694   -120.759277
 0.890838   -15.274771   -128.875168
 0.892787   -15.530049   -139.734404
 0.894737   -15.819613   -155.549691
 0.896686   -16.136523   -169.762039
 0.898636   -16.481530   -187.858858
 0.900585   -16.868963   -209.533264
 0.902534   -17.298290   -234.375495
 0.904483   -17.782559   -264.322897
 0.906433   -18.328917   -302.869982
 0.908382   -18.963404   -343.671124
 0.910331   -19.668547   -388.495122
 0.912281   -20.478199   -448.490483
 0.914230   -21.417145   -508.766126
 0.916179   -22.461370   -574.586727
 0.918129   -23.657536   -659.349335
 0.920078   -25.032081   -751.693243
 0.922027   -26.587636   -854.131935
 0.923977   -28.362454   -975.191112
 0.925926   -30.389777   -1106.510648
 0.927875   -32.675632   -1250.555652
 0.929825   -35.265849   -1418.115255
 0.931774   -38.204684   -1598.372912
 0.933723   -41.496306   -1794.813995
 0.935673   -45.202876   -2017.089343
 0.937622   -49.360705   -2254.301503
 0.939571   -53.990143   -2516.279419
 0.941520   -59.169162   -2895.416938
 0.943470   -65.279850   -1688.878192
 0.945419   -65.756987   -22.986274
 0.947368   -65.369450   -1424.810372
 0.949318   -71.315571   -3263.800372
 0.951267   -78.094579   -3497.425816
 0.953216   -84.948537   -3513.452113
 0.955166   -91.793522   -3461.572798
 0.957115   -98.445306   -3291.551957
 0.959064   -104.623992   -3011.854942
 0.961014   -110.188212   -2639.758609
 0.962963   -114.916838   -2137.227288
 0.964912   -118.519124   -1538.630224
 0.966862   -120.915338   -888.658252
 0.968811   -121.984683   -167.297126
 0.970760   -121.567462   569.560645
 0.972710   -119.763255   1267.502268
 0.974659   -116.626155   1931.629879
 0.976608   -112.233761   2532.989492
 0.978557   -106.752562   3024.054369
 0.980507   -100.442550   3399.858010
 0.982456   -93.496844   3670.594081
 0.984406   -86.130690   3826.460527
 0.986355   -78.577572   3884.253342
 0.988304   -70.989870   3856.609482
 0.990253   -63.544508   3739.591967
 0.992203   -56.409362   3549.956565
 0.994152   -49.703009   3317.394843
 0.996101   -43.478157   3050.564231
 0.998051   -37.809146   1905.753016
 1.000000   -36.045624   904.834451
514 psinorm er(kV/m) der/dpsiN
 0.000000   -0.000000   184.956761
 0.001949   0.360481   123.966288
 0.003899   0.483223   54.286363
 0.005848   0.572161   40.671945
 0.007797   0.641762   32.669168
 0.009747   0.699532   27.800585
 0.011696   0.750160   24.007302
 0.013645   0.793112   20.761482
 0.015595   0.831106   18.732084
 0.017544   0.866150   16.885722
 0.019493   0.896927   15.024767
 0.021442   0.924716   13.557462
 0.023392   0.949786   12.726119
 0.025341   0.974336   11.827305
 0.027290   0.995889   10.594146
 0.029240   1.015642   9.716877
 0.031189   1.033776   8.921072
 0.033138   1.050416   8.514859
 0.035088   1.066975   7.888174
 0.037037   1.081173   7.025752
 0.038986   1.094362   6.848627
 0.040936   1.107876   6.395141
 0.042885   1.119297   5.357744
 0.044834   1.128761   5.355348
 0.046784   1.140179   4.998444
 0.048733   1.148251   4.379098
 0.050682   1.157249   4.509320
 0.052632   1.165833   3.527405
 0.054581   1.171004   3.712468
 0.056530   1.180304   3.941021
 0.058480   1.186368   2.628348
 0.060429   1.190553   2.619270
 0.062378   1.196578   2.415677
 0.064327   1.199969   2.094048
 0.066277   1.204743   2.390696
 0.068226   1.209291   1.955390
 0.070175   1.212365   1.970923
 0.072125   1.216976   1.484365
 0.074074   1.218155   0.647227
 0.076023   1.219499   1.542707
 0.077973   1.224171   1.518229
 0.079922   1.225420   0.732985
 0.081871   1.227029   0.819315
 0.083821   1.228615   0.355767
 0.085770   1.228417   0.003792
 0.087719   1.228630   0.588912
 0.089669   1.230714   0.625488
 0.091618   1.231069   -0.172949
 0.093567   1.230040   -0.515710
 0.095517   1.229058   0.008912
 0.097466   1.230073   0.828185
 0.099415   1.232287   -0.062950
 0.101364   1.229828   -1.743682
 0.103314   1.225487   -1.323947
 0.105263   1.224664   0.020396
 0.107213   1.225568   0.511723
 0.109162   1.226659   -0.130736
 0.111111   1.225058   -2.080320
 0.113060   1.218550   -1.732200
 0.115010   1.218307   -0.050904
 0.116959   1.218352   -0.830261
 0.118908   1.215071   -1.097297
 0.120858   1.214074   -0.448811
 0.122807   1.213321   -1.226819
 0.124756   1.209292   -2.021388
 0.126706   1.205440   -1.360975
 0.128655   1.203985   -1.038995
 0.130604   1.201390   -1.830336
 0.132554   1.196847   -1.716946
 0.134503   1.194694   -0.819852
 0.136452   1.193651   -1.593350
 0.138402   1.188479   -2.028180
 0.140351   1.185742   -1.109095
 0.142300   1.184156   -0.754927
 0.144250   1.182799   -1.760389
 0.146199   1.177295   -1.840676
 0.148148   1.175624   -1.008359
 0.150097   1.173364   -2.855973
 0.152047   1.164485   -2.715093
 0.153996   1.162774   -1.159788
 0.155945   1.159964   -0.756396
 0.157895   1.159826   -0.569759
 0.159844   1.157744   -3.179492
 0.161793   1.147433   -2.777439
 0.163743   1.146919   -0.787306
 0.165692   1.144364   -2.212649
 0.167641   1.138295   -1.774051
 0.169591   1.137450   -1.598056
 0.171540   1.132066   -2.422551
 0.173489   1.128007   -1.970180
 0.175439   1.124385   -1.792104
 0.177388   1.121019   -1.240204
 0.179337   1.119550   -1.527118
 0.181286   1.115066   -2.219757
 0.183236   1.110896   -2.157209
 0.185185   1.106655   -2.224050
 0.187135   1.102224   -2.173950
 0.189084   1.098179   -2.329377
 0.191033   1.093144   -1.857283
 0.192983   1.090939   -1.040514
 0.194932   1.089087   -1.091751
 0.196881   1.086683   -2.661393
 0.198830   1.078713   -2.707055
 0.200780   1.076131   -0.576911
 0.202729   1.076462   -2.035993
 0.204678   1.068195   -2.857874
 0.206628   1.065322   -1.362822
 0.208577   1.062881   -1.496184
 0.210526   1.059490   -2.326019
 0.212476   1.053811   -2.162493
 0.214425   1.051057   -0.965986
 0.216374   1.050045   -1.778741
 0.218324   1.044119   -2.289463
 0.220273   1.041117   -2.305514
 0.222222   1.035132   -2.547952
 0.224171   1.031185   -0.616444
 0.226121   1.032731   -0.423314
 0.228070   1.029537   -2.555215
 0.230019   1.022771   -3.378099
 0.231969   1.016366   -1.194437
 0.233918   1.018110   -0.653236
 0.235867   1.013820   -2.793726
 0.237817   1.007216   -1.288390
 0.239766   1.008792   -1.414952
 0.241715   1.001700   -2.223589
 0.243665   1.000125   -0.705287
 0.245614   0.998950   -2.162627
 0.247563   0.991695   -2.311087
 0.249513   0.989942   -1.460815
 0.251462   0.986001   -1.586606
 0.253411   0.983757   -1.047366
 0.255361   0.981917   -1.519744
 0.257310   0.977833   -0.983696
 0.259259   0.978083   -1.794481
 0.261209   0.970833   -2.957509
 0.263158   0.966550   -0.931814
 0.265107   0.967200   -0.489794
 0.267056   0.964641   -1.914227
 0.269006   0.959736   -2.396098
 0.270955   0.955298   -1.134602
 0.272904   0.955313   -0.579486
 0.274854   0.953038   -1.760081
 0.276803   0.948452   -1.896189
 0.278752   0.945646   -0.660498
 0.280702   0.945878   -1.157149
 0.282651   0.941137   -1.961963
 0.284600   0.938230   -0.704530
 0.286550   0.938392   -1.902449
 0.288499   0.930816   -2.038332
 0.290448   0.930446   -0.067822
 0.292398   0.930552   -1.269876
 0.294347   0.925498   -1.419419
 0.296296   0.925019   -1.506030
 0.298246   0.919623   -1.995344
 0.300195   0.917238   -0.746857
 0.302144   0.916712   -0.886881
 0.304094   0.913779   -1.410197
 0.306043   0.911213   -0.710505
 0.307992   0.911009   -0.917409
 0.309941   0.907637   -1.646398
 0.311891   0.904590   -0.173909
 0.313840   0.906956   -0.874720
 0.315790   0.901175   -2.193941
 0.317739   0.898401   -0.822526
 0.319688   0.897969   -1.024276
 0.321637   0.894408   -1.066495
 0.323587   0.893812   -0.864075
 0.325536   0.891040   -0.969769
 0.327485   0.890032   -0.421391
 0.329435   0.889397   -0.908360
 0.331384   0.886492   -1.717179
 0.333333   0.882704   -1.171480
 0.335283   0.881926   -0.304559
 0.337232   0.881516   -1.088509
 0.339181   0.877683   -1.170294
 0.341131   0.876955   -0.302010
 0.343080   0.876505   -0.455260
 0.345029   0.875180   -1.253062
 0.346979   0.871618   -1.038297
 0.348928   0.871130   -0.371732
 0.350877   0.870169   -1.287260
 0.352826   0.866112   -1.309180
 0.354776   0.865066   0.154112
 0.356725   0.866712   0.156009
 0.358675   0.865673   -1.151086
 0.360624   0.862225   -1.833399
 0.362573   0.858527   -1.345519
 0.364522   0.856980   -0.042563
 0.366472   0.858362   0.133305
 0.368421   0.857501   -0.642462
 0.370370   0.855858   -1.413164
 0.372320   0.851990   -0.544842
 0.374269   0.853731   0.661337
 0.376218   0.854568   -0.804489
 0.378168   0.850591   -1.274820
 0.380117   0.849596   -1.403284
 0.382066   0.845121   -0.844034
 0.384016   0.846308   0.027432
 0.385965   0.845229   -0.666607
 0.387914   0.843710   0.473956
 0.389863   0.847077   -0.208610
 0.391813   0.842892   -2.062238
 0.393762   0.839036   -0.828040
 0.395711   0.839665   0.409022
 0.397661   0.840631   -0.164275
 0.399610   0.839025   -0.852239
 0.401560   0.837308   -0.775571
 0.403509   0.836001   -0.103288
 0.405458   0.836906   -0.322649
 0.407407   0.834744   -1.010076
 0.409357   0.832967   -0.157640
 0.411306   0.834127   0.378462
 0.413255   0.834443   -0.398111
 0.415205   0.832574   -0.860641
 0.417154   0.831087   -0.306898
 0.419103   0.831378   -0.432794
 0.421053   0.829398   -0.272345
 0.423002   0.830314   -0.356600
 0.424951   0.828008   -1.126073
 0.426901   0.825924   -0.322795
 0.428850   0.826748   -0.315910
 0.430799   0.824693   -0.493973
 0.432748   0.824823   0.129562
 0.434698   0.825198   -0.452376
 0.436647   0.823060   -1.104385
 0.438597   0.820892   -0.397336
 0.440546   0.821509   0.264353
 0.442495   0.821922   0.092358
 0.444444   0.821869   0.055837
 0.446394   0.822140   -0.435008
 0.448343   0.820175   -1.191106
 0.450292   0.817497   0.006042
 0.452242   0.820201   0.193141
 0.454191   0.818253   -1.189901
 0.456140   0.815563   -0.040756
 0.458090   0.818096   0.121515
 0.460039   0.816039   -0.589957
 0.461988   0.815797   0.597872
 0.463938   0.818371   0.109635
 0.465887   0.816227   -1.306664
 0.467836   0.813278   -0.123560
 0.469786   0.815748   0.057781
 0.471735   0.813506   -0.605194
 0.473684   0.813389   -0.147136
 0.475633   0.812932   -0.781570
 0.477583   0.810340   -0.076775
 0.479532   0.812630   -0.107465
 0.481482   0.809919   -0.681350
 0.483431   0.809972   0.577363
 0.485380   0.812169   -0.197053
 0.487329   0.809204   -0.853487
 0.489279   0.808843   -0.106716
 0.491228   0.808788   -0.162237
 0.493177   0.808210   -0.239270
 0.495127   0.807855   -0.129955
 0.497076   0.807704   -0.248018
 0.499025   0.806888   -0.302186
 0.500975   0.806526   0.520541
 0.502924   0.808916   0.381370
 0.504873   0.808012   -0.994092
 0.506823   0.805039   -0.801900
 0.508772   0.804884   -0.270158
 0.510721   0.803986   0.235329
 0.512671   0.805803   0.407843
 0.514620   0.805578   -0.831339
 0.516569   0.802563   -1.007565
 0.518518   0.801650   0.223153
 0.520468   0.803434   0.971672
 0.522417   0.805439   -0.361595
 0.524366   0.802024   -1.059176
 0.526316   0.801310   -0.290172
 0.528265   0.800893   0.253602
 0.530214   0.802299   0.776017
 0.532164   0.803919   -0.332284
 0.534113   0.801005   -1.045618
 0.536062   0.799843   -0.499854
 0.538012   0.799057   0.280260
 0.539961   0.800934   0.191621
 0.541910   0.799804   -1.124931
 0.543860   0.796547   -0.393892
 0.545809   0.798265   0.739502
 0.547758   0.799430   0.082785
 0.549708   0.798587   -0.990903
 0.551657   0.795567   -0.495896
 0.553606   0.796654   1.261320
 0.555556   0.800487   0.218071
 0.557505   0.797508   -1.713361
 0.559454   0.793808   0.010806
 0.561404   0.797554   0.786370
 0.563353   0.796876   -1.114611
 0.565302   0.793209   -0.582351
 0.567252   0.794608   0.766966
 0.569201   0.796199   0.731687
 0.571150   0.797460   -0.610533
 0.573099   0.793820   -1.205403
 0.575049   0.792762   0.708446
 0.576998   0.796579   0.050471
 0.578947   0.792959   -1.812760
 0.580897   0.789511   0.687522
 0.582846   0.795634   1.821763
 0.584795   0.796613   -1.215200
 0.586745   0.790893   -1.674616
 0.588694   0.790081   0.001990
 0.590643   0.790901   0.534444
 0.592593   0.792165   0.718952
 0.594542   0.793704   0.023562
 0.596491   0.792257   -0.652511
 0.598441   0.791160   -0.468512
 0.600390   0.790430   0.039773
 0.602339   0.791315   0.526309
 0.604289   0.792482   -0.488786
 0.606238   0.789411   -1.065854
 0.608187   0.788327   -0.044629
 0.610136   0.789237   0.534930
 0.612086   0.790413   0.692206
 0.614035   0.791936   0.654232
 0.615984   0.792963   -0.569729
 0.617934   0.789712   -1.044628
 0.619883   0.788889   0.017895
 0.621832   0.789782   0.563927
 0.623782   0.791088   0.161539
 0.625731   0.790413   -0.498942
 0.627680   0.789143   0.579167
 0.629630   0.792674   0.719450
 0.631579   0.791950   -1.052163
 0.633528   0.788572   -0.511267
 0.635478   0.789959   0.761616
 0.637427   0.791542   0.179459
 0.639376   0.790659   -0.501344
 0.641325   0.789587   -0.483544
 0.643275   0.788774   0.247475
 0.645224   0.790551   0.770736
 0.647173   0.791778   0.718836
 0.649123   0.793354   -0.269421
 0.651072   0.790730   -0.920007
 0.653021   0.789768   0.764356
 0.654971   0.793713   1.517137
 0.656920   0.795684   0.299406
 0.658869   0.794880   -0.327605
 0.660819   0.794407   -0.130281
 0.662768   0.794371   -0.183049
 0.664717   0.793693   0.288006
 0.666667   0.795496   1.032402
 0.668616   0.797718   0.458557
 0.670565   0.797283   -0.141756
 0.672515   0.797166   0.575352
 0.674464   0.799525   0.528318
 0.676413   0.799225   0.496437
 0.678363   0.801462   0.650533
 0.680312   0.801763   0.054088
 0.682261   0.801673   1.171200
 0.684211   0.806332   0.786460
 0.686160   0.804742   -0.372582
 0.688109   0.804879   1.262948
 0.690059   0.809669   0.899751
 0.692008   0.808391   -0.169822
 0.693957   0.809007   0.836458
 0.695906   0.811651   0.897801
 0.697856   0.812507   1.086812
 0.699805   0.815887   1.640427
 0.701754   0.818901   1.052872
 0.703704   0.819991   0.106483
 0.705653   0.819317   0.139786
 0.707602   0.820536   1.246962
 0.709552   0.824180   2.510748
 0.711501   0.830324   1.436766
 0.713450   0.829781   0.328674
 0.715400   0.831607   1.610188
 0.717349   0.836058   1.093058
 0.719298   0.835868   1.077060
 0.721248   0.840259   2.378397
 0.723197   0.845141   1.878363
 0.725146   0.847581   0.802403
 0.727096   0.848269   1.008576
 0.729045   0.851512   2.718711
 0.730994   0.858866   2.114251
 0.732943   0.859754   1.141169
 0.734893   0.863317   3.042262
 0.736842   0.871613   2.502935
 0.738791   0.873073   1.419790
 0.740741   0.877150   2.220535
 0.742690   0.881731   2.264134
 0.744639   0.885976   2.852609
 0.746589   0.892855   2.557616
 0.748538   0.895950   2.069405
 0.750487   0.900921   3.223877
 0.752437   0.908521   3.470614
 0.754386   0.914454   3.003160
 0.756335   0.920227   2.535826
 0.758285   0.924340   2.776468
 0.760234   0.931052   3.417828
 0.762183   0.937663   3.510255
 0.764133   0.944738   4.315011
 0.766082   0.954486   3.939833
 0.768031   0.960096   3.430229
 0.769980   0.967857   4.130513
 0.771930   0.976201   3.820210
 0.773879   0.982753   4.528239
 0.775829   0.993859   5.318179
 0.777778   1.003489   4.432337
 0.779727   1.011136   4.471245
 0.781676   1.020918   4.661174
 0.783626   1.029309   4.988025
 0.785575   1.040365   6.167388
 0.787524   1.053350   5.786313
 0.789474   1.062924   4.555912
 0.791423   1.071114   5.207040
 0.793372   1.083221   6.411610
 0.795322   1.096113   6.246291
 0.797271   1.107576   6.920791
 0.799220   1.123091   7.097380
 0.801170   1.135247   6.422332
 0.803119   1.148131   6.567848
 0.805068   1.160849   6.703025
 0.807018   1.174266   7.138505
 0.808967   1.188681   7.845920
 0.810916   1.204850   7.955504
 0.812866   1.219699   7.330464
 0.814815   1.233432   8.127191
 0.816764   1.251379   8.719375
 0.818713   1.267420   8.470037
 0.820663   1.284404   8.916857
 0.822612   1.302186   8.551820
 0.824561   1.317739   8.172333
 0.826511   1.334051   9.124170
 0.828460   1.353313   9.336099
 0.830409   1.370443   9.491992
 0.832359   1.390323   10.921905
 0.834308   1.413026   9.571841
 0.836257   1.427634   8.674446
 0.838207   1.446850   10.618249
 0.840156   1.469033   10.311019
 0.842105   1.487042   10.428035
 0.844055   1.509695   10.842095
 0.846004   1.529317   9.962515
 0.847953   1.548528   10.823733
 0.849903   1.571521   11.643201
 0.851852   1.593926   12.363238
 0.853801   1.619713   13.213428
 0.855750   1.645432   12.870386
 0.857700   1.669894   13.251137
 0.859649   1.697096   13.305085
 0.861598   1.721757   12.819521
 0.863548   1.747080   12.723108
 0.865497   1.771365   12.228470
 0.867446   1.794747   12.171923
 0.869396   1.818823   12.041255
 0.871345   1.841696   12.422626
 0.873294   1.867247   12.372338
 0.875244   1.889934   10.859834
 0.877193   1.909591   10.717936
 0.879142   1.931713   11.056829
 0.881092   1.952701   10.860466
 0.883041   1.974058   10.652156
 0.884990   1.994223   9.162886
 0.886940   2.009781   8.917060
 0.888889   2.028989   10.066234
 0.890838   2.049019   8.865010
 0.892787   2.063544   7.884964
 0.894737   2.079764   8.211248
 0.896686   2.095560   7.821056
 0.898636   2.110258   7.474222
 0.900585   2.124702   7.181342
 0.902534   2.138250   7.055265
 0.904483   2.152204   6.753517
 0.906433   2.164582   7.438880
 0.908382   2.181206   8.075172
 0.910331   2.196059   8.223418
 0.912281   2.213270   10.137445
 0.914230   2.235582   10.829415
 0.916179   2.255483   11.040300
 0.918129   2.278630   13.262584
 0.920078   2.307191   15.560948
 0.922027   2.339286   17.670837
 0.923977   2.376092   20.645434
 0.925926   2.419779   23.886972
 0.927875   2.469204   27.182570
 0.929825   2.525768   31.254269
 0.931774   2.591060   35.712156
 0.933723   2.664974   40.737398
 0.935673   2.749900   46.050396
 0.937622   2.844519   51.066521
 0.939571   2.948958   56.042277
 0.941520   3.062972   58.888140
 0.943470   3.178563   63.044433
 0.945419   3.308775   75.629380
 0.947368   3.473367   91.118371
 0.949318   3.664059   100.844011
 0.951267   3.866551   105.936255
 0.953216   4.076998   110.605157
 0.955166   4.297806   114.688352
 0.957115   4.524165   115.937911
 0.959064   4.749732   115.493230
 0.961014   4.974473   113.287840
 0.962963   5.191445   107.087396
 0.964912   5.391899   97.898631
 0.966862   5.573142   86.284698
 0.968811   5.728337   69.617824
 0.970760   5.844512   48.592142
 0.972710   5.917775   24.419102
 0.974659   5.939749   -3.324459
 0.976608   5.904817   -34.034284
 0.978557   5.807083   -66.213567
 0.980507   5.646618   -99.163644
 0.982456   5.420478   -132.297677
 0.984406   5.130757   -162.531919
 0.986355   4.786794   -188.246054
 0.988304   4.396974   -208.486978
 0.990253   3.974112   -221.411143
 0.992203   3.533683   -226.358058
 0.994152   3.091542   -224.421200
 0.996101   2.658889   -221.474264
 0.998051   2.228015   -244.003999
 1.000000   1.707563   -267.035431
514 psinorm omghb() domghb/dpsiN
 0.000000   0.000000   270.603825
 0.001949   0.527407   234.159841
 0.003899   0.912916   166.434624
 0.005848   1.176398   109.882853
 0.007797   1.341240   65.148346
 0.009747   1.430372   32.488142
 0.011696   1.467937   11.879640
 0.013645   1.476679   4.273861
 0.015595   1.484601   37.522760
 0.017544   1.622914   56.117190
 0.019493   1.703346   40.957000
 0.021442   1.782564   37.252822
 0.023392   1.848588   30.589469
 0.025341   1.901839   30.942580
 0.027290   1.969202   31.949865
 0.029240   2.026406   24.900743
 0.031189   2.066299   25.795205
 0.033138   2.126956   28.744161
 0.035088   2.178367   27.224874
 0.037037   2.233104   25.088932
 0.038986   2.276164   20.306576
 0.040936   2.312276   25.580485
 0.042885   2.375888   29.800553
 0.044834   2.428438   21.945068
 0.046784   2.461442   16.922833
 0.048733   2.494420   16.397447
 0.050682   2.525359   17.703247
 0.052632   2.563449   18.633686
 0.054581   2.598014   19.750894
 0.056530   2.640438   25.939309
 0.058480   2.699159   18.219826
 0.060429   2.711501   10.942995
 0.062378   2.741815   19.266518
 0.064327   2.786602   18.404709
 0.066277   2.813566   16.289321
 0.068226   2.850109   6.804560
 0.070175   2.840090   -0.140555
 0.072125   2.849571   10.112695
 0.074074   2.879509   17.403939
 0.076023   2.917412   22.456431
 0.077973   2.967073   15.606240
 0.079922   2.978280   4.933792
 0.081871   2.986305   12.337018
 0.083821   3.026398   21.906601
 0.085770   3.071716   18.732156
 0.087719   3.099416   0.223224
 0.089669   3.072558   -14.056368
 0.091618   3.044611   5.199027
 0.093567   3.092824   26.835449
 0.095517   3.149247   20.586154
 0.097466   3.173106   -0.874683
 0.099415   3.145837   -3.503406
 0.101364   3.159450   8.513410
 0.103314   3.179034   8.586359
 0.105263   3.192931   14.043556
 0.107213   3.233804   16.764990
 0.109162   3.258306   -8.325550
 0.111111   3.201351   -30.398599
 0.113060   3.139812   -2.279267
 0.115010   3.192523   31.931234
 0.116959   3.264302   14.820346
 0.118908   3.250292   -9.588571
 0.120858   3.226912   -3.442523
 0.122807   3.236853   9.617526
 0.124756   3.264401   31.053088
 0.126706   3.357963   27.602505
 0.128655   3.372064   3.444102
 0.130604   3.371388   -10.547271
 0.132554   3.330920   -24.411286
 0.134503   3.276215   -26.307707
 0.136452   3.228372   -31.351829
 0.138402   3.153961   -15.911877
 0.140351   3.166287   8.109218
 0.142300   3.185571   27.943640
 0.144250   3.275276   42.925922
 0.146199   3.352945   -4.703742
 0.148148   3.256940   -25.151470
 0.150097   3.254905   13.176070
 0.152047   3.308342   1.761664
 0.153996   3.261825   -16.667011
 0.155945   3.243374   -19.177271
 0.157895   3.187033   -13.442861
 0.159844   3.190930   -4.513344
 0.161793   3.169440   3.680993
 0.163743   3.205311   44.554679
 0.165692   3.343106   25.586333
 0.167641   3.305047   -29.740311
 0.169591   3.227128   -50.736689
 0.171540   3.107246   -42.076374
 0.173489   3.063115   8.820967
 0.175439   3.141702   4.167919
 0.177388   3.079438   -8.332197
 0.179337   3.109223   29.831752
 0.181286   3.195722   22.124048
 0.183236   3.195440   -9.883881
 0.185185   3.157204   -13.180069
 0.187135   3.144064   2.283294
 0.189084   3.166089   -26.675996
 0.191033   3.040081   -57.595848
 0.192983   2.941537   -27.240143
 0.194932   2.933825   -1.933933
 0.196881   2.933998   -4.651018
 0.198830   2.915695   4.668237
 0.200780   2.952228   27.707664
 0.202729   3.023710   14.717225
 0.204678   3.009595   -19.615075
 0.206628   2.947206   -42.934269
 0.208577   2.842217   -34.310090
 0.210526   2.813465   31.203991
 0.212476   2.963973   33.178845
 0.214425   2.942917   -40.494582
 0.216374   2.806125   -40.284907
 0.218324   2.785906   3.094624
 0.220273   2.818164   -0.264791
 0.222222   2.784874   -25.672023
 0.224171   2.718094   2.904007
 0.226121   2.796271   -4.193133
 0.228070   2.701834   -35.652452
 0.230019   2.657298   5.103872
 0.231969   2.721790   -1.114635
 0.233918   2.653020   -9.897025
 0.235867   2.683211   -6.630013
 0.237817   2.627126   -42.483346
 0.239766   2.517596   -22.530401
 0.241715   2.539302   20.256567
 0.243665   2.596595   30.723277
 0.245614   2.659089   -33.244150
 0.247563   2.467009   -62.962249
 0.249513   2.413671   3.910830
 0.251462   2.482195   -1.378472
 0.253411   2.408298   -19.139440
 0.255361   2.407608   -24.627552
 0.257310   2.312323   -18.655753
 0.259259   2.334888   32.222224
 0.261209   2.437999   13.907172
 0.263158   2.389190   -16.726337
 0.265107   2.372800   -5.850425
 0.267056   2.366385   -26.681201
 0.269006   2.268723   -41.139492
 0.270955   2.205964   -25.571950
 0.272904   2.169044   -14.779321
 0.274854   2.148348   -3.038366
 0.276803   2.157182   -4.887012
 0.278752   2.129298   -16.888139
 0.280702   2.091330   6.599498
 0.282651   2.154977   5.149774
 0.284600   2.111404   -32.079072
 0.286550   2.029882   -13.501612
 0.288499   2.058704   15.651951
 0.290448   2.090893   0.774823
 0.292398   2.061694   -16.399214
 0.294347   2.026955   -10.763229
 0.296296   2.019739   -18.409833
 0.298246   1.955146   -15.568256
 0.300195   1.959003   -5.058162
 0.302144   1.935429   -45.666582
 0.304094   1.780882   -59.389637
 0.306043   1.703829   -21.769817
 0.307992   1.696023   -1.771735
 0.309941   1.696923   18.355686
 0.311891   1.767628   25.309192
 0.313840   1.795625   7.105964
 0.315790   1.795319   -4.861515
 0.317739   1.776680   -24.677899
 0.319688   1.699125   -34.267044
 0.321637   1.643107   -7.628416
 0.323587   1.669424   -10.063074
 0.325536   1.603918   -37.790969
 0.327485   1.522115   4.267335
 0.329435   1.620649   28.582853
 0.331384   1.633603   -17.983259
 0.333333   1.550550   -19.704482
 0.335283   1.556821   -9.895602
 0.337232   1.511993   -30.785711
 0.339181   1.436818   -33.642174
 0.341131   1.380832   -5.743244
 0.343080   1.414380   21.059342
 0.345029   1.462922   6.323722
 0.346979   1.438999   -34.597906
 0.348928   1.328069   -39.575816
 0.350877   1.284732   14.551859
 0.352826   1.384792   25.911848
 0.354776   1.385712   -11.426254
 0.356725   1.340265   -30.191820
 0.358675   1.267980   -2.091900
 0.360624   1.332039   18.015079
 0.362573   1.338203   -21.063155
 0.364522   1.249935   -29.181529
 0.366472   1.224456   -47.247241
 0.368421   1.065786   -59.095077
 0.370370   0.994103   -10.818140
 0.372320   1.023658   34.321781
 0.374269   1.127886   74.247506
 0.376218   1.313075   34.277925
 0.378168   1.261414   -56.285761
 0.380117   1.093676   -48.895376
 0.382066   1.070820   5.237600
 0.384016   1.114132   10.098261
 0.385965   1.110217   -39.422995
 0.387914   0.960461   -61.142306
 0.389863   0.871884   -1.666132
 0.391813   0.954052   22.621299
 0.393762   0.960124   12.859506
 0.395711   1.004178   7.093475
 0.397661   0.987750   -4.087093
 0.399610   0.988234   -21.608250
 0.401560   0.903456   -60.360317
 0.403509   0.752923   -21.407088
 0.405458   0.820011   20.737732
 0.407407   0.833759   -6.490577
 0.409357   0.794677   -31.950788
 0.411306   0.709206   -26.740589
 0.413255   0.690442   12.200703
 0.415205   0.756821   21.722054
 0.417154   0.775161   11.200511
 0.419103   0.800480   30.174123
 0.421053   0.892845   21.515424
 0.423002   0.884421   -28.487173
 0.424951   0.781802   -30.634481
 0.426901   0.765021   6.384363
 0.428850   0.806664   11.311698
 0.430799   0.809114   -11.850550
 0.432748   0.760471   -32.730386
 0.434698   0.681482   -56.512569
 0.436647   0.540160   -21.152885
 0.438597   0.599110   11.903633
 0.440546   0.586609   -25.584189
 0.442495   0.499383   -1.803656
 0.444444   0.579579   14.334810
 0.446394   0.555221   -3.318813
 0.448343   0.566620   35.891627
 0.450292   0.695126   32.631463
 0.452242   0.693784   -35.601512
 0.454191   0.556386   -44.865790
 0.456140   0.518897   -32.864713
 0.458090   0.428219   -33.018152
 0.460039   0.390132   0.156807
 0.461988   0.428830   10.862143
 0.463938   0.432466   6.693877
 0.465887   0.454920   19.472966
 0.467836   0.508371   33.561234
 0.469786   0.585788   25.248896
 0.471735   0.606846   -0.786999
 0.473684   0.582720   -24.986269
 0.475633   0.509449   -43.113806
 0.477583   0.414608   -20.764646
 0.479532   0.428432   7.328274
 0.481482   0.443181   -14.936628
 0.483431   0.370239   -15.926593
 0.485380   0.381100   -0.704566
 0.487329   0.367493   12.631839
 0.489279   0.430390   18.877332
 0.491228   0.441122   -35.596454
 0.493177   0.291635   -40.274737
 0.495127   0.284164   -16.445121
 0.497076   0.227541   -13.633259
 0.499025   0.231021   22.848108
 0.500975   0.316668   11.831027
 0.502924   0.277215   -11.700115
 0.504873   0.271061   20.188692
 0.506823   0.355977   44.476498
 0.508772   0.444473   7.026625
 0.510721   0.383367   -28.872759
 0.512671   0.331903   -29.952197
 0.514620   0.266590   -30.342097
 0.516569   0.213630   0.229051
 0.518518   0.267483   10.334817
 0.520468   0.253890   -20.372342
 0.522417   0.188078   -27.183398
 0.524366   0.147930   -11.178844
 0.526316   0.144511   5.637226
 0.528265   0.169894   13.107929
 0.530214   0.195606   21.798007
 0.532164   0.254902   16.702672
 0.534113   0.260757   -4.705197
 0.536062   0.236561   -1.533826
 0.538012   0.254798   11.641469
 0.539961   0.281947   22.515240
 0.541910   0.342562   -22.203800
 0.543860   0.195267   -84.478821
 0.545809   0.013197   -22.940614
 0.547758   0.105845   27.753884
 0.549708   0.121370   -17.491537
 0.551657   0.037696   -24.204524
 0.553606   0.027021   27.021259
 0.555556   0.143117   59.971746
 0.557505   0.260850   -3.542857
 0.559454   0.129307   -55.928842
 0.561404   0.042807   2.006248
 0.563353   0.137037   18.204817
 0.565302   0.113769   -46.908994
 0.567252   -0.045931   -29.164660
 0.569201   -0.000050   48.912017
 0.571150   0.144728   20.890523
 0.573099   0.081382   -50.804470
 0.575049   -0.053396   -18.320130
 0.576998   0.009850   51.392737
 0.578947   0.146933   36.023636
 0.580897   0.150238   -24.779765
 0.582846   0.050370   -47.623563
 0.584795   -0.035399   -15.830029
 0.586745   -0.011295   5.040503
 0.588694   -0.015732   -13.807896
 0.590643   -0.065118   -8.614506
 0.592593   -0.049286   -0.732515
 0.594542   -0.067957   -37.363572
 0.596491   -0.194929   -13.325037
 0.598441   -0.119807   75.851667
 0.600390   0.100742   70.030241
 0.602339   0.153171   -24.554099
 0.604289   0.004902   -78.514717
 0.606238   -0.152953   -61.386291
 0.608187   -0.234381   -12.610079
 0.610136   -0.202107   7.817469
 0.612086   -0.203919   -9.731364
 0.614035   -0.240032   0.214135
 0.615984   -0.203084   7.890090
 0.617934   -0.209291   -1.122496
 0.619883   -0.207465   9.236252
 0.621832   -0.173288   9.431390
 0.623782   -0.170708   -18.422346
 0.625731   -0.245077   -42.842621
 0.627680   -0.337708   -29.692594
 0.629630   -0.360813   31.657251
 0.631579   -0.214364   59.526303
 0.633528   -0.128780   25.499960
 0.635478   -0.114976   -25.300222
 0.637427   -0.227360   -47.226600
 0.639376   -0.299066   -11.574903
 0.641325   -0.272479   -12.139278
 0.643275   -0.346448   -32.031466
 0.645224   -0.397382   -22.359051
 0.647173   -0.433604   -40.662673
 0.649123   -0.555970   -55.079924
 0.651072   -0.648376   -8.860533
 0.653021   -0.590508   41.757619
 0.654971   -0.485539   32.125203
 0.656920   -0.465209   -10.388365
 0.658869   -0.526032   -16.596399
 0.660819   -0.529889   -8.072139
 0.662768   -0.557494   13.672806
 0.664717   -0.476592   10.299936
 0.666667   -0.517396   -56.154742
 0.668616   -0.695469   -53.077605
 0.670565   -0.724293   -23.776087
 0.672515   -0.788190   -27.673629
 0.674464   -0.832203   5.570918
 0.676413   -0.766474   6.511632
 0.678363   -0.806868   -32.871628
 0.680312   -0.894617   -28.869633
 0.682261   -0.919402   -2.129807
 0.684211   -0.902900   14.829353
 0.686160   -0.861595   6.380628
 0.688109   -0.878028   -16.223438
 0.690059   -0.924866   -51.340376
 0.692008   -1.078149   -59.072920
 0.693957   -1.155132   -21.848249
 0.695906   -1.163314   -2.461846
 0.697856   -1.164727   -6.126464
 0.699805   -1.187190   -25.366194
 0.701754   -1.263605   -40.320409
 0.703704   -1.344402   -30.232930
 0.705653   -1.381505   -10.926130
 0.707602   -1.386992   -6.964581
 0.709552   -1.408669   -24.005099
 0.711501   -1.480562   -65.208724
 0.713450   -1.662852   -71.736064
 0.715400   -1.760217   -4.028285
 0.717349   -1.678650   21.424882
 0.719298   -1.676703   -12.638524
 0.721248   -1.727955   -23.115051
 0.723197   -1.766835   -59.998691
 0.725146   -1.961830   -64.938049
 0.727096   -2.019958   -37.605026
 0.729045   -2.108437   -51.653093
 0.730994   -2.221302   -26.584140
 0.732943   -2.212061   -36.380303
 0.734893   -2.363231   -69.220482
 0.736842   -2.481969   -25.830432
 0.738791   -2.463918   8.760869
 0.740741   -2.447811   -19.307197
 0.742690   -2.539142   -74.615601
 0.744639   -2.738663   -63.536578
 0.746589   -2.786793   -39.756388
 0.748538   -2.893643   -66.184449
 0.750487   -3.044780   -31.298664
 0.752437   -3.015584   -18.973431
 0.754386   -3.118690   -54.704972
 0.756335   -3.228824   -56.299855
 0.758285   -3.338202   -73.418729
 0.760234   -3.515049   -54.659638
 0.762183   -3.551266   -37.730648
 0.764133   -3.662199   -84.874310
 0.766082   -3.882134   -96.194998
 0.768031   -4.037167   -75.716930
 0.769980   -4.177279   -49.368667
 0.771930   -4.229610   -27.340403
 0.773879   -4.283878   -49.548551
 0.775829   -4.422843   -92.127745
 0.777778   -4.643043   -101.364499
 0.779727   -4.817962   -57.783601
 0.781676   -4.868283   -39.423342
 0.783626   -4.971701   -40.207657
 0.785575   -5.025078   -45.608336
 0.787524   -5.149482   -93.290582
 0.789474   -5.388877   -117.158136
 0.791423   -5.606293   -97.750775
 0.793372   -5.769910   -82.660557
 0.795322   -5.928584   -67.299189
 0.797271   -6.032338   -73.241786
 0.799220   -6.214081   -102.666770
 0.801170   -6.432654   -70.234742
 0.803119   -6.488010   -29.426669
 0.805068   -6.547359   -52.679681
 0.807018   -6.693452   -82.087853
 0.808967   -6.867406   -103.497785
 0.810916   -7.096887   -131.148842
 0.812866   -7.378782   -107.364106
 0.814815   -7.515574   -70.017480
 0.816764   -7.651710   -53.002473
 0.818713   -7.722177   -25.959197
 0.820663   -7.752904   -62.887055
 0.822612   -7.967280   -105.829286
 0.824561   -8.165427   -74.236793
 0.826511   -8.256674   -60.705004
 0.828460   -8.402088   -75.855321
 0.830409   -8.552358   -79.790524
 0.832359   -8.713196   -88.589872
 0.834308   -8.897758   -71.906159
 0.836257   -8.993487   -33.384868
 0.838207   -9.027894   -12.613988
 0.840156   -9.042679   -30.376176
 0.842105   -9.146300   -74.559187
 0.844055   -9.333428   -120.150729
 0.846004   -9.614719   -170.613155
 0.847953   -9.998478   -170.678843
 0.849903   -10.280144   -168.869175
 0.851852   -10.656850   -194.056877
 0.853801   -11.036578   -153.346134
 0.855750   -11.254593   -98.921271
 0.857700   -11.422246   -26.309593
 0.859649   -11.357294   49.344730
 0.861598   -11.229900   52.000864
 0.863548   -11.154569   59.104764
 0.865497   -10.999491   73.989130
 0.867446   -10.866159   77.796534
 0.869396   -10.696144   89.133625
 0.871345   -10.518631   65.206268
 0.873294   -10.441970   69.488058
 0.875244   -10.247637   115.416288
 0.877193   -9.991993   120.427416
 0.879142   -9.778211   118.937165
 0.881092   -9.528239   127.646215
 0.883041   -9.280517   125.658601
 0.884990   -9.038422   115.826985
 0.886940   -8.828925   120.731896
 0.888889   -8.567714   145.805082
 0.890838   -8.260576   138.386978
 0.892787   -8.028282   132.358829
 0.894737   -7.744483   130.664230
 0.896686   -7.518792   115.478102
 0.898636   -7.294234   124.772367
 0.900585   -7.032324   74.257236
 0.902534   -7.004780   -18.659815
 0.904483   -7.105060   -53.140109
 0.906433   -7.211976   -94.952028
 0.908382   -7.475198   -169.992334
 0.910331   -7.874606   -235.089413
 0.912281   -8.391872   -307.778512
 0.914230   -9.074550   -393.856684
 0.916179   -9.927125   -484.689060
 0.918129   -10.964447   -584.549130
 0.920078   -12.206177   -705.962130
 0.922027   -13.716287   -834.957081
 0.923977   -15.461795   -977.703138
 0.925926   -17.528187   -1143.840862
 0.927875   -19.920487   -1303.832282
 0.929825   -22.611982   -1413.578623
 0.931774   -25.431963   -1389.654576
 0.933723   -28.028855   -1306.508516
 0.935673   -30.525988   -1377.716609
 0.937622   -33.400378   -1653.064993
 0.939571   -36.969635   -2014.324677
 0.941520   -41.252216   -2370.393933
 0.943470   -46.212148   -2689.179585
 0.945419   -51.737036   -2892.623799
 0.947368   -57.487595   -2919.226667
 0.949318   -63.119038   -2754.839437
 0.951267   -68.228980   -2356.286481
 0.953216   -72.303843   -1722.577365
 0.955166   -74.944573   -922.450176
 0.957115   -75.901339   -88.654113
 0.959064   -75.290147   651.460921
 0.961014   -73.360617   1401.720383
 0.962963   -69.825663   2313.348946
 0.964912   -64.343183   3381.133782
 0.966862   -56.641486   4534.427220
 0.968811   -46.664621   5715.015467
 0.970760   -34.364356   6889.150594
 0.972710   -19.802666   7955.915954
 0.974659   -3.345216   8829.500565
 0.976608   14.614727   9452.565695
 0.978557   33.500885   9706.202631
 0.980507   52.459243   9478.762838
 0.982456   70.459068   8701.791926
 0.984406   86.386463   7863.687771
 0.986355   101.120195   5216.618265
 0.988304   106.720841   1836.153279
 0.990253   108.277521   -204.458633
 0.992203   105.921649   -2207.775946
 0.994152   99.671401   -4209.562397
 0.996101   89.512775   -6431.467108
 0.998051   74.592672   -12058.450032
 1.000000   42.505691   -16463.304907
514 psinorm nb(10^20/m^3) dnb/dpsiN
 0.000000   0.000000   0.000000
 0.001949   0.000000   0.000000
 0.003899   0.000000   0.000000
 0.005848   0.000000   0.000000
 0.007797   0.000000   0.000000
 0.009747   0.000000   0.000000
 0.011696   0.000000   0.000000
 0.013645   0.000000   0.000000
 0.015595   0.000000   0.000000
 0.017544   0.000000   0.000000
 0.019493   0.000000   0.000000
 0.021442   0.000000   0.000000
 0.023392   0.000000   0.000000
 0.025341   0.000000   0.000000
 0.027290   0.000000   0.000000
 0.029240   0.000000   0.000000
 0.031189   0.000000   0.000000
 0.033138   0.000000   0.000000
 0.035088   0.000000   0.000000
 0.037037   0.000000   0.000000
 0.038986   0.000000   0.000000
 0.040936   0.000000   0.000000
 0.042885   0.000000   0.000000
 0.044834   0.000000   0.000000
 0.046784   0.000000   0.000000
 0.048733   0.000000   0.000000
 0.050682   0.000000   0.000000
 0.052632   0.000000   0.000000
 0.054581   0.000000   0.000000
 0.056530   0.000000   0.000000
 0.058480   0.000000   0.000000
 0.060429   0.000000   0.000000
 0.062378   0.000000   0.000000
 0.064327   0.000000   0.000000
 0.066277   0.000000   0.000000
 0.068226   0.000000   0.000000
 0.070175   0.000000   0.000000
 0.072125   0.000000   0.000000
 0.074074   0.000000   0.000000
 0.076023   0.000000   0.000000
 0.077973   0.000000   0.000000
 0.079922   0.000000   0.000000
 0.081871   0.000000   0.000000
 0.083821   0.000000   0.000000
 0.085770   0.000000   0.000000
 0.087719   0.000000   0.000000
 0.089669   0.000000   0.000000
 0.091618   0.000000   0.000000
 0.093567   0.000000   0.000000
 0.095517   0.000000   0.000000
 0.097466   0.000000   0.000000
 0.099415   0.000000   0.000000
 0.101364   0.000000   0.000000
 0.103314   0.000000   0.000000
 0.105263   0.000000   0.000000
 0.107213   0.000000   0.000000
 0.109162   0.000000   0.000000
 0.111111   0.000000   0.000000
 0.113060   0.000000   0.000000
 0.115010   0.000000   0.000000
 0.116959   0.000000   0.000000
 0.118908   0.000000   0.000000
 0.120858   0.000000   0.000000
 0.122807   0.000000   0.000000
 0.124756   0.000000   0.000000
 0.126706   0.000000   0.000000
 0.128655   0.000000   0.000000
 0.130604   0.000000   0.000000
 0.132554   0.000000   0.000000
 0.134503   0.000000   0.000000
 0.136452   0.000000   0.000000
 0.138402   0.000000   0.000000
 0.140351   0.000000   0.000000
 0.142300   0.000000   0.000000
 0.144250   0.000000   0.000000
 0.146199   0.000000   0.000000
 0.148148   0.000000   0.000000
 0.150097   0.000000   0.000000
 0.152047   0.000000   0.000000
 0.153996   0.000000   0.000000
 0.155945   0.000000   0.000000
 0.157895   0.000000   0.000000
 0.159844   0.000000   0.000000
 0.161793   0.000000   0.000000
 0.163743   0.000000   0.000000
 0.165692   0.000000   0.000000
 0.167641   0.000000   0.000000
 0.169591   0.000000   0.000000
 0.171540   0.000000   0.000000
 0.173489   0.000000   0.000000
 0.175439   0.000000   0.000000
 0.177388   0.000000   0.000000
 0.179337   0.000000   0.000000
 0.181286   0.000000   0.000000
 0.183236   0.000000   0.000000
 0.185185   0.000000   0.000000
 0.187135   0.000000   0.000000
 0.189084   0.000000   0.000000
 0.191033   0.000000   0.000000
 0.192983   0.000000   0.000000
 0.194932   0.000000   0.000000
 0.196881   0.000000   0.000000
 0.198830   0.000000   0.000000
 0.200780   0.000000   0.000000
 0.202729   0.000000   0.000000
 0.204678   0.000000   0.000000
 0.206628   0.000000   0.000000
 0.208577   0.000000   0.000000
 0.210526   0.000000   0.000000
 0.212476   0.000000   0.000000
 0.214425   0.000000   0.000000
 0.216374   0.000000   0.000000
 0.218324   0.000000   0.000000
 0.220273   0.000000   0.000000
 0.222222   0.000000   0.000000
 0.224171   0.000000   0.000000
 0.226121   0.000000   0.000000
 0.228070   0.000000   0.000000
 0.230019   0.000000   0.000000
 0.231969   0.000000   0.000000
 0.233918   0.000000   0.000000
 0.235867   0.000000   0.000000
 0.237817   0.000000   0.000000
 0.239766   0.000000   0.000000
 0.241715   0.000000   0.000000
 0.243665   0.000000   0.000000
 0.245614   0.000000   0.000000
 0.247563   0.000000   0.000000
 0.249513   0.000000   0.000000
 0.251462   0.000000   0.000000
 0.253411   0.000000   0.000000
 0.255361   0.000000   0.000000
 0.257310   0.000000   0.000000
 0.259259   0.000000   0.000000
 0.261209   0.000000   0.000000
 0.263158   0.000000   0.000000
 0.265107   0.000000   0.000000
 0.267056   0.000000   0.000000
 0.269006   0.000000   0.000000
 0.270955   0.000000   0.000000
 0.272904   0.000000   0.000000
 0.274854   0.000000   0.000000
 0.276803   0.000000   0.000000
 0.278752   0.000000   0.000000
 0.280702   0.000000   0.000000
 0.282651   0.000000   0.000000
 0.284600   0.000000   0.000000
 0.286550   0.000000   0.000000
 0.288499   0.000000   0.000000
 0.290448   0.000000   0.000000
 0.292398   0.000000   0.000000
 0.294347   0.000000   0.000000
 0.296296   0.000000   0.000000
 0.298246   0.000000   0.000000
 0.300195   0.000000   0.000000
 0.302144   0.000000   0.000000
 0.304094   0.000000   0.000000
 0.306043   0.000000   0.000000
 0.307992   0.000000   0.000000
 0.309941   0.000000   0.000000
 0.311891   0.000000   0.000000
 0.313840   0.000000   0.000000
 0.315790   0.000000   0.000000
 0.317739   0.000000   0.000000
 0.319688   0.000000   0.000000
 0.321637   0.000000   0.000000
 0.323587   0.000000   0.000000
 0.325536   0.000000   0.000000
 0.327485   0.000000   0.000000
 0.329435   0.000000   0.000000
 0.331384   0.000000   0.000000
 0.333333   0.000000   0.000000
 0.335283   0.000000   0.000000
 0.337232   0.000000   0.000000
 0.339181   0.000000   0.000000
 0.341131   0.000000   0.000000
 0.343080   0.000000   0.000000
 0.345029   0.000000   0.000000
 0.346979   0.000000   0.000000
 0.348928   0.000000   0.000000
 0.350877   0.000000   0.000000
 0.352826   0.000000   0.000000
 0.354776   0.000000   0.000000
 0.356725   0.000000   0.000000
 0.358675   0.000000   0.000000
 0.360624   0.000000   0.000000
 0.362573   0.000000   0.000000
 0.364522   0.000000   0.000000
 0.366472   0.000000   0.000000
 0.368421   0.000000   0.000000
 0.370370   0.000000   0.000000
 0.372320   0.000000   0.000000
 0.374269   0.000000   0.000000
 0.376218   0.000000   0.000000
 0.378168   0.000000   0.000000
 0.380117   0.000000   0.000000
 0.382066   0.000000   0.000000
 0.384016   0.000000   0.000000
 0.385965   0.000000   0.000000
 0.387914   0.000000   0.000000
 0.389863   0.000000   0.000000
 0.391813   0.000000   0.000000
 0.393762   0.000000   0.000000
 0.395711   0.000000   0.000000
 0.397661   0.000000   0.000000
 0.399610   0.000000   0.000000
 0.401560   0.000000   0.000000
 0.403509   0.000000   0.000000
 0.405458   0.000000   0.000000
 0.407407   0.000000   0.000000
 0.409357   0.000000   0.000000
 0.411306   0.000000   0.000000
 0.413255   0.000000   0.000000
 0.415205   0.000000   0.000000
 0.417154   0.000000   0.000000
 0.419103   0.000000   0.000000
 0.421053   0.000000   0.000000
 0.423002   0.000000   0.000000
 0.424951   0.000000   0.000000
 0.426901   0.000000   0.000000
 0.428850   0.000000   0.000000
 0.430799   0.000000   0.000000
 0.432748   0.000000   0.000000
 0.434698   0.000000   0.000000
 0.436647   0.000000   0.000000
 0.438597   0.000000   0.000000
 0.440546   0.000000   0.000000
 0.442495   0.000000   0.000000
 0.444444   0.000000   0.000000
 0.446394   0.000000   0.000000
 0.448343   0.000000   0.000000
 0.450292   0.000000   0.000000
 0.452242   0.000000   0.000000
 0.454191   0.000000   0.000000
 0.456140   0.000000   0.000000
 0.458090   0.000000   0.000000
 0.460039   0.000000   0.000000
 0.461988   0.000000   0.000000
 0.463938   0.000000   0.000000
 0.465887   0.000000   0.000000
 0.467836   0.000000   0.000000
 0.469786   0.000000   0.000000
 0.471735   0.000000   0.000000
 0.473684   0.000000   0.000000
 0.475633   0.000000   0.000000
 0.477583   0.000000   0.000000
 0.479532   0.000000   0.000000
 0.481482   0.000000   0.000000
 0.483431   0.000000   0.000000
 0.485380   0.000000   0.000000
 0.487329   0.000000   0.000000
 0.489279   0.000000   0.000000
 0.491228   0.000000   0.000000
 0.493177   0.000000   0.000000
 0.495127   0.000000   0.000000
 0.497076   0.000000   0.000000
 0.499025   0.000000   0.000000
 0.500975   0.000000   0.000000
 0.502924   0.000000   0.000000
 0.504873   0.000000   0.000000
 0.506823   0.000000   0.000000
 0.508772   0.000000   0.000000
 0.510721   0.000000   0.000000
 0.512671   0.000000   0.000000
 0.514620   0.000000   0.000000
 0.516569   0.000000   0.000000
 0.518518   0.000000   0.000000
 0.520468   0.000000   0.000000
 0.522417   0.000000   0.000000
 0.524366   0.000000   0.000000
 0.526316   0.000000   0.000000
 0.528265   0.000000   0.000000
 0.530214   0.000000   0.000000
 0.532164   0.000000   0.000000
 0.534113   0.000000   0.000000
 0.536062   0.000000   0.000000
 0.538012   0.000000   0.000000
 0.539961   0.000000   0.000000
 0.541910   0.000000   0.000000
 0.543860   0.000000   0.000000
 0.545809   0.000000   0.000000
 0.547758   0.000000   0.000000
 0.549708   0.000000   0.000000
 0.551657   0.000000   0.000000
 0.553606   0.000000   0.000000
 0.555556   0.000000   0.000000
 0.557505   0.000000   0.000000
 0.559454   0.000000   0.000000
 0.561404   0.000000   0.000000
 0.563353   0.000000   0.000000
 0.565302   0.000000   0.000000
 0.567252   0.000000   0.000000
 0.569201   0.000000   0.000000
 0.571150   0.000000   0.000000
 0.573099   0.000000   0.000000
 0.575049   0.000000   0.000000
 0.576998   0.000000   0.000000
 0.578947   0.000000   0.000000
 0.580897   0.000000   0.000000
 0.582846   0.000000   0.000000
 0.584795   0.000000   0.000000
 0.586745   0.000000   0.000000
 0.588694   0.000000   0.000000
 0.590643   0.000000   0.000000
 0.592593   0.000000   0.000000
 0.594542   0.000000   0.000000
 0.596491   0.000000   0.000000
 0.598441   0.000000   0.000000
 0.600390   0.000000   0.000000
 0.602339   0.000000   0.000000
 0.604289   0.000000   0.000000
 0.606238   0.000000   0.000000
 0.608187   0.000000   0.000000
 0.610136   0.000000   0.000000
 0.612086   0.000000   0.000000
 0.614035   0.000000   0.000000
 0.615984   0.000000   0.000000
 0.617934   0.000000   0.000000
 0.619883   0.000000   0.000000
 0.621832   0.000000   0.000000
 0.623782   0.000000   0.000000
 0.625731   0.000000   0.000000
 0.627680   0.000000   0.000000
 0.629630   0.000000   0.000000
 0.631579   0.000000   0.000000
 0.633528   0.000000   0.000000
 0.635478   0.000000   0.000000
 0.637427   0.000000   0.000000
 0.639376   0.000000   0.000000
 0.641325   0.000000   0.000000
 0.643275   0.000000   0.000000
 0.645224   0.000000   0.000000
 0.647173   0.000000   0.000000
 0.649123   0.000000   0.000000
 0.651072   0.000000   0.000000
 0.653021   0.000000   0.000000
 0.654971   0.000000   0.000000
 0.656920   0.000000   0.000000
 0.658869   0.000000   0.000000
 0.660819   0.000000   0.000000
 0.662768   0.000000   0.000000
 0.664717   0.000000   0.000000
 0.666667   0.000000   0.000000
 0.668616   0.000000   0.000000
 0.670565   0.000000   0.000000
 0.672515   0.000000   0.000000
 0.674464   0.000000   0.000000
 0.676413   0.000000   0.000000
 0.678363   0.000000   0.000000
 0.680312   0.000000   0.000000
 0.682261   0.000000   0.000000
 0.684211   0.000000   0.000000
 0.686160   0.000000   0.000000
 0.688109   0.000000   0.000000
 0.690059   0.000000   0.000000
 0.692008   0.000000   0.000000
 0.693957   0.000000   0.000000
 0.695906   0.000000   0.000000
 0.697856   0.000000   0.000000
 0.699805   0.000000   0.000000
 0.701754   0.000000   0.000000
 0.703704   0.000000   0.000000
 0.705653   0.000000   0.000000
 0.707602   0.000000   0.000000
 0.709552   0.000000   0.000000
 0.711501   0.000000   0.000000
 0.713450   0.000000   0.000000
 0.715400   0.000000   0.000000
 0.717349   0.000000   0.000000
 0.719298   0.000000   0.000000
 0.721248   0.000000   0.000000
 0.723197   0.000000   0.000000
 0.725146   0.000000   0.000000
 0.727096   0.000000   0.000000
 0.729045   0.000000   0.000000
 0.730994   0.000000   0.000000
 0.732943   0.000000   0.000000
 0.734893   0.000000   0.000000
 0.736842   0.000000   0.000000
 0.738791   0.000000   0.000000
 0.740741   0.000000   0.000000
 0.742690   0.000000   0.000000
 0.744639   0.000000   0.000000
 0.746589   0.000000   0.000000
 0.748538   0.000000   0.000000
 0.750487   0.000000   0.000000
 0.752437   0.000000   0.000000
 0.754386   0.000000   0.000000
 0.756335   0.000000   0.000000
 0.758285   0.000000   0.000000
 0.760234   0.000000   0.000000
 0.762183   0.000000   0.000000
 0.764133   0.000000   0.000000
 0.766082   0.000000   0.000000
 0.768031   0.000000   0.000000
 0.769980   0.000000   0.000000
 0.771930   0.000000   0.000000
 0.773879   0.000000   0.000000
 0.775829   0.000000   0.000000
 0.777778   0.000000   0.000000
 0.779727   0.000000   0.000000
 0.781676   0.000000   0.000000
 0.783626   0.000000   0.000000
 0.785575   0.000000   0.000000
 0.787524   0.000000   0.000000
 0.789474   0.000000   0.000000
 0.791423   0.000000   0.000000
 0.793372   0.000000   0.000000
 0.795322   0.000000   0.000000
 0.797271   0.000000   0.000000
 0.799220   0.000000   0.000000
 0.801170   0.000000   0.000000
 0.803119   0.000000   0.000000
 0.805068   0.000000   0.000000
 0.807018   0.000000   0.000000
 0.808967   0.000000   0.000000
 0.810916   0.000000   0.000000
 0.812866   0.000000   0.000000
 0.814815   0.000000   0.000000
 0.816764   0.000000   0.000000
 0.818713   0.000000   0.000000
 0.820663   0.000000   0.000000
 0.822612   0.000000   0.000000
 0.824561   0.000000   0.000000
 0.826511   0.000000   0.000000
 0.828460   0.000000   0.000000
 0.830409   0.000000   0.000000
 0.832359   0.000000   0.000000
 0.834308   0.000000   0.000000
 0.836257   0.000000   0.000000
 0.838207   0.000000   0.000000
 0.840156   0.000000   0.000000
 0.842105   0.000000   0.000000
 0.844055   0.000000   0.000000
 0.846004   0.000000   0.000000
 0.847953   0.000000   0.000000
 0.849903   0.000000   0.000000
 0.851852   0.000000   0.000000
 0.853801   0.000000   0.000000
 0.855750   0.000000   0.000000
 0.857700   0.000000   0.000000
 0.859649   0.000000   0.000000
 0.861598   0.000000   0.000000
 0.863548   0.000000   0.000000
 0.865497   0.000000   0.000000
 0.867446   0.000000   0.000000
 0.869396   0.000000   0.000000
 0.871345   0.000000   0.000000
 0.873294   0.000000   0.000000
 0.875244   0.000000   0.000000
 0.877193   0.000000   0.000000
 0.879142   0.000000   0.000000
 0.881092   0.000000   0.000000
 0.883041   0.000000   0.000000
 0.884990   0.000000   0.000000
 0.886940   0.000000   0.000000
 0.888889   0.000000   0.000000
 0.890838   0.000000   0.000000
 0.892787   0.000000   0.000000
 0.894737   0.000000   0.000000
 0.896686   0.000000   0.000000
 0.898636   0.000000   0.000000
 0.900585   0.000000   0.000000
 0.902534   0.000000   0.000000
 0.904483   0.000000   0.000000
 0.906433   0.000000   0.000000
 0.908382   0.000000   0.000000
 0.910331   0.000000   0.000000
 0.912281   0.000000   0.000000
 0.914230   0.000000   0.000000
 0.916179   0.000000   0.000000
 0.918129   0.000000   0.000000
 0.920078   0.000000   0.000000
 0.922027   0.000000   0.000000
 0.923977   0.000000   0.000000
 0.925926   0.000000   0.000000
 0.927875   0.000000   0.000000
 0.929825   0.000000   0.000000
 0.931774   0.000000   0.000000
 0.933723   0.000000   0.000000
 0.935673   0.000000   0.000000
 0.937622   0.000000   0.000000
 0.939571   0.000000   0.000000
 0.941520   0.000000   0.000000
 0.943470   0.000000   0.000000
 0.945419   0.000000   0.000000
 0.947368   0.000000   0.000000
 0.949318   0.000000   0.000000
 0.951267   0.000000   0.000000
 0.953216   0.000000   0.000000
 0.955166   0.000000   0.000000
 0.957115   0.000000   0.000000
 0.959064   0.000000   0.000000
 0.961014   0.000000   0.000000
 0.962963   0.000000   0.000000
 0.964912   0.000000   0.000000
 0.966862   0.000000   0.000000
 0.968811   0.000000   0.000000
 0.970760   0.000000   0.000000
 0.972710   0.000000   0.000000
 0.974659   0.000000   0.000000
 0.976608   0.000000   0.000000
 0.978557   0.000000   0.000000
 0.980507   0.000000   0.000000
 0.982456   0.000000   0.000000
 0.984406   0.000000   0.000000
 0.986355   0.000000   0.000000
 0.988304   0.000000   0.000000
 0.990253   0.000000   0.000000
 0.992203   0.000000   0.000000
 0.994152   0.000000   0.000000
 0.996101   0.000000   0.000000
 0.998051   0.000000   0.000000
 1.000000   0.000000   0.000000
514 psinorm pb(KPa) dpb/dpsiN
 0.000000   0.000000   0.000000
 0.001949   0.000000   0.000000
 0.003899   0.000000   0.000000
 0.005848   0.000000   0.000000
 0.007797   0.000000   0.000000
 0.009747   0.000000   0.000000
 0.011696   0.000000   0.000000
 0.013645   0.000000   0.000000
 0.015595   0.000000   0.000000
 0.017544   0.000000   0.000000
 0.019493   0.000000   0.000000
 0.021442   0.000000   0.000000
 0.023392   0.000000   0.000000
 0.025341   0.000000   0.000000
 0.027290   0.000000   0.000000
 0.029240   0.000000   0.000000
 0.031189   0.000000   0.000000
 0.033138   0.000000   0.000000
 0.035088   0.000000   0.000000
 0.037037   0.000000   0.000000
 0.038986   0.000000   0.000000
 0.040936   0.000000   0.000000
 0.042885   0.000000   0.000000
 0.044834   0.000000   0.000000
 0.046784   0.000000   0.000000
 0.048733   0.000000   0.000000
 0.050682   0.000000   0.000000
 0.052632   0.000000   0.000000
 0.054581   0.000000   0.000000
 0.056530   0.000000   0.000000
 0.058480   0.000000   0.000000
 0.060429   0.000000   0.000000
 0.062378   0.000000   0.000000
 0.064327   0.000000   0.000000
 0.066277   0.000000   0.000000
 0.068226   0.000000   0.000000
 0.070175   0.000000   0.000000
 0.072125   0.000000   0.000000
 0.074074   0.000000   0.000000
 0.076023   0.000000   0.000000
 0.077973   0.000000   0.000000
 0.079922   0.000000   0.000000
 0.081871   0.000000   0.000000
 0.083821   0.000000   0.000000
 0.085770   0.000000   0.000000
 0.087719   0.000000   0.000000
 0.089669   0.000000   0.000000
 0.091618   0.000000   0.000000
 0.093567   0.000000   0.000000
 0.095517   0.000000   0.000000
 0.097466   0.000000   0.000000
 0.099415   0.000000   0.000000
 0.101364   0.000000   0.000000
 0.103314   0.000000   0.000000
 0.105263   0.000000   0.000000
 0.107213   0.000000   0.000000
 0.109162   0.000000   0.000000
 0.111111   0.000000   0.000000
 0.113060   0.000000   0.000000
 0.115010   0.000000   0.000000
 0.116959   0.000000   0.000000
 0.118908   0.000000   0.000000
 0.120858   0.000000   0.000000
 0.122807   0.000000   0.000000
 0.124756   0.000000   0.000000
 0.126706   0.000000   0.000000
 0.128655   0.000000   0.000000
 0.130604   0.000000   0.000000
 0.132554   0.000000   0.000000
 0.134503   0.000000   0.000000
 0.136452   0.000000   0.000000
 0.138402   0.000000   0.000000
 0.140351   0.000000   0.000000
 0.142300   0.000000   0.000000
 0.144250   0.000000   0.000000
 0.146199   0.000000   0.000000
 0.148148   0.000000   0.000000
 0.150097   0.000000   0.000000
 0.152047   0.000000   0.000000
 0.153996   0.000000   0.000000
 0.155945   0.000000   0.000000
 0.157895   0.000000   0.000000
 0.159844   0.000000   0.000000
 0.161793   0.000000   0.000000
 0.163743   0.000000   0.000000
 0.165692   0.000000   0.000000
 0.167641   0.000000   0.000000
 0.169591   0.000000   0.000000
 0.171540   0.000000   0.000000
 0.173489   0.000000   0.000000
 0.175439   0.000000   0.000000
 0.177388   0.000000   0.000000
 0.179337   0.000000   0.000000
 0.181286   0.000000   0.000000
 0.183236   0.000000   0.000000
 0.185185   0.000000   0.000000
 0.187135   0.000000   0.000000
 0.189084   0.000000   0.000000
 0.191033   0.000000   0.000000
 0.192983   0.000000   0.000000
 0.194932   0.000000   0.000000
 0.196881   0.000000   0.000000
 0.198830   0.000000   0.000000
 0.200780   0.000000   0.000000
 0.202729   0.000000   0.000000
 0.204678   0.000000   0.000000
 0.206628   0.000000   0.000000
 0.208577   0.000000   0.000000
 0.210526   0.000000   0.000000
 0.212476   0.000000   0.000000
 0.214425   0.000000   0.000000
 0.216374   0.000000   0.000000
 0.218324   0.000000   0.000000
 0.220273   0.000000   0.000000
 0.222222   0.000000   0.000000
 0.224171   0.000000   0.000000
 0.226121   0.000000   0.000000
 0.228070   0.000000   0.000000
 0.230019   0.000000   0.000000
 0.231969   0.000000   0.000000
 0.233918   0.000000   0.000000
 0.235867   0.000000   0.000000
 0.237817   0.000000   0.000000
 0.239766   0.000000   0.000000
 0.241715   0.000000   0.000000
 0.243665   0.000000   0.000000
 0.245614   0.000000   0.000000
 0.247563   0.000000   0.000000
 0.249513   0.000000   0.000000
 0.251462   0.000000   0.000000
 0.253411   0.000000   0.000000
 0.255361   0.000000   0.000000
 0.257310   0.000000   0.000000
 0.259259   0.000000   0.000000
 0.261209   0.000000   0.000000
 0.263158   0.000000   0.000000
 0.265107   0.000000   0.000000
 0.267056   0.000000   0.000000
 0.269006   0.000000   0.000000
 0.270955   0.000000   0.000000
 0.272904   0.000000   0.000000
 0.274854   0.000000   0.000000
 0.276803   0.000000   0.000000
 0.278752   0.000000   0.000000
 0.280702   0.000000   0.000000
 0.282651   0.000000   0.000000
 0.284600   0.000000   0.000000
 0.286550   0.000000   0.000000
 0.288499   0.000000   0.000000
 0.290448   0.000000   0.000000
 0.292398   0.000000   0.000000
 0.294347   0.000000   0.000000
 0.296296   0.000000   0.000000
 0.298246   0.000000   0.000000
 0.300195   0.000000   0.000000
 0.302144   0.000000   0.000000
 0.304094   0.000000   0.000000
 0.306043   0.000000   0.000000
 0.307992   0.000000   0.000000
 0.309941   0.000000   0.000000
 0.311891   0.000000   0.000000
 0.313840   0.000000   0.000000
 0.315790   0.000000   0.000000
 0.317739   0.000000   0.000000
 0.319688   0.000000   0.000000
 0.321637   0.000000   0.000000
 0.323587   0.000000   0.000000
 0.325536   0.000000   0.000000
 0.327485   0.000000   0.000000
 0.329435   0.000000   0.000000
 0.331384   0.000000   0.000000
 0.333333   0.000000   0.000000
 0.335283   0.000000   0.000000
 0.337232   0.000000   0.000000
 0.339181   0.000000   0.000000
 0.341131   0.000000   0.000000
 0.343080   0.000000   0.000000
 0.345029   0.000000   0.000000
 0.346979   0.000000   0.000000
 0.348928   0.000000   0.000000
 0.350877   0.000000   0.000000
 0.352826   0.000000   0.000000
 0.354776   0.000000   0.000000
 0.356725   0.000000   0.000000
 0.358675   0.000000   0.000000
 0.360624   0.000000   0.000000
 0.362573   0.000000   0.000000
 0.364522   0.000000   0.000000
 0.366472   0.000000   0.000000
 0.368421   0.000000   0.000000
 0.370370   0.000000   0.000000
 0.372320   0.000000   0.000000
 0.374269   0.000000   0.000000
 0.376218   0.000000   0.000000
 0.378168   0.000000   0.000000
 0.380117   0.000000   0.000000
 0.382066   0.000000   0.000000
 0.384016   0.000000   0.000000
 0.385965   0.000000   0.000000
 0.387914   0.000000   0.000000
 0.389863   0.000000   0.000000
 0.391813   0.000000   0.000000
 0.393762   0.000000   0.000000
 0.395711   0.000000   0.000000
 0.397661   0.000000   0.000000
 0.399610   0.000000   0.000000
 0.401560   0.000000   0.000000
 0.403509   0.000000   0.000000
 0.405458   0.000000   0.000000
 0.407407   0.000000   0.000000
 0.409357   0.000000   0.000000
 0.411306   0.000000   0.000000
 0.413255   0.000000   0.000000
 0.415205   0.000000   0.000000
 0.417154   0.000000   0.000000
 0.419103   0.000000   0.000000
 0.421053   0.000000   0.000000
 0.423002   0.000000   0.000000
 0.424951   0.000000   0.000000
 0.426901   0.000000   0.000000
 0.428850   0.000000   0.000000
 0.430799   0.000000   0.000000
 0.432748   0.000000   0.000000
 0.434698   0.000000   0.000000
 0.436647   0.000000   0.000000
 0.438597   0.000000   0.000000
 0.440546   0.000000   0.000000
 0.442495   0.000000   0.000000
 0.444444   0.000000   0.000000
 0.446394   0.000000   0.000000
 0.448343   0.000000   0.000000
 0.450292   0.000000   0.000000
 0.452242   0.000000   0.000000
 0.454191   0.000000   0.000000
 0.456140   0.000000   0.000000
 0.458090   0.000000   0.000000
 0.460039   0.000000   0.000000
 0.461988   0.000000   0.000000
 0.463938   0.000000   0.000000
 0.465887   0.000000   0.000000
 0.467836   0.000000   0.000000
 0.469786   0.000000   0.000000
 0.471735   0.000000   0.000000
 0.473684   0.000000   0.000000
 0.475633   0.000000   0.000000
 0.477583   0.000000   0.000000
 0.479532   0.000000   0.000000
 0.481482   0.000000   0.000000
 0.483431   0.000000   0.000000
 0.485380   0.000000   0.000000
 0.487329   0.000000   0.000000
 0.489279   0.000000   0.000000
 0.491228   0.000000   0.000000
 0.493177   0.000000   0.000000
 0.495127   0.000000   0.000000
 0.497076   0.000000   0.000000
 0.499025   0.000000   0.000000
 0.500975   0.000000   0.000000
 0.502924   0.000000   0.000000
 0.504873   0.000000   0.000000
 0.506823   0.000000   0.000000
 0.508772   0.000000   0.000000
 0.510721   0.000000   0.000000
 0.512671   0.000000   0.000000
 0.514620   0.000000   0.000000
 0.516569   0.000000   0.000000
 0.518518   0.000000   0.000000
 0.520468   0.000000   0.000000
 0.522417   0.000000   0.000000
 0.524366   0.000000   0.000000
 0.526316   0.000000   0.000000
 0.528265   0.000000   0.000000
 0.530214   0.000000   0.000000
 0.532164   0.000000   0.000000
 0.534113   0.000000   0.000000
 0.536062   0.000000   0.000000
 0.538012   0.000000   0.000000
 0.539961   0.000000   0.000000
 0.541910   0.000000   0.000000
 0.543860   0.000000   0.000000
 0.545809   0.000000   0.000000
 0.547758   0.000000   0.000000
 0.549708   0.000000   0.000000
 0.551657   0.000000   0.000000
 0.553606   0.000000   0.000000
 0.555556   0.000000   0.000000
 0.557505   0.000000   0.000000
 0.559454   0.000000   0.000000
 0.561404   0.000000   0.000000
 0.563353   0.000000   0.000000
 0.565302   0.000000   0.000000
 0.567252   0.000000   0.000000
 0.569201   0.000000   0.000000
 0.571150   0.000000   0.000000
 0.573099   0.000000   0.000000
 0.575049   0.000000   0.000000
 0.576998   0.000000   0.000000
 0.578947   0.000000   0.000000
 0.580897   0.000000   0.000000
 0.582846   0.000000   0.000000
 0.584795   0.000000   0.000000
 0.586745   0.000000   0.000000
 0.588694   0.000000   0.000000
 0.590643   0.000000   0.000000
 0.592593   0.000000   0.000000
 0.594542   0.000000   0.000000
 0.596491   0.000000   0.000000
 0.598441   0.000000   0.000000
 0.600390   0.000000   0.000000
 0.602339   0.000000   0.000000
 0.604289   0.000000   0.000000
 0.606238   0.000000   0.000000
 0.608187   0.000000   0.000000
 0.610136   0.000000   0.000000
 0.612086   0.000000   0.000000
 0.614035   0.000000   0.000000
 0.615984   0.000000   0.000000
 0.617934   0.000000   0.000000
 0.619883   0.000000   0.000000
 0.621832   0.000000   0.000000
 0.623782   0.000000   0.000000
 0.625731   0.000000   0.000000
 0.627680   0.000000   0.000000
 0.629630   0.000000   0.000000
 0.631579   0.000000   0.000000
 0.633528   0.000000   0.000000
 0.635478   0.000000   0.000000
 0.637427   0.000000   0.000000
 0.639376   0.000000   0.000000
 0.641325   0.000000   0.000000
 0.643275   0.000000   0.000000
 0.645224   0.000000   0.000000
 0.647173   0.000000   0.000000
 0.649123   0.000000   0.000000
 0.651072   0.000000   0.000000
 0.653021   0.000000   0.000000
 0.654971   0.000000   0.000000
 0.656920   0.000000   0.000000
 0.658869   0.000000   0.000000
 0.660819   0.000000   0.000000
 0.662768   0.000000   0.000000
 0.664717   0.000000   0.000000
 0.666667   0.000000   0.000000
 0.668616   0.000000   0.000000
 0.670565   0.000000   0.000000
 0.672515   0.000000   0.000000
 0.674464   0.000000   0.000000
 0.676413   0.000000   0.000000
 0.678363   0.000000   0.000000
 0.680312   0.000000   0.000000
 0.682261   0.000000   0.000000
 0.684211   0.000000   0.000000
 0.686160   0.000000   0.000000
 0.688109   0.000000   0.000000
 0.690059   0.000000   0.000000
 0.692008   0.000000   0.000000
 0.693957   0.000000   0.000000
 0.695906   0.000000   0.000000
 0.697856   0.000000   0.000000
 0.699805   0.000000   0.000000
 0.701754   0.000000   0.000000
 0.703704   0.000000   0.000000
 0.705653   0.000000   0.000000
 0.707602   0.000000   0.000000
 0.709552   0.000000   0.000000
 0.711501   0.000000   0.000000
 0.713450   0.000000   0.000000
 0.715400   0.000000   0.000000
 0.717349   0.000000   0.000000
 0.719298   0.000000   0.000000
 0.721248   0.000000   0.000000
 0.723197   0.000000   0.000000
 0.725146   0.000000   0.000000
 0.727096   0.000000   0.000000
 0.729045   0.000000   0.000000
 0.730994   0.000000   0.000000
 0.732943   0.000000   0.000000
 0.734893   0.000000   0.000000
 0.736842   0.000000   0.000000
 0.738791   0.000000   0.000000
 0.740741   0.000000   0.000000
 0.742690   0.000000   0.000000
 0.744639   0.000000   0.000000
 0.746589   0.000000   0.000000
 0.748538   0.000000   0.000000
 0.750487   0.000000   0.000000
 0.752437   0.000000   0.000000
 0.754386   0.000000   0.000000
 0.756335   0.000000   0.000000
 0.758285   0.000000   0.000000
 0.760234   0.000000   0.000000
 0.762183   0.000000   0.000000
 0.764133   0.000000   0.000000
 0.766082   0.000000   0.000000
 0.768031   0.000000   0.000000
 0.769980   0.000000   0.000000
 0.771930   0.000000   0.000000
 0.773879   0.000000   0.000000
 0.775829   0.000000   0.000000
 0.777778   0.000000   0.000000
 0.779727   0.000000   0.000000
 0.781676   0.000000   0.000000
 0.783626   0.000000   0.000000
 0.785575   0.000000   0.000000
 0.787524   0.000000   0.000000
 0.789474   0.000000   0.000000
 0.791423   0.000000   0.000000
 0.793372   0.000000   0.000000
 0.795322   0.000000   0.000000
 0.797271   0.000000   0.000000
 0.799220   0.000000   0.000000
 0.801170   0.000000   0.000000
 0.803119   0.000000   0.000000
 0.805068   0.000000   0.000000
 0.807018   0.000000   0.000000
 0.808967   0.000000   0.000000
 0.810916   0.000000   0.000000
 0.812866   0.000000   0.000000
 0.814815   0.000000   0.000000
 0.816764   0.000000   0.000000
 0.818713   0.000000   0.000000
 0.820663   0.000000   0.000000
 0.822612   0.000000   0.000000
 0.824561   0.000000   0.000000
 0.826511   0.000000   0.000000
 0.828460   0.000000   0.000000
 0.830409   0.000000   0.000000
 0.832359   0.000000   0.000000
 0.834308   0.000000   0.000000
 0.836257   0.000000   0.000000
 0.838207   0.000000   0.000000
 0.840156   0.000000   0.000000
 0.842105   0.000000   0.000000
 0.844055   0.000000   0.000000
 0.846004   0.000000   0.000000
 0.847953   0.000000   0.000000
 0.849903   0.000000   0.000000
 0.851852   0.000000   0.000000
 0.853801   0.000000   0.000000
 0.855750   0.000000   0.000000
 0.857700   0.000000   0.000000
 0.859649   0.000000   0.000000
 0.861598   0.000000   0.000000
 0.863548   0.000000   0.000000
 0.865497   0.000000   0.000000
 0.867446   0.000000   0.000000
 0.869396   0.000000   0.000000
 0.871345   0.000000   0.000000
 0.873294   0.000000   0.000000
 0.875244   0.000000   0.000000
 0.877193   0.000000   0.000000
 0.879142   0.000000   0.000000
 0.881092   0.000000   0.000000
 0.883041   0.000000   0.000000
 0.884990   0.000000   0.000000
 0.886940   0.000000   0.000000
 0.888889   0.000000   0.000000
 0.890838   0.000000   0.000000
 0.892787   0.000000   0.000000
 0.894737   0.000000   0.000000
 0.896686   0.000000   0.000000
 0.898636   0.000000   0.000000
 0.900585   0.000000   0.000000
 0.902534   0.000000   0.000000
 0.904483   0.000000   0.000000
 0.906433   0.000000   0.000000
 0.908382   0.000000   0.000000
 0.910331   0.000000   0.000000
 0.912281   0.000000   0.000000
 0.914230   0.000000   0.000000
 0.916179   0.000000   0.000000
 0.918129   0.000000   0.000000
 0.920078   0.000000   0.000000
 0.922027   0.000000   0.000000
 0.923977   0.000000   0.000000
 0.925926   0.000000   0.000000
 0.927875   0.000000   0.000000
 0.929825   0.000000   0.000000
 0.931774   0.000000   0.000000
 0.933723   0.000000   0.000000
 0.935673   0.000000   0.000000
 0.937622   0.000000   0.000000
 0.939571   0.000000   0.000000
 0.941520   0.000000   0.000000
 0.943470   0.000000   0.000000
 0.945419   0.000000   0.000000
 0.947368   0.000000   0.000000
 0.949318   0.000000   0.000000
 0.951267   0.000000   0.000000
 0.953216   0.000000   0.000000
 0.955166   0.000000   0.000000
 0.957115   0.000000   0.000000
 0.959064   0.000000   0.000000
 0.961014   0.000000   0.000000
 0.962963   0.000000   0.000000
 0.964912   0.000000   0.000000
 0.966862   0.000000   0.000000
 0.968811   0.000000   0.000000
 0.970760   0.000000   0.000000
 0.972710   0.000000   0.000000
 0.974659   0.000000   0.000000
 0.976608   0.000000   0.000000
 0.978557   0.000000   0.000000
 0.980507   0.000000   0.000000
 0.982456   0.000000   0.000000
 0.984406   0.000000   0.000000
 0.986355   0.000000   0.000000
 0.988304   0.000000   0.000000
 0.990253   0.000000   0.000000
 0.992203   0.000000   0.000000
 0.994152   0.000000   0.000000
 0.996101   0.000000   0.000000
 0.998051   0.000000   0.000000
 1.000000   0.000000   0.000000
514 psinorm vtor1(km/s) dvtor1/dpsiN
 0.000000   0.000000   0.000000
 0.001949   0.000000   0.000000
 0.003899   0.000000   0.000000
 0.005848   0.000000   0.000000
 0.007797   0.000000   0.000000
 0.009747   0.000000   0.000000
 0.011696   0.000000   0.000000
 0.013645   0.000000   0.000000
 0.015595   0.000000   0.000000
 0.017544   0.000000   0.000000
 0.019493   0.000000   0.000000
 0.021442   0.000000   0.000000
 0.023392   0.000000   0.000000
 0.025341   0.000000   0.000000
 0.027290   0.000000   0.000000
 0.029240   0.000000   0.000000
 0.031189   0.000000   0.000000
 0.033138   0.000000   0.000000
 0.035088   0.000000   0.000000
 0.037037   0.000000   0.000000
 0.038986   0.000000   0.000000
 0.040936   0.000000   0.000000
 0.042885   0.000000   0.000000
 0.044834   0.000000   0.000000
 0.046784   0.000000   0.000000
 0.048733   0.000000   0.000000
 0.050682   0.000000   0.000000
 0.052632   0.000000   0.000000
 0.054581   0.000000   0.000000
 0.056530   0.000000   0.000000
 0.058480   0.000000   0.000000
 0.060429   0.000000   0.000000
 0.062378   0.000000   0.000000
 0.064327   0.000000   0.000000
 0.066277   0.000000   0.000000
 0.068226   0.000000   0.000000
 0.070175   0.000000   0.000000
 0.072125   0.000000   0.000000
 0.074074   0.000000   0.000000
 0.076023   0.000000   0.000000
 0.077973   0.000000   0.000000
 0.079922   0.000000   0.000000
 0.081871   0.000000   0.000000
 0.083821   0.000000   0.000000
 0.085770   0.000000   0.000000
 0.087719   0.000000   0.000000
 0.089669   0.000000   0.000000
 0.091618   0.000000   0.000000
 0.093567   0.000000   0.000000
 0.095517   0.000000   0.000000
 0.097466   0.000000   0.000000
 0.099415   0.000000   0.000000
 0.101364   0.000000   0.000000
 0.103314   0.000000   0.000000
 0.105263   0.000000   0.000000
 0.107213   0.000000   0.000000
 0.109162   0.000000   0.000000
 0.111111   0.000000   0.000000
 0.113060   0.000000   0.000000
 0.115010   0.000000   0.000000
 0.116959   0.000000   0.000000
 0.118908   0.000000   0.000000
 0.120858   0.000000   0.000000
 0.122807   0.000000   0.000000
 0.124756   0.000000   0.000000
 0.126706   0.000000   0.000000
 0.128655   0.000000   0.000000
 0.130604   0.000000   0.000000
 0.132554   0.000000   0.000000
 0.134503   0.000000   0.000000
 0.136452   0.000000   0.000000
 0.138402   0.000000   0.000000
 0.140351   0.000000   0.000000
 0.142300   0.000000   0.000000
 0.144250   0.000000   0.000000
 0.146199   0.000000   0.000000
 0.148148   0.000000   0.000000
 0.150097   0.000000   0.000000
 0.152047   0.000000   0.000000
 0.153996   0.000000   0.000000
 0.155945   0.000000   0.000000
 0.157895   0.000000   0.000000
 0.159844   0.000000   0.000000
 0.161793   0.000000   0.000000
 0.163743   0.000000   0.000000
 0.165692   0.000000   0.000000
 0.167641   0.000000   0.000000
 0.169591   0.000000   0.000000
 0.171540   0.000000   0.000000
 0.173489   0.000000   0.000000
 0.175439   0.000000   0.000000
 0.177388   0.000000   0.000000
 0.179337   0.000000   0.000000
 0.181286   0.000000   0.000000
 0.183236   0.000000   0.000000
 0.185185   0.000000   0.000000
 0.187135   0.000000   0.000000
 0.189084   0.000000   0.000000
 0.191033   0.000000   0.000000
 0.192983   0.000000   0.000000
 0.194932   0.000000   0.000000
 0.196881   0.000000   0.000000
 0.198830   0.000000   0.000000
 0.200780   0.000000   0.000000
 0.202729   0.000000   0.000000
 0.204678   0.000000   0.000000
 0.206628   0.000000   0.000000
 0.208577   0.000000   0.000000
 0.210526   0.000000   0.000000
 0.212476   0.000000   0.000000
 0.214425   0.000000   0.000000
 0.216374   0.000000   0.000000
 0.218324   0.000000   0.000000
 0.220273   0.000000   0.000000
 0.222222   0.000000   0.000000
 0.224171   0.000000   0.000000
 0.226121   0.000000   0.000000
 0.228070   0.000000   0.000000
 0.230019   0.000000   0.000000
 0.231969   0.000000   0.000000
 0.233918   0.000000   0.000000
 0.235867   0.000000   0.000000
 0.237817   0.000000   0.000000
 0.239766   0.000000   0.000000
 0.241715   0.000000   0.000000
 0.243665   0.000000   0.000000
 0.245614   0.000000   0.000000
 0.247563   0.000000   0.000000
 0.249513   0.000000   0.000000
 0.251462   0.000000   0.000000
 0.253411   0.000000   0.000000
 0.255361   0.000000   0.000000
 0.257310   0.000000   0.000000
 0.259259   0.000000   0.000000
 0.261209   0.000000   0.000000
 0.263158   0.000000   0.000000
 0.265107   0.000000   0.000000
 0.267056   0.000000   0.000000
 0.269006   0.000000   0.000000
 0.270955   0.000000   0.000000
 0.272904   0.000000   0.000000
 0.274854   0.000000   0.000000
 0.276803   0.000000   0.000000
 0.278752   0.000000   0.000000
 0.280702   0.000000   0.000000
 0.282651   0.000000   0.000000
 0.284600   0.000000   0.000000
 0.286550   0.000000   0.000000
 0.288499   0.000000   0.000000
 0.290448   0.000000   0.000000
 0.292398   0.000000   0.000000
 0.294347   0.000000   0.000000
 0.296296   0.000000   0.000000
 0.298246   0.000000   0.000000
 0.300195   0.000000   0.000000
 0.302144   0.000000   0.000000
 0.304094   0.000000   0.000000
 0.306043   0.000000   0.000000
 0.307992   0.000000   0.000000
 0.309941   0.000000   0.000000
 0.311891   0.000000   0.000000
 0.313840   0.000000   0.000000
 0.315790   0.000000   0.000000
 0.317739   0.000000   0.000000
 0.319688   0.000000   0.000000
 0.321637   0.000000   0.000000
 0.323587   0.000000   0.000000
 0.325536   0.000000   0.000000
 0.327485   0.000000   0.000000
 0.329435   0.000000   0.000000
 0.331384   0.000000   0.000000
 0.333333   0.000000   0.000000
 0.335283   0.000000   0.000000
 0.337232   0.000000   0.000000
 0.339181   0.000000   0.000000
 0.341131   0.000000   0.000000
 0.343080   0.000000   0.000000
 0.345029   0.000000   0.000000
 0.346979   0.000000   0.000000
 0.348928   0.000000   0.000000
 0.350877   0.000000   0.000000
 0.352826   0.000000   0.000000
 0.354776   0.000000   0.000000
 0.356725   0.000000   0.000000
 0.358675   0.000000   0.000000
 0.360624   0.000000   0.000000
 0.362573   0.000000   0.000000
 0.364522   0.000000   0.000000
 0.366472   0.000000   0.000000
 0.368421   0.000000   0.000000
 0.370370   0.000000   0.000000
 0.372320   0.000000   0.000000
 0.374269   0.000000   0.000000
 0.376218   0.000000   0.000000
 0.378168   0.000000   0.000000
 0.380117   0.000000   0.000000
 0.382066   0.000000   0.000000
 0.384016   0.000000   0.000000
 0.385965   0.000000   0.000000
 0.387914   0.000000   0.000000
 0.389863   0.000000   0.000000
 0.391813   0.000000   0.000000
 0.393762   0.000000   0.000000
 0.395711   0.000000   0.000000
 0.397661   0.000000   0.000000
 0.399610   0.000000   0.000000
 0.401560   0.000000   0.000000
 0.403509   0.000000   0.000000
 0.405458   0.000000   0.000000
 0.407407   0.000000   0.000000
 0.409357   0.000000   0.000000
 0.411306   0.000000   0.000000
 0.413255   0.000000   0.000000
 0.415205   0.000000   0.000000
 0.417154   0.000000   0.000000
 0.419103   0.000000   0.000000
 0.421053   0.000000   0.000000
 0.423002   0.000000   0.000000
 0.424951   0.000000   0.000000
 0.426901   0.000000   0.000000
 0.428850   0.000000   0.000000
 0.430799   0.000000   0.000000
 0.432748   0.000000   0.000000
 0.434698   0.000000   0.000000
 0.436647   0.000000   0.000000
 0.438597   0.000000   0.000000
 0.440546   0.000000   0.000000
 0.442495   0.000000   0.000000
 0.444444   0.000000   0.000000
 0.446394   0.000000   0.000000
 0.448343   0.000000   0.000000
 0.450292   0.000000   0.000000
 0.452242   0.000000   0.000000
 0.454191   0.000000   0.000000
 0.456140   0.000000   0.000000
 0.458090   0.000000   0.000000
 0.460039   0.000000   0.000000
 0.461988   0.000000   0.000000
 0.463938   0.000000   0.000000
 0.465887   0.000000   0.000000
 0.467836   0.000000   0.000000
 0.469786   0.000000   0.000000
 0.471735   0.000000   0.000000
 0.473684   0.000000   0.000000
 0.475633   0.000000   0.000000
 0.477583   0.000000   0.000000
 0.479532   0.000000   0.000000
 0.481482   0.000000   0.000000
 0.483431   0.000000   0.000000
 0.485380   0.000000   0.000000
 0.487329   0.000000   0.000000
 0.489279   0.000000   0.000000
 0.491228   0.000000   0.000000
 0.493177   0.000000   0.000000
 0.495127   0.000000   0.000000
 0.497076   0.000000   0.000000
 0.499025   0.000000   0.000000
 0.500975   0.000000   0.000000
 0.502924   0.000000   0.000000
 0.504873   0.000000   0.000000
 0.506823   0.000000   0.000000
 0.508772   0.000000   0.000000
 0.510721   0.000000   0.000000
 0.512671   0.000000   0.000000
 0.514620   0.000000   0.000000
 0.516569   0.000000   0.000000
 0.518518   0.000000   0.000000
 0.520468   0.000000   0.000000
 0.522417   0.000000   0.000000
 0.524366   0.000000   0.000000
 0.526316   0.000000   0.000000
 0.528265   0.000000   0.000000
 0.530214   0.000000   0.000000
 0.532164   0.000000   0.000000
 0.534113   0.000000   0.000000
 0.536062   0.000000   0.000000
 0.538012   0.000000   0.000000
 0.539961   0.000000   0.000000
 0.541910   0.000000   0.000000
 0.543860   0.000000   0.000000
 0.545809   0.000000   0.000000
 0.547758   0.000000   0.000000
 0.549708   0.000000   0.000000
 0.551657   0.000000   0.000000
 0.553606   0.000000   0.000000
 0.555556   0.000000   0.000000
 0.557505   0.000000   0.000000
 0.559454   0.000000   0.000000
 0.561404   0.000000   0.000000
 0.563353   0.000000   0.000000
 0.565302   0.000000   0.000000
 0.567252   0.000000   0.000000
 0.569201   0.000000   0.000000
 0.571150   0.000000   0.000000
 0.573099   0.000000   0.000000
 0.575049   0.000000   0.000000
 0.576998   0.000000   0.000000
 0.578947   0.000000   0.000000
 0.580897   0.000000   0.000000
 0.582846   0.000000   0.000000
 0.584795   0.000000   0.000000
 0.586745   0.000000   0.000000
 0.588694   0.000000   0.000000
 0.590643   0.000000   0.000000
 0.592593   0.000000   0.000000
 0.594542   0.000000   0.000000
 0.596491   0.000000   0.000000
 0.598441   0.000000   0.000000
 0.600390   0.000000   0.000000
 0.602339   0.000000   0.000000
 0.604289   0.000000   0.000000
 0.606238   0.000000   0.000000
 0.608187   0.000000   0.000000
 0.610136   0.000000   0.000000
 0.612086   0.000000   0.000000
 0.614035   0.000000   0.000000
 0.615984   0.000000   0.000000
 0.617934   0.000000   0.000000
 0.619883   0.000000   0.000000
 0.621832   0.000000   0.000000
 0.623782   0.000000   0.000000
 0.625731   0.000000   0.000000
 0.627680   0.000000   0.000000
 0.629630   0.000000   0.000000
 0.631579   0.000000   0.000000
 0.633528   0.000000   0.000000
 0.635478   0.000000   0.000000
 0.637427   0.000000   0.000000
 0.639376   0.000000   0.000000
 0.641325   0.000000   0.000000
 0.643275   0.000000   0.000000
 0.645224   0.000000   0.000000
 0.647173   0.000000   0.000000
 0.649123   0.000000   0.000000
 0.651072   0.000000   0.000000
 0.653021   0.000000   0.000000
 0.654971   0.000000   0.000000
 0.656920   0.000000   0.000000
 0.658869   0.000000   0.000000
 0.660819   0.000000   0.000000
 0.662768   0.000000   0.000000
 0.664717   0.000000   0.000000
 0.666667   0.000000   0.000000
 0.668616   0.000000   0.000000
 0.670565   0.000000   0.000000
 0.672515   0.000000   0.000000
 0.674464   0.000000   0.000000
 0.676413   0.000000   0.000000
 0.678363   0.000000   0.000000
 0.680312   0.000000   0.000000
 0.682261   0.000000   0.000000
 0.684211   0.000000   0.000000
 0.686160   0.000000   0.000000
 0.688109   0.000000   0.000000
 0.690059   0.000000   0.000000
 0.692008   0.000000   0.000000
 0.693957   0.000000   0.000000
 0.695906   0.000000   0.000000
 0.697856   0.000000   0.000000
 0.699805   0.000000   0.000000
 0.701754   0.000000   0.000000
 0.703704   0.000000   0.000000
 0.705653   0.000000   0.000000
 0.707602   0.000000   0.000000
 0.709552   0.000000   0.000000
 0.711501   0.000000   0.000000
 0.713450   0.000000   0.000000
 0.715400   0.000000   0.000000
 0.717349   0.000000   0.000000
 0.719298   0.000000   0.000000
 0.721248   0.000000   0.000000
 0.723197   0.000000   0.000000
 0.725146   0.000000   0.000000
 0.727096   0.000000   0.000000
 0.729045   0.000000   0.000000
 0.730994   0.000000   0.000000
 0.732943   0.000000   0.000000
 0.734893   0.000000   0.000000
 0.736842   0.000000   0.000000
 0.738791   0.000000   0.000000
 0.740741   0.000000   0.000000
 0.742690   0.000000   0.000000
 0.744639   0.000000   0.000000
 0.746589   0.000000   0.000000
 0.748538   0.000000   0.000000
 0.750487   0.000000   0.000000
 0.752437   0.000000   0.000000
 0.754386   0.000000   0.000000
 0.756335   0.000000   0.000000
 0.758285   0.000000   0.000000
 0.760234   0.000000   0.000000
 0.762183   0.000000   0.000000
 0.764133   0.000000   0.000000
 0.766082   0.000000   0.000000
 0.768031   0.000000   0.000000
 0.769980   0.000000   0.000000
 0.771930   0.000000   0.000000
 0.773879   0.000000   0.000000
 0.775829   0.000000   0.000000
 0.777778   0.000000   0.000000
 0.779727   0.000000   0.000000
 0.781676   0.000000   0.000000
 0.783626   0.000000   0.000000
 0.785575   0.000000   0.000000
 0.787524   0.000000   0.000000
 0.789474   0.000000   0.000000
 0.791423   0.000000   0.000000
 0.793372   0.000000   0.000000
 0.795322   0.000000   0.000000
 0.797271   0.000000   0.000000
 0.799220   0.000000   0.000000
 0.801170   0.000000   0.000000
 0.803119   0.000000   0.000000
 0.805068   0.000000   0.000000
 0.807018   0.000000   0.000000
 0.808967   0.000000   0.000000
 0.810916   0.000000   0.000000
 0.812866   0.000000   0.000000
 0.814815   0.000000   0.000000
 0.816764   0.000000   0.000000
 0.818713   0.000000   0.000000
 0.820663   0.000000   0.000000
 0.822612   0.000000   0.000000
 0.824561   0.000000   0.000000
 0.826511   0.000000   0.000000
 0.828460   0.000000   0.000000
 0.830409   0.000000   0.000000
 0.832359   0.000000   0.000000
 0.834308   0.000000   0.000000
 0.836257   0.000000   0.000000
 0.838207   0.000000   0.000000
 0.840156   0.000000   0.000000
 0.842105   0.000000   0.000000
 0.844055   0.000000   0.000000
 0.846004   0.000000   0.000000
 0.847953   0.000000   0.000000
 0.849903   0.000000   0.000000
 0.851852   0.000000   0.000000
 0.853801   0.000000   0.000000
 0.855750   0.000000   0.000000
 0.857700   0.000000   0.000000
 0.859649   0.000000   0.000000
 0.861598   0.000000   0.000000
 0.863548   0.000000   0.000000
 0.865497   0.000000   0.000000
 0.867446   0.000000   0.000000
 0.869396   0.000000   0.000000
 0.871345   0.000000   0.000000
 0.873294   0.000000   0.000000
 0.875244   0.000000   0.000000
 0.877193   0.000000   0.000000
 0.879142   0.000000   0.000000
 0.881092   0.000000   0.000000
 0.883041   0.000000   0.000000
 0.884990   0.000000   0.000000
 0.886940   0.000000   0.000000
 0.888889   0.000000   0.000000
 0.890838   0.000000   0.000000
 0.892787   0.000000   0.000000
 0.894737   0.000000   0.000000
 0.896686   0.000000   0.000000
 0.898636   0.000000   0.000000
 0.900585   0.000000   0.000000
 0.902534   0.000000   0.000000
 0.904483   0.000000   0.000000
 0.906433   0.000000   0.000000
 0.908382   0.000000   0.000000
 0.910331   0.000000   0.000000
 0.912281   0.000000   0.000000
 0.914230   0.000000   0.000000
 0.916179   0.000000   0.000000
 0.918129   0.000000   0.000000
 0.920078   0.000000   0.000000
 0.922027   0.000000   0.000000
 0.923977   0.000000   0.000000
 0.925926   0.000000   0.000000
 0.927875   0.000000   0.000000
 0.929825   0.000000   0.000000
 0.931774   0.000000   0.000000
 0.933723   0.000000   0.000000
 0.935673   0.000000   0.000000
 0.937622   0.000000   0.000000
 0.939571   0.000000   0.000000
 0.941520   0.000000   0.000000
 0.943470   0.000000   0.000000
 0.945419   0.000000   0.000000
 0.947368   0.000000   0.000000
 0.949318   0.000000   0.000000
 0.951267   0.000000   0.000000
 0.953216   0.000000   0.000000
 0.955166   0.000000   0.000000
 0.957115   0.000000   0.000000
 0.959064   0.000000   0.000000
 0.961014   0.000000   0.000000
 0.962963   0.000000   0.000000
 0.964912   0.000000   0.000000
 0.966862   0.000000   0.000000
 0.968811   0.000000   0.000000
 0.970760   0.000000   0.000000
 0.972710   0.000000   0.000000
 0.974659   0.000000   0.000000
 0.976608   0.000000   0.000000
 0.978557   0.000000   0.000000
 0.980507   0.000000   0.000000
 0.982456   0.000000   0.000000
 0.984406   0.000000   0.000000
 0.986355   0.000000   0.000000
 0.988304   0.000000   0.000000
 0.990253   0.000000   0.000000
 0.992203   0.000000   0.000000
 0.994152   0.000000   0.000000
 0.996101   0.000000   0.000000
 0.998051   0.000000   0.000000
 1.000000   0.000000   0.000000
514 psinorm vpol1(km/s) dvpol1/dpsiN
 0.000000   0.000000   0.000000
 0.001949   0.000000   0.000000
 0.003899   0.000000   0.000000
 0.005848   0.000000   0.000000
 0.007797   0.000000   0.000000
 0.009747   0.000000   0.000000
 0.011696   0.000000   0.000000
 0.013645   0.000000   0.000000
 0.015595   0.000000   0.000000
 0.017544   0.000000   0.000000
 0.019493   0.000000   0.000000
 0.021442   0.000000   0.000000
 0.023392   0.000000   0.000000
 0.025341   0.000000   0.000000
 0.027290   0.000000   0.000000
 0.029240   0.000000   0.000000
 0.031189   0.000000   0.000000
 0.033138   0.000000   0.000000
 0.035088   0.000000   0.000000
 0.037037   0.000000   0.000000
 0.038986   0.000000   0.000000
 0.040936   0.000000   0.000000
 0.042885   0.000000   0.000000
 0.044834   0.000000   0.000000
 0.046784   0.000000   0.000000
 0.048733   0.000000   0.000000
 0.050682   0.000000   0.000000
 0.052632   0.000000   0.000000
 0.054581   0.000000   0.000000
 0.056530   0.000000   0.000000
 0.058480   0.000000   0.000000
 0.060429   0.000000   0.000000
 0.062378   0.000000   0.000000
 0.064327   0.000000   0.000000
 0.066277   0.000000   0.000000
 0.068226   0.000000   0.000000
 0.070175   0.000000   0.000000
 0.072125   0.000000   0.000000
 0.074074   0.000000   0.000000
 0.076023   0.000000   0.000000
 0.077973   0.000000   0.000000
 0.079922   0.000000   0.000000
 0.081871   0.000000   0.000000
 0.083821   0.000000   0.000000
 0.085770   0.000000   0.000000
 0.087719   0.000000   0.000000
 0.089669   0.000000   0.000000
 0.091618   0.000000   0.000000
 0.093567   0.000000   0.000000
 0.095517   0.000000   0.000000
 0.097466   0.000000   0.000000
 0.099415   0.000000   0.000000
 0.101364   0.000000   0.000000
 0.103314   0.000000   0.000000
 0.105263   0.000000   0.000000
 0.107213   0.000000   0.000000
 0.109162   0.000000   0.000000
 0.111111   0.000000   0.000000
 0.113060   0.000000   0.000000
 0.115010   0.000000   0.000000
 0.116959   0.000000   0.000000
 0.118908   0.000000   0.000000
 0.120858   0.000000   0.000000
 0.122807   0.000000   0.000000
 0.124756   0.000000   0.000000
 0.126706   0.000000   0.000000
 0.128655   0.000000   0.000000
 0.130604   0.000000   0.000000
 0.132554   0.000000   0.000000
 0.134503   0.000000   0.000000
 0.136452   0.000000   0.000000
 0.138402   0.000000   0.000000
 0.140351   0.000000   0.000000
 0.142300   0.000000   0.000000
 0.144250   0.000000   0.000000
 0.146199   0.000000   0.000000
 0.148148   0.000000   0.000000
 0.150097   0.000000   0.000000
 0.152047   0.000000   0.000000
 0.153996   0.000000   0.000000
 0.155945   0.000000   0.000000
 0.157895   0.000000   0.000000
 0.159844   0.000000   0.000000
 0.161793   0.000000   0.000000
 0.163743   0.000000   0.000000
 0.165692   0.000000   0.000000
 0.167641   0.000000   0.000000
 0.169591   0.000000   0.000000
 0.171540   0.000000   0.000000
 0.173489   0.000000   0.000000
 0.175439   0.000000   0.000000
 0.177388   0.000000   0.000000
 0.179337   0.000000   0.000000
 0.181286   0.000000   0.000000
 0.183236   0.000000   0.000000
 0.185185   0.000000   0.000000
 0.187135   0.000000   0.000000
 0.189084   0.000000   0.000000
 0.191033   0.000000   0.000000
 0.192983   0.000000   0.000000
 0.194932   0.000000   0.000000
 0.196881   0.000000   0.000000
 0.198830   0.000000   0.000000
 0.200780   0.000000   0.000000
 0.202729   0.000000   0.000000
 0.204678   0.000000   0.000000
 0.206628   0.000000   0.000000
 0.208577   0.000000   0.000000
 0.210526   0.000000   0.000000
 0.212476   0.000000   0.000000
 0.214425   0.000000   0.000000
 0.216374   0.000000   0.000000
 0.218324   0.000000   0.000000
 0.220273   0.000000   0.000000
 0.222222   0.000000   0.000000
 0.224171   0.000000   0.000000
 0.226121   0.000000   0.000000
 0.228070   0.000000   0.000000
 0.230019   0.000000   0.000000
 0.231969   0.000000   0.000000
 0.233918   0.000000   0.000000
 0.235867   0.000000   0.000000
 0.237817   0.000000   0.000000
 0.239766   0.000000   0.000000
 0.241715   0.000000   0.000000
 0.243665   0.000000   0.000000
 0.245614   0.000000   0.000000
 0.247563   0.000000   0.000000
 0.249513   0.000000   0.000000
 0.251462   0.000000   0.000000
 0.253411   0.000000   0.000000
 0.255361   0.000000   0.000000
 0.257310   0.000000   0.000000
 0.259259   0.000000   0.000000
 0.261209   0.000000   0.000000
 0.263158   0.000000   0.000000
 0.265107   0.000000   0.000000
 0.267056   0.000000   0.000000
 0.269006   0.000000   0.000000
 0.270955   0.000000   0.000000
 0.272904   0.000000   0.000000
 0.274854   0.000000   0.000000
 0.276803   0.000000   0.000000
 0.278752   0.000000   0.000000
 0.280702   0.000000   0.000000
 0.282651   0.000000   0.000000
 0.284600   0.000000   0.000000
 0.286550   0.000000   0.000000
 0.288499   0.000000   0.000000
 0.290448   0.000000   0.000000
 0.292398   0.000000   0.000000
 0.294347   0.000000   0.000000
 0.296296   0.000000   0.000000
 0.298246   0.000000   0.000000
 0.300195   0.000000   0.000000
 0.302144   0.000000   0.000000
 0.304094   0.000000   0.000000
 0.306043   0.000000   0.000000
 0.307992   0.000000   0.000000
 0.309941   0.000000   0.000000
 0.311891   0.000000   0.000000
 0.313840   0.000000   0.000000
 0.315790   0.000000   0.000000
 0.317739   0.000000   0.000000
 0.319688   0.000000   0.000000
 0.321637   0.000000   0.000000
 0.323587   0.000000   0.000000
 0.325536   0.000000   0.000000
 0.327485   0.000000   0.000000
 0.329435   0.000000   0.000000
 0.331384   0.000000   0.000000
 0.333333   0.000000   0.000000
 0.335283   0.000000   0.000000
 0.337232   0.000000   0.000000
 0.339181   0.000000   0.000000
 0.341131   0.000000   0.000000
 0.343080   0.000000   0.000000
 0.345029   0.000000   0.000000
 0.346979   0.000000   0.000000
 0.348928   0.000000   0.000000
 0.350877   0.000000   0.000000
 0.352826   0.000000   0.000000
 0.354776   0.000000   0.000000
 0.356725   0.000000   0.000000
 0.358675   0.000000   0.000000
 0.360624   0.000000   0.000000
 0.362573   0.000000   0.000000
 0.364522   0.000000   0.000000
 0.366472   0.000000   0.000000
 0.368421   0.000000   0.000000
 0.370370   0.000000   0.000000
 0.372320   0.000000   0.000000
 0.374269   0.000000   0.000000
 0.376218   0.000000   0.000000
 0.378168   0.000000   0.000000
 0.380117   0.000000   0.000000
 0.382066   0.000000   0.000000
 0.384016   0.000000   0.000000
 0.385965   0.000000   0.000000
 0.387914   0.000000   0.000000
 0.389863   0.000000   0.000000
 0.391813   0.000000   0.000000
 0.393762   0.000000   0.000000
 0.395711   0.000000   0.000000
 0.397661   0.000000   0.000000
 0.399610   0.000000   0.000000
 0.401560   0.000000   0.000000
 0.403509   0.000000   0.000000
 0.405458   0.000000   0.000000
 0.407407   0.000000   0.000000
 0.409357   0.000000   0.000000
 0.411306   0.000000   0.000000
 0.413255   0.000000   0.000000
 0.415205   0.000000   0.000000
 0.417154   0.000000   0.000000
 0.419103   0.000000   0.000000
 0.421053   0.000000   0.000000
 0.423002   0.000000   0.000000
 0.424951   0.000000   0.000000
 0.426901   0.000000   0.000000
 0.428850   0.000000   0.000000
 0.430799   0.000000   0.000000
 0.432748   0.000000   0.000000
 0.434698   0.000000   0.000000
 0.436647   0.000000   0.000000
 0.438597   0.000000   0.000000
 0.440546   0.000000   0.000000
 0.442495   0.000000   0.000000
 0.444444   0.000000   0.000000
 0.446394   0.000000   0.000000
 0.448343   0.000000   0.000000
 0.450292   0.000000   0.000000
 0.452242   0.000000   0.000000
 0.454191   0.000000   0.000000
 0.456140   0.000000   0.000000
 0.458090   0.000000   0.000000
 0.460039   0.000000   0.000000
 0.461988   0.000000   0.000000
 0.463938   0.000000   0.000000
 0.465887   0.000000   0.000000
 0.467836   0.000000   0.000000
 0.469786   0.000000   0.000000
 0.471735   0.000000   0.000000
 0.473684   0.000000   0.000000
 0.475633   0.000000   0.000000
 0.477583   0.000000   0.000000
 0.479532   0.000000   0.000000
 0.481482   0.000000   0.000000
 0.483431   0.000000   0.000000
 0.485380   0.000000   0.000000
 0.487329   0.000000   0.000000
 0.489279   0.000000   0.000000
 0.491228   0.000000   0.000000
 0.493177   0.000000   0.000000
 0.495127   0.000000   0.000000
 0.497076   0.000000   0.000000
 0.499025   0.000000   0.000000
 0.500975   0.000000   0.000000
 0.502924   0.000000   0.000000
 0.504873   0.000000   0.000000
 0.506823   0.000000   0.000000
 0.508772   0.000000   0.000000
 0.510721   0.000000   0.000000
 0.512671   0.000000   0.000000
 0.514620   0.000000   0.000000
 0.516569   0.000000   0.000000
 0.518518   0.000000   0.000000
 0.520468   0.000000   0.000000
 0.522417   0.000000   0.000000
 0.524366   0.000000   0.000000
 0.526316   0.000000   0.000000
 0.528265   0.000000   0.000000
 0.530214   0.000000   0.000000
 0.532164   0.000000   0.000000
 0.534113   0.000000   0.000000
 0.536062   0.000000   0.000000
 0.538012   0.000000   0.000000
 0.539961   0.000000   0.000000
 0.541910   0.000000   0.000000
 0.543860   0.000000   0.000000
 0.545809   0.000000   0.000000
 0.547758   0.000000   0.000000
 0.549708   0.000000   0.000000
 0.551657   0.000000   0.000000
 0.553606   0.000000   0.000000
 0.555556   0.000000   0.000000
 0.557505   0.000000   0.000000
 0.559454   0.000000   0.000000
 0.561404   0.000000   0.000000
 0.563353   0.000000   0.000000
 0.565302   0.000000   0.000000
 0.567252   0.000000   0.000000
 0.569201   0.000000   0.000000
 0.571150   0.000000   0.000000
 0.573099   0.000000   0.000000
 0.575049   0.000000   0.000000
 0.576998   0.000000   0.000000
 0.578947   0.000000   0.000000
 0.580897   0.000000   0.000000
 0.582846   0.000000   0.000000
 0.584795   0.000000   0.000000
 0.586745   0.000000   0.000000
 0.588694   0.000000   0.000000
 0.590643   0.000000   0.000000
 0.592593   0.000000   0.000000
 0.594542   0.000000   0.000000
 0.596491   0.000000   0.000000
 0.598441   0.000000   0.000000
 0.600390   0.000000   0.000000
 0.602339   0.000000   0.000000
 0.604289   0.000000   0.000000
 0.606238   0.000000   0.000000
 0.608187   0.000000   0.000000
 0.610136   0.000000   0.000000
 0.612086   0.000000   0.000000
 0.614035   0.000000   0.000000
 0.615984   0.000000   0.000000
 0.617934   0.000000   0.000000
 0.619883   0.000000   0.000000
 0.621832   0.000000   0.000000
 0.623782   0.000000   0.000000
 0.625731   0.000000   0.000000
 0.627680   0.000000   0.000000
 0.629630   0.000000   0.000000
 0.631579   0.000000   0.000000
 0.633528   0.000000   0.000000
 0.635478   0.000000   0.000000
 0.637427   0.000000   0.000000
 0.639376   0.000000   0.000000
 0.641325   0.000000   0.000000
 0.643275   0.000000   0.000000
 0.645224   0.000000   0.000000
 0.647173   0.000000   0.000000
 0.649123   0.000000   0.000000
 0.651072   0.000000   0.000000
 0.653021   0.000000   0.000000
 0.654971   0.000000   0.000000
 0.656920   0.000000   0.000000
 0.658869   0.000000   0.000000
 0.660819   0.000000   0.000000
 0.662768   0.000000   0.000000
 0.664717   0.000000   0.000000
 0.666667   0.000000   0.000000
 0.668616   0.000000   0.000000
 0.670565   0.000000   0.000000
 0.672515   0.000000   0.000000
 0.674464   0.000000   0.000000
 0.676413   0.000000   0.000000
 0.678363   0.000000   0.000000
 0.680312   0.000000   0.000000
 0.682261   0.000000   0.000000
 0.684211   0.000000   0.000000
 0.686160   0.000000   0.000000
 0.688109   0.000000   0.000000
 0.690059   0.000000   0.000000
 0.692008   0.000000   0.000000
 0.693957   0.000000   0.000000
 0.695906   0.000000   0.000000
 0.697856   0.000000   0.000000
 0.699805   0.000000   0.000000
 0.701754   0.000000   0.000000
 0.703704   0.000000   0.000000
 0.705653   0.000000   0.000000
 0.707602   0.000000   0.000000
 0.709552   0.000000   0.000000
 0.711501   0.000000   0.000000
 0.713450   0.000000   0.000000
 0.715400   0.000000   0.000000
 0.717349   0.000000   0.000000
 0.719298   0.000000   0.000000
 0.721248   0.000000   0.000000
 0.723197   0.000000   0.000000
 0.725146   0.000000   0.000000
 0.727096   0.000000   0.000000
 0.729045   0.000000   0.000000
 0.730994   0.000000   0.000000
 0.732943   0.000000   0.000000
 0.734893   0.000000   0.000000
 0.736842   0.000000   0.000000
 0.738791   0.000000   0.000000
 0.740741   0.000000   0.000000
 0.742690   0.000000   0.000000
 0.744639   0.000000   0.000000
 0.746589   0.000000   0.000000
 0.748538   0.000000   0.000000
 0.750487   0.000000   0.000000
 0.752437   0.000000   0.000000
 0.754386   0.000000   0.000000
 0.756335   0.000000   0.000000
 0.758285   0.000000   0.000000
 0.760234   0.000000   0.000000
 0.762183   0.000000   0.000000
 0.764133   0.000000   0.000000
 0.766082   0.000000   0.000000
 0.768031   0.000000   0.000000
 0.769980   0.000000   0.000000
 0.771930   0.000000   0.000000
 0.773879   0.000000   0.000000
 0.775829   0.000000   0.000000
 0.777778   0.000000   0.000000
 0.779727   0.000000   0.000000
 0.781676   0.000000   0.000000
 0.783626   0.000000   0.000000
 0.785575   0.000000   0.000000
 0.787524   0.000000   0.000000
 0.789474   0.000000   0.000000
 0.791423   0.000000   0.000000
 0.793372   0.000000   0.000000
 0.795322   0.000000   0.000000
 0.797271   0.000000   0.000000
 0.799220   0.000000   0.000000
 0.801170   0.000000   0.000000
 0.803119   0.000000   0.000000
 0.805068   0.000000   0.000000
 0.807018   0.000000   0.000000
 0.808967   0.000000   0.000000
 0.810916   0.000000   0.000000
 0.812866   0.000000   0.000000
 0.814815   0.000000   0.000000
 0.816764   0.000000   0.000000
 0.818713   0.000000   0.000000
 0.820663   0.000000   0.000000
 0.822612   0.000000   0.000000
 0.824561   0.000000   0.000000
 0.826511   0.000000   0.000000
 0.828460   0.000000   0.000000
 0.830409   0.000000   0.000000
 0.832359   0.000000   0.000000
 0.834308   0.000000   0.000000
 0.836257   0.000000   0.000000
 0.838207   0.000000   0.000000
 0.840156   0.000000   0.000000
 0.842105   0.000000   0.000000
 0.844055   0.000000   0.000000
 0.846004   0.000000   0.000000
 0.847953   0.000000   0.000000
 0.849903   0.000000   0.000000
 0.851852   0.000000   0.000000
 0.853801   0.000000   0.000000
 0.855750   0.000000   0.000000
 0.857700   0.000000   0.000000
 0.859649   0.000000   0.000000
 0.861598   0.000000   0.000000
 0.863548   0.000000   0.000000
 0.865497   0.000000   0.000000
 0.867446   0.000000   0.000000
 0.869396   0.000000   0.000000
 0.871345   0.000000   0.000000
 0.873294   0.000000   0.000000
 0.875244   0.000000   0.000000
 0.877193   0.000000   0.000000
 0.879142   0.000000   0.000000
 0.881092   0.000000   0.000000
 0.883041   0.000000   0.000000
 0.884990   0.000000   0.000000
 0.886940   0.000000   0.000000
 0.888889   0.000000   0.000000
 0.890838   0.000000   0.000000
 0.892787   0.000000   0.000000
 0.894737   0.000000   0.000000
 0.896686   0.000000   0.000000
 0.898636   0.000000   0.000000
 0.900585   0.000000   0.000000
 0.902534   0.000000   0.000000
 0.904483   0.000000   0.000000
 0.906433   0.000000   0.000000
 0.908382   0.000000   0.000000
 0.910331   0.000000   0.000000
 0.912281   0.000000   0.000000
 0.914230   0.000000   0.000000
 0.916179   0.000000   0.000000
 0.918129   0.000000   0.000000
 0.920078   0.000000   0.000000
 0.922027   0.000000   0.000000
 0.923977   0.000000   0.000000
 0.925926   0.000000   0.000000
 0.927875   0.000000   0.000000
 0.929825   0.000000   0.000000
 0.931774   0.000000   0.000000
 0.933723   0.000000   0.000000
 0.935673   0.000000   0.000000
 0.937622   0.000000   0.000000
 0.939571   0.000000   0.000000
 0.941520   0.000000   0.000000
 0.943470   0.000000   0.000000
 0.945419   0.000000   0.000000
 0.947368   0.000000   0.000000
 0.949318   0.000000   0.000000
 0.951267   0.000000   0.000000
 0.953216   0.000000   0.000000
 0.955166   0.000000   0.000000
 0.957115   0.000000   0.000000
 0.959064   0.000000   0.000000
 0.961014   0.000000   0.000000
 0.962963   0.000000   0.000000
 0.964912   0.000000   0.000000
 0.966862   0.000000   0.000000
 0.968811   0.000000   0.000000
 0.970760   0.000000   0.000000
 0.972710   0.000000   0.000000
 0.974659   0.000000   0.000000
 0.976608   0.000000   0.000000
 0.978557   0.000000   0.000000
 0.980507   0.000000   0.000000
 0.982456   0.000000   0.000000
 0.984406   0.000000   0.000000
 0.986355   0.000000   0.000000
 0.988304   0.000000   0.000000
 0.990253   0.000000   0.000000
 0.992203   0.000000   0.000000
 0.994152   0.000000   0.000000
 0.996101   0.000000   0.000000
 0.998051   0.000000   0.000000
 1.000000   0.000000   0.000000
514 psinorm kpol(km/s/T) dkpol/dpsiN
 0.000000   0.000000   0.000000
 0.001949   0.000000   0.000000
 0.003899   0.000000   0.000000
 0.005848   0.000000   0.000000
 0.007797   0.000000   0.000000
 0.009747   0.000000   0.000000
 0.011696   0.000000   0.000000
 0.013645   0.000000   0.000000
 0.015595   0.000000   0.000000
 0.017544   0.000000   0.000000
 0.019493   0.000000   0.000000
 0.021442   0.000000   0.000000
 0.023392   0.000000   0.000000
 0.025341   0.000000   0.000000
 0.027290   0.000000   0.000000
 0.029240   0.000000   0.000000
 0.031189   0.000000   0.000000
 0.033138   0.000000   0.000000
 0.035088   0.000000   0.000000
 0.037037   0.000000   0.000000
 0.038986   0.000000   0.000000
 0.040936   0.000000   0.000000
 0.042885   0.000000   0.000000
 0.044834   0.000000   0.000000
 0.046784   0.000000   0.000000
 0.048733   0.000000   0.000000
 0.050682   0.000000   0.000000
 0.052632   0.000000   0.000000
 0.054581   0.000000   0.000000
 0.056530   0.000000   0.000000
 0.058480   0.000000   0.000000
 0.060429   0.000000   0.000000
 0.062378   0.000000   0.000000
 0.064327   0.000000   0.000000
 0.066277   0.000000   0.000000
 0.068226   0.000000   0.000000
 0.070175   0.000000   0.000000
 0.072125   0.000000   0.000000
 0.074074   0.000000   0.000000
 0.076023   0.000000   0.000000
 0.077973   0.000000   0.000000
 0.079922   0.000000   0.000000
 0.081871   0.000000   0.000000
 0.083821   0.000000   0.000000
 0.085770   0.000000   0.000000
 0.087719   0.000000   0.000000
 0.089669   0.000000   0.000000
 0.091618   0.000000   0.000000
 0.093567   0.000000   0.000000
 0.095517   0.000000   0.000000
 0.097466   0.000000   0.000000
 0.099415   0.000000   0.000000
 0.101364   0.000000   0.000000
 0.103314   0.000000   0.000000
 0.105263   0.000000   0.000000
 0.107213   0.000000   0.000000
 0.109162   0.000000   0.000000
 0.111111   0.000000   0.000000
 0.113060   0.000000   0.000000
 0.115010   0.000000   0.000000
 0.116959   0.000000   0.000000
 0.118908   0.000000   0.000000
 0.120858   0.000000   0.000000
 0.122807   0.000000   0.000000
 0.124756   0.000000   0.000000
 0.126706   0.000000   0.000000
 0.128655   0.000000   0.000000
 0.130604   0.000000   0.000000
 0.132554   0.000000   0.000000
 0.134503   0.000000   0.000000
 0.136452   0.000000   0.000000
 0.138402   0.000000   0.000000
 0.140351   0.000000   0.000000
 0.142300   0.000000   0.000000
 0.144250   0.000000   0.000000
 0.146199   0.000000   0.000000
 0.148148   0.000000   0.000000
 0.150097   0.000000   0.000000
 0.152047   0.000000   0.000000
 0.153996   0.000000   0.000000
 0.155945   0.000000   0.000000
 0.157895   0.000000   0.000000
 0.159844   0.000000   0.000000
 0.161793   0.000000   0.000000
 0.163743   0.000000   0.000000
 0.165692   0.000000   0.000000
 0.167641   0.000000   0.000000
 0.169591   0.000000   0.000000
 0.171540   0.000000   0.000000
 0.173489   0.000000   0.000000
 0.175439   0.000000   0.000000
 0.177388   0.000000   0.000000
 0.179337   0.000000   0.000000
 0.181286   0.000000   0.000000
 0.183236   0.000000   0.000000
 0.185185   0.000000   0.000000
 0.187135   0.000000   0.000000
 0.189084   0.000000   0.000000
 0.191033   0.000000   0.000000
 0.192983   0.000000   0.000000
 0.194932   0.000000   0.000000
 0.196881   0.000000   0.000000
 0.198830   0.000000   0.000000
 0.200780   0.000000   0.000000
 0.202729   0.000000   0.000000
 0.204678   0.000000   0.000000
 0.206628   0.000000   0.000000
 0.208577   0.000000   0.000000
 0.210526   0.000000   0.000000
 0.212476   0.000000   0.000000
 0.214425   0.000000   0.000000
 0.216374   0.000000   0.000000
 0.218324   0.000000   0.000000
 0.220273   0.000000   0.000000
 0.222222   0.000000   0.000000
 0.224171   0.000000   0.000000
 0.226121   0.000000   0.000000
 0.228070   0.000000   0.000000
 0.230019   0.000000   0.000000
 0.231969   0.000000   0.000000
 0.233918   0.000000   0.000000
 0.235867   0.000000   0.000000
 0.237817   0.000000   0.000000
 0.239766   0.000000   0.000000
 0.241715   0.000000   0.000000
 0.243665   0.000000   0.000000
 0.245614   0.000000   0.000000
 0.247563   0.000000   0.000000
 0.249513   0.000000   0.000000
 0.251462   0.000000   0.000000
 0.253411   0.000000   0.000000
 0.255361   0.000000   0.000000
 0.257310   0.000000   0.000000
 0.259259   0.000000   0.000000
 0.261209   0.000000   0.000000
 0.263158   0.000000   0.000000
 0.265107   0.000000   0.000000
 0.267056   0.000000   0.000000
 0.269006   0.000000   0.000000
 0.270955   0.000000   0.000000
 0.272904   0.000000   0.000000
 0.274854   0.000000   0.000000
 0.276803   0.000000   0.000000
 0.278752   0.000000   0.000000
 0.280702   0.000000   0.000000
 0.282651   0.000000   0.000000
 0.284600   0.000000   0.000000
 0.286550   0.000000   0.000000
 0.288499   0.000000   0.000000
 0.290448   0.000000   0.000000
 0.292398   0.000000   0.000000
 0.294347   0.000000   0.000000
 0.296296   0.000000   0.000000
 0.298246   0.000000   0.000000
 0.300195   0.000000   0.000000
 0.302144   0.000000   0.000000
 0.304094   0.000000   0.000000
 0.306043   0.000000   0.000000
 0.307992   0.000000   0.000000
 0.309941   0.000000   0.000000
 0.311891   0.000000   0.000000
 0.313840   0.000000   0.000000
 0.315790   0.000000   0.000000
 0.317739   0.000000   0.000000
 0.319688   0.000000   0.000000
 0.321637   0.000000   0.000000
 0.323587   0.000000   0.000000
 0.325536   0.000000   0.000000
 0.327485   0.000000   0.000000
 0.329435   0.000000   0.000000
 0.331384   0.000000   0.000000
 0.333333   0.000000   0.000000
 0.335283   0.000000   0.000000
 0.337232   0.000000   0.000000
 0.339181   0.000000   0.000000
 0.341131   0.000000   0.000000
 0.343080   0.000000   0.000000
 0.345029   0.000000   0.000000
 0.346979   0.000000   0.000000
 0.348928   0.000000   0.000000
 0.350877   0.000000   0.000000
 0.352826   0.000000   0.000000
 0.354776   0.000000   0.000000
 0.356725   0.000000   0.000000
 0.358675   0.000000   0.000000
 0.360624   0.000000   0.000000
 0.362573   0.000000   0.000000
 0.364522   0.000000   0.000000
 0.366472   0.000000   0.000000
 0.368421   0.000000   0.000000
 0.370370   0.000000   0.000000
 0.372320   0.000000   0.000000
 0.374269   0.000000   0.000000
 0.376218   0.000000   0.000000
 0.378168   0.000000   0.000000
 0.380117   0.000000   0.000000
 0.382066   0.000000   0.000000
 0.384016   0.000000   0.000000
 0.385965   0.000000   0.000000
 0.387914   0.000000   0.000000
 0.389863   0.000000   0.000000
 0.391813   0.000000   0.000000
 0.393762   0.000000   0.000000
 0.395711   0.000000   0.000000
 0.397661   0.000000   0.000000
 0.399610   0.000000   0.000000
 0.401560   0.000000   0.000000
 0.403509   0.000000   0.000000
 0.405458   0.000000   0.000000
 0.407407   0.000000   0.000000
 0.409357   0.000000   0.000000
 0.411306   0.000000   0.000000
 0.413255   0.000000   0.000000
 0.415205   0.000000   0.000000
 0.417154   0.000000   0.000000
 0.419103   0.000000   0.000000
 0.421053   0.000000   0.000000
 0.423002   0.000000   0.000000
 0.424951   0.000000   0.000000
 0.426901   0.000000   0.000000
 0.428850   0.000000   0.000000
 0.430799   0.000000   0.000000
 0.432748   0.000000   0.000000
 0.434698   0.000000   0.000000
 0.436647   0.000000   0.000000
 0.438597   0.000000   0.000000
 0.440546   0.000000   0.000000
 0.442495   0.000000   0.000000
 0.444444   0.000000   0.000000
 0.446394   0.000000   0.000000
 0.448343   0.000000   0.000000
 0.450292   0.000000   0.000000
 0.452242   0.000000   0.000000
 0.454191   0.000000   0.000000
 0.456140   0.000000   0.000000
 0.458090   0.000000   0.000000
 0.460039   0.000000   0.000000
 0.461988   0.000000   0.000000
 0.463938   0.000000   0.000000
 0.465887   0.000000   0.000000
 0.467836   0.000000   0.000000
 0.469786   0.000000   0.000000
 0.471735   0.000000   0.000000
 0.473684   0.000000   0.000000
 0.475633   0.000000   0.000000
 0.477583   0.000000   0.000000
 0.479532   0.000000   0.000000
 0.481482   0.000000   0.000000
 0.483431   0.000000   0.000000
 0.485380   0.000000   0.000000
 0.487329   0.000000   0.000000
 0.489279   0.000000   0.000000
 0.491228   0.000000   0.000000
 0.493177   0.000000   0.000000
 0.495127   0.000000   0.000000
 0.497076   0.000000   0.000000
 0.499025   0.000000   0.000000
 0.500975   0.000000   0.000000
 0.502924   0.000000   0.000000
 0.504873   0.000000   0.000000
 0.506823   0.000000   0.000000
 0.508772   0.000000   0.000000
 0.510721   0.000000   0.000000
 0.512671   0.000000   0.000000
 0.514620   0.000000   0.000000
 0.516569   0.000000   0.000000
 0.518518   0.000000   0.000000
 0.520468   0.000000   0.000000
 0.522417   0.000000   0.000000
 0.524366   0.000000   0.000000
 0.526316   0.000000   0.000000
 0.528265   0.000000   0.000000
 0.530214   0.000000   0.000000
 0.532164   0.000000   0.000000
 0.534113   0.000000   0.000000
 0.536062   0.000000   0.000000
 0.538012   0.000000   0.000000
 0.539961   0.000000   0.000000
 0.541910   0.000000   0.000000
 0.543860   0.000000   0.000000
 0.545809   0.000000   0.000000
 0.547758   0.000000   0.000000
 0.549708   0.000000   0.000000
 0.551657   0.000000   0.000000
 0.553606   0.000000   0.000000
 0.555556   0.000000   0.000000
 0.557505   0.000000   0.000000
 0.559454   0.000000   0.000000
 0.561404   0.000000   0.000000
 0.563353   0.000000   0.000000
 0.565302   0.000000   0.000000
 0.567252   0.000000   0.000000
 0.569201   0.000000   0.000000
 0.571150   0.000000   0.000000
 0.573099   0.000000   0.000000
 0.575049   0.000000   0.000000
 0.576998   0.000000   0.000000
 0.578947   0.000000   0.000000
 0.580897   0.000000   0.000000
 0.582846   0.000000   0.000000
 0.584795   0.000000   0.000000
 0.586745   0.000000   0.000000
 0.588694   0.000000   0.000000
 0.590643   0.000000   0.000000
 0.592593   0.000000   0.000000
 0.594542   0.000000   0.000000
 0.596491   0.000000   0.000000
 0.598441   0.000000   0.000000
 0.600390   0.000000   0.000000
 0.602339   0.000000   0.000000
 0.604289   0.000000   0.000000
 0.606238   0.000000   0.000000
 0.608187   0.000000   0.000000
 0.610136   0.000000   0.000000
 0.612086   0.000000   0.000000
 0.614035   0.000000   0.000000
 0.615984   0.000000   0.000000
 0.617934   0.000000   0.000000
 0.619883   0.000000   0.000000
 0.621832   0.000000   0.000000
 0.623782   0.000000   0.000000
 0.625731   0.000000   0.000000
 0.627680   0.000000   0.000000
 0.629630   0.000000   0.000000
 0.631579   0.000000   0.000000
 0.633528   0.000000   0.000000
 0.635478   0.000000   0.000000
 0.637427   0.000000   0.000000
 0.639376   0.000000   0.000000
 0.641325   0.000000   0.000000
 0.643275   0.000000   0.000000
 0.645224   0.000000   0.000000
 0.647173   0.000000   0.000000
 0.649123   0.000000   0.000000
 0.651072   0.000000   0.000000
 0.653021   0.000000   0.000000
 0.654971   0.000000   0.000000
 0.656920   0.000000   0.000000
 0.658869   0.000000   0.000000
 0.660819   0.000000   0.000000
 0.662768   0.000000   0.000000
 0.664717   0.000000   0.000000
 0.666667   0.000000   0.000000
 0.668616   0.000000   0.000000
 0.670565   0.000000   0.000000
 0.672515   0.000000   0.000000
 0.674464   0.000000   0.000000
 0.676413   0.000000   0.000000
 0.678363   0.000000   0.000000
 0.680312   0.000000   0.000000
 0.682261   0.000000   0.000000
 0.684211   0.000000   0.000000
 0.686160   0.000000   0.000000
 0.688109   0.000000   0.000000
 0.690059   0.000000   0.000000
 0.692008   0.000000   0.000000
 0.693957   0.000000   0.000000
 0.695906   0.000000   0.000000
 0.697856   0.000000   0.000000
 0.699805   0.000000   0.000000
 0.701754   0.000000   0.000000
 0.703704   0.000000   0.000000
 0.705653   0.000000   0.000000
 0.707602   0.000000   0.000000
 0.709552   0.000000   0.000000
 0.711501   0.000000   0.000000
 0.713450   0.000000   0.000000
 0.715400   0.000000   0.000000
 0.717349   0.000000   0.000000
 0.719298   0.000000   0.000000
 0.721248   0.000000   0.000000
 0.723197   0.000000   0.000000
 0.725146   0.000000   0.000000
 0.727096   0.000000   0.000000
 0.729045   0.000000   0.000000
 0.730994   0.000000   0.000000
 0.732943   0.000000   0.000000
 0.734893   0.000000   0.000000
 0.736842   0.000000   0.000000
 0.738791   0.000000   0.000000
 0.740741   0.000000   0.000000
 0.742690   0.000000   0.000000
 0.744639   0.000000   0.000000
 0.746589   0.000000   0.000000
 0.748538   0.000000   0.000000
 0.750487   0.000000   0.000000
 0.752437   0.000000   0.000000
 0.754386   0.000000   0.000000
 0.756335   0.000000   0.000000
 0.758285   0.000000   0.000000
 0.760234   0.000000   0.000000
 0.762183   0.000000   0.000000
 0.764133   0.000000   0.000000
 0.766082   0.000000   0.000000
 0.768031   0.000000   0.000000
 0.769980   0.000000   0.000000
 0.771930   0.000000   0.000000
 0.773879   0.000000   0.000000
 0.775829   0.000000   0.000000
 0.777778   0.000000   0.000000
 0.779727   0.000000   0.000000
 0.781676   0.000000   0.000000
 0.783626   0.000000   0.000000
 0.785575   0.000000   0.000000
 0.787524   0.000000   0.000000
 0.789474   0.000000   0.000000
 0.791423   0.000000   0.000000
 0.793372   0.000000   0.000000
 0.795322   0.000000   0.000000
 0.797271   0.000000   0.000000
 0.799220   0.000000   0.000000
 0.801170   0.000000   0.000000
 0.803119   0.000000   0.000000
 0.805068   0.000000   0.000000
 0.807018   0.000000   0.000000
 0.808967   0.000000   0.000000
 0.810916   0.000000   0.000000
 0.812866   0.000000   0.000000
 0.814815   0.000000   0.000000
 0.816764   0.000000   0.000000
 0.818713   0.000000   0.000000
 0.820663   0.000000   0.000000
 0.822612   0.000000   0.000000
 0.824561   0.000000   0.000000
 0.826511   0.000000   0.000000
 0.828460   0.000000   0.000000
 0.830409   0.000000   0.000000
 0.832359   0.000000   0.000000
 0.834308   0.000000   0.000000
 0.836257   0.000000   0.000000
 0.838207   0.000000   0.000000
 0.840156   0.000000   0.000000
 0.842105   0.000000   0.000000
 0.844055   0.000000   0.000000
 0.846004   0.000000   0.000000
 0.847953   0.000000   0.000000
 0.849903   0.000000   0.000000
 0.851852   0.000000   0.000000
 0.853801   0.000000   0.000000
 0.855750   0.000000   0.000000
 0.857700   0.000000   0.000000
 0.859649   0.000000   0.000000
 0.861598   0.000000   0.000000
 0.863548   0.000000   0.000000
 0.865497   0.000000   0.000000
 0.867446   0.000000   0.000000
 0.869396   0.000000   0.000000
 0.871345   0.000000   0.000000
 0.873294   0.000000   0.000000
 0.875244   0.000000   0.000000
 0.877193   0.000000   0.000000
 0.879142   0.000000   0.000000
 0.881092   0.000000   0.000000
 0.883041   0.000000   0.000000
 0.884990   0.000000   0.000000
 0.886940   0.000000   0.000000
 0.888889   0.000000   0.000000
 0.890838   0.000000   0.000000
 0.892787   0.000000   0.000000
 0.894737   0.000000   0.000000
 0.896686   0.000000   0.000000
 0.898636   0.000000   0.000000
 0.900585   0.000000   0.000000
 0.902534   0.000000   0.000000
 0.904483   0.000000   0.000000
 0.906433   0.000000   0.000000
 0.908382   0.000000   0.000000
 0.910331   0.000000   0.000000
 0.912281   0.000000   0.000000
 0.914230   0.000000   0.000000
 0.916179   0.000000   0.000000
 0.918129   0.000000   0.000000
 0.920078   0.000000   0.000000
 0.922027   0.000000   0.000000
 0.923977   0.000000   0.000000
 0.925926   0.000000   0.000000
 0.927875   0.000000   0.000000
 0.929825   0.000000   0.000000
 0.931774   0.000000   0.000000
 0.933723   0.000000   0.000000
 0.935673   0.000000   0.000000
 0.937622   0.000000   0.000000
 0.939571   0.000000   0.000000
 0.941520   0.000000   0.000000
 0.943470   0.000000   0.000000
 0.945419   0.000000   0.000000
 0.947368   0.000000   0.000000
 0.949318   0.000000   0.000000
 0.951267   0.000000   0.000000
 0.953216   0.000000   0.000000
 0.955166   0.000000   0.000000
 0.957115   0.000000   0.000000
 0.959064   0.000000   0.000000
 0.961014   0.000000   0.000000
 0.962963   0.000000   0.000000
 0.964912   0.000000   0.000000
 0.966862   0.000000   0.000000
 0.968811   0.000000   0.000000
 0.970760   0.000000   0.000000
 0.972710   0.000000   0.000000
 0.974659   0.000000   0.000000
 0.976608   0.000000   0.000000
 0.978557   0.000000   0.000000
 0.980507   0.000000   0.000000
 0.982456   0.000000   0.000000
 0.984406   0.000000   0.000000
 0.986355   0.000000   0.000000
 0.988304   0.000000   0.000000
 0.990253   0.000000   0.000000
 0.992203   0.000000   0.000000
 0.994152   0.000000   0.000000
 0.996101   0.000000   0.000000
 0.998051   0.000000   0.000000
 1.000000   0.000000   0.000000
514 psinorm omeg(kRad/s) domeg/dpsiN
 0.000000   0.000000   0.000000
 0.001949   0.000000   0.000000
 0.003899   0.000000   0.000000
 0.005848   0.000000   0.000000
 0.007797   0.000000   0.000000
 0.009747   0.000000   0.000000
 0.011696   0.000000   0.000000
 0.013645   0.000000   0.000000
 0.015595   0.000000   0.000000
 0.017544   0.000000   0.000000
 0.019493   0.000000   0.000000
 0.021442   0.000000   0.000000
 0.023392   0.000000   0.000000
 0.025341   0.000000   0.000000
 0.027290   0.000000   0.000000
 0.029240   0.000000   0.000000
 0.031189   0.000000   0.000000
 0.033138   0.000000   0.000000
 0.035088   0.000000   0.000000
 0.037037   0.000000   0.000000
 0.038986   0.000000   0.000000
 0.040936   0.000000   0.000000
 0.042885   0.000000   0.000000
 0.044834   0.000000   0.000000
 0.046784   0.000000   0.000000
 0.048733   0.000000   0.000000
 0.050682   0.000000   0.000000
 0.052632   0.000000   0.000000
 0.054581   0.000000   0.000000
 0.056530   0.000000   0.000000
 0.058480   0.000000   0.000000
 0.060429   0.000000   0.000000
 0.062378   0.000000   0.000000
 0.064327   0.000000   0.000000
 0.066277   0.000000   0.000000
 0.068226   0.000000   0.000000
 0.070175   0.000000   0.000000
 0.072125   0.000000   0.000000
 0.074074   0.000000   0.000000
 0.076023   0.000000   0.000000
 0.077973   0.000000   0.000000
 0.079922   0.000000   0.000000
 0.081871   0.000000   0.000000
 0.083821   0.000000   0.000000
 0.085770   0.000000   0.000000
 0.087719   0.000000   0.000000
 0.089669   0.000000   0.000000
 0.091618   0.000000   0.000000
 0.093567   0.000000   0.000000
 0.095517   0.000000   0.000000
 0.097466   0.000000   0.000000
 0.099415   0.000000   0.000000
 0.101364   0.000000   0.000000
 0.103314   0.000000   0.000000
 0.105263   0.000000   0.000000
 0.107213   0.000000   0.000000
 0.109162   0.000000   0.000000
 0.111111   0.000000   0.000000
 0.113060   0.000000   0.000000
 0.115010   0.000000   0.000000
 0.116959   0.000000   0.000000
 0.118908   0.000000   0.000000
 0.120858   0.000000   0.000000
 0.122807   0.000000   0.000000
 0.124756   0.000000   0.000000
 0.126706   0.000000   0.000000
 0.128655   0.000000   0.000000
 0.130604   0.000000   0.000000
 0.132554   0.000000   0.000000
 0.134503   0.000000   0.000000
 0.136452   0.000000   0.000000
 0.138402   0.000000   0.000000
 0.140351   0.000000   0.000000
 0.142300   0.000000   0.000000
 0.144250   0.000000   0.000000
 0.146199   0.000000   0.000000
 0.148148   0.000000   0.000000
 0.150097   0.000000   0.000000
 0.152047   0.000000   0.000000
 0.153996   0.000000   0.000000
 0.155945   0.000000   0.000000
 0.157895   0.000000   0.000000
 0.159844   0.000000   0.000000
 0.161793   0.000000   0.000000
 0.163743   0.000000   0.000000
 0.165692   0.000000   0.000000
 0.167641   0.000000   0.000000
 0.169591   0.000000   0.000000
 0.171540   0.000000   0.000000
 0.173489   0.000000   0.000000
 0.175439   0.000000   0.000000
 0.177388   0.000000   0.000000
 0.179337   0.000000   0.000000
 0.181286   0.000000   0.000000
 0.183236   0.000000   0.000000
 0.185185   0.000000   0.000000
 0.187135   0.000000   0.000000
 0.189084   0.000000   0.000000
 0.191033   0.000000   0.000000
 0.192983   0.000000   0.000000
 0.194932   0.000000   0.000000
 0.196881   0.000000   0.000000
 0.198830   0.000000   0.000000
 0.200780   0.000000   0.000000
 0.202729   0.000000   0.000000
 0.204678   0.000000   0.000000
 0.206628   0.000000   0.000000
 0.208577   0.000000   0.000000
 0.210526   0.000000   0.000000
 0.212476   0.000000   0.000000
 0.214425   0.000000   0.000000
 0.216374   0.000000   0.000000
 0.218324   0.000000   0.000000
 0.220273   0.000000   0.000000
 0.222222   0.000000   0.000000
 0.224171   0.000000   0.000000
 0.226121   0.000000   0.000000
 0.228070   0.000000   0.000000
 0.230019   0.000000   0.000000
 0.231969   0.000000   0.000000
 0.233918   0.000000   0.000000
 0.235867   0.000000   0.000000
 0.237817   0.000000   0.000000
 0.239766   0.000000   0.000000
 0.241715   0.000000   0.000000
 0.243665   0.000000   0.000000
 0.245614   0.000000   0.000000
 0.247563   0.000000   0.000000
 0.249513   0.000000   0.000000
 0.251462   0.000000   0.000000
 0.253411   0.000000   0.000000
 0.255361   0.000000   0.000000
 0.257310   0.000000   0.000000
 0.259259   0.000000   0.000000
 0.261209   0.000000   0.000000
 0.263158   0.000000   0.000000
 0.265107   0.000000   0.000000
 0.267056   0.000000   0.000000
 0.269006   0.000000   0.000000
 0.270955   0.000000   0.000000
 0.272904   0.000000   0.000000
 0.274854   0.000000   0.000000
 0.276803   0.000000   0.000000
 0.278752   0.000000   0.000000
 0.280702   0.000000   0.000000
 0.282651   0.000000   0.000000
 0.284600   0.000000   0.000000
 0.286550   0.000000   0.000000
 0.288499   0.000000   0.000000
 0.290448   0.000000   0.000000
 0.292398   0.000000   0.000000
 0.294347   0.000000   0.000000
 0.296296   0.000000   0.000000
 0.298246   0.000000   0.000000
 0.300195   0.000000   0.000000
 0.302144   0.000000   0.000000
 0.304094   0.000000   0.000000
 0.306043   0.000000   0.000000
 0.307992   0.000000   0.000000
 0.309941   0.000000   0.000000
 0.311891   0.000000   0.000000
 0.313840   0.000000   0.000000
 0.315790   0.000000   0.000000
 0.317739   0.000000   0.000000
 0.319688   0.000000   0.000000
 0.321637   0.000000   0.000000
 0.323587   0.000000   0.000000
 0.325536   0.000000   0.000000
 0.327485   0.000000   0.000000
 0.329435   0.000000   0.000000
 0.331384   0.000000   0.000000
 0.333333   0.000000   0.000000
 0.335283   0.000000   0.000000
 0.337232   0.000000   0.000000
 0.339181   0.000000   0.000000
 0.341131   0.000000   0.000000
 0.343080   0.000000   0.000000
 0.345029   0.000000   0.000000
 0.346979   0.000000   0.000000
 0.348928   0.000000   0.000000
 0.350877   0.000000   0.000000
 0.352826   0.000000   0.000000
 0.354776   0.000000   0.000000
 0.356725   0.000000   0.000000
 0.358675   0.000000   0.000000
 0.360624   0.000000   0.000000
 0.362573   0.000000   0.000000
 0.364522   0.000000   0.000000
 0.366472   0.000000   0.000000
 0.368421   0.000000   0.000000
 0.370370   0.000000   0.000000
 0.372320   0.000000   0.000000
 0.374269   0.000000   0.000000
 0.376218   0.000000   0.000000
 0.378168   0.000000   0.000000
 0.380117   0.000000   0.000000
 0.382066   0.000000   0.000000
 0.384016   0.000000   0.000000
 0.385965   0.000000   0.000000
 0.387914   0.000000   0.000000
 0.389863   0.000000   0.000000
 0.391813   0.000000   0.000000
 0.393762   0.000000   0.000000
 0.395711   0.000000   0.000000
 0.397661   0.000000   0.000000
 0.399610   0.000000   0.000000
 0.401560   0.000000   0.000000
 0.403509   0.000000   0.000000
 0.405458   0.000000   0.000000
 0.407407   0.000000   0.000000
 0.409357   0.000000   0.000000
 0.411306   0.000000   0.000000
 0.413255   0.000000   0.000000
 0.415205   0.000000   0.000000
 0.417154   0.000000   0.000000
 0.419103   0.000000   0.000000
 0.421053   0.000000   0.000000
 0.423002   0.000000   0.000000
 0.424951   0.000000   0.000000
 0.426901   0.000000   0.000000
 0.428850   0.000000   0.000000
 0.430799   0.000000   0.000000
 0.432748   0.000000   0.000000
 0.434698   0.000000   0.000000
 0.436647   0.000000   0.000000
 0.438597   0.000000   0.000000
 0.440546   0.000000   0.000000
 0.442495   0.000000   0.000000
 0.444444   0.000000   0.000000
 0.446394   0.000000   0.000000
 0.448343   0.000000   0.000000
 0.450292   0.000000   0.000000
 0.452242   0.000000   0.000000
 0.454191   0.000000   0.000000
 0.456140   0.000000   0.000000
 0.458090   0.000000   0.000000
 0.460039   0.000000   0.000000
 0.461988   0.000000   0.000000
 0.463938   0.000000   0.000000
 0.465887   0.000000   0.000000
 0.467836   0.000000   0.000000
 0.469786   0.000000   0.000000
 0.471735   0.000000   0.000000
 0.473684   0.000000   0.000000
 0.475633   0.000000   0.000000
 0.477583   0.000000   0.000000
 0.479532   0.000000   0.000000
 0.481482   0.000000   0.000000
 0.483431   0.000000   0.000000
 0.485380   0.000000   0.000000
 0.487329   0.000000   0.000000
 0.489279   0.000000   0.000000
 0.491228   0.000000   0.000000
 0.493177   0.000000   0.000000
 0.495127   0.000000   0.000000
 0.497076   0.000000   0.000000
 0.499025   0.000000   0.000000
 0.500975   0.000000   0.000000
 0.502924   0.000000   0.000000
 0.504873   0.000000   0.000000
 0.506823   0.000000   0.000000
 0.508772   0.000000   0.000000
 0.510721   0.000000   0.000000
 0.512671   0.000000   0.000000
 0.514620   0.000000   0.000000
 0.516569   0.000000   0.000000
 0.518518   0.000000   0.000000
 0.520468   0.000000   0.000000
 0.522417   0.000000   0.000000
 0.524366   0.000000   0.000000
 0.526316   0.000000   0.000000
 0.528265   0.000000   0.000000
 0.530214   0.000000   0.000000
 0.532164   0.000000   0.000000
 0.534113   0.000000   0.000000
 0.536062   0.000000   0.000000
 0.538012   0.000000   0.000000
 0.539961   0.000000   0.000000
 0.541910   0.000000   0.000000
 0.543860   0.000000   0.000000
 0.545809   0.000000   0.000000
 0.547758   0.000000   0.000000
 0.549708   0.000000   0.000000
 0.551657   0.000000   0.000000
 0.553606   0.000000   0.000000
 0.555556   0.000000   0.000000
 0.557505   0.000000   0.000000
 0.559454   0.000000   0.000000
 0.561404   0.000000   0.000000
 0.563353   0.000000   0.000000
 0.565302   0.000000   0.000000
 0.567252   0.000000   0.000000
 0.569201   0.000000   0.000000
 0.571150   0.000000   0.000000
 0.573099   0.000000   0.000000
 0.575049   0.000000   0.000000
 0.576998   0.000000   0.000000
 0.578947   0.000000   0.000000
 0.580897   0.000000   0.000000
 0.582846   0.000000   0.000000
 0.584795   0.000000   0.000000
 0.586745   0.000000   0.000000
 0.588694   0.000000   0.000000
 0.590643   0.000000   0.000000
 0.592593   0.000000   0.000000
 0.594542   0.000000   0.000000
 0.596491   0.000000   0.000000
 0.598441   0.000000   0.000000
 0.600390   0.000000   0.000000
 0.602339   0.000000   0.000000
 0.604289   0.000000   0.000000
 0.606238   0.000000   0.000000
 0.608187   0.000000   0.000000
 0.610136   0.000000   0.000000
 0.612086   0.000000   0.000000
 0.614035   0.000000   0.000000
 0.615984   0.000000   0.000000
 0.617934   0.000000   0.000000
 0.619883   0.000000   0.000000
 0.621832   0.000000   0.000000
 0.623782   0.000000   0.000000
 0.625731   0.000000   0.000000
 0.627680   0.000000   0.000000
 0.629630   0.000000   0.000000
 0.631579   0.000000   0.000000
 0.633528   0.000000   0.000000
 0.635478   0.000000   0.000000
 0.637427   0.000000   0.000000
 0.639376   0.000000   0.000000
 0.641325   0.000000   0.000000
 0.643275   0.000000   0.000000
 0.645224   0.000000   0.000000
 0.647173   0.000000   0.000000
 0.649123   0.000000   0.000000
 0.651072   0.000000   0.000000
 0.653021   0.000000   0.000000
 0.654971   0.000000   0.000000
 0.656920   0.000000   0.000000
 0.658869   0.000000   0.000000
 0.660819   0.000000   0.000000
 0.662768   0.000000   0.000000
 0.664717   0.000000   0.000000
 0.666667   0.000000   0.000000
 0.668616   0.000000   0.000000
 0.670565   0.000000   0.000000
 0.672515   0.000000   0.000000
 0.674464   0.000000   0.000000
 0.676413   0.000000   0.000000
 0.678363   0.000000   0.000000
 0.680312   0.000000   0.000000
 0.682261   0.000000   0.000000
 0.684211   0.000000   0.000000
 0.686160   0.000000   0.000000
 0.688109   0.000000   0.000000
 0.690059   0.000000   0.000000
 0.692008   0.000000   0.000000
 0.693957   0.000000   0.000000
 0.695906   0.000000   0.000000
 0.697856   0.000000   0.000000
 0.699805   0.000000   0.000000
 0.701754   0.000000   0.000000
 0.703704   0.000000   0.000000
 0.705653   0.000000   0.000000
 0.707602   0.000000   0.000000
 0.709552   0.000000   0.000000
 0.711501   0.000000   0.000000
 0.713450   0.000000   0.000000
 0.715400   0.000000   0.000000
 0.717349   0.000000   0.000000
 0.719298   0.000000   0.000000
 0.721248   0.000000   0.000000
 0.723197   0.000000   0.000000
 0.725146   0.000000   0.000000
 0.727096   0.000000   0.000000
 0.729045   0.000000   0.000000
 0.730994   0.000000   0.000000
 0.732943   0.000000   0.000000
 0.734893   0.000000   0.000000
 0.736842   0.000000   0.000000
 0.738791   0.000000   0.000000
 0.740741   0.000000   0.000000
 0.742690   0.000000   0.000000
 0.744639   0.000000   0.000000
 0.746589   0.000000   0.000000
 0.748538   0.000000   0.000000
 0.750487   0.000000   0.000000
 0.752437   0.000000   0.000000
 0.754386   0.000000   0.000000
 0.756335   0.000000   0.000000
 0.758285   0.000000   0.000000
 0.760234   0.000000   0.000000
 0.762183   0.000000   0.000000
 0.764133   0.000000   0.000000
 0.766082   0.000000   0.000000
 0.768031   0.000000   0.000000
 0.769980   0.000000   0.000000
 0.771930   0.000000   0.000000
 0.773879   0.000000   0.000000
 0.775829   0.000000   0.000000
 0.777778   0.000000   0.000000
 0.779727   0.000000   0.000000
 0.781676   0.000000   0.000000
 0.783626   0.000000   0.000000
 0.785575   0.000000   0.000000
 0.787524   0.000000   0.000000
 0.789474   0.000000   0.000000
 0.791423   0.000000   0.000000
 0.793372   0.000000   0.000000
 0.795322   0.000000   0.000000
 0.797271   0.000000   0.000000
 0.799220   0.000000   0.000000
 0.801170   0.000000   0.000000
 0.803119   0.000000   0.000000
 0.805068   0.000000   0.000000
 0.807018   0.000000   0.000000
 0.808967   0.000000   0.000000
 0.810916   0.000000   0.000000
 0.812866   0.000000   0.000000
 0.814815   0.000000   0.000000
 0.816764   0.000000   0.000000
 0.818713   0.000000   0.000000
 0.820663   0.000000   0.000000
 0.822612   0.000000   0.000000
 0.824561   0.000000   0.000000
 0.826511   0.000000   0.000000
 0.828460   0.000000   0.000000
 0.830409   0.000000   0.000000
 0.832359   0.000000   0.000000
 0.834308   0.000000   0.000000
 0.836257   0.000000   0.000000
 0.838207   0.000000   0.000000
 0.840156   0.000000   0.000000
 0.842105   0.000000   0.000000
 0.844055   0.000000   0.000000
 0.846004   0.000000   0.000000
 0.847953   0.000000   0.000000
 0.849903   0.000000   0.000000
 0.851852   0.000000   0.000000
 0.853801   0.000000   0.000000
 0.855750   0.000000   0.000000
 0.857700   0.000000   0.000000
 0.859649   0.000000   0.000000
 0.861598   0.000000   0.000000
 0.863548   0.000000   0.000000
 0.865497   0.000000   0.000000
 0.867446   0.000000   0.000000
 0.869396   0.000000   0.000000
 0.871345   0.000000   0.000000
 0.873294   0.000000   0.000000
 0.875244   0.000000   0.000000
 0.877193   0.000000   0.000000
 0.879142   0.000000   0.000000
 0.881092   0.000000   0.000000
 0.883041   0.000000   0.000000
 0.884990   0.000000   0.000000
 0.886940   0.000000   0.000000
 0.888889   0.000000   0.000000
 0.890838   0.000000   0.000000
 0.892787   0.000000   0.000000
 0.894737   0.000000   0.000000
 0.896686   0.000000   0.000000
 0.898636   0.000000   0.000000
 0.900585   0.000000   0.000000
 0.902534   0.000000   0.000000
 0.904483   0.000000   0.000000
 0.906433   0.000000   0.000000
 0.908382   0.000000   0.000000
 0.910331   0.000000   0.000000
 0.912281   0.000000   0.000000
 0.914230   0.000000   0.000000
 0.916179   0.000000   0.000000
 0.918129   0.000000   0.000000
 0.920078   0.000000   0.000000
 0.922027   0.000000   0.000000
 0.923977   0.000000   0.000000
 0.925926   0.000000   0.000000
 0.927875   0.000000   0.000000
 0.929825   0.000000   0.000000
 0.931774   0.000000   0.000000
 0.933723   0.000000   0.000000
 0.935673   0.000000   0.000000
 0.937622   0.000000   0.000000
 0.939571   0.000000   0.000000
 0.941520   0.000000   0.000000
 0.943470   0.000000   0.000000
 0.945419   0.000000   0.000000
 0.947368   0.000000   0.000000
 0.949318   0.000000   0.000000
 0.951267   0.000000   0.000000
 0.953216   0.000000   0.000000
 0.955166   0.000000   0.000000
 0.957115   0.000000   0.000000
 0.959064   0.000000   0.000000
 0.961014   0.000000   0.000000
 0.962963   0.000000   0.000000
 0.964912   0.000000   0.000000
 0.966862   0.000000   0.000000
 0.968811   0.000000   0.000000
 0.970760   0.000000   0.000000
 0.972710   0.000000   0.000000
 0.974659   0.000000   0.000000
 0.976608   0.000000   0.000000
 0.978557   0.000000   0.000000
 0.980507   0.000000   0.000000
 0.982456   0.000000   0.000000
 0.984406   0.000000   0.000000
 0.986355   0.000000   0.000000
 0.988304   0.000000   0.000000
 0.990253   0.000000   0.000000
 0.992203   0.000000   0.000000
 0.994152   0.000000   0.000000
 0.996101   0.000000   0.000000
 0.998051   0.000000   0.000000
 1.000000   0.000000   0.000000
514 psinorm omegp(kRad/s) domegp/dpsiN
 0.000000   0.000000   0.000000
 0.001949   0.000000   0.000000
 0.003899   0.000000   0.000000
 0.005848   0.000000   0.000000
 0.007797   0.000000   0.000000
 0.009747   0.000000   0.000000
 0.011696   0.000000   0.000000
 0.013645   0.000000   0.000000
 0.015595   0.000000   0.000000
 0.017544   0.000000   0.000000
 0.019493   0.000000   0.000000
 0.021442   0.000000   0.000000
 0.023392   0.000000   0.000000
 0.025341   0.000000   0.000000
 0.027290   0.000000   0.000000
 0.029240   0.000000   0.000000
 0.031189   0.000000   0.000000
 0.033138   0.000000   0.000000
 0.035088   0.000000   0.000000
 0.037037   0.000000   0.000000
 0.038986   0.000000   0.000000
 0.040936   0.000000   0.000000
 0.042885   0.000000   0.000000
 0.044834   0.000000   0.000000
 0.046784   0.000000   0.000000
 0.048733   0.000000   0.000000
 0.050682   0.000000   0.000000
 0.052632   0.000000   0.000000
 0.054581   0.000000   0.000000
 0.056530   0.000000   0.000000
 0.058480   0.000000   0.000000
 0.060429   0.000000   0.000000
 0.062378   0.000000   0.000000
 0.064327   0.000000   0.000000
 0.066277   0.000000   0.000000
 0.068226   0.000000   0.000000
 0.070175   0.000000   0.000000
 0.072125   0.000000   0.000000
 0.074074   0.000000   0.000000
 0.076023   0.000000   0.000000
 0.077973   0.000000   0.000000
 0.079922   0.000000   0.000000
 0.081871   0.000000   0.000000
 0.083821   0.000000   0.000000
 0.085770   0.000000   0.000000
 0.087719   0.000000   0.000000
 0.089669   0.000000   0.000000
 0.091618   0.000000   0.000000
 0.093567   0.000000   0.000000
 0.095517   0.000000   0.000000
 0.097466   0.000000   0.000000
 0.099415   0.000000   0.000000
 0.101364   0.000000   0.000000
 0.103314   0.000000   0.000000
 0.105263   0.000000   0.000000
 0.107213   0.000000   0.000000
 0.109162   0.000000   0.000000
 0.111111   0.000000   0.000000
 0.113060   0.000000   0.000000
 0.115010   0.000000   0.000000
 0.116959   0.000000   0.000000
 0.118908   0.000000   0.000000
 0.120858   0.000000   0.000000
 0.122807   0.000000   0.000000
 0.124756   0.000000   0.000000
 0.126706   0.000000   0.000000
 0.128655   0.000000   0.000000
 0.130604   0.000000   0.000000
 0.132554   0.000000   0.000000
 0.134503   0.000000   0.000000
 0.136452   0.000000   0.000000
 0.138402   0.000000   0.000000
 0.140351   0.000000   0.000000
 0.142300   0.000000   0.000000
 0.144250   0.000000   0.000000
 0.146199   0.000000   0.000000
 0.148148   0.000000   0.000000
 0.150097   0.000000   0.000000
 0.152047   0.000000   0.000000
 0.153996   0.000000   0.000000
 0.155945   0.000000   0.000000
 0.157895   0.000000   0.000000
 0.159844   0.000000   0.000000
 0.161793   0.000000   0.000000
 0.163743   0.000000   0.000000
 0.165692   0.000000   0.000000
 0.167641   0.000000   0.000000
 0.169591   0.000000   0.000000
 0.171540   0.000000   0.000000
 0.173489   0.000000   0.000000
 0.175439   0.000000   0.000000
 0.177388   0.000000   0.000000
 0.179337   0.000000   0.000000
 0.181286   0.000000   0.000000
 0.183236   0.000000   0.000000
 0.185185   0.000000   0.000000
 0.187135   0.000000   0.000000
 0.189084   0.000000   0.000000
 0.191033   0.000000   0.000000
 0.192983   0.000000   0.000000
 0.194932   0.000000   0.000000
 0.196881   0.000000   0.000000
 0.198830   0.000000   0.000000
 0.200780   0.000000   0.000000
 0.202729   0.000000   0.000000
 0.204678   0.000000   0.000000
 0.206628   0.000000   0.000000
 0.208577   0.000000   0.000000
 0.210526   0.000000   0.000000
 0.212476   0.000000   0.000000
 0.214425   0.000000   0.000000
 0.216374   0.000000   0.000000
 0.218324   0.000000   0.000000
 0.220273   0.000000   0.000000
 0.222222   0.000000   0.000000
 0.224171   0.000000   0.000000
 0.226121   0.000000   0.000000
 0.228070   0.000000   0.000000
 0.230019   0.000000   0.000000
 0.231969   0.000000   0.000000
 0.233918   0.000000   0.000000
 0.235867   0.000000   0.000000
 0.237817   0.000000   0.000000
 0.239766   0.000000   0.000000
 0.241715   0.000000   0.000000
 0.243665   0.000000   0.000000
 0.245614   0.000000   0.000000
 0.247563   0.000000   0.000000
 0.249513   0.000000   0.000000
 0.251462   0.000000   0.000000
 0.253411   0.000000   0.000000
 0.255361   0.000000   0.000000
 0.257310   0.000000   0.000000
 0.259259   0.000000   0.000000
 0.261209   0.000000   0.000000
 0.263158   0.000000   0.000000
 0.265107   0.000000   0.000000
 0.267056   0.000000   0.000000
 0.269006   0.000000   0.000000
 0.270955   0.000000   0.000000
 0.272904   0.000000   0.000000
 0.274854   0.000000   0.000000
 0.276803   0.000000   0.000000
 0.278752   0.000000   0.000000
 0.280702   0.000000   0.000000
 0.282651   0.000000   0.000000
 0.284600   0.000000   0.000000
 0.286550   0.000000   0.000000
 0.288499   0.000000   0.000000
 0.290448   0.000000   0.000000
 0.292398   0.000000   0.000000
 0.294347   0.000000   0.000000
 0.296296   0.000000   0.000000
 0.298246   0.000000   0.000000
 0.300195   0.000000   0.000000
 0.302144   0.000000   0.000000
 0.304094   0.000000   0.000000
 0.306043   0.000000   0.000000
 0.307992   0.000000   0.000000
 0.309941   0.000000   0.000000
 0.311891   0.000000   0.000000
 0.313840   0.000000   0.000000
 0.315790   0.000000   0.000000
 0.317739   0.000000   0.000000
 0.319688   0.000000   0.000000
 0.321637   0.000000   0.000000
 0.323587   0.000000   0.000000
 0.325536   0.000000   0.000000
 0.327485   0.000000   0.000000
 0.329435   0.000000   0.000000
 0.331384   0.000000   0.000000
 0.333333   0.000000   0.000000
 0.335283   0.000000   0.000000
 0.337232   0.000000   0.000000
 0.339181   0.000000   0.000000
 0.341131   0.000000   0.000000
 0.343080   0.000000   0.000000
 0.345029   0.000000   0.000000
 0.346979   0.000000   0.000000
 0.348928   0.000000   0.000000
 0.350877   0.000000   0.000000
 0.352826   0.000000   0.000000
 0.354776   0.000000   0.000000
 0.356725   0.000000   0.000000
 0.358675   0.000000   0.000000
 0.360624   0.000000   0.000000
 0.362573   0.000000   0.000000
 0.364522   0.000000   0.000000
 0.366472   0.000000   0.000000
 0.368421   0.000000   0.000000
 0.370370   0.000000   0.000000
 0.372320   0.000000   0.000000
 0.374269   0.000000   0.000000
 0.376218   0.000000   0.000000
 0.378168   0.000000   0.000000
 0.380117   0.000000   0.000000
 0.382066   0.000000   0.000000
 0.384016   0.000000   0.000000
 0.385965   0.000000   0.000000
 0.387914   0.000000   0.000000
 0.389863   0.000000   0.000000
 0.391813   0.000000   0.000000
 0.393762   0.000000   0.000000
 0.395711   0.000000   0.000000
 0.397661   0.000000   0.000000
 0.399610   0.000000   0.000000
 0.401560   0.000000   0.000000
 0.403509   0.000000   0.000000
 0.405458   0.000000   0.000000
 0.407407   0.000000   0.000000
 0.409357   0.000000   0.000000
 0.411306   0.000000   0.000000
 0.413255   0.000000   0.000000
 0.415205   0.000000   0.000000
 0.417154   0.000000   0.000000
 0.419103   0.000000   0.000000
 0.421053   0.000000   0.000000
 0.423002   0.000000   0.000000
 0.424951   0.000000   0.000000
 0.426901   0.000000   0.000000
 0.428850   0.000000   0.000000
 0.430799   0.000000   0.000000
 0.432748   0.000000   0.000000
 0.434698   0.000000   0.000000
 0.436647   0.000000   0.000000
 0.438597   0.000000   0.000000
 0.440546   0.000000   0.000000
 0.442495   0.000000   0.000000
 0.444444   0.000000   0.000000
 0.446394   0.000000   0.000000
 0.448343   0.000000   0.000000
 0.450292   0.000000   0.000000
 0.452242   0.000000   0.000000
 0.454191   0.000000   0.000000
 0.456140   0.000000   0.000000
 0.458090   0.000000   0.000000
 0.460039   0.000000   0.000000
 0.461988   0.000000   0.000000
 0.463938   0.000000   0.000000
 0.465887   0.000000   0.000000
 0.467836   0.000000   0.000000
 0.469786   0.000000   0.000000
 0.471735   0.000000   0.000000
 0.473684   0.000000   0.000000
 0.475633   0.000000   0.000000
 0.477583   0.000000   0.000000
 0.479532   0.000000   0.000000
 0.481482   0.000000   0.000000
 0.483431   0.000000   0.000000
 0.485380   0.000000   0.000000
 0.487329   0.000000   0.000000
 0.489279   0.000000   0.000000
 0.491228   0.000000   0.000000
 0.493177   0.000000   0.000000
 0.495127   0.000000   0.000000
 0.497076   0.000000   0.000000
 0.499025   0.000000   0.000000
 0.500975   0.000000   0.000000
 0.502924   0.000000   0.000000
 0.504873   0.000000   0.000000
 0.506823   0.000000   0.000000
 0.508772   0.000000   0.000000
 0.510721   0.000000   0.000000
 0.512671   0.000000   0.000000
 0.514620   0.000000   0.000000
 0.516569   0.000000   0.000000
 0.518518   0.000000   0.000000
 0.520468   0.000000   0.000000
 0.522417   0.000000   0.000000
 0.524366   0.000000   0.000000
 0.526316   0.000000   0.000000
 0.528265   0.000000   0.000000
 0.530214   0.000000   0.000000
 0.532164   0.000000   0.000000
 0.534113   0.000000   0.000000
 0.536062   0.000000   0.000000
 0.538012   0.000000   0.000000
 0.539961   0.000000   0.000000
 0.541910   0.000000   0.000000
 0.543860   0.000000   0.000000
 0.545809   0.000000   0.000000
 0.547758   0.000000   0.000000
 0.549708   0.000000   0.000000
 0.551657   0.000000   0.000000
 0.553606   0.000000   0.000000
 0.555556   0.000000   0.000000
 0.557505   0.000000   0.000000
 0.559454   0.000000   0.000000
 0.561404   0.000000   0.000000
 0.563353   0.000000   0.000000
 0.565302   0.000000   0.000000
 0.567252   0.000000   0.000000
 0.569201   0.000000   0.000000
 0.571150   0.000000   0.000000
 0.573099   0.000000   0.000000
 0.575049   0.000000   0.000000
 0.576998   0.000000   0.000000
 0.578947   0.000000   0.000000
 0.580897   0.000000   0.000000
 0.582846   0.000000   0.000000
 0.584795   0.000000   0.000000
 0.586745   0.000000   0.000000
 0.588694   0.000000   0.000000
 0.590643   0.000000   0.000000
 0.592593   0.000000   0.000000
 0.594542   0.000000   0.000000
 0.596491   0.000000   0.000000
 0.598441   0.000000   0.000000
 0.600390   0.000000   0.000000
 0.602339   0.000000   0.000000
 0.604289   0.000000   0.000000
 0.606238   0.000000   0.000000
 0.608187   0.000000   0.000000
 0.610136   0.000000   0.000000
 0.612086   0.000000   0.000000
 0.614035   0.000000   0.000000
 0.615984   0.000000   0.000000
 0.617934   0.000000   0.000000
 0.619883   0.000000   0.000000
 0.621832   0.000000   0.000000
 0.623782   0.000000   0.000000
 0.625731   0.000000   0.000000
 0.627680   0.000000   0.000000
 0.629630   0.000000   0.000000
 0.631579   0.000000   0.000000
 0.633528   0.000000   0.000000
 0.635478   0.000000   0.000000
 0.637427   0.000000   0.000000
 0.639376   0.000000   0.000000
 0.641325   0.000000   0.000000
 0.643275   0.000000   0.000000
 0.645224   0.000000   0.000000
 0.647173   0.000000   0.000000
 0.649123   0.000000   0.000000
 0.651072   0.000000   0.000000
 0.653021   0.000000   0.000000
 0.654971   0.000000   0.000000
 0.656920   0.000000   0.000000
 0.658869   0.000000   0.000000
 0.660819   0.000000   0.000000
 0.662768   0.000000   0.000000
 0.664717   0.000000   0.000000
 0.666667   0.000000   0.000000
 0.668616   0.000000   0.000000
 0.670565   0.000000   0.000000
 0.672515   0.000000   0.000000
 0.674464   0.000000   0.000000
 0.676413   0.000000   0.000000
 0.678363   0.000000   0.000000
 0.680312   0.000000   0.000000
 0.682261   0.000000   0.000000
 0.684211   0.000000   0.000000
 0.686160   0.000000   0.000000
 0.688109   0.000000   0.000000
 0.690059   0.000000   0.000000
 0.692008   0.000000   0.000000
 0.693957   0.000000   0.000000
 0.695906   0.000000   0.000000
 0.697856   0.000000   0.000000
 0.699805   0.000000   0.000000
 0.701754   0.000000   0.000000
 0.703704   0.000000   0.000000
 0.705653   0.000000   0.000000
 0.707602   0.000000   0.000000
 0.709552   0.000000   0.000000
 0.711501   0.000000   0.000000
 0.713450   0.000000   0.000000
 0.715400   0.000000   0.000000
 0.717349   0.000000   0.000000
 0.719298   0.000000   0.000000
 0.721248   0.000000   0.000000
 0.723197   0.000000   0.000000
 0.725146   0.000000   0.000000
 0.727096   0.000000   0.000000
 0.729045   0.000000   0.000000
 0.730994   0.000000   0.000000
 0.732943   0.000000   0.000000
 0.734893   0.000000   0.000000
 0.736842   0.000000   0.000000
 0.738791   0.000000   0.000000
 0.740741   0.000000   0.000000
 0.742690   0.000000   0.000000
 0.744639   0.000000   0.000000
 0.746589   0.000000   0.000000
 0.748538   0.000000   0.000000
 0.750487   0.000000   0.000000
 0.752437   0.000000   0.000000
 0.754386   0.000000   0.000000
 0.756335   0.000000   0.000000
 0.758285   0.000000   0.000000
 0.760234   0.000000   0.000000
 0.762183   0.000000   0.000000
 0.764133   0.000000   0.000000
 0.766082   0.000000   0.000000
 0.768031   0.000000   0.000000
 0.769980   0.000000   0.000000
 0.771930   0.000000   0.000000
 0.773879   0.000000   0.000000
 0.775829   0.000000   0.000000
 0.777778   0.000000   0.000000
 0.779727   0.000000   0.000000
 0.781676   0.000000   0.000000
 0.783626   0.000000   0.000000
 0.785575   0.000000   0.000000
 0.787524   0.000000   0.000000
 0.789474   0.000000   0.000000
 0.791423   0.000000   0.000000
 0.793372   0.000000   0.000000
 0.795322   0.000000   0.000000
 0.797271   0.000000   0.000000
 0.799220   0.000000   0.000000
 0.801170   0.000000   0.000000
 0.803119   0.000000   0.000000
 0.805068   0.000000   0.000000
 0.807018   0.000000   0.000000
 0.808967   0.000000   0.000000
 0.810916   0.000000   0.000000
 0.812866   0.000000   0.000000
 0.814815   0.000000   0.000000
 0.816764   0.000000   0.000000
 0.818713   0.000000   0.000000
 0.820663   0.000000   0.000000
 0.822612   0.000000   0.000000
 0.824561   0.000000   0.000000
 0.826511   0.000000   0.000000
 0.828460   0.000000   0.000000
 0.830409   0.000000   0.000000
 0.832359   0.000000   0.000000
 0.834308   0.000000   0.000000
 0.836257   0.000000   0.000000
 0.838207   0.000000   0.000000
 0.840156   0.000000   0.000000
 0.842105   0.000000   0.000000
 0.844055   0.000000   0.000000
 0.846004   0.000000   0.000000
 0.847953   0.000000   0.000000
 0.849903   0.000000   0.000000
 0.851852   0.000000   0.000000
 0.853801   0.000000   0.000000
 0.855750   0.000000   0.000000
 0.857700   0.000000   0.000000
 0.859649   0.000000   0.000000
 0.861598   0.000000   0.000000
 0.863548   0.000000   0.000000
 0.865497   0.000000   0.000000
 0.867446   0.000000   0.000000
 0.869396   0.000000   0.000000
 0.871345   0.000000   0.000000
 0.873294   0.000000   0.000000
 0.875244   0.000000   0.000000
 0.877193   0.000000   0.000000
 0.879142   0.000000   0.000000
 0.881092   0.000000   0.000000
 0.883041   0.000000   0.000000
 0.884990   0.000000   0.000000
 0.886940   0.000000   0.000000
 0.888889   0.000000   0.000000
 0.890838   0.000000   0.000000
 0.892787   0.000000   0.000000
 0.894737   0.000000   0.000000
 0.896686   0.000000   0.000000
 0.898636   0.000000   0.000000
 0.900585   0.000000   0.000000
 0.902534   0.000000   0.000000
 0.904483   0.000000   0.000000
 0.906433   0.000000   0.000000
 0.908382   0.000000   0.000000
 0.910331   0.000000   0.000000
 0.912281   0.000000   0.000000
 0.914230   0.000000   0.000000
 0.916179   0.000000   0.000000
 0.918129   0.000000   0.000000
 0.920078   0.000000   0.000000
 0.922027   0.000000   0.000000
 0.923977   0.000000   0.000000
 0.925926   0.000000   0.000000
 0.927875   0.000000   0.000000
 0.929825   0.000000   0.000000
 0.931774   0.000000   0.000000
 0.933723   0.000000   0.000000
 0.935673   0.000000   0.000000
 0.937622   0.000000   0.000000
 0.939571   0.000000   0.000000
 0.941520   0.000000   0.000000
 0.943470   0.000000   0.000000
 0.945419   0.000000   0.000000
 0.947368   0.000000   0.000000
 0.949318   0.000000   0.000000
 0.951267   0.000000   0.000000
 0.953216   0.000000   0.000000
 0.955166   0.000000   0.000000
 0.957115   0.000000   0.000000
 0.959064   0.000000   0.000000
 0.961014   0.000000   0.000000
 0.962963   0.000000   0.000000
 0.964912   0.000000   0.000000
 0.966862   0.000000   0.000000
 0.968811   0.000000   0.000000
 0.970760   0.000000   0.000000
 0.972710   0.000000   0.000000
 0.974659   0.000000   0.000000
 0.976608   0.000000   0.000000
 0.978557   0.000000   0.000000
 0.980507   0.000000   0.000000
 0.982456   0.000000   0.000000
 0.984406   0.000000   0.000000
 0.986355   0.000000   0.000000
 0.988304   0.000000   0.000000
 0.990253   0.000000   0.000000
 0.992203   0.000000   0.000000
 0.994152   0.000000   0.000000
 0.996101   0.000000   0.000000
 0.998051   0.000000   0.000000
 1.000000   0.000000   0.000000
514 psinorm omgvb(kRad/s) domgvb/dpsiN
 0.000000   0.000000   0.000000
 0.001949   0.000000   0.000000
 0.003899   0.000000   0.000000
 0.005848   0.000000   0.000000
 0.007797   0.000000   0.000000
 0.009747   0.000000   0.000000
 0.011696   0.000000   0.000000
 0.013645   0.000000   0.000000
 0.015595   0.000000   0.000000
 0.017544   0.000000   0.000000
 0.019493   0.000000   0.000000
 0.021442   0.000000   0.000000
 0.023392   0.000000   0.000000
 0.025341   0.000000   0.000000
 0.027290   0.000000   0.000000
 0.029240   0.000000   0.000000
 0.031189   0.000000   0.000000
 0.033138   0.000000   0.000000
 0.035088   0.000000   0.000000
 0.037037   0.000000   0.000000
 0.038986   0.000000   0.000000
 0.040936   0.000000   0.000000
 0.042885   0.000000   0.000000
 0.044834   0.000000   0.000000
 0.046784   0.000000   0.000000
 0.048733   0.000000   0.000000
 0.050682   0.000000   0.000000
 0.052632   0.000000   0.000000
 0.054581   0.000000   0.000000
 0.056530   0.000000   0.000000
 0.058480   0.000000   0.000000
 0.060429   0.000000   0.000000
 0.062378   0.000000   0.000000
 0.064327   0.000000   0.000000
 0.066277   0.000000   0.000000
 0.068226   0.000000   0.000000
 0.070175   0.000000   0.000000
 0.072125   0.000000   0.000000
 0.074074   0.000000   0.000000
 0.076023   0.000000   0.000000
 0.077973   0.000000   0.000000
 0.079922   0.000000   0.000000
 0.081871   0.000000   0.000000
 0.083821   0.000000   0.000000
 0.085770   0.000000   0.000000
 0.087719   0.000000   0.000000
 0.089669   0.000000   0.000000
 0.091618   0.000000   0.000000
 0.093567   0.000000   0.000000
 0.095517   0.000000   0.000000
 0.097466   0.000000   0.000000
 0.099415   0.000000   0.000000
 0.101364   0.000000   0.000000
 0.103314   0.000000   0.000000
 0.105263   0.000000   0.000000
 0.107213   0.000000   0.000000
 0.109162   0.000000   0.000000
 0.111111   0.000000   0.000000
 0.113060   0.000000   0.000000
 0.115010   0.000000   0.000000
 0.116959   0.000000   0.000000
 0.118908   0.000000   0.000000
 0.120858   0.000000   0.000000
 0.122807   0.000000   0.000000
 0.124756   0.000000   0.000000
 0.126706   0.000000   0.000000
 0.128655   0.000000   0.000000
 0.130604   0.000000   0.000000
 0.132554   0.000000   0.000000
 0.134503   0.000000   0.000000
 0.136452   0.000000   0.000000
 0.138402   0.000000   0.000000
 0.140351   0.000000   0.000000
 0.142300   0.000000   0.000000
 0.144250   0.000000   0.000000
 0.146199   0.000000   0.000000
 0.148148   0.000000   0.000000
 0.150097   0.000000   0.000000
 0.152047   0.000000   0.000000
 0.153996   0.000000   0.000000
 0.155945   0.000000   0.000000
 0.157895   0.000000   0.000000
 0.159844   0.000000   0.000000
 0.161793   0.000000   0.000000
 0.163743   0.000000   0.000000
 0.165692   0.000000   0.000000
 0.167641   0.000000   0.000000
 0.169591   0.000000   0.000000
 0.171540   0.000000   0.000000
 0.173489   0.000000   0.000000
 0.175439   0.000000   0.000000
 0.177388   0.000000   0.000000
 0.179337   0.000000   0.000000
 0.181286   0.000000   0.000000
 0.183236   0.000000   0.000000
 0.185185   0.000000   0.000000
 0.187135   0.000000   0.000000
 0.189084   0.000000   0.000000
 0.191033   0.000000   0.000000
 0.192983   0.000000   0.000000
 0.194932   0.000000   0.000000
 0.196881   0.000000   0.000000
 0.198830   0.000000   0.000000
 0.200780   0.000000   0.000000
 0.202729   0.000000   0.000000
 0.204678   0.000000   0.000000
 0.206628   0.000000   0.000000
 0.208577   0.000000   0.000000
 0.210526   0.000000   0.000000
 0.212476   0.000000   0.000000
 0.214425   0.000000   0.000000
 0.216374   0.000000   0.000000
 0.218324   0.000000   0.000000
 0.220273   0.000000   0.000000
 0.222222   0.000000   0.000000
 0.224171   0.000000   0.000000
 0.226121   0.000000   0.000000
 0.228070   0.000000   0.000000
 0.230019   0.000000   0.000000
 0.231969   0.000000   0.000000
 0.233918   0.000000   0.000000
 0.235867   0.000000   0.000000
 0.237817   0.000000   0.000000
 0.239766   0.000000   0.000000
 0.241715   0.000000   0.000000
 0.243665   0.000000   0.000000
 0.245614   0.000000   0.000000
 0.247563   0.000000   0.000000
 0.249513   0.000000   0.000000
 0.251462   0.000000   0.000000
 0.253411   0.000000   0.000000
 0.255361   0.000000   0.000000
 0.257310   0.000000   0.000000
 0.259259   0.000000   0.000000
 0.261209   0.000000   0.000000
 0.263158   0.000000   0.000000
 0.265107   0.000000   0.000000
 0.267056   0.000000   0.000000
 0.269006   0.000000   0.000000
 0.270955   0.000000   0.000000
 0.272904   0.000000   0.000000
 0.274854   0.000000   0.000000
 0.276803   0.000000   0.000000
 0.278752   0.000000   0.000000
 0.280702   0.000000   0.000000
 0.282651   0.000000   0.000000
 0.284600   0.000000   0.000000
 0.286550   0.000000   0.000000
 0.288499   0.000000   0.000000
 0.290448   0.000000   0.000000
 0.292398   0.000000   0.000000
 0.294347   0.000000   0.000000
 0.296296   0.000000   0.000000
 0.298246   0.000000   0.000000
 0.300195   0.000000   0.000000
 0.302144   0.000000   0.000000
 0.304094   0.000000   0.000000
 0.306043   0.000000   0.000000
 0.307992   0.000000   0.000000
 0.309941   0.000000   0.000000
 0.311891   0.000000   0.000000
 0.313840   0.000000   0.000000
 0.315790   0.000000   0.000000
 0.317739   0.000000   0.000000
 0.319688   0.000000   0.000000
 0.321637   0.000000   0.000000
 0.323587   0.000000   0.000000
 0.325536   0.000000   0.000000
 0.327485   0.000000   0.000000
 0.329435   0.000000   0.000000
 0.331384   0.000000   0.000000
 0.333333   0.000000   0.000000
 0.335283   0.000000   0.000000
 0.337232   0.000000   0.000000
 0.339181   0.000000   0.000000
 0.341131   0.000000   0.000000
 0.343080   0.000000   0.000000
 0.345029   0.000000   0.000000
 0.346979   0.000000   0.000000
 0.348928   0.000000   0.000000
 0.350877   0.000000   0.000000
 0.352826   0.000000   0.000000
 0.354776   0.000000   0.000000
 0.356725   0.000000   0.000000
 0.358675   0.000000   0.000000
 0.360624   0.000000   0.000000
 0.362573   0.000000   0.000000
 0.364522   0.000000   0.000000
 0.366472   0.000000   0.000000
 0.368421   0.000000   0.000000
 0.370370   0.000000   0.000000
 0.372320   0.000000   0.000000
 0.374269   0.000000   0.000000
 0.376218   0.000000   0.000000
 0.378168   0.000000   0.000000
 0.380117   0.000000   0.000000
 0.382066   0.000000   0.000000
 0.384016   0.000000   0.000000
 0.385965   0.000000   0.000000
 0.387914   0.000000   0.000000
 0.389863   0.000000   0.000000
 0.391813   0.000000   0.000000
 0.393762   0.000000   0.000000
 0.395711   0.000000   0.000000
 0.397661   0.000000   0.000000
 0.399610   0.000000   0.000000
 0.401560   0.000000   0.000000
 0.403509   0.000000   0.000000
 0.405458   0.000000   0.000000
 0.407407   0.000000   0.000000
 0.409357   0.000000   0.000000
 0.411306   0.000000   0.000000
 0.413255   0.000000   0.000000
 0.415205   0.000000   0.000000
 0.417154   0.000000   0.000000
 0.419103   0.000000   0.000000
 0.421053   0.000000   0.000000
 0.423002   0.000000   0.000000
 0.424951   0.000000   0.000000
 0.426901   0.000000   0.000000
 0.428850   0.000000   0.000000
 0.430799   0.000000   0.000000
 0.432748   0.000000   0.000000
 0.434698   0.000000   0.000000
 0.436647   0.000000   0.000000
 0.438597   0.000000   0.000000
 0.440546   0.000000   0.000000
 0.442495   0.000000   0.000000
 0.444444   0.000000   0.000000
 0.446394   0.000000   0.000000
 0.448343   0.000000   0.000000
 0.450292   0.000000   0.000000
 0.452242   0.000000   0.000000
 0.454191   0.000000   0.000000
 0.456140   0.000000   0.000000
 0.458090   0.000000   0.000000
 0.460039   0.000000   0.000000
 0.461988   0.000000   0.000000
 0.463938   0.000000   0.000000
 0.465887   0.000000   0.000000
 0.467836   0.000000   0.000000
 0.469786   0.000000   0.000000
 0.471735   0.000000   0.000000
 0.473684   0.000000   0.000000
 0.475633   0.000000   0.000000
 0.477583   0.000000   0.000000
 0.479532   0.000000   0.000000
 0.481482   0.000000   0.000000
 0.483431   0.000000   0.000000
 0.485380   0.000000   0.000000
 0.487329   0.000000   0.000000
 0.489279   0.000000   0.000000
 0.491228   0.000000   0.000000
 0.493177   0.000000   0.000000
 0.495127   0.000000   0.000000
 0.497076   0.000000   0.000000
 0.499025   0.000000   0.000000
 0.500975   0.000000   0.000000
 0.502924   0.000000   0.000000
 0.504873   0.000000   0.000000
 0.506823   0.000000   0.000000
 0.508772   0.000000   0.000000
 0.510721   0.000000   0.000000
 0.512671   0.000000   0.000000
 0.514620   0.000000   0.000000
 0.516569   0.000000   0.000000
 0.518518   0.000000   0.000000
 0.520468   0.000000   0.000000
 0.522417   0.000000   0.000000
 0.524366   0.000000   0.000000
 0.526316   0.000000   0.000000
 0.528265   0.000000   0.000000
 0.530214   0.000000   0.000000
 0.532164   0.000000   0.000000
 0.534113   0.000000   0.000000
 0.536062   0.000000   0.000000
 0.538012   0.000000   0.000000
 0.539961   0.000000   0.000000
 0.541910   0.000000   0.000000
 0.543860   0.000000   0.000000
 0.545809   0.000000   0.000000
 0.547758   0.000000   0.000000
 0.549708   0.000000   0.000000
 0.551657   0.000000   0.000000
 0.553606   0.000000   0.000000
 0.555556   0.000000   0.000000
 0.557505   0.000000   0.000000
 0.559454   0.000000   0.000000
 0.561404   0.000000   0.000000
 0.563353   0.000000   0.000000
 0.565302   0.000000   0.000000
 0.567252   0.000000   0.000000
 0.569201   0.000000   0.000000
 0.571150   0.000000   0.000000
 0.573099   0.000000   0.000000
 0.575049   0.000000   0.000000
 0.576998   0.000000   0.000000
 0.578947   0.000000   0.000000
 0.580897   0.000000   0.000000
 0.582846   0.000000   0.000000
 0.584795   0.000000   0.000000
 0.586745   0.000000   0.000000
 0.588694   0.000000   0.000000
 0.590643   0.000000   0.000000
 0.592593   0.000000   0.000000
 0.594542   0.000000   0.000000
 0.596491   0.000000   0.000000
 0.598441   0.000000   0.000000
 0.600390   0.000000   0.000000
 0.602339   0.000000   0.000000
 0.604289   0.000000   0.000000
 0.606238   0.000000   0.000000
 0.608187   0.000000   0.000000
 0.610136   0.000000   0.000000
 0.612086   0.000000   0.000000
 0.614035   0.000000   0.000000
 0.615984   0.000000   0.000000
 0.617934   0.000000   0.000000
 0.619883   0.000000   0.000000
 0.621832   0.000000   0.000000
 0.623782   0.000000   0.000000
 0.625731   0.000000   0.000000
 0.627680   0.000000   0.000000
 0.629630   0.000000   0.000000
 0.631579   0.000000   0.000000
 0.633528   0.000000   0.000000
 0.635478   0.000000   0.000000
 0.637427   0.000000   0.000000
 0.639376   0.000000   0.000000
 0.641325   0.000000   0.000000
 0.643275   0.000000   0.000000
 0.645224   0.000000   0.000000
 0.647173   0.000000   0.000000
 0.649123   0.000000   0.000000
 0.651072   0.000000   0.000000
 0.653021   0.000000   0.000000
 0.654971   0.000000   0.000000
 0.656920   0.000000   0.000000
 0.658869   0.000000   0.000000
 0.660819   0.000000   0.000000
 0.662768   0.000000   0.000000
 0.664717   0.000000   0.000000
 0.666667   0.000000   0.000000
 0.668616   0.000000   0.000000
 0.670565   0.000000   0.000000
 0.672515   0.000000   0.000000
 0.674464   0.000000   0.000000
 0.676413   0.000000   0.000000
 0.678363   0.000000   0.000000
 0.680312   0.000000   0.000000
 0.682261   0.000000   0.000000
 0.684211   0.000000   0.000000
 0.686160   0.000000   0.000000
 0.688109   0.000000   0.000000
 0.690059   0.000000   0.000000
 0.692008   0.000000   0.000000
 0.693957   0.000000   0.000000
 0.695906   0.000000   0.000000
 0.697856   0.000000   0.000000
 0.699805   0.000000   0.000000
 0.701754   0.000000   0.000000
 0.703704   0.000000   0.000000
 0.705653   0.000000   0.000000
 0.707602   0.000000   0.000000
 0.709552   0.000000   0.000000
 0.711501   0.000000   0.000000
 0.713450   0.000000   0.000000
 0.715400   0.000000   0.000000
 0.717349   0.000000   0.000000
 0.719298   0.000000   0.000000
 0.721248   0.000000   0.000000
 0.723197   0.000000   0.000000
 0.725146   0.000000   0.000000
 0.727096   0.000000   0.000000
 0.729045   0.000000   0.000000
 0.730994   0.000000   0.000000
 0.732943   0.000000   0.000000
 0.734893   0.000000   0.000000
 0.736842   0.000000   0.000000
 0.738791   0.000000   0.000000
 0.740741   0.000000   0.000000
 0.742690   0.000000   0.000000
 0.744639   0.000000   0.000000
 0.746589   0.000000   0.000000
 0.748538   0.000000   0.000000
 0.750487   0.000000   0.000000
 0.752437   0.000000   0.000000
 0.754386   0.000000   0.000000
 0.756335   0.000000   0.000000
 0.758285   0.000000   0.000000
 0.760234   0.000000   0.000000
 0.762183   0.000000   0.000000
 0.764133   0.000000   0.000000
 0.766082   0.000000   0.000000
 0.768031   0.000000   0.000000
 0.769980   0.000000   0.000000
 0.771930   0.000000   0.000000
 0.773879   0.000000   0.000000
 0.775829   0.000000   0.000000
 0.777778   0.000000   0.000000
 0.779727   0.000000   0.000000
 0.781676   0.000000   0.000000
 0.783626   0.000000   0.000000
 0.785575   0.000000   0.000000
 0.787524   0.000000   0.000000
 0.789474   0.000000   0.000000
 0.791423   0.000000   0.000000
 0.793372   0.000000   0.000000
 0.795322   0.000000   0.000000
 0.797271   0.000000   0.000000
 0.799220   0.000000   0.000000
 0.801170   0.000000   0.000000
 0.803119   0.000000   0.000000
 0.805068   0.000000   0.000000
 0.807018   0.000000   0.000000
 0.808967   0.000000   0.000000
 0.810916   0.000000   0.000000
 0.812866   0.000000   0.000000
 0.814815   0.000000   0.000000
 0.816764   0.000000   0.000000
 0.818713   0.000000   0.000000
 0.820663   0.000000   0.000000
 0.822612   0.000000   0.000000
 0.824561   0.000000   0.000000
 0.826511   0.000000   0.000000
 0.828460   0.000000   0.000000
 0.830409   0.000000   0.000000
 0.832359   0.000000   0.000000
 0.834308   0.000000   0.000000
 0.836257   0.000000   0.000000
 0.838207   0.000000   0.000000
 0.840156   0.000000   0.000000
 0.842105   0.000000   0.000000
 0.844055   0.000000   0.000000
 0.846004   0.000000   0.000000
 0.847953   0.000000   0.000000
 0.849903   0.000000   0.000000
 0.851852   0.000000   0.000000
 0.853801   0.000000   0.000000
 0.855750   0.000000   0.000000
 0.857700   0.000000   0.000000
 0.859649   0.000000   0.000000
 0.861598   0.000000   0.000000
 0.863548   0.000000   0.000000
 0.865497   0.000000   0.000000
 0.867446   0.000000   0.000000
 0.869396   0.000000   0.000000
 0.871345   0.000000   0.000000
 0.873294   0.000000   0.000000
 0.875244   0.000000   0.000000
 0.877193   0.000000   0.000000
 0.879142   0.000000   0.000000
 0.881092   0.000000   0.000000
 0.883041   0.000000   0.000000
 0.884990   0.000000   0.000000
 0.886940   0.000000   0.000000
 0.888889   0.000000   0.000000
 0.890838   0.000000   0.000000
 0.892787   0.000000   0.000000
 0.894737   0.000000   0.000000
 0.896686   0.000000   0.000000
 0.898636   0.000000   0.000000
 0.900585   0.000000   0.000000
 0.902534   0.000000   0.000000
 0.904483   0.000000   0.000000
 0.906433   0.000000   0.000000
 0.908382   0.000000   0.000000
 0.910331   0.000000   0.000000
 0.912281   0.000000   0.000000
 0.914230   0.000000   0.000000
 0.916179   0.000000   0.000000
 0.918129   0.000000   0.000000
 0.920078   0.000000   0.000000
 0.922027   0.000000   0.000000
 0.923977   0.000000   0.000000
 0.925926   0.000000   0.000000
 0.927875   0.000000   0.000000
 0.929825   0.000000   0.000000
 0.931774   0.000000   0.000000
 0.933723   0.000000   0.000000
 0.935673   0.000000   0.000000
 0.937622   0.000000   0.000000
 0.939571   0.000000   0.000000
 0.941520   0.000000   0.000000
 0.943470   0.000000   0.000000
 0.945419   0.000000   0.000000
 0.947368   0.000000   0.000000
 0.949318   0.000000   0.000000
 0.951267   0.000000   0.000000
 0.953216   0.000000   0.000000
 0.955166   0.000000   0.000000
 0.957115   0.000000   0.000000
 0.959064   0.000000   0.000000
 0.961014   0.000000   0.000000
 0.962963   0.000000   0.000000
 0.964912   0.000000   0.000000
 0.966862   0.000000   0.000000
 0.968811   0.000000   0.000000
 0.970760   0.000000   0.000000
 0.972710   0.000000   0.000000
 0.974659   0.000000   0.000000
 0.976608   0.000000   0.000000
 0.978557   0.000000   0.000000
 0.980507   0.000000   0.000000
 0.982456   0.000000   0.000000
 0.984406   0.000000   0.000000
 0.986355   0.000000   0.000000
 0.988304   0.000000   0.000000
 0.990253   0.000000   0.000000
 0.992203   0.000000   0.000000
 0.994152   0.000000   0.000000
 0.996101   0.000000   0.000000
 0.998051   0.000000   0.000000
 1.000000   0.000000   0.000000
