514 psinorm ne(10^20/m^3) dne/dpsiN
 0.000000   0.680956   -0.784977
 0.001949   0.679426   -0.793893
 0.003899   0.677861   -0.806179
 0.005848   0.676283   -0.811224
 0.007797   0.674699   -0.814167
 0.009747   0.673109   -0.815612
 0.011696   0.671519   -0.816510
 0.013645   0.669926   -0.817213
 0.015595   0.668332   -0.817060
 0.017544   0.666740   -0.816999
 0.019493   0.665148   -0.816839
 0.021442   0.663556   -0.816267
 0.023392   0.661965   -0.815476
 0.025341   0.660377   -0.814780
 0.027290   0.658789   -0.813891
 0.029240   0.657203   -0.813096
 0.031189   0.655619   -0.812086
 0.033138   0.654038   -0.810883
 0.035088   0.652457   -0.809777
 0.037037   0.650880   -0.808457
 0.038986   0.649306   -0.807256
 0.040936   0.647733   -0.806150
 0.042885   0.646163   -0.804834
 0.044834   0.644596   -0.803325
 0.046784   0.643030   -0.802222
 0.048733   0.641468   -0.800601
 0.050682   0.639910   -0.799096
 0.052632   0.638352   -0.797689
 0.054581   0.636800   -0.796074
 0.056530   0.635249   -0.794880
 0.058480   0.633700   -0.793172
 0.060429   0.632156   -0.791562
 0.062378   0.630615   -0.790164
 0.064327   0.629076   -0.788367
 0.066277   0.627541   -0.786971
 0.068226   0.626008   -0.785369
 0.070175   0.624480   -0.783579
 0.072125   0.622953   -0.782188
 0.074074   0.621430   -0.780291
 0.076023   0.619911   -0.778508
 0.077973   0.618394   -0.777124
 0.079922   0.616881   -0.775535
 0.081871   0.615371   -0.773760
 0.083821   0.613864   -0.772080
 0.085770   0.612361   -0.770199
 0.087719   0.610862   -0.768431
 0.089669   0.609365   -0.767059
 0.091618   0.607871   -0.765186
 0.093567   0.606382   -0.763426
 0.095517   0.604895   -0.761762
 0.097466   0.603412   -0.760194
 0.099415   0.601932   -0.758536
 0.101364   0.600455   -0.756489
 0.103314   0.598982   -0.754539
 0.105263   0.597513   -0.752889
 0.107213   0.596046   -0.751240
 0.109162   0.594584   -0.749688
 0.111111   0.593124   -0.748045
 0.113060   0.591668   -0.745722
 0.115010   0.590217   -0.744084
 0.116959   0.588767   -0.742542
 0.118908   0.587322   -0.740524
 0.120858   0.585880   -0.738894
 0.122807   0.584441   -0.737358
 0.124756   0.583006   -0.735350
 0.126706   0.581574   -0.733435
 0.128655   0.580146   -0.731908
 0.130604   0.578721   -0.729909
 0.132554   0.577300   -0.728003
 0.134503   0.575883   -0.726484
 0.136452   0.574468   -0.724495
 0.138402   0.573058   -0.722599
 0.140351   0.571651   -0.721087
 0.142300   0.570247   -0.719107
 0.144250   0.568847   -0.717509
 0.146199   0.567449   -0.715716
 0.148148   0.566057   -0.713835
 0.150097   0.564667   -0.712157
 0.152047   0.563281   -0.709994
 0.153996   0.561899   -0.708213
 0.155945   0.560520   -0.706543
 0.157895   0.559144   -0.704964
 0.159844   0.557771   -0.703191
 0.161793   0.556403   -0.700958
 0.163743   0.555038   -0.699387
 0.165692   0.553676   -0.697623
 0.167641   0.552319   -0.695685
 0.169591   0.550963   -0.694123
 0.171540   0.549612   -0.692083
 0.173489   0.548266   -0.690156
 0.175439   0.546922   -0.688601
 0.177388   0.545581   -0.686854
 0.179337   0.544244   -0.685023
 0.181286   0.542911   -0.683109
 0.183236   0.541581   -0.681283
 0.185185   0.540254   -0.679462
 0.187135   0.538932   -0.677642
 0.189084   0.537612   -0.675913
 0.191033   0.536297   -0.674014
 0.192983   0.534984   -0.672204
 0.194932   0.533676   -0.670483
 0.196881   0.532371   -0.668959
 0.198830   0.531068   -0.666794
 0.200780   0.529771   -0.664996
 0.202729   0.528476   -0.663565
 0.204678   0.527184   -0.661411
 0.206628   0.525897   -0.659621
 0.208577   0.524612   -0.657921
 0.210526   0.523332   -0.656054
 0.212476   0.522054   -0.654274
 0.214425   0.520781   -0.652582
 0.216374   0.519511   -0.650725
 0.218324   0.518244   -0.648954
 0.220273   0.516980   -0.647270
 0.222222   0.515721   -0.645230
 0.224171   0.514465   -0.643386
 0.226121   0.513212   -0.641901
 0.228070   0.511963   -0.640228
 0.230019   0.510717   -0.638120
 0.231969   0.509474   -0.636097
 0.233918   0.508237   -0.634705
 0.235867   0.507000   -0.632881
 0.237817   0.505769   -0.630867
 0.239766   0.504541   -0.629483
 0.241715   0.503315   -0.627396
 0.243665   0.502094   -0.625663
 0.245614   0.500876   -0.624015
 0.247563   0.499662   -0.621938
 0.249513   0.498451   -0.620485
 0.251462   0.497243   -0.618575
 0.253411   0.496040   -0.616778
 0.255361   0.494838   -0.615063
 0.257310   0.493641   -0.613163
 0.259259   0.492448   -0.611644
 0.261209   0.491257   -0.609669
 0.263158   0.490071   -0.607778
 0.265107   0.488888   -0.606346
 0.267056   0.487707   -0.604570
 0.269006   0.486530   -0.602608
 0.270955   0.485358   -0.600729
 0.272904   0.484189   -0.598963
 0.274854   0.483022   -0.597543
 0.276803   0.481859   -0.595673
 0.278752   0.480700   -0.593650
 0.280702   0.479544   -0.592238
 0.282651   0.478391   -0.590377
 0.284600   0.477243   -0.588628
 0.286550   0.476096   -0.586959
 0.288499   0.474954   -0.584843
 0.290448   0.473816   -0.583367
 0.292398   0.472680   -0.581707
 0.294347   0.471548   -0.579863
 0.296296   0.470420   -0.578133
 0.298246   0.469294   -0.576218
 0.300195   0.468173   -0.574646
 0.302144   0.467054   -0.572663
 0.304094   0.465940   -0.571020
 0.306043   0.464828   -0.569455
 0.307992   0.463720   -0.567556
 0.309941   0.462615   -0.565847
 0.311891   0.461514   -0.564214
 0.313840   0.460416   -0.562585
 0.315790   0.459321   -0.560698
 0.317739   0.458229   -0.558889
 0.319688   0.457142   -0.557268
 0.321637   0.456057   -0.555577
 0.323587   0.454976   -0.553702
 0.325536   0.453898   -0.551904
 0.327485   0.452824   -0.550221
 0.329435   0.451753   -0.548613
 0.331384   0.450685   -0.547082
 0.333333   0.449620   -0.545150
 0.335283   0.448560   -0.543293
 0.337232   0.447502   -0.541769
 0.339181   0.446448   -0.539847
 0.341131   0.445397   -0.538255
 0.343080   0.444349   -0.536739
 0.345029   0.443305   -0.534826
 0.346979   0.442264   -0.532987
 0.348928   0.441227   -0.531478
 0.350877   0.440192   -0.529900
 0.352826   0.439161   -0.527999
 0.354776   0.438134   -0.526172
 0.356725   0.437110   -0.524602
 0.358675   0.436088   -0.523034
 0.360624   0.435071   -0.521286
 0.362573   0.434056   -0.519471
 0.364522   0.433046   -0.517590
 0.366472   0.432038   -0.516032
 0.368421   0.431034   -0.514548
 0.370370   0.430033   -0.512675
 0.372320   0.429035   -0.510873
 0.374269   0.428041   -0.509396
 0.376218   0.427049   -0.507783
 0.378168   0.426061   -0.505990
 0.380117   0.425076   -0.504269
 0.382066   0.424095   -0.502415
 0.384016   0.423117   -0.500880
 0.385965   0.422142   -0.499168
 0.387914   0.421172   -0.497390
 0.389863   0.420203   -0.496045
 0.391813   0.419238   -0.494272
 0.393762   0.418276   -0.492321
 0.395711   0.417318   -0.490736
 0.397661   0.416363   -0.489219
 0.399610   0.415411   -0.487458
 0.401560   0.414462   -0.485699
 0.403509   0.413517   -0.484010
 0.405458   0.412576   -0.482503
 0.407407   0.411636   -0.480688
 0.409357   0.410701   -0.478939
 0.411306   0.409769   -0.477506
 0.413255   0.408840   -0.475944
 0.415205   0.407913   -0.474204
 0.417154   0.406991   -0.472288
 0.419103   0.406072   -0.470734
 0.421053   0.405156   -0.469247
 0.423002   0.404243   -0.467583
 0.424951   0.403333   -0.465792
 0.426901   0.402427   -0.464069
 0.428850   0.401524   -0.462413
 0.430799   0.400624   -0.460695
 0.432748   0.399728   -0.459159
 0.434698   0.398834   -0.457689
 0.436647   0.397943   -0.455737
 0.438597   0.397057   -0.454029
 0.440546   0.396173   -0.452630
 0.442495   0.395293   -0.450928
 0.444444   0.394415   -0.449408
 0.446394   0.393540   -0.447711
 0.448343   0.392670   -0.446079
 0.450292   0.391802   -0.444326
 0.452242   0.390937   -0.442636
 0.454191   0.390076   -0.441012
 0.456140   0.389218   -0.439267
 0.458090   0.388363   -0.437825
 0.460039   0.387511   -0.436208
 0.461988   0.386663   -0.434471
 0.463938   0.385817   -0.433037
 0.465887   0.384974   -0.431427
 0.467836   0.384136   -0.429459
 0.469786   0.383300   -0.428031
 0.471735   0.382467   -0.426429
 0.473684   0.381638   -0.424768
 0.475633   0.380811   -0.423050
 0.477583   0.379988   -0.421394
 0.479532   0.379168   -0.419979
 0.481482   0.378351   -0.418090
 0.483431   0.377538   -0.416502
 0.485380   0.376727   -0.415094
 0.487329   0.375920   -0.413392
 0.489279   0.375115   -0.411751
 0.491228   0.374314   -0.410172
 0.493177   0.373516   -0.408478
 0.495127   0.372722   -0.406844
 0.497076   0.371930   -0.405272
 0.499025   0.371142   -0.403586
 0.500975   0.370357   -0.401960
 0.502924   0.369575   -0.400630
 0.504873   0.368795   -0.398952
 0.506823   0.368019   -0.397098
 0.508772   0.367247   -0.395540
 0.510721   0.366477   -0.393870
 0.512671   0.365711   -0.392493
 0.514620   0.364947   -0.390941
 0.516569   0.364187   -0.389101
 0.518518   0.363430   -0.387442
 0.520468   0.362676   -0.386073
 0.522417   0.361925   -0.384530
 0.524366   0.361178   -0.382646
 0.526316   0.360433   -0.381051
 0.528265   0.359692   -0.379516
 0.530214   0.358954   -0.378103
 0.532164   0.358218   -0.376516
 0.534113   0.357486   -0.374755
 0.536062   0.356757   -0.373118
 0.538012   0.356031   -0.371538
 0.539961   0.355308   -0.370016
 0.541910   0.354589   -0.368387
 0.543860   0.353872   -0.366583
 0.545809   0.353159   -0.365067
 0.547758   0.352449   -0.363676
 0.549708   0.351741   -0.362110
 0.551657   0.351037   -0.360371
 0.553606   0.350337   -0.358757
 0.555556   0.349638   -0.357427
 0.557505   0.348943   -0.355695
 0.559454   0.348252   -0.353860
 0.561404   0.347563   -0.352537
 0.563353   0.346877   -0.351040
 0.565302   0.346195   -0.349213
 0.567252   0.345516   -0.347668
 0.569201   0.344839   -0.346178
 0.571150   0.344166   -0.344638
 0.573099   0.343496   -0.342822
 0.575049   0.342829   -0.341286
 0.576998   0.342165   -0.340032
 0.578947   0.341504   -0.338223
 0.580897   0.340847   -0.336467
 0.582846   0.340192   -0.335219
 0.584795   0.339540   -0.333645
 0.586745   0.338891   -0.331896
 0.588694   0.338246   -0.330201
 0.590643   0.337604   -0.328634
 0.592593   0.336964   -0.327119
 0.594542   0.336329   -0.325656
 0.596491   0.335695   -0.324097
 0.598441   0.335065   -0.322363
 0.600390   0.334438   -0.320907
 0.602339   0.333814   -0.319354
 0.604289   0.333193   -0.317852
 0.606238   0.332575   -0.316178
 0.608187   0.331961   -0.314456
 0.610136   0.331349   -0.312914
 0.612086   0.330740   -0.311421
 0.614035   0.330135   -0.309979
 0.615984   0.329532   -0.308443
 0.617934   0.328932   -0.306733
 0.619883   0.328336   -0.305074
 0.621832   0.327743   -0.303546
 0.623782   0.327153   -0.302066
 0.625731   0.326565   -0.300414
 0.627680   0.325982   -0.298892
 0.629630   0.325400   -0.297419
 0.631579   0.324822   -0.295773
 0.633528   0.324247   -0.294037
 0.635478   0.323676   -0.292570
 0.637427   0.323106   -0.291153
 0.639376   0.322541   -0.289469
 0.641325   0.321978   -0.287965
 0.643275   0.321418   -0.286285
 0.645224   0.320862   -0.284654
 0.647173   0.320308   -0.283157
 0.649123   0.319758   -0.281705
 0.651072   0.319210   -0.280081
 0.653021   0.318666   -0.278369
 0.654971   0.318125   -0.276925
 0.656920   0.317586   -0.275527
 0.658869   0.317051   -0.273823
 0.660819   0.316519   -0.272164
 0.662768   0.315989   -0.270772
 0.664717   0.315463   -0.269076
 0.666667   0.314940   -0.267424
 0.668616   0.314420   -0.266038
 0.670565   0.313903   -0.264348
 0.672515   0.313390   -0.262703
 0.674464   0.312879   -0.261323
 0.676413   0.312371   -0.259641
 0.678363   0.311867   -0.258222
 0.680312   0.311364   -0.256629
 0.682261   0.310866   -0.254954
 0.684211   0.310370   -0.253541
 0.686160   0.309878   -0.251735
 0.688109   0.309389   -0.250286
 0.690059   0.308902   -0.248880
 0.692008   0.308419   -0.247080
 0.693957   0.307939   -0.245461
 0.695906   0.307462   -0.244021
 0.697856   0.306987   -0.242405
 0.699805   0.306517   -0.240832
 0.701754   0.306049   -0.239399
 0.703704   0.305583   -0.237789
 0.705653   0.305121   -0.236005
 0.707602   0.304663   -0.234361
 0.709552   0.304208   -0.232976
 0.711501   0.303755   -0.231632
 0.713450   0.303305   -0.229778
 0.715400   0.302859   -0.228182
 0.717349   0.302415   -0.226844
 0.719298   0.301975   -0.224997
 0.721248   0.301538   -0.223407
 0.723197   0.301104   -0.222075
 0.725146   0.300672   -0.220452
 0.727096   0.300244   -0.218652
 0.729045   0.299820   -0.217109
 0.730994   0.299398   -0.215747
 0.732943   0.298979   -0.213917
 0.734893   0.298564   -0.212342
 0.736842   0.298151   -0.211023
 0.738791   0.297741   -0.209200
 0.740741   0.297335   -0.207632
 0.742690   0.296932   -0.206102
 0.744639   0.296532   -0.204502
 0.746589   0.296134   -0.202940
 0.748538   0.295740   -0.201201
 0.750487   0.295350   -0.199608
 0.752437   0.294962   -0.198052
 0.754386   0.294578   -0.196533
 0.756335   0.294196   -0.194947
 0.758285   0.293818   -0.193182
 0.760234   0.293443   -0.191670
 0.762183   0.293071   -0.190091
 0.764133   0.292702   -0.188332
 0.766082   0.292336   -0.186825
 0.768031   0.291973   -0.185286
 0.769980   0.291614   -0.183715
 0.771930   0.291257   -0.181965
 0.773879   0.290905   -0.180218
 0.775829   0.290554   -0.178900
 0.777778   0.290207   -0.177190
 0.779727   0.289864   -0.175449
 0.781676   0.289523   -0.173891
 0.783626   0.289186   -0.172154
 0.785575   0.288852   -0.170665
 0.787524   0.288521   -0.169114
 0.789474   0.288193   -0.167382
 0.791423   0.287868   -0.165684
 0.793372   0.287547   -0.164140
 0.795322   0.287228   -0.162414
 0.797271   0.286913   -0.160722
 0.799220   0.286601   -0.159184
 0.801170   0.286293   -0.157464
 0.803119   0.285987   -0.155990
 0.805068   0.285685   -0.154245
 0.807018   0.285386   -0.152531
 0.808967   0.285090   -0.150849
 0.810916   0.284798   -0.149324
 0.812866   0.284508   -0.147828
 0.814815   0.284222   -0.145939
 0.816764   0.283939   -0.144235
 0.818713   0.283659   -0.142717
 0.820663   0.283382   -0.141229
 0.822612   0.283109   -0.139558
 0.824561   0.282838   -0.137834
 0.826511   0.282571   -0.136139
 0.828460   0.282308   -0.134686
 0.830409   0.282046   -0.132968
 0.832359   0.281789   -0.131277
 0.834308   0.281535   -0.130041
 0.836257   0.281282   -0.128329
 0.838207   0.281034   -0.126856
 0.840156   0.280788   -0.125412
 0.842105   0.280545   -0.123705
 0.844055   0.280305   -0.122449
 0.846004   0.280068   -0.121009
 0.847953   0.279834   -0.119732
 0.849903   0.279601   -0.118481
 0.851852   0.279372   -0.117045
 0.853801   0.279145   -0.116010
 0.855750   0.278920   -0.114951
 0.857700   0.278697   -0.113918
 0.859649   0.278475   -0.113124
 0.861598   0.278256   -0.112281
 0.863548   0.278038   -0.111677
 0.865497   0.277820   -0.111311
 0.867446   0.277604   -0.110895
 0.869396   0.277388   -0.110719
 0.871345   0.277172   -0.110992
 0.873294   0.276955   -0.111639
 0.875244   0.276737   -0.112314
 0.877193   0.276517   -0.113228
 0.879142   0.276295   -0.114936
 0.881092   0.276069   -0.116886
 0.883041   0.275840   -0.119288
 0.884990   0.275604   -0.122480
 0.886940   0.275362   -0.126129
 0.888889   0.275112   -0.130657
 0.890838   0.274853   -0.136214
 0.892787   0.274581   -0.142583
 0.894737   0.274297   -0.150052
 0.896686   0.273996   -0.158982
 0.898636   0.273677   -0.169800
 0.900585   0.273334   -0.182546
 0.902534   0.272965   -0.196947
 0.904483   0.272567   -0.213405
 0.906433   0.272133   -0.232258
 0.908382   0.271661   -0.253913
 0.910331   0.271144   -0.278189
 0.912281   0.270576   -0.305938
 0.914230   0.269951   -0.337774
 0.916179   0.269260   -0.373246
 0.918129   0.268495   -0.413493
 0.920078   0.267648   -0.458907
 0.922027   0.266707   -0.509799
 0.923977   0.265660   -0.567204
 0.925926   0.264495   -0.631712
 0.927875   0.263197   -0.703302
 0.929825   0.261753   -0.782948
 0.931774   0.260145   -0.871860
 0.933723   0.258354   -0.969634
 0.935673   0.256364   -1.077453
 0.937622   0.254153   -1.195869
 0.939571   0.251703   -1.324413
 0.941520   0.248991   -1.462923
 0.943470   0.245999   -1.610565
 0.945419   0.242711   -1.769343
 0.947368   0.239102   -1.941816
 0.949318   0.235140   -2.126739
 0.951267   0.230810   -2.319523
 0.953216   0.226099   -2.516409
 0.955166   0.220998   -2.717431
 0.957115   0.215504   -2.918834
 0.959064   0.209620   -3.115144
 0.961014   0.203357   -3.304939
 0.962963   0.196735   -3.483626
 0.964912   0.189778   -3.644234
 0.966862   0.182526   -3.785521
 0.968811   0.175019   -3.903356
 0.970760   0.167310   -3.991257
 0.972710   0.159457   -4.049509
 0.974659   0.151521   -4.075949
 0.976608   0.143569   -4.068325
 0.978557   0.135663   -4.026436
 0.980507   0.127870   -3.953780
 0.982456   0.120247   -3.851785
 0.984406   0.112852   -3.722995
 0.986355   0.105731   -3.572782
 0.988304   0.098925   -3.403154
 0.990253   0.092466   -3.218560
 0.992203   0.086376   -3.024740
 0.994152   0.080672   -2.826290
 0.996101   0.075359   -2.624699
 0.998051   0.070438   -2.424736
 1.000000   0.065905   -2.326088
514 psinorm te(KeV) dte/dpsiN
 0.000000   2.781751   -1.753823
 0.001949   2.778333   -1.821817
 0.003899   2.774648   -1.919191
 0.005848   2.770850   -1.968159
 0.007797   2.766976   -2.002272
 0.009747   2.763043   -2.028924
 0.011696   2.759065   -2.051241
 0.013645   2.755047   -2.069243
 0.015595   2.750997   -2.084669
 0.017544   2.746919   -2.098933
 0.019493   2.742815   -2.111736
 0.021442   2.738688   -2.122498
 0.023392   2.734540   -2.132133
 0.025341   2.730375   -2.141487
 0.027290   2.726192   -2.149622
 0.029240   2.721993   -2.157494
 0.031189   2.717780   -2.164816
 0.033138   2.713555   -2.170910
 0.035088   2.709316   -2.177316
 0.037037   2.705065   -2.183183
 0.038986   2.700806   -2.188096
 0.040936   2.696534   -2.193046
 0.042885   2.692255   -2.197750
 0.044834   2.687967   -2.202053
 0.046784   2.683669   -2.206119
 0.048733   2.679366   -2.210228
 0.050682   2.675054   -2.213647
 0.052632   2.670735   -2.216836
 0.054581   2.666410   -2.220355
 0.056530   2.662080   -2.223177
 0.058480   2.657742   -2.226054
 0.060429   2.653400   -2.228985
 0.062378   2.649054   -2.231284
 0.064327   2.644703   -2.233502
 0.066277   2.640345   -2.235783
 0.068226   2.635985   -2.238403
 0.070175   2.631620   -2.240034
 0.072125   2.627251   -2.241731
 0.074074   2.622879   -2.244051
 0.076023   2.618504   -2.245376
 0.077973   2.614125   -2.246771
 0.079922   2.609744   -2.248514
 0.081871   2.605360   -2.249815
 0.083821   2.600972   -2.251188
 0.085770   2.596583   -2.252635
 0.087719   2.592191   -2.253357
 0.089669   2.587797   -2.254432
 0.091618   2.583401   -2.255861
 0.093567   2.579003   -2.256561
 0.095517   2.574603   -2.257341
 0.097466   2.570202   -2.258476
 0.099415   2.565799   -2.259244
 0.101364   2.561396   -2.259364
 0.103314   2.556990   -2.260120
 0.105263   2.552583   -2.260868
 0.107213   2.548175   -2.261061
 0.109162   2.543767   -2.261891
 0.111111   2.539358   -2.262624
 0.113060   2.534948   -2.262433
 0.115010   2.530537   -2.262605
 0.116959   2.526126   -2.263415
 0.118908   2.521714   -2.263207
 0.120858   2.517302   -2.263364
 0.122807   2.512889   -2.263887
 0.124756   2.508477   -2.263663
 0.126706   2.504063   -2.263805
 0.128655   2.499650   -2.264042
 0.130604   2.495238   -2.263802
 0.132554   2.490824   -2.263930
 0.134503   2.486411   -2.263882
 0.136452   2.481999   -2.263353
 0.138402   2.477586   -2.263468
 0.140351   2.473174   -2.263409
 0.142300   2.468763   -2.262866
 0.144250   2.464351   -2.262696
 0.146199   2.459941   -2.262898
 0.148148   2.455530   -2.262719
 0.150097   2.451121   -2.261615
 0.152047   2.446712   -2.261428
 0.153996   2.442304   -2.261615
 0.155945   2.437896   -2.260498
 0.157895   2.433490   -2.260028
 0.159844   2.429085   -2.260205
 0.161793   2.424680   -2.259347
 0.163743   2.420275   -2.258595
 0.165692   2.415873   -2.258491
 0.167641   2.411472   -2.257622
 0.169591   2.407071   -2.257129
 0.171540   2.402671   -2.257015
 0.173489   2.398273   -2.255864
 0.175439   2.393876   -2.255092
 0.177388   2.389481   -2.254968
 0.179337   2.385086   -2.254459
 0.181286   2.380693   -2.253293
 0.183236   2.376300   -2.252507
 0.185185   2.371910   -2.251718
 0.187135   2.367521   -2.250926
 0.189084   2.363134   -2.250516
 0.191033   2.358748   -2.249333
 0.192983   2.354364   -2.248532
 0.194932   2.349981   -2.248113
 0.196881   2.345600   -2.247306
 0.198830   2.341221   -2.246109
 0.200780   2.336843   -2.245295
 0.202729   2.332467   -2.244866
 0.204678   2.328092   -2.243392
 0.206628   2.323720   -2.242302
 0.208577   2.319350   -2.241865
 0.210526   2.314981   -2.240649
 0.212476   2.310613   -2.239817
 0.214425   2.306248   -2.239105
 0.216374   2.301885   -2.237613
 0.218324   2.297524   -2.236773
 0.220273   2.293164   -2.236054
 0.222222   2.288807   -2.234944
 0.224171   2.284452   -2.233705
 0.226121   2.280098   -2.232589
 0.228070   2.275747   -2.231860
 0.230019   2.271398   -2.230348
 0.231969   2.267051   -2.229224
 0.233918   2.262707   -2.228753
 0.235867   2.258364   -2.227233
 0.237817   2.254023   -2.225836
 0.239766   2.249685   -2.225095
 0.241715   2.245349   -2.223830
 0.243665   2.241014   -2.222690
 0.245614   2.236683   -2.221678
 0.247563   2.232354   -2.220142
 0.249513   2.228027   -2.219258
 0.251462   2.223701   -2.218240
 0.253411   2.219380   -2.216432
 0.255361   2.215060   -2.215542
 0.257310   2.210742   -2.214780
 0.259259   2.206426   -2.212966
 0.261209   2.202113   -2.211805
 0.263158   2.197803   -2.210775
 0.265107   2.193496   -2.209611
 0.267056   2.189189   -2.208049
 0.269006   2.184886   -2.206617
 0.270955   2.180586   -2.205842
 0.272904   2.176288   -2.204011
 0.274854   2.171992   -2.202835
 0.276803   2.167699   -2.202053
 0.278752   2.163409   -2.200215
 0.280702   2.159121   -2.198772
 0.282651   2.154836   -2.197724
 0.284600   2.150554   -2.196141
 0.286550   2.146273   -2.194952
 0.288499   2.141996   -2.193898
 0.290448   2.137721   -2.192048
 0.292398   2.133449   -2.190853
 0.294347   2.129179   -2.190055
 0.296296   2.124912   -2.187939
 0.298246   2.120648   -2.186478
 0.300195   2.116387   -2.185674
 0.302144   2.112129   -2.183812
 0.304094   2.107872   -2.182605
 0.306043   2.103619   -2.181537
 0.307992   2.099369   -2.179810
 0.309941   2.095122   -2.178198
 0.311891   2.090876   -2.176984
 0.313840   2.086634   -2.175251
 0.315790   2.082395   -2.173775
 0.317739   2.078158   -2.172956
 0.319688   2.073924   -2.171477
 0.321637   2.069694   -2.169596
 0.323587   2.065465   -2.168113
 0.325536   2.061240   -2.167030
 0.327485   2.057018   -2.165144
 0.329435   2.052798   -2.163657
 0.331384   2.048582   -2.162570
 0.333333   2.044369   -2.160678
 0.335283   2.040158   -2.159186
 0.337232   2.035950   -2.158352
 0.339181   2.031744   -2.156455
 0.341131   2.027542   -2.154703
 0.343080   2.023343   -2.153608
 0.345029   2.019147   -2.151707
 0.346979   2.014954   -2.150206
 0.348928   2.010764   -2.149108
 0.350877   2.006576   -2.147605
 0.352826   2.002392   -2.145698
 0.354776   1.998210   -2.144192
 0.356725   1.994032   -2.142685
 0.358675   1.989856   -2.141177
 0.360624   1.985684   -2.139817
 0.362573   1.981515   -2.138307
 0.364522   1.977348   -2.136646
 0.366472   1.973184   -2.134878
 0.368421   1.969024   -2.133768
 0.370370   1.964867   -2.131849
 0.372320   1.960712   -2.130078
 0.374269   1.956562   -2.129220
 0.376218   1.952413   -2.127296
 0.378168   1.948267   -2.125523
 0.380117   1.944125   -2.124408
 0.382066   1.939986   -2.122481
 0.384016   1.935850   -2.120958
 0.385965   1.931717   -2.119587
 0.387914   1.927588   -2.118063
 0.389863   1.923460   -2.116132
 0.391813   1.919337   -2.114605
 0.393762   1.915216   -2.113485
 0.395711   1.911098   -2.111298
 0.397661   1.906984   -2.109769
 0.399610   1.902872   -2.108239
 0.401560   1.898764   -2.106709
 0.403509   1.894658   -2.105333
 0.405458   1.890557   -2.103802
 0.407407   1.886458   -2.101862
 0.409357   1.882362   -2.100329
 0.411306   1.878269   -2.099203
 0.413255   1.874179   -2.097009
 0.415205   1.870092   -2.095474
 0.417154   1.866009   -2.094347
 0.419103   1.861929   -2.092402
 0.421053   1.857851   -2.090615
 0.423002   1.853777   -2.089487
 0.424951   1.849706   -2.087541
 0.426901   1.845638   -2.085752
 0.428850   1.841574   -2.084623
 0.430799   1.837512   -2.083085
 0.432748   1.833454   -2.081136
 0.434698   1.829398   -2.079347
 0.436647   1.825346   -2.077807
 0.438597   1.821296   -2.076267
 0.440546   1.817251   -2.074888
 0.442495   1.813208   -2.073598
 0.444444   1.809168   -2.071647
 0.446394   1.805131   -2.069608
 0.448343   1.801099   -2.068478
 0.450292   1.797068   -2.066776
 0.452242   1.793040   -2.064986
 0.454191   1.789017   -2.063857
 0.456140   1.784995   -2.061905
 0.458090   1.780977   -2.060116
 0.460039   1.776963   -2.058987
 0.461988   1.772952   -2.057035
 0.463938   1.768943   -2.055495
 0.465887   1.764937   -2.054120
 0.467836   1.760936   -2.052167
 0.469786   1.756936   -2.050628
 0.471735   1.752940   -2.049254
 0.473684   1.748948   -2.047716
 0.475633   1.744958   -2.045765
 0.477583   1.740971   -2.044227
 0.479532   1.736988   -2.042689
 0.481482   1.733007   -2.041152
 0.483431   1.729029   -2.040030
 0.485380   1.725055   -2.038248
 0.487329   1.721084   -2.036298
 0.489279   1.717115   -2.034764
 0.491228   1.713151   -2.033398
 0.493177   1.709189   -2.031451
 0.495127   1.705230   -2.029918
 0.497076   1.701274   -2.028802
 0.499025   1.697322   -2.026857
 0.500975   1.693372   -2.025326
 0.502924   1.689425   -2.024213
 0.504873   1.685481   -2.022270
 0.506823   1.681540   -2.020498
 0.508772   1.677603   -2.019388
 0.510721   1.673669   -2.017448
 0.512671   1.669737   -2.015924
 0.514620   1.665809   -2.014819
 0.516569   1.661884   -2.013298
 0.518518   1.657961   -2.011362
 0.520468   1.654041   -2.009599
 0.522417   1.650125   -2.008744
 0.524366   1.646211   -2.006811
 0.526316   1.642301   -2.005052
 0.528265   1.638394   -2.003958
 0.530214   1.634489   -2.002029
 0.532164   1.630588   -2.000763
 0.534113   1.626688   -1.999674
 0.536062   1.622793   -1.997506
 0.538012   1.618900   -1.996002
 0.539961   1.615011   -1.994919
 0.541910   1.611124   -1.993243
 0.543860   1.607239   -1.991744
 0.545809   1.603358   -1.990424
 0.547758   1.599480   -1.988753
 0.549708   1.595604   -1.987260
 0.551657   1.591732   -1.985948
 0.553606   1.587863   -1.984282
 0.555556   1.583995   -1.982795
 0.557505   1.580132   -1.981733
 0.559454   1.576270   -1.980073
 0.561404   1.572411   -1.978594
 0.563353   1.568556   -1.977539
 0.565302   1.564703   -1.975644
 0.567252   1.560853   -1.974172
 0.569201   1.557006   -1.973125
 0.571150   1.553162   -1.971660
 0.573099   1.549320   -1.970016
 0.575049   1.545480   -1.968555
 0.576998   1.541645   -1.967520
 0.578947   1.537811   -1.965884
 0.580897   1.533980   -1.964432
 0.582846   1.530152   -1.963407
 0.584795   1.526326   -1.961778
 0.586745   1.522503   -1.960335
 0.588694   1.518683   -1.959320
 0.590643   1.514865   -1.957701
 0.592593   1.511050   -1.956267
 0.594542   1.507238   -1.955504
 0.596491   1.503428   -1.953893
 0.598441   1.499620   -1.952470
 0.600390   1.495815   -1.951477
 0.602339   1.492013   -1.949636
 0.604289   1.488213   -1.948464
 0.606238   1.484416   -1.947723
 0.608187   1.480621   -1.946319
 0.610136   1.476829   -1.944732
 0.612086   1.473038   -1.943576
 0.614035   1.469251   -1.942611
 0.615984   1.465466   -1.941035
 0.617934   1.461683   -1.939890
 0.619883   1.457903   -1.939178
 0.621832   1.454124   -1.937375
 0.623782   1.450349   -1.936004
 0.625731   1.446575   -1.935544
 0.627680   1.442804   -1.933992
 0.629630   1.439035   -1.932873
 0.631579   1.435268   -1.931950
 0.633528   1.431504   -1.930411
 0.635478   1.427741   -1.929545
 0.637427   1.423981   -1.928637
 0.639376   1.420223   -1.927542
 0.641325   1.416467   -1.926021
 0.643275   1.412714   -1.924936
 0.645224   1.408962   -1.924287
 0.647173   1.405213   -1.922780
 0.649123   1.401465   -1.921949
 0.651072   1.397719   -1.921317
 0.653021   1.393976   -1.919825
 0.654971   1.390234   -1.918771
 0.656920   1.386494   -1.918156
 0.658869   1.382757   -1.916917
 0.660819   1.379020   -1.915880
 0.662768   1.375287   -1.915283
 0.664717   1.371555   -1.914061
 0.666667   1.367824   -1.913041
 0.668616   1.364096   -1.912700
 0.670565   1.360368   -1.911494
 0.672515   1.356643   -1.910255
 0.674464   1.352920   -1.909933
 0.676413   1.349198   -1.908745
 0.678363   1.345478   -1.907999
 0.680312   1.341759   -1.907697
 0.682261   1.338042   -1.906290
 0.684211   1.334326   -1.905563
 0.686160   1.330612   -1.905282
 0.688109   1.326899   -1.903894
 0.690059   1.323189   -1.903187
 0.692008   1.319479   -1.903164
 0.693957   1.315770   -1.902472
 0.695906   1.312063   -1.901346
 0.697856   1.308357   -1.900667
 0.699805   1.304652   -1.900437
 0.701754   1.300949   -1.899332
 0.703704   1.297247   -1.898675
 0.705653   1.293546   -1.898704
 0.707602   1.289845   -1.897620
 0.709552   1.286147   -1.896986
 0.711501   1.282449   -1.897039
 0.713450   1.278752   -1.896212
 0.715400   1.275056   -1.895601
 0.717349   1.271361   -1.895443
 0.719298   1.267667   -1.894874
 0.721248   1.263973   -1.894523
 0.723197   1.260281   -1.894391
 0.725146   1.256589   -1.893609
 0.727096   1.252897   -1.893283
 0.729045   1.249207   -1.893412
 0.730994   1.245517   -1.893103
 0.732943   1.241828   -1.892354
 0.734893   1.238139   -1.892062
 0.736842   1.234451   -1.892462
 0.738791   1.230762   -1.891974
 0.740741   1.227074   -1.891473
 0.742690   1.223387   -1.891901
 0.744639   1.219699   -1.891438
 0.746589   1.216012   -1.891199
 0.748538   1.212325   -1.891657
 0.750487   1.208638   -1.891219
 0.752437   1.204951   -1.891244
 0.754386   1.201265   -1.891731
 0.756335   1.197578   -1.891321
 0.758285   1.193890   -1.891374
 0.760234   1.190203   -1.891892
 0.762183   1.186516   -1.891744
 0.764133   1.182827   -1.892062
 0.766082   1.179139   -1.892611
 0.768031   1.175450   -1.892715
 0.769980   1.171761   -1.892605
 0.771930   1.168070   -1.892963
 0.773879   1.164380   -1.893331
 0.775829   1.160688   -1.893944
 0.777778   1.156996   -1.894794
 0.779727   1.153302   -1.894960
 0.781676   1.149609   -1.895144
 0.783626   1.145913   -1.895800
 0.785575   1.142217   -1.896929
 0.787524   1.138519   -1.897144
 0.789474   1.134820   -1.897599
 0.791423   1.131120   -1.898764
 0.793372   1.127419   -1.899244
 0.795322   1.123715   -1.900201
 0.797271   1.120010   -1.901402
 0.799220   1.116304   -1.901680
 0.801170   1.112595   -1.902672
 0.803119   1.108885   -1.904377
 0.805068   1.105172   -1.904923
 0.807018   1.101458   -1.905951
 0.808967   1.097741   -1.907694
 0.810916   1.094022   -1.908273
 0.812866   1.090300   -1.909571
 0.814815   1.086576   -1.911586
 0.816764   1.082849   -1.912909
 0.818713   1.079120   -1.914001
 0.820663   1.075386   -1.915583
 0.822612   1.071651   -1.917418
 0.824561   1.067912   -1.918780
 0.826511   1.064169   -1.920633
 0.828460   1.060424   -1.922976
 0.830409   1.056674   -1.924374
 0.832359   1.052921   -1.926500
 0.834308   1.049162   -1.929119
 0.836257   1.045401   -1.930787
 0.838207   1.041634   -1.933186
 0.840156   1.037863   -1.936082
 0.842105   1.034087   -1.938254
 0.844055   1.030306   -1.940927
 0.846004   1.026520   -1.944334
 0.847953   1.022727   -1.946777
 0.849903   1.018929   -1.949959
 0.851852   1.015124   -1.953878
 0.853801   1.011313   -1.957321
 0.855750   1.007495   -1.960748
 0.857700   1.003668   -1.964921
 0.859649   0.999833   -1.969602
 0.861598   0.995990   -1.974000
 0.863548   0.992137   -1.978916
 0.865497   0.988275   -1.984579
 0.867446   0.984401   -1.990182
 0.869396   0.980515   -1.996542
 0.871345   0.976616   -2.004120
 0.873294   0.972703   -2.011161
 0.875244   0.968775   -2.019432
 0.877193   0.964829   -2.029394
 0.879142   0.960864   -2.039036
 0.881092   0.956879   -2.050619
 0.883041   0.952869   -2.063900
 0.884990   0.948834   -2.077541
 0.886940   0.944769   -2.093835
 0.888889   0.940670   -2.112537
 0.890838   0.936534   -2.133057
 0.892787   0.932355   -2.156064
 0.894737   0.928127   -2.182918
 0.896686   0.923844   -2.213820
 0.898636   0.919496   -2.249856
 0.900585   0.915072   -2.291912
 0.902534   0.910562   -2.339461
 0.904483   0.905953   -2.393607
 0.906433   0.901229   -2.456323
 0.908382   0.896376   -2.529191
 0.910331   0.891370   -2.612176
 0.912281   0.886191   -2.708697
 0.914230   0.880809   -2.821012
 0.916179   0.875194   -2.949349
 0.918129   0.869310   -3.098561
 0.920078   0.863113   -3.272262
 0.922027   0.856554   -3.471769
 0.923977   0.849577   -3.703047
 0.925926   0.842116   -3.970814
 0.927875   0.834098   -4.278002
 0.929825   0.825436   -4.633080
 0.931774   0.816034   -5.041834
 0.933723   0.805783   -5.508092
 0.935673   0.794558   -6.043856
 0.937622   0.782219   -6.657337
 0.939571   0.768607   -7.357987
 0.941520   0.753537   -8.167731
 0.943470   0.736761   -9.192863
 0.945419   0.717695   -8.799609
 0.947368   0.702460   -8.151472
 0.949318   0.685912   -8.990788
 0.951267   0.667406   -10.018404
 0.953216   0.646860   -11.070462
 0.955166   0.624241   -12.131265
 0.957115   0.599562   -13.171327
 0.959064   0.572899   -14.147342
 0.961014   0.544400   -15.033287
 0.962963   0.514285   -15.792121
 0.964912   0.482843   -16.378427
 0.966862   0.450425   -16.776170
 0.968811   0.417433   -16.964998
 0.970760   0.384296   -16.922704
 0.972710   0.351451   -16.664148
 0.974659   0.319322   -16.202581
 0.976608   0.288293   -15.552510
 0.978557   0.258698   -14.745514
 0.980507   0.230802   -13.823431
 0.982456   0.204799   -12.820778
 0.984406   0.180814   -11.771865
 0.986355   0.158900   -10.713227
 0.988304   0.139054   -9.665748
 0.990253   0.121223   -8.653132
 0.992203   0.105317   -7.695145
 0.994152   0.091219   -6.804646
 0.996101   0.078792   -5.982392
 0.998051   0.067894   -5.235400
 1.000000   0.058379   -4.882171
514 psinorm ni(10^20/m^3) dni/dpsiN
 0.000000   0.557146   -0.421071
 0.001949   0.556325   -0.435244
 0.003899   0.555449   -0.457256
 0.005848   0.554543   -0.470969
 0.007797   0.553613   -0.482050
 0.009747   0.552663   -0.490911
 0.011696   0.551699   -0.498186
 0.013645   0.550721   -0.505363
 0.015595   0.549729   -0.511293
 0.017544   0.548728   -0.516602
 0.019493   0.547715   -0.521853
 0.021442   0.546693   -0.526411
 0.023392   0.545662   -0.530680
 0.025341   0.544624   -0.534346
 0.027290   0.543580   -0.537906
 0.029240   0.542527   -0.541497
 0.031189   0.541468   -0.544804
 0.033138   0.540403   -0.547691
 0.035088   0.539333   -0.550303
 0.037037   0.538258   -0.552950
 0.038986   0.537177   -0.555483
 0.040936   0.536092   -0.557746
 0.042885   0.535003   -0.560048
 0.044834   0.533909   -0.562234
 0.046784   0.532811   -0.564154
 0.048733   0.531709   -0.566117
 0.050682   0.530604   -0.567653
 0.052632   0.529496   -0.569236
 0.054581   0.528384   -0.571171
 0.056530   0.527269   -0.572371
 0.058480   0.526153   -0.573621
 0.060429   0.525033   -0.575225
 0.062378   0.523911   -0.576458
 0.064327   0.522786   -0.577623
 0.066277   0.521658   -0.578841
 0.068226   0.520529   -0.579806
 0.070175   0.519398   -0.580644
 0.072125   0.518265   -0.581537
 0.074074   0.517131   -0.582484
 0.076023   0.515995   -0.583301
 0.077973   0.514857   -0.583873
 0.079922   0.513718   -0.584802
 0.081871   0.512577   -0.585299
 0.083821   0.511436   -0.585853
 0.085770   0.510293   -0.586466
 0.087719   0.509150   -0.586945
 0.089669   0.508004   -0.587484
 0.091618   0.506859   -0.587784
 0.093567   0.505713   -0.588246
 0.095517   0.504566   -0.588770
 0.097466   0.503418   -0.589057
 0.099415   0.502270   -0.588977
 0.101364   0.501122   -0.589123
 0.103314   0.499973   -0.589630
 0.105263   0.498823   -0.589834
 0.107213   0.497673   -0.589739
 0.109162   0.496523   -0.589709
 0.111111   0.495374   -0.589904
 0.113060   0.494224   -0.590026
 0.115010   0.493074   -0.589918
 0.116959   0.491924   -0.589877
 0.118908   0.490774   -0.589694
 0.120858   0.489625   -0.589578
 0.122807   0.488476   -0.589529
 0.124756   0.487327   -0.589337
 0.126706   0.486178   -0.589213
 0.128655   0.485029   -0.589157
 0.130604   0.483881   -0.588665
 0.132554   0.482734   -0.588533
 0.134503   0.481586   -0.588470
 0.136452   0.480440   -0.587682
 0.138402   0.479295   -0.587544
 0.140351   0.478149   -0.587474
 0.142300   0.477005   -0.586682
 0.144250   0.475862   -0.586248
 0.146199   0.474719   -0.586173
 0.148148   0.473577   -0.585449
 0.150097   0.472437   -0.584939
 0.152047   0.471296   -0.584787
 0.153996   0.470157   -0.584131
 0.155945   0.469019   -0.583616
 0.157895   0.467882   -0.582886
 0.159844   0.466747   -0.582228
 0.161793   0.465612   -0.581996
 0.163743   0.464478   -0.581263
 0.165692   0.463346   -0.580603
 0.167641   0.462214   -0.580082
 0.169591   0.461084   -0.579347
 0.171540   0.459955   -0.578686
 0.173489   0.458828   -0.577878
 0.175439   0.457702   -0.577425
 0.177388   0.456577   -0.576762
 0.179337   0.455454   -0.575743
 0.181286   0.454333   -0.574933
 0.183236   0.453212   -0.574196
 0.185185   0.452094   -0.573459
 0.187135   0.450977   -0.572721
 0.189084   0.449861   -0.572057
 0.191033   0.448747   -0.571246
 0.192983   0.447634   -0.570227
 0.194932   0.446523   -0.569283
 0.196881   0.445415   -0.568546
 0.198830   0.444307   -0.567734
 0.200780   0.443201   -0.566717
 0.202729   0.442097   -0.565775
 0.204678   0.440996   -0.564964
 0.206628   0.439895   -0.563949
 0.208577   0.438797   -0.563008
 0.210526   0.437700   -0.561921
 0.212476   0.436606   -0.561184
 0.214425   0.435512   -0.560245
 0.216374   0.434422   -0.558883
 0.218324   0.433333   -0.558147
 0.220273   0.432246   -0.557210
 0.222222   0.431161   -0.556200
 0.224171   0.430078   -0.555117
 0.226121   0.428997   -0.553834
 0.228070   0.427918   -0.552901
 0.230019   0.426841   -0.551821
 0.231969   0.425767   -0.550815
 0.233918   0.424694   -0.549611
 0.235867   0.423624   -0.548533
 0.237817   0.422555   -0.547531
 0.239766   0.421489   -0.546330
 0.241715   0.420425   -0.545257
 0.243665   0.419364   -0.543985
 0.245614   0.418304   -0.542789
 0.247563   0.417248   -0.541719
 0.249513   0.416192   -0.540722
 0.251462   0.415139   -0.539530
 0.253411   0.414089   -0.538193
 0.255361   0.413041   -0.536931
 0.257310   0.411996   -0.535743
 0.259259   0.410953   -0.534412
 0.261209   0.409912   -0.533422
 0.263158   0.408873   -0.532239
 0.265107   0.407837   -0.530985
 0.267056   0.406803   -0.529661
 0.269006   0.405772   -0.528409
 0.270955   0.404743   -0.527232
 0.272904   0.403717   -0.525646
 0.274854   0.402693   -0.524666
 0.276803   0.401671   -0.523495
 0.278752   0.400653   -0.521915
 0.280702   0.399636   -0.520674
 0.282651   0.398623   -0.519507
 0.284600   0.397611   -0.518199
 0.286550   0.396602   -0.516699
 0.288499   0.395597   -0.515538
 0.290448   0.394593   -0.514236
 0.292398   0.393592   -0.512742
 0.294347   0.392593   -0.511586
 0.296296   0.391598   -0.510027
 0.298246   0.390605   -0.508803
 0.300195   0.389614   -0.507652
 0.302144   0.388626   -0.505838
 0.304094   0.387641   -0.504620
 0.306043   0.386659   -0.503475
 0.307992   0.385679   -0.501739
 0.309941   0.384703   -0.500457
 0.311891   0.383728   -0.499247
 0.313840   0.382756   -0.497520
 0.315790   0.381788   -0.496314
 0.317739   0.380821   -0.494921
 0.319688   0.379859   -0.493460
 0.321637   0.378898   -0.492192
 0.323587   0.377940   -0.490477
 0.325536   0.376985   -0.489093
 0.327485   0.376033   -0.487574
 0.329435   0.375084   -0.486125
 0.331384   0.374138   -0.485005
 0.333333   0.373194   -0.483493
 0.335283   0.372253   -0.481795
 0.337232   0.371315   -0.480424
 0.339181   0.370380   -0.478921
 0.341131   0.369448   -0.477487
 0.343080   0.368518   -0.476124
 0.345029   0.367592   -0.474373
 0.346979   0.366669   -0.472946
 0.348928   0.365748   -0.471590
 0.350877   0.364830   -0.470169
 0.352826   0.363915   -0.468684
 0.354776   0.363003   -0.467013
 0.356725   0.362094   -0.465347
 0.358675   0.361189   -0.463936
 0.360624   0.360285   -0.462595
 0.362573   0.359385   -0.461189
 0.364522   0.358488   -0.459468
 0.366472   0.357594   -0.457815
 0.368421   0.356703   -0.456483
 0.370370   0.355814   -0.454771
 0.372320   0.354929   -0.453378
 0.374269   0.354047   -0.451803
 0.376218   0.353168   -0.450100
 0.378168   0.352292   -0.448715
 0.380117   0.351419   -0.447148
 0.382066   0.350549   -0.445704
 0.384016   0.349681   -0.444077
 0.385965   0.348817   -0.442518
 0.387914   0.347956   -0.440898
 0.389863   0.347099   -0.439217
 0.391813   0.346244   -0.437850
 0.393762   0.345392   -0.436302
 0.395711   0.344543   -0.434630
 0.397661   0.343697   -0.433024
 0.399610   0.342854   -0.431422
 0.401560   0.342015   -0.429821
 0.403509   0.341179   -0.428287
 0.405458   0.340345   -0.426693
 0.407407   0.339515   -0.425041
 0.409357   0.338688   -0.423453
 0.411306   0.337864   -0.421929
 0.413255   0.337043   -0.420286
 0.415205   0.336226   -0.418707
 0.417154   0.335411   -0.416947
 0.419103   0.334600   -0.415313
 0.421053   0.333792   -0.413988
 0.423002   0.332986   -0.412237
 0.424951   0.332185   -0.410613
 0.426901   0.331385   -0.409051
 0.428850   0.330590   -0.407309
 0.430799   0.329798   -0.405754
 0.432748   0.329008   -0.404143
 0.434698   0.328222   -0.402593
 0.436647   0.327439   -0.400805
 0.438597   0.326659   -0.399261
 0.440546   0.325882   -0.397780
 0.442495   0.325108   -0.396000
 0.444444   0.324338   -0.394408
 0.446394   0.323571   -0.392635
 0.448343   0.322807   -0.391165
 0.450292   0.322046   -0.389582
 0.452242   0.321288   -0.387577
 0.454191   0.320535   -0.386116
 0.456140   0.319783   -0.384543
 0.458090   0.319035   -0.382789
 0.460039   0.318291   -0.381335
 0.461988   0.317549   -0.379532
 0.463938   0.316811   -0.377788
 0.465887   0.316076   -0.376342
 0.467836   0.315344   -0.374550
 0.469786   0.314616   -0.372815
 0.471735   0.313890   -0.371378
 0.473684   0.313168   -0.369650
 0.475633   0.312449   -0.367871
 0.477583   0.311734   -0.366386
 0.479532   0.311021   -0.364668
 0.481482   0.310312   -0.362952
 0.483431   0.309606   -0.361295
 0.485380   0.308903   -0.359586
 0.487329   0.308204   -0.358064
 0.489279   0.307507   -0.356360
 0.491228   0.306815   -0.354714
 0.493177   0.306125   -0.352965
 0.495127   0.305438   -0.351272
 0.497076   0.304755   -0.349634
 0.499025   0.304076   -0.347895
 0.500975   0.303399   -0.346211
 0.502924   0.302726   -0.344582
 0.504873   0.302055   -0.342854
 0.506823   0.301389   -0.341179
 0.508772   0.300725   -0.339559
 0.510721   0.300065   -0.337840
 0.512671   0.299408   -0.336175
 0.514620   0.298755   -0.334563
 0.516569   0.298104   -0.332904
 0.518518   0.297457   -0.331198
 0.520468   0.296813   -0.329545
 0.522417   0.296172   -0.327712
 0.524366   0.295535   -0.326016
 0.526316   0.294901   -0.324372
 0.528265   0.294270   -0.322780
 0.530214   0.293643   -0.321095
 0.532164   0.293018   -0.319227
 0.534113   0.292398   -0.317644
 0.536062   0.291780   -0.315968
 0.538012   0.291166   -0.314342
 0.539961   0.290555   -0.312536
 0.541910   0.289948   -0.310869
 0.543860   0.289343   -0.309252
 0.545809   0.288742   -0.307454
 0.547758   0.288144   -0.305798
 0.549708   0.287550   -0.304189
 0.551657   0.286958   -0.302630
 0.553606   0.286370   -0.300753
 0.555556   0.285785   -0.298924
 0.557505   0.285205   -0.297373
 0.559454   0.284626   -0.295736
 0.561404   0.284051   -0.293916
 0.563353   0.283480   -0.292372
 0.565302   0.282912   -0.290744
 0.567252   0.282347   -0.288933
 0.569201   0.281785   -0.287170
 0.571150   0.281227   -0.285366
 0.573099   0.280673   -0.283750
 0.575049   0.280121   -0.282179
 0.576998   0.279573   -0.280427
 0.578947   0.279028   -0.278819
 0.580897   0.278486   -0.277256
 0.582846   0.277947   -0.275286
 0.584795   0.277412   -0.273461
 0.586745   0.276881   -0.272133
 0.588694   0.276351   -0.270397
 0.590643   0.275827   -0.268582
 0.592593   0.275304   -0.266810
 0.594542   0.274786   -0.265082
 0.596491   0.274271   -0.263502
 0.598441   0.273759   -0.261738
 0.600390   0.273250   -0.260243
 0.602339   0.272744   -0.258447
 0.604289   0.272243   -0.256692
 0.606238   0.271744   -0.255204
 0.608187   0.271248   -0.253455
 0.610136   0.270756   -0.251670
 0.612086   0.270267   -0.249926
 0.614035   0.269781   -0.248224
 0.615984   0.269299   -0.246449
 0.617934   0.268820   -0.244937
 0.619883   0.268344   -0.243242
 0.621832   0.267872   -0.241475
 0.623782   0.267403   -0.239748
 0.625731   0.266937   -0.238060
 0.627680   0.266475   -0.236526
 0.629630   0.266015   -0.234583
 0.631579   0.265560   -0.232903
 0.633528   0.265107   -0.231377
 0.635478   0.264658   -0.229665
 0.637427   0.264212   -0.227991
 0.639376   0.263769   -0.226285
 0.641325   0.263330   -0.224769
 0.643275   0.262893   -0.223067
 0.645224   0.262460   -0.221182
 0.647173   0.262031   -0.219453
 0.649123   0.261604   -0.217759
 0.651072   0.261182   -0.216322
 0.653021   0.260761   -0.214601
 0.654971   0.260345   -0.212693
 0.656920   0.259932   -0.211043
 0.658869   0.259522   -0.209330
 0.660819   0.259116   -0.207650
 0.662768   0.258713   -0.206226
 0.664717   0.258312   -0.204521
 0.666667   0.257915   -0.202628
 0.668616   0.257522   -0.200990
 0.670565   0.257132   -0.199293
 0.672515   0.256745   -0.197628
 0.674464   0.256361   -0.195996
 0.676413   0.255981   -0.194306
 0.678363   0.255604   -0.192648
 0.680312   0.255230   -0.191022
 0.682261   0.254859   -0.189339
 0.684211   0.254491   -0.187469
 0.686160   0.254128   -0.185849
 0.688109   0.253767   -0.184392
 0.690059   0.253409   -0.182529
 0.692008   0.253055   -0.180915
 0.693957   0.252704   -0.179274
 0.695906   0.252356   -0.177608
 0.697856   0.252011   -0.175972
 0.699805   0.251670   -0.174147
 0.701754   0.251333   -0.172489
 0.703704   0.250998   -0.170858
 0.705653   0.250666   -0.169257
 0.707602   0.250338   -0.167605
 0.709552   0.250013   -0.165980
 0.711501   0.249691   -0.164167
 0.713450   0.249373   -0.162522
 0.715400   0.249057   -0.160903
 0.717349   0.248746   -0.159312
 0.719298   0.248436   -0.157674
 0.721248   0.248131   -0.155844
 0.723197   0.247829   -0.154258
 0.725146   0.247529   -0.152626
 0.727096   0.247233   -0.151018
 0.729045   0.246941   -0.149437
 0.730994   0.246651   -0.147617
 0.732943   0.246365   -0.145993
 0.734893   0.246082   -0.144393
 0.736842   0.245802   -0.142602
 0.738791   0.245526   -0.140984
 0.740741   0.245253   -0.139389
 0.742690   0.244982   -0.137818
 0.744639   0.244715   -0.136205
 0.746589   0.244451   -0.134400
 0.748538   0.244191   -0.132833
 0.750487   0.243934   -0.131226
 0.752437   0.243680   -0.129426
 0.754386   0.243429   -0.127863
 0.756335   0.243181   -0.126262
 0.758285   0.242937   -0.124681
 0.760234   0.242695   -0.123122
 0.762183   0.242457   -0.121526
 0.764133   0.242221   -0.119736
 0.766082   0.241990   -0.117966
 0.768031   0.241761   -0.116608
 0.769980   0.241535   -0.115019
 0.771930   0.241313   -0.113234
 0.773879   0.241094   -0.111666
 0.775829   0.240878   -0.110098
 0.777778   0.240665   -0.108336
 0.779727   0.240455   -0.106771
 0.781676   0.240248   -0.105192
 0.783626   0.240045   -0.103629
 0.785575   0.239844   -0.102085
 0.787524   0.239647   -0.100296
 0.789474   0.239453   -0.098738
 0.791423   0.239262   -0.097410
 0.793372   0.239074   -0.095839
 0.795322   0.238889   -0.094071
 0.797271   0.238707   -0.092532
 0.799220   0.238528   -0.090753
 0.801170   0.238353   -0.089201
 0.803119   0.238180   -0.087878
 0.805068   0.238010   -0.086315
 0.807018   0.237844   -0.084767
 0.808967   0.237680   -0.083234
 0.810916   0.237519   -0.081675
 0.812866   0.237361   -0.080342
 0.814815   0.237206   -0.078811
 0.816764   0.237054   -0.077055
 0.818713   0.236906   -0.075713
 0.820663   0.236759   -0.074384
 0.822612   0.236616   -0.072856
 0.824561   0.236475   -0.071517
 0.826511   0.236337   -0.070190
 0.828460   0.236201   -0.068877
 0.830409   0.236068   -0.067541
 0.832359   0.235938   -0.066004
 0.834308   0.235811   -0.064692
 0.836257   0.235686   -0.063783
 0.838207   0.235562   -0.062673
 0.840156   0.235441   -0.061363
 0.842105   0.235323   -0.060244
 0.844055   0.235207   -0.059135
 0.846004   0.235092   -0.058251
 0.847953   0.234980   -0.057558
 0.849903   0.234868   -0.056663
 0.851852   0.234759   -0.055992
 0.853801   0.234650   -0.055522
 0.855750   0.234542   -0.055043
 0.857700   0.234435   -0.054786
 0.859649   0.234329   -0.054540
 0.861598   0.234223   -0.054485
 0.863548   0.234116   -0.054654
 0.865497   0.234009   -0.055257
 0.867446   0.233901   -0.055838
 0.869396   0.233792   -0.056643
 0.871345   0.233680   -0.058095
 0.873294   0.233565   -0.059522
 0.875244   0.233448   -0.061387
 0.877193   0.233326   -0.063901
 0.879142   0.233199   -0.066809
 0.881092   0.233065   -0.070158
 0.883041   0.232925   -0.073947
 0.884990   0.232777   -0.078546
 0.886940   0.232619   -0.084228
 0.888889   0.232449   -0.090351
 0.890838   0.232267   -0.097303
 0.892787   0.232069   -0.105710
 0.894737   0.231855   -0.114997
 0.896686   0.231621   -0.125711
 0.898636   0.231364   -0.138254
 0.900585   0.231082   -0.152687
 0.902534   0.230769   -0.168781
 0.904483   0.230424   -0.186729
 0.906433   0.230041   -0.207276
 0.908382   0.229616   -0.229983
 0.910331   0.229145   -0.255323
 0.912281   0.228620   -0.283707
 0.914230   0.228039   -0.315326
 0.916179   0.227391   -0.350593
 0.918129   0.226672   -0.389992
 0.920078   0.225871   -0.433494
 0.922027   0.224982   -0.481430
 0.923977   0.223994   -0.534810
 0.925926   0.222897   -0.593805
 0.927875   0.221679   -0.658209
 0.929825   0.220330   -0.728958
 0.931774   0.218837   -0.806846
 0.933723   0.217185   -0.891091
 0.935673   0.215362   -0.982600
 0.937622   0.213354   -1.082148
 0.939571   0.211144   -1.188880
 0.941520   0.208720   -1.302660
 0.943470   0.206065   -1.424460
 0.945419   0.203166   -1.553549
 0.947368   0.200009   -1.687979
 0.949318   0.196584   -1.828631
 0.951267   0.192880   -1.974126
 0.953216   0.188889   -2.121359
 0.955166   0.184608   -2.270696
 0.957115   0.180036   -2.419903
 0.959064   0.175175   -2.564906
 0.961014   0.170035   -2.705346
 0.962963   0.164627   -2.838573
 0.964912   0.158970   -2.959764
 0.966862   0.153087   -3.068642
 0.968811   0.147006   -3.162794
 0.970760   0.140759   -3.237337
 0.972710   0.134383   -3.292836
 0.974659   0.127920   -3.327975
 0.976608   0.121411   -3.340258
 0.978557   0.114900   -3.329245
 0.980507   0.108430   -3.296835
 0.982456   0.102045   -3.243087
 0.984406   0.095786   -3.169160
 0.986355   0.089689   -3.078297
 0.988304   0.083786   -2.970718
 0.990253   0.078109   -2.848887
 0.992203   0.072679   -2.717132
 0.994152   0.067515   -2.578095
 0.996101   0.062629   -2.432023
 0.998051   0.058032   -2.283534
 1.000000   0.053726   -2.209614
514 psinorm ti(KeV) dti/dpsiN
 0.000000   5.563502   -14.205196
 0.001949   5.535816   -13.709897
 0.003899   5.510048   -13.030212
 0.005848   5.485011   -12.719609
 0.007797   5.460467   -12.492483
 0.009747   5.436303   -12.313651
 0.011696   5.412456   -12.165224
 0.013645   5.388883   -12.029937
 0.015595   5.365552   -11.911084
 0.017544   5.342442   -11.805035
 0.019493   5.319536   -11.704502
 0.021442   5.296818   -11.608168
 0.023392   5.274276   -11.519578
 0.025341   5.251903   -11.437943
 0.027290   5.229690   -11.355165
 0.029240   5.207629   -11.278631
 0.031189   5.185715   -11.207263
 0.033138   5.163943   -11.133140
 0.035088   5.142307   -11.064344
 0.037037   5.120803   -10.999795
 0.038986   5.099430   -10.932287
 0.040936   5.078178   -10.868920
 0.042885   5.057052   -10.809177
 0.044834   5.036044   -10.746548
 0.046784   5.015151   -10.687446
 0.048733   4.994374   -10.631634
 0.050682   4.973709   -10.572443
 0.052632   4.953152   -10.516734
 0.054581   4.932704   -10.463987
 0.056530   4.912363   -10.407647
 0.058480   4.892125   -10.354467
 0.060429   4.871991   -10.304485
 0.062378   4.851958   -10.252622
 0.064327   4.832026   -10.199491
 0.066277   4.812190   -10.149467
 0.068226   4.792453   -10.101751
 0.070175   4.772813   -10.050588
 0.072125   4.753266   -10.002216
 0.074074   4.733815   -9.956671
 0.076023   4.714455   -9.907182
 0.077973   4.695187   -9.859893
 0.079922   4.676011   -9.815675
 0.081871   4.656925   -9.767847
 0.083821   4.637927   -9.722187
 0.085770   4.619018   -9.679286
 0.087719   4.600197   -9.632554
 0.089669   4.581461   -9.588235
 0.091618   4.562812   -9.546642
 0.093567   4.544248   -9.500996
 0.095517   4.525768   -9.457457
 0.097466   4.507374   -9.416612
 0.099415   4.489062   -9.374338
 0.101364   4.470832   -9.330403
 0.103314   4.452683   -9.288537
 0.105263   4.434616   -9.246781
 0.107213   4.416630   -9.205333
 0.109162   4.398725   -9.166242
 0.111111   4.380900   -9.125772
 0.113060   4.363153   -9.083415
 0.115010   4.345483   -9.043071
 0.116959   4.327894   -9.005321
 0.118908   4.310381   -8.963743
 0.120858   4.292944   -8.924152
 0.122807   4.275585   -8.886852
 0.124756   4.258303   -8.846048
 0.126706   4.241095   -8.807205
 0.128655   4.223964   -8.770626
 0.130604   4.206907   -8.730591
 0.132554   4.189923   -8.692491
 0.134503   4.173015   -8.656355
 0.136452   4.156181   -8.616811
 0.138402   4.139418   -8.579448
 0.140351   4.122729   -8.544026
 0.142300   4.106113   -8.505240
 0.144250   4.089568   -8.468067
 0.146199   4.073096   -8.433353
 0.148148   4.056694   -8.396860
 0.150097   4.040365   -8.358626
 0.152047   4.024104   -8.322517
 0.153996   4.007916   -8.288289
 0.155945   3.991796   -8.250533
 0.157895   3.975747   -8.214878
 0.159844   3.959766   -8.181351
 0.161793   3.943856   -8.144069
 0.163743   3.928013   -8.109134
 0.165692   3.912238   -8.075763
 0.167641   3.896533   -8.038952
 0.169591   3.880895   -8.004464
 0.171540   3.865324   -7.971518
 0.173489   3.849822   -7.935174
 0.175439   3.834385   -7.901131
 0.177388   3.819015   -7.868606
 0.179337   3.803713   -7.834688
 0.181286   3.788475   -7.799143
 0.183236   3.773304   -7.765329
 0.185185   3.758198   -7.731872
 0.187135   3.743158   -7.698171
 0.189084   3.728183   -7.666482
 0.191033   3.713274   -7.631792
 0.192983   3.698427   -7.598796
 0.194932   3.683646   -7.567521
 0.196881   3.668929   -7.534646
 0.198830   3.654276   -7.500206
 0.200780   3.639685   -7.467699
 0.202729   3.625159   -7.436884
 0.204678   3.610696   -7.402896
 0.206628   3.596295   -7.370552
 0.208577   3.581959   -7.340147
 0.210526   3.567684   -7.306874
 0.212476   3.553469   -7.274693
 0.214425   3.539320   -7.244428
 0.216374   3.525230   -7.211602
 0.218324   3.511202   -7.179847
 0.220273   3.497236   -7.149721
 0.222222   3.483332   -7.118613
 0.224171   3.469488   -7.086024
 0.226121   3.455704   -7.054746
 0.228070   3.441981   -7.025334
 0.230019   3.428319   -6.992921
 0.231969   3.414716   -6.962064
 0.233918   3.401174   -6.932788
 0.235867   3.387692   -6.900814
 0.237817   3.374267   -6.870376
 0.239766   3.360904   -6.841234
 0.241715   3.347600   -6.809696
 0.243665   3.334353   -6.779411
 0.245614   3.321167   -6.750666
 0.247563   3.308039   -6.719562
 0.249513   3.294968   -6.689428
 0.251462   3.281957   -6.661078
 0.253411   3.269003   -6.629880
 0.255361   3.256107   -6.600159
 0.257310   3.243269   -6.572202
 0.259259   3.230489   -6.541171
 0.261209   3.217765   -6.511861
 0.263158   3.205099   -6.484033
 0.265107   3.192490   -6.455091
 0.267056   3.179937   -6.424544
 0.269006   3.167441   -6.395167
 0.270955   3.155002   -6.367770
 0.272904   3.142619   -6.337648
 0.274854   3.130292   -6.308939
 0.276803   3.118021   -6.281668
 0.278752   3.105806   -6.251707
 0.280702   3.093645   -6.223142
 0.282651   3.081542   -6.195996
 0.284600   3.069493   -6.166457
 0.286550   3.057499   -6.138294
 0.288499   3.045560   -6.111271
 0.290448   3.033677   -6.081891
 0.292398   3.021847   -6.054129
 0.294347   3.010072   -6.027229
 0.296296   2.998353   -5.998006
 0.298246   2.986686   -5.970384
 0.300195   2.975074   -5.944124
 0.302144   2.963516   -5.915316
 0.304094   2.952010   -5.887572
 0.306043   2.940560   -5.861173
 0.307992   2.929164   -5.834047
 0.309941   2.917819   -5.805446
 0.311891   2.906528   -5.778143
 0.313840   2.895290   -5.751169
 0.315790   2.884104   -5.723957
 0.317739   2.872972   -5.698053
 0.319688   2.861893   -5.671196
 0.321637   2.850866   -5.643158
 0.323587   2.839891   -5.616124
 0.325536   2.828969   -5.590891
 0.327485   2.818097   -5.563002
 0.329435   2.807278   -5.536359
 0.331384   2.796511   -5.511240
 0.333333   2.785796   -5.483500
 0.335283   2.775131   -5.456989
 0.337232   2.764519   -5.431727
 0.339181   2.753958   -5.404391
 0.341131   2.743447   -5.378523
 0.343080   2.732987   -5.353630
 0.345029   2.722579   -5.326184
 0.346979   2.712220   -5.300189
 0.348928   2.701913   -5.275664
 0.350877   2.691656   -5.249761
 0.352826   2.681450   -5.222764
 0.354776   2.671292   -5.196939
 0.356725   2.661187   -5.171435
 0.358675   2.651129   -5.145949
 0.360624   2.641123   -5.121389
 0.362573   2.631166   -5.096249
 0.364522   2.621257   -5.069792
 0.366472   2.611399   -5.044218
 0.368421   2.601590   -5.020057
 0.370370   2.591831   -4.993741
 0.372320   2.582119   -4.968800
 0.374269   2.572457   -4.945000
 0.376218   2.562844   -4.918569
 0.378168   2.553280   -4.893750
 0.380117   2.543763   -4.870057
 0.382066   2.534296   -4.844017
 0.384016   2.524876   -4.819320
 0.385965   2.515506   -4.795731
 0.387914   2.506183   -4.771122
 0.389863   2.496908   -4.745517
 0.391813   2.487680   -4.720980
 0.393762   2.478501   -4.697530
 0.395711   2.469369   -4.672061
 0.397661   2.460284   -4.647643
 0.399610   2.451248   -4.623539
 0.401560   2.442257   -4.599200
 0.403509   2.433315   -4.576172
 0.405458   2.424419   -4.552169
 0.407407   2.415571   -4.526967
 0.409357   2.406769   -4.503035
 0.411306   2.398014   -4.480141
 0.413255   2.389305   -4.455070
 0.415205   2.380643   -4.431253
 0.417154   2.372028   -4.408710
 0.419103   2.363458   -4.384020
 0.421053   2.354934   -4.360318
 0.423002   2.346457   -4.337622
 0.424951   2.338026   -4.313311
 0.426901   2.329640   -4.289722
 0.428850   2.321301   -4.267123
 0.430799   2.313006   -4.243866
 0.432748   2.304758   -4.219724
 0.434698   2.296554   -4.196285
 0.436647   2.288397   -4.173153
 0.438597   2.280283   -4.150037
 0.440546   2.272216   -4.127631
 0.442495   2.264193   -4.104843
 0.444444   2.256215   -4.080952
 0.446394   2.248282   -4.057981
 0.448343   2.240393   -4.035950
 0.450292   2.232549   -4.012182
 0.452242   2.224749   -3.989319
 0.454191   2.216995   -3.967629
 0.456140   2.209284   -3.944231
 0.458090   2.201617   -3.921228
 0.460039   2.193995   -3.899629
 0.461988   2.186416   -3.876352
 0.463938   2.178881   -3.853950
 0.465887   2.171389   -3.832442
 0.467836   2.163942   -3.809036
 0.469786   2.156538   -3.786739
 0.471735   2.149178   -3.765320
 0.473684   2.141861   -3.743098
 0.475633   2.134587   -3.720098
 0.477583   2.127356   -3.698185
 0.479532   2.120168   -3.676081
 0.481482   2.113023   -3.653989
 0.483431   2.105921   -3.632745
 0.485380   2.098862   -3.610727
 0.487329   2.091846   -3.588451
 0.489279   2.084871   -3.566494
 0.491228   2.077940   -3.545365
 0.493177   2.071051   -3.523203
 0.495127   2.064203   -3.501591
 0.497076   2.057399   -3.480547
 0.499025   2.050636   -3.458005
 0.500975   2.043916   -3.436737
 0.502924   2.037236   -3.416268
 0.504873   2.030599   -3.393837
 0.506823   2.024004   -3.372420
 0.508772   2.017450   -3.352033
 0.510721   2.010938   -3.329958
 0.512671   2.004467   -3.308636
 0.514620   1.998037   -3.288330
 0.516569   1.991649   -3.267322
 0.518518   1.985301   -3.245636
 0.520468   1.978994   -3.224684
 0.522417   1.972728   -3.204239
 0.524366   1.966504   -3.182659
 0.526316   1.960319   -3.161800
 0.528265   1.954176   -3.141678
 0.530214   1.948073   -3.120448
 0.532164   1.942009   -3.099679
 0.534113   1.935987   -3.079634
 0.536062   1.930005   -3.058264
 0.538012   1.924063   -3.037829
 0.539961   1.918161   -3.018103
 0.541910   1.912298   -2.997078
 0.543860   1.906475   -2.976731
 0.545809   1.900692   -2.956836
 0.547758   1.894949   -2.935912
 0.549708   1.889245   -2.915896
 0.551657   1.883580   -2.896317
 0.553606   1.877955   -2.875492
 0.555556   1.872369   -2.855561
 0.557505   1.866821   -2.836296
 0.559454   1.861313   -2.815569
 0.561404   1.855843   -2.795722
 0.563353   1.850412   -2.776528
 0.565302   1.845020   -2.756139
 0.567252   1.839666   -2.736617
 0.569201   1.834350   -2.717492
 0.571150   1.829073   -2.697787
 0.573099   1.823834   -2.677766
 0.575049   1.818633   -2.658351
 0.576998   1.813469   -2.639317
 0.578947   1.808345   -2.619629
 0.580897   1.803256   -2.600293
 0.582846   1.798206   -2.581566
 0.584795   1.793193   -2.561969
 0.586745   1.788217   -2.542951
 0.588694   1.783278   -2.524529
 0.590643   1.778376   -2.504780
 0.592593   1.773511   -2.486080
 0.594542   1.768683   -2.467961
 0.596491   1.763891   -2.448540
 0.598441   1.759136   -2.429914
 0.600390   1.754417   -2.412097
 0.602339   1.749734   -2.393001
 0.604289   1.745087   -2.374448
 0.606238   1.740476   -2.356690
 0.608187   1.735900   -2.338429
 0.610136   1.731361   -2.319685
 0.612086   1.726856   -2.301466
 0.614035   1.722387   -2.284025
 0.615984   1.717953   -2.265841
 0.617934   1.713553   -2.248170
 0.619883   1.709187   -2.230785
 0.621832   1.704857   -2.212441
 0.623782   1.700561   -2.195075
 0.625731   1.696299   -2.178224
 0.627680   1.692070   -2.160434
 0.629630   1.687875   -2.143133
 0.631579   1.683714   -2.126335
 0.633528   1.679587   -2.109098
 0.635478   1.675491   -2.092337
 0.637427   1.671428   -2.075829
 0.639376   1.667399   -2.059114
 0.641325   1.663402   -2.042212
 0.643275   1.659437   -2.025771
 0.645224   1.655504   -2.010043
 0.647173   1.651602   -1.993448
 0.649123   1.647731   -1.977542
 0.651072   1.643891   -1.962099
 0.653021   1.640083   -1.945809
 0.654971   1.636304   -1.930435
 0.656920   1.632556   -1.915513
 0.658869   1.628838   -1.899763
 0.660819   1.625149   -1.884681
 0.662768   1.621489   -1.870515
 0.664717   1.617858   -1.855303
 0.666667   1.614256   -1.840509
 0.668616   1.610682   -1.826622
 0.670565   1.607135   -1.812181
 0.672515   1.603616   -1.798387
 0.674464   1.600123   -1.785013
 0.676413   1.596658   -1.771103
 0.678363   1.593218   -1.757830
 0.680312   1.589804   -1.744968
 0.682261   1.586416   -1.731821
 0.684211   1.583052   -1.719304
 0.686160   1.579712   -1.707425
 0.688109   1.576396   -1.695039
 0.690059   1.573104   -1.683037
 0.692008   1.569834   -1.672137
 0.693957   1.566586   -1.660875
 0.695906   1.563360   -1.649497
 0.697856   1.560154   -1.638966
 0.699805   1.556970   -1.629054
 0.701754   1.553804   -1.618900
 0.703704   1.550657   -1.609113
 0.705653   1.547530   -1.600175
 0.707602   1.544420   -1.591240
 0.709552   1.541326   -1.582667
 0.711501   1.538249   -1.574699
 0.713450   1.535188   -1.566979
 0.715400   1.532140   -1.559616
 0.717349   1.529107   -1.553088
 0.719298   1.526086   -1.546578
 0.721248   1.523077   -1.540421
 0.723197   1.520079   -1.535330
 0.725146   1.517092   -1.530261
 0.727096   1.514113   -1.526013
 0.729045   1.511142   -1.522590
 0.730994   1.508178   -1.519065
 0.732943   1.505221   -1.515909
 0.734893   1.502267   -1.514043
 0.736842   1.499317   -1.512998
 0.738791   1.496370   -1.511741
 0.740741   1.493423   -1.511539
 0.742690   1.490476   -1.512392
 0.744639   1.487528   -1.513263
 0.746589   1.484576   -1.515190
 0.748538   1.481620   -1.518174
 0.750487   1.478658   -1.521402
 0.752437   1.475688   -1.525690
 0.754386   1.472710   -1.531036
 0.756335   1.469720   -1.536849
 0.758285   1.466717   -1.543728
 0.760234   1.463701   -1.551669
 0.762183   1.460669   -1.560296
 0.764133   1.457618   -1.569997
 0.766082   1.454548   -1.580999
 0.768031   1.451455   -1.592810
 0.769980   1.448339   -1.605413
 0.771930   1.445195   -1.619338
 0.773879   1.442025   -1.634419
 0.775829   1.438823   -1.650688
 0.777778   1.435589   -1.668511
 0.779727   1.432319   -1.687353
 0.781676   1.429012   -1.706951
 0.783626   1.425663   -1.728371
 0.785575   1.422273   -1.751363
 0.787524   1.418837   -1.774918
 0.789474   1.415352   -1.800548
 0.791423   1.411816   -1.828001
 0.793372   1.408227   -1.855974
 0.795322   1.404580   -1.886045
 0.797271   1.400873   -1.917960
 0.799220   1.397104   -1.950811
 0.801170   1.393267   -1.985789
 0.803119   1.389361   -2.022868
 0.805068   1.385382   -2.060592
 0.807018   1.381327   -2.100474
 0.808967   1.377192   -2.143187
 0.810916   1.372973   -2.186478
 0.812866   1.368667   -2.231732
 0.814815   1.364271   -2.279847
 0.816764   1.359780   -2.329292
 0.818713   1.355192   -2.380000
 0.820663   1.350500   -2.433660
 0.822612   1.345703   -2.489765
 0.824561   1.340795   -2.546497
 0.826511   1.335774   -2.605763
 0.828460   1.330636   -2.667984
 0.830409   1.325374   -2.731205
 0.832359   1.319986   -2.797012
 0.834308   1.314469   -2.865590
 0.836257   1.308816   -2.934831
 0.838207   1.303026   -3.006717
 0.840156   1.297093   -3.081660
 0.842105   1.291013   -3.157388
 0.844055   1.284783   -3.235825
 0.846004   1.278397   -3.316912
 0.847953   1.271853   -3.398428
 0.849903   1.265146   -3.486223
 0.851852   1.258261   -3.584426
 0.853801   1.251174   -3.688778
 0.855750   1.243882   -3.794014
 0.857700   1.236381   -3.901678
 0.859649   1.228669   -4.012624
 0.861598   1.220740   -4.122942
 0.863548   1.212594   -4.236015
 0.865497   1.204224   -4.351759
 0.867446   1.195631   -4.466471
 0.869396   1.186809   -4.583801
 0.871345   1.177758   -4.703430
 0.873294   1.168475   -4.821850
 0.875244   1.158958   -4.942522
 0.877193   1.149205   -5.064890
 0.879142   1.139215   -5.185401
 0.881092   1.128987   -5.308033
 0.883041   1.118519   -5.432230
 0.884990   1.107812   -5.553451
 0.886940   1.096866   -5.675964
 0.888889   1.085681   -5.799910
 0.890838   1.074258   -5.921780
 0.892787   1.062598   -6.041417
 0.894737   1.050702   -6.161780
 0.896686   1.038573   -6.281275
 0.898636   1.026212   -6.400033
 0.900585   1.013620   -6.518652
 0.902534   1.000802   -6.634262
 0.904483   0.987759   -6.745782
 0.906433   0.974500   -6.856292
 0.908382   0.961027   -6.966173
 0.910331   0.947346   -7.069454
 0.912281   0.933463   -7.171338
 0.914230   0.919385   -7.271279
 0.916179   0.905120   -7.363766
 0.918129   0.890673   -7.454226
 0.920078   0.876056   -7.542356
 0.922027   0.861273   -7.622426
 0.923977   0.846336   -7.699364
 0.925926   0.831254   -7.773342
 0.927875   0.816035   -7.838443
 0.929825   0.800691   -7.900226
 0.931774   0.785232   -7.958410
 0.933723   0.769670   -8.006691
 0.935673   0.754014   -8.051221
 0.937622   0.738278   -8.092200
 0.939571   0.722471   -8.125065
 0.941520   0.706606   -8.149308
 0.943470   0.690697   -8.169358
 0.945419   0.674754   -8.185434
 0.947368   0.658790   -8.191024
 0.949318   0.642817   -8.191957
 0.951267   0.626849   -8.188930
 0.953216   0.610897   -8.175183
 0.955166   0.594974   -8.157231
 0.957115   0.579092   -8.135088
 0.959064   0.563264   -8.102485
 0.961014   0.547500   -8.066114
 0.962963   0.531814   -8.025538
 0.964912   0.516217   -7.975025
 0.966862   0.500719   -7.920703
 0.968811   0.485334   -7.863079
 0.970760   0.470069   -7.796067
 0.972710   0.454937   -7.725658
 0.974659   0.439947   -7.652371
 0.976608   0.425108   -7.572424
 0.978557   0.410429   -7.485684
 0.980507   0.395922   -7.396623
 0.982456   0.381590   -7.303694
 0.984406   0.367444   -7.206707
 0.986355   0.353491   -7.108121
 0.988304   0.339737   -7.004165
 0.990253   0.326189   -6.895440
 0.992203   0.312852   -6.785629
 0.994152   0.299731   -6.675051
 0.996101   0.286832   -6.558722
 0.998051   0.274159   -6.442150
 1.000000   0.261714   -6.385095
3 N Z A of ION SPECIES
 6.000000   6.000000   12.000000
 1.000000   1.000000   2.000000
 1.000000   1.000000   2.000000
514 psinorm nz1(10^20/m^3) dnz1/dpsiN
 0.000000   0.020635   -0.060651
 0.001949   0.020517   -0.059775
 0.003899   0.020402   -0.058154
 0.005848   0.020290   -0.056709
 0.007797   0.020181   -0.055353
 0.009747   0.020074   -0.054117
 0.011696   0.019970   -0.053054
 0.013645   0.019867   -0.051975
 0.015595   0.019767   -0.050961
 0.017544   0.019669   -0.050066
 0.019493   0.019572   -0.049164
 0.021442   0.019477   -0.048309
 0.023392   0.019384   -0.047466
 0.025341   0.019292   -0.046739
 0.027290   0.019202   -0.045997
 0.029240   0.019113   -0.045266
 0.031189   0.019025   -0.044547
 0.033138   0.018939   -0.043865
 0.035088   0.018854   -0.043246
 0.037037   0.018770   -0.042585
 0.038986   0.018688   -0.041962
 0.040936   0.018607   -0.041401
 0.042885   0.018527   -0.040798
 0.044834   0.018448   -0.040182
 0.046784   0.018370   -0.039678
 0.048733   0.018293   -0.039081
 0.050682   0.018218   -0.038574
 0.052632   0.018143   -0.038076
 0.054581   0.018069   -0.037484
 0.056530   0.017997   -0.037085
 0.058480   0.017925   -0.036592
 0.060429   0.017854   -0.036056
 0.062378   0.017784   -0.035618
 0.064327   0.017715   -0.035124
 0.066277   0.017647   -0.034688
 0.068226   0.017580   -0.034260
 0.070175   0.017514   -0.033822
 0.072125   0.017448   -0.033442
 0.074074   0.017383   -0.032968
 0.076023   0.017319   -0.032534
 0.077973   0.017256   -0.032209
 0.079922   0.017194   -0.031789
 0.081871   0.017132   -0.031410
 0.083821   0.017071   -0.031038
 0.085770   0.017011   -0.030622
 0.087719   0.016952   -0.030248
 0.089669   0.016893   -0.029929
 0.091618   0.016835   -0.029567
 0.093567   0.016778   -0.029197
 0.095517   0.016722   -0.028832
 0.097466   0.016666   -0.028523
 0.099415   0.016610   -0.028260
 0.101364   0.016556   -0.027894
 0.103314   0.016502   -0.027485
 0.105263   0.016448   -0.027176
 0.107213   0.016396   -0.026917
 0.109162   0.016343   -0.026663
 0.111111   0.016292   -0.026357
 0.113060   0.016241   -0.025949
 0.115010   0.016190   -0.025694
 0.116959   0.016141   -0.025444
 0.118908   0.016091   -0.025138
 0.120858   0.016043   -0.024886
 0.122807   0.015994   -0.024638
 0.124756   0.015947   -0.024335
 0.126706   0.015899   -0.024037
 0.128655   0.015853   -0.023792
 0.130604   0.015807   -0.023541
 0.132554   0.015761   -0.023245
 0.134503   0.015716   -0.023002
 0.136452   0.015671   -0.022802
 0.138402   0.015627   -0.022509
 0.140351   0.015584   -0.022269
 0.142300   0.015540   -0.022071
 0.144250   0.015498   -0.021877
 0.146199   0.015455   -0.021590
 0.148148   0.015413   -0.021398
 0.150097   0.015372   -0.021203
 0.152047   0.015331   -0.020868
 0.153996   0.015290   -0.020680
 0.155945   0.015250   -0.020488
 0.157895   0.015210   -0.020346
 0.159844   0.015171   -0.020160
 0.161793   0.015132   -0.019827
 0.163743   0.015093   -0.019687
 0.165692   0.015055   -0.019503
 0.167641   0.015017   -0.019267
 0.169591   0.014980   -0.019129
 0.171540   0.014943   -0.018900
 0.173489   0.014906   -0.018713
 0.175439   0.014870   -0.018529
 0.177388   0.014834   -0.018349
 0.179337   0.014798   -0.018213
 0.181286   0.014763   -0.018029
 0.183236   0.014728   -0.017848
 0.185185   0.014693   -0.017667
 0.187135   0.014659   -0.017487
 0.189084   0.014625   -0.017309
 0.191033   0.014592   -0.017128
 0.192983   0.014558   -0.016996
 0.194932   0.014525   -0.016867
 0.196881   0.014493   -0.016735
 0.198830   0.014460   -0.016510
 0.200780   0.014428   -0.016380
 0.202729   0.014396   -0.016298
 0.204678   0.014365   -0.016074
 0.206628   0.014334   -0.015945
 0.208577   0.014303   -0.015819
 0.210526   0.014272   -0.015689
 0.212476   0.014241   -0.015515
 0.214425   0.014212   -0.015389
 0.216374   0.014181   -0.015307
 0.218324   0.014152   -0.015134
 0.220273   0.014122   -0.015010
 0.222222   0.014093   -0.014838
 0.224171   0.014065   -0.014711
 0.226121   0.014036   -0.014678
 0.228070   0.014007   -0.014555
 0.230019   0.013979   -0.014383
 0.231969   0.013951   -0.014214
 0.233918   0.013924   -0.014182
 0.235867   0.013896   -0.014058
 0.237817   0.013869   -0.013889
 0.239766   0.013842   -0.013859
 0.241715   0.013815   -0.013690
 0.243665   0.013788   -0.013613
 0.245614   0.013762   -0.013538
 0.247563   0.013736   -0.013370
 0.249513   0.013710   -0.013294
 0.251462   0.013684   -0.013174
 0.253411   0.013658   -0.013097
 0.255361   0.013633   -0.013022
 0.257310   0.013608   -0.012903
 0.259259   0.013583   -0.012872
 0.261209   0.013557   -0.012708
 0.263158   0.013533   -0.012590
 0.265107   0.013508   -0.012560
 0.267056   0.013484   -0.012485
 0.269006   0.013460   -0.012367
 0.270955   0.013436   -0.012250
 0.272904   0.013412   -0.012219
 0.274854   0.013388   -0.012146
 0.276803   0.013365   -0.012030
 0.278752   0.013341   -0.011956
 0.280702   0.013318   -0.011927
 0.282651   0.013295   -0.011812
 0.284600   0.013272   -0.011738
 0.286550   0.013249   -0.011710
 0.288499   0.013226   -0.011551
 0.290448   0.013204   -0.011522
 0.292398   0.013181   -0.011494
 0.294347   0.013159   -0.011380
 0.296296   0.013137   -0.011351
 0.298246   0.013115   -0.011236
 0.300195   0.013093   -0.011166
 0.302144   0.013071   -0.011138
 0.304094   0.013050   -0.011067
 0.306043   0.013028   -0.010997
 0.307992   0.013007   -0.010970
 0.309941   0.012985   -0.010898
 0.311891   0.012964   -0.010828
 0.313840   0.012943   -0.010844
 0.315790   0.012922   -0.010731
 0.317739   0.012901   -0.010661
 0.319688   0.012881   -0.010635
 0.321637   0.012860   -0.010564
 0.323587   0.012839   -0.010537
 0.325536   0.012819   -0.010469
 0.327485   0.012799   -0.010441
 0.329435   0.012778   -0.010415
 0.331384   0.012758   -0.010346
 0.333333   0.012738   -0.010276
 0.335283   0.012718   -0.010250
 0.337232   0.012698   -0.010224
 0.339181   0.012678   -0.010154
 0.341131   0.012658   -0.010128
 0.343080   0.012639   -0.010103
 0.345029   0.012619   -0.010076
 0.346979   0.012599   -0.010007
 0.348928   0.012580   -0.009981
 0.350877   0.012560   -0.009955
 0.352826   0.012541   -0.009886
 0.354776   0.012522   -0.009860
 0.356725   0.012503   -0.009876
 0.358675   0.012483   -0.009850
 0.360624   0.012464   -0.009782
 0.362573   0.012445   -0.009714
 0.364522   0.012426   -0.009687
 0.366472   0.012407   -0.009703
 0.368421   0.012389   -0.009677
 0.370370   0.012370   -0.009651
 0.372320   0.012351   -0.009583
 0.374269   0.012332   -0.009599
 0.376218   0.012313   -0.009614
 0.378168   0.012295   -0.009546
 0.380117   0.012276   -0.009520
 0.382066   0.012258   -0.009452
 0.384016   0.012239   -0.009467
 0.385965   0.012221   -0.009442
 0.387914   0.012203   -0.009415
 0.389863   0.012184   -0.009471
 0.391813   0.012166   -0.009404
 0.393762   0.012147   -0.009337
 0.395711   0.012129   -0.009351
 0.397661   0.012111   -0.009366
 0.399610   0.012093   -0.009339
 0.401560   0.012075   -0.009313
 0.403509   0.012056   -0.009287
 0.405458   0.012038   -0.009302
 0.407407   0.012020   -0.009274
 0.409357   0.012002   -0.009248
 0.411306   0.011984   -0.009263
 0.413255   0.011966   -0.009276
 0.415205   0.011948   -0.009250
 0.417154   0.011930   -0.009223
 0.419103   0.011912   -0.009237
 0.421053   0.011894   -0.009210
 0.423002   0.011876   -0.009224
 0.424951   0.011858   -0.009197
 0.426901   0.011840   -0.009170
 0.428850   0.011822   -0.009184
 0.430799   0.011804   -0.009157
 0.432748   0.011787   -0.009169
 0.434698   0.011769   -0.009183
 0.436647   0.011751   -0.009155
 0.438597   0.011733   -0.009128
 0.440546   0.011715   -0.009142
 0.442495   0.011697   -0.009155
 0.444444   0.011680   -0.009167
 0.446394   0.011662   -0.009179
 0.448343   0.011644   -0.009152
 0.450292   0.011626   -0.009124
 0.452242   0.011608   -0.009176
 0.454191   0.011590   -0.009149
 0.456140   0.011573   -0.009121
 0.458090   0.011555   -0.009173
 0.460039   0.011537   -0.009146
 0.461988   0.011519   -0.009157
 0.463938   0.011501   -0.009208
 0.465887   0.011483   -0.009181
 0.467836   0.011465   -0.009152
 0.469786   0.011447   -0.009203
 0.471735   0.011429   -0.009175
 0.473684   0.011412   -0.009186
 0.475633   0.011394   -0.009197
 0.477583   0.011376   -0.009168
 0.479532   0.011358   -0.009218
 0.481482   0.011340   -0.009190
 0.483431   0.011322   -0.009201
 0.485380   0.011304   -0.009251
 0.487329   0.011286   -0.009221
 0.489279   0.011268   -0.009232
 0.491228   0.011250   -0.009243
 0.493177   0.011232   -0.009252
 0.495127   0.011214   -0.009262
 0.497076   0.011196   -0.009273
 0.499025   0.011178   -0.009282
 0.500975   0.011160   -0.009292
 0.502924   0.011141   -0.009341
 0.504873   0.011123   -0.009350
 0.506823   0.011105   -0.009320
 0.508772   0.011087   -0.009330
 0.510721   0.011069   -0.009338
 0.512671   0.011050   -0.009386
 0.514620   0.011032   -0.009396
 0.516569   0.011014   -0.009366
 0.518518   0.010996   -0.009374
 0.520468   0.010977   -0.009421
 0.522417   0.010959   -0.009470
 0.524366   0.010940   -0.009438
 0.526316   0.010922   -0.009447
 0.528265   0.010904   -0.009456
 0.530214   0.010885   -0.009501
 0.532164   0.010867   -0.009548
 0.534113   0.010848   -0.009518
 0.536062   0.010829   -0.009525
 0.538012   0.010811   -0.009533
 0.539961   0.010792   -0.009580
 0.541910   0.010773   -0.009586
 0.543860   0.010755   -0.009555
 0.545809   0.010736   -0.009602
 0.547758   0.010717   -0.009646
 0.549708   0.010699   -0.009653
 0.551657   0.010680   -0.009623
 0.553606   0.010661   -0.009667
 0.555556   0.010642   -0.009751
 0.557505   0.010623   -0.009720
 0.559454   0.010604   -0.009687
 0.561404   0.010585   -0.009770
 0.563353   0.010566   -0.009778
 0.565302   0.010547   -0.009745
 0.567252   0.010528   -0.009789
 0.569201   0.010509   -0.009835
 0.571150   0.010490   -0.009879
 0.573099   0.010471   -0.009845
 0.575049   0.010451   -0.009851
 0.576998   0.010432   -0.009934
 0.578947   0.010413   -0.009901
 0.580897   0.010393   -0.009868
 0.582846   0.010374   -0.009989
 0.584795   0.010355   -0.010031
 0.586745   0.010335   -0.009960
 0.588694   0.010316   -0.009967
 0.590643   0.010296   -0.010009
 0.592593   0.010277   -0.010052
 0.594542   0.010257   -0.010096
 0.596491   0.010237   -0.010099
 0.598441   0.010218   -0.010104
 0.600390   0.010198   -0.010111
 0.602339   0.010178   -0.010151
 0.604289   0.010158   -0.010193
 0.606238   0.010139   -0.010162
 0.608187   0.010119   -0.010167
 0.610136   0.010099   -0.010207
 0.612086   0.010079   -0.010249
 0.614035   0.010059   -0.010292
 0.615984   0.010039   -0.010332
 0.617934   0.010019   -0.010299
 0.619883   0.009999   -0.010305
 0.621832   0.009978   -0.010345
 0.623782   0.009958   -0.010386
 0.625731   0.009938   -0.010392
 0.627680   0.009918   -0.010394
 0.629630   0.009897   -0.010473
 0.631579   0.009877   -0.010478
 0.633528   0.009857   -0.010443
 0.635478   0.009836   -0.010484
 0.637427   0.009816   -0.010527
 0.639376   0.009795   -0.010531
 0.641325   0.009775   -0.010533
 0.643275   0.009754   -0.010536
 0.645224   0.009734   -0.010579
 0.647173   0.009713   -0.010617
 0.649123   0.009692   -0.010658
 0.651072   0.009671   -0.010626
 0.653021   0.009651   -0.010628
 0.654971   0.009630   -0.010705
 0.656920   0.009609   -0.010747
 0.658869   0.009588   -0.010749
 0.660819   0.009567   -0.010752
 0.662768   0.009546   -0.010758
 0.664717   0.009525   -0.010759
 0.666667   0.009504   -0.010799
 0.668616   0.009483   -0.010841
 0.670565   0.009462   -0.010843
 0.672515   0.009441   -0.010846
 0.674464   0.009420   -0.010888
 0.676413   0.009398   -0.010889
 0.678363   0.009377   -0.010929
 0.680312   0.009356   -0.010935
 0.682261   0.009335   -0.010936
 0.684211   0.009313   -0.011012
 0.686160   0.009292   -0.010981
 0.688109   0.009270   -0.010982
 0.690059   0.009249   -0.011058
 0.692008   0.009227   -0.011028
 0.693957   0.009206   -0.011031
 0.695906   0.009184   -0.011069
 0.697856   0.009163   -0.011072
 0.699805   0.009141   -0.011114
 0.701754   0.009119   -0.011152
 0.703704   0.009098   -0.011155
 0.705653   0.009076   -0.011125
 0.707602   0.009054   -0.011126
 0.709552   0.009032   -0.011166
 0.711501   0.009011   -0.011244
 0.713450   0.008989   -0.011209
 0.715400   0.008967   -0.011213
 0.717349   0.008945   -0.011255
 0.719298   0.008923   -0.011221
 0.721248   0.008901   -0.011261
 0.723197   0.008879   -0.011303
 0.725146   0.008857   -0.011304
 0.727096   0.008835   -0.011272
 0.729045   0.008813   -0.011279
 0.730994   0.008791   -0.011355
 0.732943   0.008769   -0.011321
 0.734893   0.008747   -0.011325
 0.736842   0.008725   -0.011403
 0.738791   0.008703   -0.011369
 0.740741   0.008680   -0.011374
 0.742690   0.008658   -0.011381
 0.744639   0.008636   -0.011383
 0.746589   0.008614   -0.011423
 0.748538   0.008592   -0.011395
 0.750487   0.008569   -0.011397
 0.752437   0.008547   -0.011438
 0.754386   0.008525   -0.011445
 0.756335   0.008502   -0.011448
 0.758285   0.008480   -0.011417
 0.760234   0.008458   -0.011425
 0.762183   0.008436   -0.011427
 0.764133   0.008413   -0.011433
 0.766082   0.008391   -0.011476
 0.768031   0.008369   -0.011446
 0.769980   0.008346   -0.011449
 0.771930   0.008324   -0.011455
 0.773879   0.008302   -0.011425
 0.775829   0.008279   -0.011467
 0.777778   0.008257   -0.011476
 0.779727   0.008235   -0.011446
 0.781676   0.008212   -0.011450
 0.783626   0.008190   -0.011421
 0.785575   0.008168   -0.011430
 0.787524   0.008146   -0.011470
 0.789474   0.008123   -0.011441
 0.791423   0.008101   -0.011379
 0.793372   0.008079   -0.011383
 0.795322   0.008057   -0.011391
 0.797271   0.008034   -0.011365
 0.799220   0.008012   -0.011405
 0.801170   0.007990   -0.011377
 0.803119   0.007968   -0.011352
 0.805068   0.007946   -0.011322
 0.807018   0.007924   -0.011294
 0.808967   0.007902   -0.011269
 0.810916   0.007880   -0.011275
 0.812866   0.007858   -0.011248
 0.814815   0.007836   -0.011188
 0.816764   0.007814   -0.011197
 0.818713   0.007792   -0.011167
 0.820663   0.007771   -0.011141
 0.822612   0.007749   -0.011117
 0.824561   0.007727   -0.011053
 0.826511   0.007706   -0.010991
 0.828460   0.007684   -0.010968
 0.830409   0.007663   -0.010904
 0.832359   0.007642   -0.010879
 0.834308   0.007621   -0.010892
 0.836257   0.007599   -0.010758
 0.838207   0.007579   -0.010697
 0.840156   0.007558   -0.010675
 0.842105   0.007537   -0.010577
 0.844055   0.007516   -0.010552
 0.846004   0.007496   -0.010460
 0.847953   0.007476   -0.010362
 0.849903   0.007456   -0.010303
 0.851852   0.007436   -0.010176
 0.853801   0.007416   -0.010081
 0.855750   0.007396   -0.009985
 0.857700   0.007377   -0.009855
 0.859649   0.007358   -0.009764
 0.861598   0.007339   -0.009633
 0.863548   0.007320   -0.009504
 0.865497   0.007302   -0.009342
 0.867446   0.007284   -0.009176
 0.869396   0.007266   -0.009013
 0.871345   0.007249   -0.008816
 0.873294   0.007232   -0.008686
 0.875244   0.007215   -0.008488
 0.877193   0.007199   -0.008221
 0.879142   0.007183   -0.008021
 0.881092   0.007167   -0.007788
 0.883041   0.007152   -0.007557
 0.884990   0.007138   -0.007322
 0.886940   0.007124   -0.006984
 0.888889   0.007111   -0.006718
 0.890838   0.007098   -0.006485
 0.892787   0.007085   -0.006145
 0.894737   0.007074   -0.005843
 0.896686   0.007063   -0.005545
 0.898636   0.007052   -0.005258
 0.900585   0.007042   -0.004977
 0.902534   0.007033   -0.004694
 0.904483   0.007024   -0.004446
 0.906433   0.007015   -0.004164
 0.908382   0.007008   -0.003988
 0.910331   0.007000   -0.003811
 0.912281   0.006993   -0.003705
 0.914230   0.006985   -0.003741
 0.916179   0.006978   -0.003776
 0.918129   0.006971   -0.003917
 0.920078   0.006963   -0.004235
 0.922027   0.006954   -0.004728
 0.923977   0.006944   -0.005399
 0.925926   0.006933   -0.006318
 0.927875   0.006920   -0.007516
 0.929825   0.006904   -0.008998
 0.931774   0.006885   -0.010836
 0.933723   0.006862   -0.013090
 0.935673   0.006834   -0.015809
 0.937622   0.006800   -0.018953
 0.939571   0.006760   -0.022589
 0.941520   0.006712   -0.026710
 0.943470   0.006656   -0.031018
 0.945419   0.006591   -0.035966
 0.947368   0.006515   -0.042306
 0.949318   0.006426   -0.049685
 0.951267   0.006322   -0.057566
 0.953216   0.006202   -0.065842
 0.955166   0.006065   -0.074456
 0.957115   0.005911   -0.083155
 0.959064   0.005741   -0.091706
 0.961014   0.005554   -0.099932
 0.962963   0.005351   -0.107509
 0.964912   0.005135   -0.114078
 0.966862   0.004906   -0.119480
 0.968811   0.004669   -0.123427
 0.970760   0.004425   -0.125653
 0.972710   0.004179   -0.126112
 0.974659   0.003934   -0.124662
 0.976608   0.003693   -0.121345
 0.978557   0.003461   -0.116199
 0.980507   0.003240   -0.109491
 0.982456   0.003034   -0.101450
 0.984406   0.002844   -0.092306
 0.986355   0.002674   -0.082414
 0.988304   0.002523   -0.072073
 0.990253   0.002393   -0.061612
 0.992203   0.002283   -0.051268
 0.994152   0.002193   -0.041366
 0.996101   0.002122   -0.032113
 0.998051   0.002068   -0.023534
 1.000000   0.002030   -0.019412
514 psinorm ptot(KPa) dptot/dpsiN
 0.000000   81.850995   -228.300926
 0.001949   81.406037   -225.782784
 0.003899   80.970673   -222.400517
 0.005848   80.538896   -220.855947
 0.007797   80.109777   -219.598502
 0.009747   79.682682   -218.451508
 0.011696   79.258033   -217.387762
 0.013645   78.835305   -216.378159
 0.015595   78.414376   -215.350168
 0.017544   77.995653   -214.387111
 0.019493   77.578695   -213.448639
 0.021442   77.163631   -212.453344
 0.023392   76.750340   -211.483271
 0.025341   76.339056   -210.537143
 0.027290   75.929667   -209.550103
 0.029240   75.522021   -208.624698
 0.031189   75.116238   -207.709116
 0.033138   74.712371   -206.716863
 0.035088   74.310250   -205.763366
 0.037037   73.910099   -204.834218
 0.038986   73.511806   -203.869179
 0.040936   73.115214   -202.929890
 0.042885   72.720582   -202.012767
 0.044834   72.327768   -201.048968
 0.046784   71.936693   -200.120465
 0.048733   71.547498   -199.197389
 0.050682   71.160221   -198.217576
 0.052632   70.774648   -197.276538
 0.054581   70.391039   -196.378737
 0.056530   70.009164   -195.419822
 0.058480   69.629098   -194.465520
 0.060429   69.250942   -193.570930
 0.062378   68.874559   -192.643281
 0.064327   68.500019   -191.679813
 0.066277   68.127200   -190.771472
 0.068226   67.756200   -189.861771
 0.070175   67.387119   -188.896273
 0.072125   67.019694   -187.983345
 0.074074   66.654171   -187.079307
 0.076023   66.290459   -186.132230
 0.077973   65.928443   -185.213324
 0.079922   65.568311   -184.338168
 0.081871   65.209892   -183.393478
 0.083821   64.853261   -182.479021
 0.085770   64.498406   -181.584575
 0.087719   64.145445   -180.651017
 0.089669   63.794048   -179.768878
 0.091618   63.444525   -178.874470
 0.093567   63.096796   -177.957751
 0.095517   62.750669   -177.070782
 0.097466   62.406396   -176.203577
 0.099415   62.063827   -175.296812
 0.101364   61.723089   -174.365987
 0.103314   61.383975   -173.487662
 0.105263   61.046660   -172.611224
 0.107213   60.710965   -171.716968
 0.109162   60.377134   -170.860250
 0.111111   60.044951   -170.002473
 0.113060   59.714465   -169.083650
 0.115010   59.385695   -168.209763
 0.116959   59.058614   -167.375182
 0.118908   58.733267   -166.469849
 0.120858   58.409549   -165.610796
 0.122807   58.087550   -164.785655
 0.124756   57.767215   -163.895560
 0.126706   57.448522   -163.036078
 0.128655   57.131536   -162.222606
 0.130604   56.816178   -161.331342
 0.132554   56.502506   -160.486590
 0.134503   56.190440   -159.682729
 0.136452   55.880063   -158.785995
 0.138402   55.571334   -157.956073
 0.140351   55.264191   -157.166456
 0.142300   54.958700   -156.285312
 0.144250   54.654836   -155.462043
 0.146199   54.352552   -154.674519
 0.148148   54.051915   -153.832706
 0.150097   53.752912   -152.993719
 0.152047   53.455393   -152.177591
 0.153996   53.159571   -151.374641
 0.155945   52.865335   -150.548651
 0.157895   52.572583   -149.740643
 0.159844   52.281495   -148.952310
 0.161793   51.991967   -148.128510
 0.163743   51.703943   -147.332836
 0.165692   51.417515   -146.552458
 0.167641   51.132681   -145.740594
 0.169591   50.849273   -144.959936
 0.171540   50.567482   -144.178059
 0.173489   50.287267   -143.362188
 0.175439   50.008513   -142.606213
 0.177388   49.731245   -141.850517
 0.179337   49.455580   -141.061486
 0.181286   49.181387   -140.264369
 0.183236   48.908690   -139.494251
 0.185185   48.637499   -138.730345
 0.187135   48.367781   -137.967229
 0.189084   48.099564   -137.233614
 0.191033   47.832845   -136.458457
 0.192983   47.567513   -135.695987
 0.194932   47.303765   -134.960644
 0.196881   47.041436   -134.232482
 0.198830   46.780527   -133.458534
 0.200780   46.521082   -132.712076
 0.202729   46.263082   -132.005420
 0.204678   46.006525   -131.241955
 0.206628   45.751371   -130.503800
 0.208577   45.497690   -129.796112
 0.210526   45.245425   -129.049282
 0.212476   44.994528   -128.336904
 0.214425   44.745039   -127.637014
 0.216374   44.496999   -126.887447
 0.218324   44.250306   -126.187160
 0.220273   44.004994   -125.497225
 0.222222   43.761117   -124.779959
 0.224171   43.518602   -124.059742
 0.226121   43.277409   -123.359728
 0.228070   43.037622   -122.686698
 0.230019   42.799177   -121.962312
 0.231969   42.562092   -121.261985
 0.233918   42.326375   -120.600938
 0.235867   42.091989   -119.901218
 0.237817   41.858881   -119.210817
 0.239766   41.627185   -118.557216
 0.241715   41.396745   -117.859625
 0.243665   41.167652   -117.181398
 0.245614   40.939854   -116.525191
 0.247563   40.713436   -115.837517
 0.249513   40.488205   -115.195461
 0.251462   40.264289   -114.538623
 0.253411   40.041733   -113.857359
 0.255361   39.820359   -113.203119
 0.257310   39.600353   -112.559927
 0.259259   39.381601   -111.900813
 0.261209   39.164053   -111.255805
 0.263158   38.947814   -110.620158
 0.265107   38.732855   -109.995506
 0.267056   38.519051   -109.341790
 0.269006   38.306533   -108.694405
 0.270955   38.095251   -108.075252
 0.272904   37.885255   -107.419977
 0.274854   37.676421   -106.822109
 0.276803   37.468755   -106.212231
 0.278752   37.262406   -105.555409
 0.280702   37.057195   -104.953775
 0.282651   36.853191   -104.351159
 0.284600   36.650435   -103.730186
 0.286550   36.448747   -103.119450
 0.288499   36.248371   -102.514731
 0.290448   36.049145   -101.912663
 0.292398   35.851014   -101.312976
 0.294347   35.654125   -100.730486
 0.296296   35.458367   -100.114246
 0.298246   35.263780   -99.521337
 0.300195   35.070333   -98.962195
 0.302144   34.878026   -98.337814
 0.304094   34.686914   -97.765255
 0.306043   34.496839   -97.211318
 0.307992   34.307984   -96.613131
 0.309941   34.120241   -96.034689
 0.311891   33.933546   -95.475717
 0.313840   33.747980   -94.897837
 0.315790   33.563540   -94.332100
 0.317739   33.380179   -93.778264
 0.319688   33.197992   -93.220942
 0.321637   33.016804   -92.660334
 0.323587   32.836710   -92.086768
 0.325536   32.657757   -91.545795
 0.327485   32.479865   -90.984414
 0.329435   32.303009   -90.441636
 0.331384   32.127232   -89.929108
 0.333333   31.952465   -89.366202
 0.335283   31.778794   -88.812129
 0.337232   31.606186   -88.298626
 0.339181   31.434606   -87.746304
 0.341131   31.264064   -87.221932
 0.343080   31.094527   -86.716348
 0.345029   30.926044   -86.161906
 0.346979   30.758582   -85.636164
 0.348928   30.592148   -85.140276
 0.350877   30.426706   -84.630290
 0.352826   30.262259   -84.098245
 0.354776   30.098807   -83.574569
 0.356725   29.936401   -83.065622
 0.358675   29.774935   -82.567988
 0.360624   29.614468   -82.074798
 0.362573   29.455007   -81.574366
 0.364522   29.296491   -81.053827
 0.366472   29.138979   -80.554813
 0.368421   28.982408   -80.085174
 0.370370   28.826807   -79.571262
 0.372320   28.672160   -79.082393
 0.374269   28.518464   -78.614988
 0.376218   28.365719   -78.117463
 0.378168   28.213885   -77.636523
 0.380117   28.063013   -77.165505
 0.382066   27.913093   -76.676591
 0.384016   27.764052   -76.206218
 0.385965   27.615965   -75.741134
 0.387914   27.468813   -75.266747
 0.389863   27.322575   -74.800282
 0.391813   27.177167   -74.339147
 0.393762   27.032726   -73.876525
 0.395711   26.889196   -73.406899
 0.397661   26.746513   -72.954392
 0.399610   26.604747   -72.497006
 0.401560   26.463848   -72.040350
 0.403509   26.323861   -71.599137
 0.405458   26.184755   -71.158167
 0.407407   26.046487   -70.696600
 0.409357   25.909109   -70.251331
 0.411306   25.772576   -69.830399
 0.413255   25.636910   -69.383661
 0.415205   25.502050   -68.945736
 0.417154   25.368090   -68.507628
 0.419103   25.235007   -68.071408
 0.421053   25.102680   -67.655692
 0.423002   24.971217   -67.232129
 0.424951   24.840609   -66.795754
 0.426901   24.710781   -66.370655
 0.428850   24.581830   -65.954135
 0.430799   24.453692   -65.536907
 0.432748   24.326367   -65.118905
 0.434698   24.199793   -64.711768
 0.436647   24.074055   -64.285630
 0.438597   23.949144   -63.877436
 0.440546   23.824997   -63.488953
 0.442495   23.701664   -63.081040
 0.444444   23.579107   -62.676966
 0.446394   23.457287   -62.267458
 0.448343   23.336326   -61.882023
 0.450292   23.216071   -61.478025
 0.452242   23.096623   -61.069691
 0.454191   22.977960   -60.692138
 0.456140   22.860046   -60.294710
 0.458090   22.742871   -59.907221
 0.460039   22.626467   -59.535956
 0.461988   22.510800   -59.138193
 0.463938   22.395887   -58.761319
 0.465887   22.281689   -58.394777
 0.467836   22.168265   -57.994250
 0.469786   22.055570   -57.623801
 0.471735   21.943589   -57.263443
 0.473684   21.832357   -56.889249
 0.475633   21.721835   -56.506944
 0.477583   21.612037   -56.144874
 0.479532   21.502926   -55.785137
 0.481482   21.394531   -55.411245
 0.483431   21.286877   -55.057740
 0.485380   21.179916   -54.702473
 0.487329   21.073647   -54.342041
 0.489279   20.968037   -53.984292
 0.491228   20.863162   -53.637162
 0.493177   20.758959   -53.276360
 0.495127   20.655437   -52.925892
 0.497076   20.552601   -52.586110
 0.499025   20.450457   -52.228935
 0.500975   20.348961   -51.885676
 0.502924   20.248154   -51.561687
 0.504873   20.147973   -51.210558
 0.506823   20.048485   -50.862786
 0.508772   19.949659   -50.536831
 0.510721   19.851492   -50.192869
 0.512671   19.753957   -49.867409
 0.514620   19.657059   -49.546919
 0.516569   19.560823   -49.211558
 0.518518   19.465232   -48.876533
 0.520468   19.370254   -48.558224
 0.522417   19.275903   -48.239029
 0.524366   19.182218   -47.902315
 0.526316   19.089132   -47.582165
 0.528265   18.996695   -47.274209
 0.530214   18.904858   -46.958926
 0.532164   18.813603   -46.640917
 0.534113   18.723004   -46.330905
 0.536062   18.633005   -46.011287
 0.538012   18.543607   -45.704386
 0.539961   18.454803   -45.402033
 0.541910   18.366629   -45.091702
 0.543860   18.278991   -44.782958
 0.545809   18.192020   -44.483123
 0.547758   18.105596   -44.185228
 0.549708   18.019743   -43.889788
 0.551657   17.934469   -43.594892
 0.553606   17.849810   -43.289283
 0.555556   17.765685   -43.000140
 0.557505   17.682152   -42.712666
 0.559454   17.599191   -42.411033
 0.561404   17.516791   -42.126790
 0.563353   17.434938   -41.851014
 0.565302   17.353656   -41.554206
 0.567252   17.272918   -41.269090
 0.569201   17.192748   -40.992394
 0.571150   17.113130   -40.709481
 0.573099   17.034062   -40.421813
 0.575049   16.955526   -40.148626
 0.576998   16.877522   -39.884801
 0.578947   16.800055   -39.603039
 0.580897   16.723111   -39.327766
 0.582846   16.646716   -39.064048
 0.584795   16.570839   -38.788255
 0.586745   16.495480   -38.524084
 0.588694   16.420633   -38.258128
 0.590643   16.346350   -37.985844
 0.592593   16.272527   -37.723139
 0.594542   16.199267   -37.470458
 0.596491   16.126467   -37.209205
 0.598441   16.054189   -36.944340
 0.600390   15.982421   -36.700976
 0.602339   15.911129   -36.438641
 0.604289   15.840347   -36.185820
 0.606238   15.770040   -35.941432
 0.608187   15.700247   -35.684972
 0.610136   15.630940   -35.430809
 0.612086   15.562102   -35.184708
 0.614035   15.493754   -34.946675
 0.615984   15.425880   -34.698869
 0.617934   15.358464   -34.457827
 0.619883   15.291529   -34.218742
 0.621832   15.225079   -33.972749
 0.623782   15.159070   -33.736680
 0.625731   15.093540   -33.504878
 0.627680   15.028467   -33.271340
 0.629630   14.963815   -33.035386
 0.631579   14.899662   -32.804879
 0.633528   14.835942   -32.571297
 0.635478   14.772667   -32.347495
 0.637427   14.709818   -32.127849
 0.639376   14.647433   -31.899318
 0.641325   14.585475   -31.677873
 0.643275   14.523921   -31.452800
 0.645224   14.462840   -31.231359
 0.647173   14.402181   -31.009792
 0.649123   14.341933   -30.797616
 0.651072   14.282101   -30.590465
 0.653021   14.222692   -30.367620
 0.654971   14.163698   -30.154943
 0.656920   14.105117   -29.954281
 0.658869   14.046936   -29.738303
 0.660819   13.989168   -29.529042
 0.662768   13.931802   -29.339468
 0.664717   13.874803   -29.129010
 0.666667   13.818228   -28.919365
 0.668616   13.762046   -28.730421
 0.670565   13.706237   -28.526406
 0.672515   13.650822   -28.327656
 0.674464   13.595787   -28.143802
 0.676413   13.541117   -27.945083
 0.678363   13.486830   -27.759520
 0.680312   13.432883   -27.575011
 0.682261   13.379342   -27.381247
 0.684211   13.326123   -27.197118
 0.686160   13.273301   -27.013957
 0.688109   13.220823   -26.836489
 0.690059   13.168665   -26.657281
 0.692008   13.116886   -26.482150
 0.693957   13.065438   -26.306962
 0.695906   13.014341   -26.133898
 0.697856   12.963542   -25.963483
 0.699805   12.913110   -25.795785
 0.701754   12.862990   -25.630456
 0.703704   12.813177   -25.465709
 0.705653   12.763699   -25.304850
 0.707602   12.714538   -25.141727
 0.709552   12.665672   -24.989902
 0.711501   12.617103   -24.841765
 0.713450   12.568838   -24.681931
 0.715400   12.520868   -24.532123
 0.717349   12.473188   -24.395523
 0.719298   12.425774   -24.244254
 0.721248   12.378659   -24.098455
 0.723197   12.331814   -23.969952
 0.725146   12.285225   -23.831025
 0.727096   12.238897   -23.694460
 0.729045   12.192840   -23.570806
 0.730994   12.147018   -23.444723
 0.732943   12.101452   -23.311367
 0.734893   12.056127   -23.192561
 0.736842   12.011024   -23.083256
 0.738791   11.966149   -22.960873
 0.740741   11.921500   -22.849705
 0.742690   11.877058   -22.749209
 0.744639   11.832824   -22.642538
 0.746589   11.788774   -22.538762
 0.748538   11.744945   -22.443669
 0.750487   11.701289   -22.348445
 0.752437   11.657808   -22.257169
 0.754386   11.614508   -22.178380
 0.756335   11.571357   -22.095353
 0.758285   11.528359   -22.015495
 0.760234   11.485519   -21.948779
 0.762183   11.442802   -21.879843
 0.764133   11.400209   -21.809906
 0.766082   11.357765   -21.752864
 0.768031   11.315416   -21.704602
 0.769980   11.273161   -21.653674
 0.771930   11.230989   -21.602756
 0.773879   11.188932   -21.561160
 0.775829   11.146922   -21.535423
 0.777778   11.104965   -21.504806
 0.779727   11.063096   -21.478479
 0.781676   11.021242   -21.459434
 0.783626   10.979426   -21.446409
 0.785575   10.937622   -21.448010
 0.787524   10.895821   -21.441888
 0.789474   10.854020   -21.445768
 0.791423   10.812204   -21.465566
 0.793372   10.770348   -21.483279
 0.795322   10.728441   -21.504090
 0.797271   10.686503   -21.538646
 0.799220   10.644483   -21.571770
 0.801170   10.602395   -21.617106
 0.803119   10.560198   -21.683805
 0.805068   10.517871   -21.737674
 0.807018   10.475443   -21.803365
 0.808967   10.432860   -21.884727
 0.810916   10.390137   -21.966053
 0.812866   10.347214   -22.063347
 0.814815   10.304112   -22.163417
 0.816764   10.260821   -22.265586
 0.818713   10.217320   -22.383284
 0.820663   10.173549   -22.515756
 0.822612   10.129532   -22.651749
 0.824561   10.085252   -22.790502
 0.826511   10.040671   -22.942364
 0.828460   9.995800   -23.113367
 0.830409   9.950575   -23.278332
 0.832359   9.905038   -23.453821
 0.834308   9.859129   -23.655739
 0.836257   9.812828   -23.853429
 0.838207   9.766124   -24.066095
 0.840156   9.718994   -24.290131
 0.842105   9.671442   -24.512082
 0.844055   9.623421   -24.756112
 0.846004   9.574918   -25.013941
 0.847953   9.525917   -25.275558
 0.849903   9.476368   -25.561927
 0.851852   9.426251   -25.892030
 0.853801   9.375441   -26.254919
 0.855750   9.323910   -26.620244
 0.857700   9.271648   -27.002158
 0.859649   9.218629   -27.403493
 0.861598   9.164829   -27.802850
 0.863548   9.110225   -28.222805
 0.865497   9.054789   -28.667287
 0.867446   8.998480   -29.105406
 0.869396   8.941307   -29.564076
 0.871345   8.883210   -30.054645
 0.873294   8.824154   -30.543305
 0.875244   8.764121   -31.051788
 0.877193   8.703083   -31.586866
 0.879142   8.640996   -32.131777
 0.881092   8.577801   -32.701876
 0.883041   8.513492   -33.297298
 0.884990   8.448008   -33.905745
 0.886940   8.381293   -34.550787
 0.888889   8.313295   -35.229302
 0.890838   8.243969   -35.932554
 0.892787   8.173230   -36.666821
 0.894737   8.101004   -37.444987
 0.896686   8.027233   -38.274380
 0.898636   7.951771   -39.171292
 0.900585   7.874505   -40.141044
 0.902534   7.795302   -41.160066
 0.904483   7.714063   -42.235949
 0.906433   7.630623   -43.401545
 0.908382   7.544842   -44.662850
 0.910331   7.456527   -45.996063
 0.912281   7.365502   -47.450550
 0.914230   7.271519   -49.041358
 0.916179   7.174338   -50.739913
 0.918129   7.073682   -52.604805
 0.920078   6.969234   -54.648377
 0.922027   6.860663   -56.853865
 0.923977   6.747559   -59.281844
 0.925926   6.629525   -61.950995
 0.927875   6.506074   -64.833622
 0.929825   6.376736   -67.992655
 0.931774   6.240974   -71.457233
 0.933723   6.098196   -75.180425
 0.935673   5.947841   -79.230816
 0.937622   5.789279   -83.624394
 0.939571   5.621874   -88.325584
 0.941520   5.444986   -93.369146
 0.943470   5.257822   -99.124028
 0.945419   5.058507   -99.270065
 0.947368   4.870867   -98.386151
 0.949318   4.674896   -103.153543
 0.951267   4.468677   -108.302789
 0.953216   4.252731   -113.047913
 0.955166   4.027899   -117.303958
 0.957115   3.795367   -120.869159
 0.959064   3.556751   -123.461864
 0.961014   3.313987   -125.002950
 0.962963   3.069365   -125.346301
 0.964912   2.825387   -124.304200
 0.966862   2.584705   -121.941596
 0.968811   2.349934   -118.299209
 0.970760   2.123575   -113.386494
 0.972710   1.907846   -107.456120
 0.974659   1.704597   -100.724897
 0.976608   1.515220   -93.378034
 0.978557   1.340609   -85.668358
 0.980507   1.181207   -77.870058
 0.982456   1.036986   -70.182632
 0.984406   0.907573   -62.760801
 0.986355   0.792275   -55.766958
 0.988304   0.690193   -49.250172
 0.990253   0.600297   -43.270350
 0.992203   0.521488   -37.866422
 0.994152   0.452651   -33.039546
 0.996101   0.392699   -28.736642
 0.998051   0.340611   -24.945701
 1.000000   0.295433   -23.180260
514 psinorm omgpp(kRad/s) domgpp/dpsiN
 0.000000   -18.693871   199.657627
 0.001949   -18.304738   273.378400
 0.003899   -17.627821   281.647974
 0.005848   -17.206462   199.446703
 0.007797   -16.850378   170.071022
 0.009747   -16.543380   145.572072
 0.011696   -16.282769   132.451988
 0.013645   -16.027082   125.975282
 0.015595   -15.791602   113.852150
 0.017544   -15.583159   106.526167
 0.019493   -15.376363   103.588837
 0.021442   -15.179370   99.421583
 0.023392   -14.988721   91.908950
 0.025341   -14.821005   86.906506
 0.027290   -14.649960   86.429401
 0.029240   -14.484020   83.898169
 0.031189   -14.322838   81.682230
 0.033138   -14.165622   77.133014
 0.035088   -14.022104   74.883104
 0.037037   -13.873656   75.049541
 0.038986   -13.729561   70.704998
 0.040936   -13.597983   68.768079
 0.042885   -13.461436   71.185332
 0.044834   -13.320503   66.951690
 0.046784   -13.200402   65.158124
 0.048733   -13.066458   65.516245
 0.050682   -12.945020   61.292300
 0.052632   -12.827482   64.010988
 0.054581   -12.695449   60.075880
 0.056530   -12.593306   55.865773
 0.058480   -12.477621   60.841854
 0.060429   -12.356087   58.466894
 0.062378   -12.249717   57.202796
 0.064327   -12.133110   56.861485
 0.066277   -12.028020   53.242599
 0.068226   -11.925516   53.631376
 0.070175   -11.818965   51.746980
 0.072125   -11.723760   52.427100
 0.074074   -11.614559   54.999507
 0.076023   -11.509372   48.967016
 0.077973   -11.423647   47.543914
 0.079922   -11.324006   50.000086
 0.081871   -11.228746   48.197978
 0.083821   -11.136083   49.037774
 0.085770   -11.037551   49.395726
 0.087719   -10.943539   45.470172
 0.089669   -10.860268   44.140953
 0.091618   -10.771436   46.637703
 0.093567   -10.678475   47.048225
 0.095517   -10.587996   43.715476
 0.097466   -10.508023   39.236007
 0.099415   -10.435054   42.094829
 0.101364   -10.343937   48.259296
 0.103314   -10.246888   45.586040
 0.105263   -10.166189   39.140242
 0.107213   -10.094285   36.363709
 0.109162   -10.024406   38.227683
 0.111111   -9.945273   45.237158
 0.113060   -9.848071   43.110231
 0.115010   -9.777200   35.702699
 0.116959   -9.708865   38.053930
 0.118908   -9.628866   38.440966
 0.120858   -9.558989   35.298827
 0.122807   -9.491235   37.622647
 0.124756   -9.412336   39.983150
 0.126706   -9.335341   36.901921
 0.128655   -9.268450   35.116947
 0.130604   -9.198456   37.424729
 0.132554   -9.122528   36.472306
 0.134503   -9.056245   32.723612
 0.136452   -8.994971   34.937122
 0.138402   -8.920018   35.997284
 0.140351   -8.854613   32.266093
 0.142300   -8.794245   30.565468
 0.144250   -8.735439   33.569674
 0.146199   -8.663364   33.451300
 0.148148   -8.605046   30.164912
 0.150097   -8.545781   35.920000
 0.152047   -8.464983   35.047347
 0.153996   -8.409119   29.389614
 0.155945   -8.350422   27.694860
 0.157895   -8.301141   26.713211
 0.159844   -8.246270   34.823937
 0.161793   -8.165397   33.199548
 0.163743   -8.116842   26.374854
 0.165692   -8.062565   30.602236
 0.167641   -7.997554   28.898623
 0.169591   -7.949898   27.960035
 0.171540   -7.888545   30.255202
 0.173489   -7.831963   28.499336
 0.175439   -7.777427   27.634595
 0.177388   -7.724215   25.661164
 0.179337   -7.677400   26.228228
 0.181286   -7.621978   28.045141
 0.183236   -7.568053   27.553701
 0.185185   -7.514546   27.461831
 0.187135   -7.460979   27.024399
 0.189084   -7.409177   27.201710
 0.191033   -7.354947   25.549093
 0.192983   -7.309565   22.906725
 0.194932   -7.265633   22.842250
 0.196881   -7.220526   27.117927
 0.198830   -7.159927   27.028456
 0.200780   -7.115150   20.693256
 0.202729   -7.079240   24.582539
 0.204678   -7.019327   26.716175
 0.206628   -6.975081   22.257686
 0.208577   -6.932544   22.427803
 0.210526   -6.887658   24.507011
 0.212476   -6.836988   23.858469
 0.214425   -6.794629   20.368055
 0.216374   -6.757593   22.364474
 0.218324   -6.707424   23.585295
 0.220273   -6.665630   23.403499
 0.222222   -6.616197   23.872374
 0.224171   -6.572576   18.515655
 0.226121   -6.544012   17.808630
 0.228070   -6.503146   23.317062
 0.230019   -6.453122   25.294082
 0.231969   -6.404525   19.392591
 0.233918   -6.377499   17.781063
 0.235867   -6.335215   23.202465
 0.237817   -6.287030   19.163005
 0.239766   -6.260487   19.279843
 0.241715   -6.211877   21.241414
 0.243665   -6.177674   17.182561
 0.245614   -6.144881   20.733946
 0.247563   -6.096853   20.985584
 0.249513   -6.063066   18.661979
 0.251462   -6.024093   18.862618
 0.253411   -5.989539   17.366941
 0.255361   -5.956380   18.402749
 0.257310   -5.917790   16.973041
 0.259259   -5.890219   18.795518
 0.261209   -5.844497   21.543765
 0.263158   -5.806216   16.454923
 0.265107   -5.780356   15.237494
 0.267056   -5.746820   18.574208
 0.269006   -5.707932   19.610200
 0.270955   -5.670359   16.463746
 0.272904   -5.643756   14.994386
 0.274854   -5.611894   17.703823
 0.276803   -5.574732   17.924731
 0.278752   -5.542023   14.875682
 0.280702   -5.516735   15.914026
 0.282651   -5.479980   17.717198
 0.284600   -5.447674   14.655954
 0.286550   -5.422840   17.315163
 0.288499   -5.380171   17.570247
 0.290448   -5.354351   12.876109
 0.292398   -5.329968   15.544746
 0.294347   -5.293749   15.824648
 0.296296   -5.268283   15.882125
 0.298246   -5.231819   16.916419
 0.300195   -5.202323   13.981247
 0.302144   -5.177320   14.190646
 0.304094   -5.146991   15.287113
 0.306043   -5.117715   13.630568
 0.307992   -5.093859   13.991421
 0.309941   -5.063176   15.532375
 0.311891   -5.033298   12.179535
 0.313840   -5.015682   13.619982
 0.315790   -4.980185   16.477267
 0.317739   -4.951434   13.362004
 0.319688   -4.928100   13.708869
 0.321637   -4.897996   13.728832
 0.323587   -4.874575   13.189336
 0.325536   -4.846573   13.355423
 0.327485   -4.822515   12.076346
 0.329435   -4.799488   13.046568
 0.331384   -4.771649   14.716818
 0.333333   -4.742122   13.461032
 0.335283   -4.719168   11.519777
 0.337232   -4.697206   13.120916
 0.339181   -4.668023   13.232693
 0.341131   -4.645615   11.313459
 0.343080   -4.623911   11.580729
 0.345029   -4.600474   13.190214
 0.346979   -4.572480   12.679426
 0.348928   -4.551033   11.207512
 0.350877   -4.528793   13.049666
 0.352826   -4.500166   13.029937
 0.354776   -4.477993   9.913675
 0.356725   -4.461509   9.837453
 0.358675   -4.439634   12.478465
 0.360624   -4.412858   13.822074
 0.362573   -4.385755   12.746526
 0.364522   -4.363172   9.999615
 0.366472   -4.346770   9.569932
 0.368421   -4.325861   11.106680
 0.370370   -4.303476   12.603551
 0.372320   -4.276718   10.792306
 0.374269   -4.261391   8.284109
 0.376218   -4.244426   11.179237
 0.378168   -4.217798   12.081359
 0.380117   -4.197318   12.265013
 0.382066   -4.169989   11.093180
 0.384016   -4.154072   9.274422
 0.385965   -4.133831   10.614777
 0.387914   -4.112695   8.301986
 0.389863   -4.101469   9.579184
 0.391813   -4.075338   13.214225
 0.393762   -4.049947   10.725511
 0.395711   -4.033530   8.218735
 0.397661   -4.017902   9.297621
 0.399610   -3.997281   10.603281
 0.401560   -3.976560   10.398549
 0.403509   -3.956737   9.041561
 0.405458   -3.941316   9.407519
 0.407407   -3.920067   10.693552
 0.409357   -3.899622   8.988209
 0.411306   -3.885019   7.895240
 0.413255   -3.868847   9.336664
 0.415205   -3.848613   10.178986
 0.417154   -3.829158   9.065469
 0.419103   -3.813276   9.243172
 0.421053   -3.793117   8.895627
 0.423002   -3.778589   9.000863
 0.424951   -3.758032   10.423073
 0.426901   -3.737949   8.846281
 0.428850   -3.723537   8.779105
 0.430799   -3.703728   9.080107
 0.432748   -3.688143   7.846556
 0.434698   -3.673135   8.902485
 0.436647   -3.653435   10.092113
 0.438597   -3.633786   8.714712
 0.440546   -3.619453   7.425308
 0.442495   -3.604842   7.708969
 0.444444   -3.589404   7.736142
 0.446394   -3.574679   8.608964
 0.448343   -3.555839   9.982898
 0.450292   -3.535766   7.713299
 0.452242   -3.525770   7.308584
 0.454191   -3.507274   9.848655
 0.456140   -3.487380   7.676715
 0.458090   -3.477348   7.315129
 0.460039   -3.458863   8.605787
 0.461988   -3.443802   6.365793
 0.463938   -3.434045   7.209598
 0.465887   -3.415696   9.781727
 0.467836   -3.395916   7.569236
 0.469786   -3.386189   7.176227
 0.471735   -3.367941   8.363511
 0.473684   -3.353588   7.481907
 0.475633   -3.338776   8.589634
 0.477583   -3.320095   7.274565
 0.479532   -3.310408   7.274963
 0.481482   -3.291726   8.290151
 0.483431   -3.278082   5.967724
 0.485380   -3.268463   7.321932
 0.487329   -3.249541   8.478311
 0.489279   -3.235409   7.083331
 0.491228   -3.221923   7.148786
 0.493177   -3.207543   7.247449
 0.495127   -3.193665   7.013659
 0.497076   -3.180196   7.193330
 0.499025   -3.165626   7.251585
 0.500975   -3.151923   5.744430
 0.502924   -3.143226   5.953301
 0.504873   -3.128717   8.373959
 0.506823   -3.110574   7.999172
 0.508772   -3.097526   7.009855
 0.510721   -3.083249   6.074209
 0.512671   -3.073845   5.724945
 0.514620   -3.060930   7.897529
 0.516569   -3.043060   8.183011
 0.518518   -3.029032   5.959336
 0.520468   -3.019827   4.596627
 0.522417   -3.011110   6.920932
 0.524366   -2.992849   8.124557
 0.526316   -2.979435   6.725067
 0.528265   -2.966628   5.734834
 0.530214   -2.957080   4.772813
 0.532164   -2.948019   6.683525
 0.534113   -2.931025   7.912773
 0.536062   -2.917175   6.909757
 0.538012   -2.904084   5.508173
 0.539961   -2.895696   5.629340
 0.541910   -2.882141   7.901310
 0.543860   -2.864887   6.593784
 0.545809   -2.856428   4.573977
 0.547758   -2.847058   5.686481
 0.549708   -2.834254   7.531640
 0.551657   -2.817694   6.646941
 0.553606   -2.808344   3.547088
 0.555556   -2.803866   5.327231
 0.557505   -2.787580   8.672269
 0.559454   -2.770062   5.644985
 0.561404   -2.765577   4.249316
 0.563353   -2.753498   7.528067
 0.565302   -2.736232   6.575526
 0.567252   -2.727864   4.194809
 0.569201   -2.719876   4.226580
 0.571150   -2.711389   6.516030
 0.573099   -2.694477   7.517055
 0.575049   -2.682082   4.168331
 0.576998   -2.678220   5.264577
 0.578947   -2.661561   8.458991
 0.580897   -2.645239   4.110101
 0.582846   -2.645527   2.106086
 0.584795   -2.637029   7.324443
 0.586745   -2.616963   8.101686
 0.588694   -2.605436   5.173459
 0.590643   -2.596797   4.221890
 0.592593   -2.588976   3.879778
 0.594542   -2.581670   5.051339
 0.596491   -2.569286   6.187264
 0.598441   -2.557546   5.842762
 0.600390   -2.546504   4.946088
 0.602339   -2.538266   4.077023
 0.604289   -2.530608   5.791349
 0.606238   -2.515689   6.764771
 0.608187   -2.504239   4.979391
 0.610136   -2.496280   3.951423
 0.612086   -2.488833   3.652211
 0.614035   -2.482039   3.690294
 0.615984   -2.474448   5.760055
 0.617934   -2.459577   6.551561
 0.619883   -2.448901   4.695492
 0.621832   -2.441274   3.722539
 0.623782   -2.434388   4.383179
 0.625731   -2.424186   5.494642
 0.627680   -2.412970   3.616245
 0.629630   -2.410090   3.340384
 0.631579   -2.399949   6.361562
 0.633528   -2.385293   5.410072
 0.635478   -2.378859   3.194998
 0.637427   -2.372835   4.169080
 0.639376   -2.362608   5.314777
 0.641325   -2.352118   5.259370
 0.643275   -2.342102   3.981021
 0.645224   -2.336594   3.057793
 0.647173   -2.330183   3.123381
 0.649123   -2.324416   4.796140
 0.651072   -2.311487   5.897322
 0.653021   -2.301429   2.975622
 0.654971   -2.299889   1.650864
 0.656920   -2.294994   3.720056
 0.658869   -2.285388   4.769724
 0.660819   -2.276397   4.404820
 0.662768   -2.268213   4.470915
 0.664717   -2.258969   3.632781
 0.666667   -2.254051   2.322292
 0.668616   -2.249914   3.287428
 0.670565   -2.241237   4.294762
 0.672515   -2.233169   3.032305
 0.674464   -2.229412   3.089916
 0.676413   -2.221125   3.122549
 0.678363   -2.217239   2.827401
 0.680312   -2.210102   3.833662
 0.682261   -2.202296   1.878538
 0.684211   -2.202782   2.510904
 0.686160   -2.192511   4.500763
 0.688109   -2.185238   1.644808
 0.690059   -2.186102   2.239801
 0.692008   -2.176511   4.073749
 0.693957   -2.170223   2.307028
 0.695906   -2.167518   2.170831
 0.697856   -2.161757   1.817741
 0.699805   -2.160428   0.831194
 0.701754   -2.158517   1.823749
 0.703704   -2.153316   3.447514
 0.705653   -2.145077   3.373003
 0.707602   -2.140168   1.419479
 0.709552   -2.139544   -0.811672
 0.711501   -2.143330   1.033179
 0.713450   -2.135517   2.943983
 0.715400   -2.131854   0.679351
 0.717349   -2.132866   1.559680
 0.719298   -2.125774   1.566242
 0.721248   -2.126763   -0.743836
 0.723197   -2.128674   0.104743
 0.725146   -2.126355   1.966935
 0.727096   -2.121003   1.580866
 0.729045   -2.120189   -1.453377
 0.730994   -2.126668   -0.423964
 0.732943   -2.121842   1.264285
 0.734893   -2.121741   -2.119853
 0.736842   -2.130103   -1.204465
 0.738791   -2.126436   0.678595
 0.740741   -2.127459   -0.766301
 0.742690   -2.129424   -0.875347
 0.744639   -2.130871   -1.953933
 0.746589   -2.137045   -1.462682
 0.748538   -2.136578   -0.622656
 0.750487   -2.139472   -2.710445
 0.752437   -2.147148   -3.191168
 0.754386   -2.151916   -2.392682
 0.756335   -2.156475   -1.597119
 0.758285   -2.158141   -2.060634
 0.760234   -2.164507   -3.245137
 0.762183   -2.170791   -3.452824
 0.764133   -2.177970   -4.936419
 0.766082   -2.190035   -4.306102
 0.768031   -2.194755   -3.431373
 0.769980   -2.203411   -4.736057
 0.771930   -2.213221   -4.219220
 0.773879   -2.219863   -5.545579
 0.775829   -2.234848   -7.029455
 0.777778   -2.247272   -5.480377
 0.779727   -2.256210   -5.601362
 0.781676   -2.269106   -6.000518
 0.783626   -2.279605   -6.656525
 0.785575   -2.295058   -8.864971
 0.787524   -2.314161   -8.229788
 0.789474   -2.327142   -6.037536
 0.791423   -2.337702   -7.282268
 0.793372   -2.355529   -9.557613
 0.795322   -2.374968   -9.330829
 0.797271   -2.391911   -10.644935
 0.799220   -2.416462   -11.045296
 0.801170   -2.434973   -9.871648
 0.803119   -2.454951   -10.210047
 0.805068   -2.474772   -10.542072
 0.807018   -2.496055   -11.441074
 0.808967   -2.519380   -12.849361
 0.810916   -2.546142   -13.145946
 0.812866   -2.570635   -12.068052
 0.814815   -2.593197   -13.654019
 0.816764   -2.623858   -14.865009
 0.818713   -2.651140   -14.503891
 0.820663   -2.680410   -15.455023
 0.822612   -2.711399   -14.868450
 0.824561   -2.738367   -14.263079
 0.826511   -2.767011   -16.183205
 0.828460   -2.801462   -16.706511
 0.830409   -2.832133   -17.123486
 0.832359   -2.868230   -19.981359
 0.834308   -2.910038   -17.555761
 0.836257   -2.936662   -15.979643
 0.838207   -2.972347   -19.843344
 0.840156   -3.014028   -19.396249
 0.842105   -3.047953   -19.775032
 0.844055   -3.091136   -20.724718
 0.846004   -3.128762   -19.183752
 0.847953   -3.165914   -21.035415
 0.849903   -3.210783   -22.811690
 0.851852   -3.254857   -24.400396
 0.853801   -3.305896   -26.257965
 0.855750   -3.357211   -25.769919
 0.857700   -3.406372   -26.716778
 0.859649   -3.461376   -27.045842
 0.861598   -3.511796   -26.303978
 0.863548   -3.563936   -26.318683
 0.865497   -3.614414   -25.568022
 0.867446   -3.663601   -25.704136
 0.869396   -3.714635   -25.669216
 0.871345   -3.763686   -26.658633
 0.873294   -3.818550   -26.770699
 0.875244   -3.868062   -23.924855
 0.877193   -3.911836   -23.853854
 0.879142   -3.961044   -24.775376
 0.881092   -4.008434   -24.607002
 0.883041   -4.056986   -24.417305
 0.884990   -4.103613   -21.614648
 0.886940   -4.141257   -21.330060
 0.888889   -4.186775   -23.930160
 0.890838   -4.234537   -21.665435
 0.892787   -4.271227   -19.856245
 0.894737   -4.311959   -21.027471
 0.896686   -4.353213   -21.317218
 0.898636   -4.395075   -21.753706
 0.900585   -4.438030   -21.593039
 0.902534   -4.479245   -21.407918
 0.904483   -4.521478   -20.837149
 0.906433   -4.560487   -22.324172
 0.908382   -4.608515   -23.700273
 0.910331   -4.652871   -24.010916
 0.912281   -4.702136   -28.032269
 0.914230   -4.762163   -29.523586
 0.916179   -4.817219   -30.008776
 0.918129   -4.879171   -34.825648
 0.920078   -4.952998   -39.812307
 0.922027   -5.034359   -44.309671
 0.923977   -5.125767   -50.692615
 0.925926   -5.232002   -57.725839
 0.927875   -5.350782   -64.859025
 0.929825   -5.484895   -73.727329
 0.931774   -5.638235   -83.458134
 0.933723   -5.810215   -94.402853
 0.935673   -6.006324   -106.007004
 0.937622   -6.223525   -116.862111
 0.939571   -6.461853   -127.491051
 0.941520   -6.720485   -133.456805
 0.943470   -6.982202   -142.286868
 0.945419   -7.275246   -169.513051
 0.947368   -7.642964   -203.223400
 0.949318   -8.067643   -224.470078
 0.951267   -8.518160   -235.731160
 0.953216   -8.986523   -245.886049
 0.955166   -9.476880   -254.801676
 0.957115   -9.979988   -257.968783
 0.959064   -10.482443   -257.516364
 0.961014   -10.984044   -253.461497
 0.962963   -11.470697   -240.630664
 0.964912   -11.922022   -221.426610
 0.966862   -12.334019   -197.287153
 0.968811   -12.691273   -162.858377
 0.970760   -12.968841   -120.820829
 0.972710   -13.162310   -72.246439
 0.974659   -13.250583   -14.756151
 0.976608   -13.219829   50.313270
 0.978557   -13.054462   118.851105
 0.980507   -12.756361   187.949173
 0.982456   -12.321719   257.677945
 0.984406   -11.751605   323.190046
 0.986355   -11.061662   380.549747
 0.988304   -10.268222   426.043098
 0.990253   -9.400946   455.597173
 0.992203   -8.491828   466.692847
 0.994152   -7.581312   458.816141
 0.996101   -6.703362   435.852370
 0.998051   -5.881953   302.207358
 1.000000   -5.524818   183.240051
514 psinorm ommpp() dommpp/dpsiN
 0.000000   -67.677990   657.556318
 0.001949   -66.396413   776.577038
 0.003899   -64.649878   625.503327
 0.005848   -63.957035   301.367877
 0.007797   -63.475146   222.216749
 0.009747   -63.090662   183.442796
 0.011696   -62.759875   158.250457
 0.013645   -62.473802   142.671376
 0.015595   -62.203607   132.388131
 0.017544   -61.957608   121.478544
 0.019493   -61.730084   119.178755
 0.021442   -61.493049   116.859803
 0.023392   -61.274457   111.104942
 0.025341   -61.059849   112.165753
 0.027290   -60.837235   107.934970
 0.029240   -60.639023   99.411168
 0.031189   -60.449627   103.547057
 0.033138   -60.235397   107.284899
 0.035088   -60.031328   100.371026
 0.037037   -59.844041   99.882439
 0.038986   -59.641986   102.061279
 0.040936   -59.446108   96.754079
 0.042885   -59.264735   96.766595
 0.044834   -59.068912   99.417307
 0.046784   -58.877109   94.908428
 0.048733   -58.698857   98.383593
 0.050682   -58.493609   101.528295
 0.052632   -58.303005   91.853962
 0.054581   -58.135459   95.769636
 0.056530   -57.929695   102.100677
 0.058480   -57.737376   92.476850
 0.060429   -57.569116   91.320990
 0.062378   -57.381406   98.075826
 0.064327   -57.186816   96.341148
 0.066277   -57.005779   92.860228
 0.068226   -56.824754   97.234425
 0.070175   -56.626759   98.331851
 0.072125   -56.441365   91.984978
 0.074074   -56.268104   93.677828
 0.076023   -56.076209   98.394515
 0.077973   -55.884464   92.383188
 0.079922   -55.715995   93.484688
 0.081871   -55.520060   97.925766
 0.083821   -55.334188   92.173602
 0.085770   -55.160669   93.807977
 0.087719   -54.968524   95.625042
 0.089669   -54.787833   92.185227
 0.091618   -54.609093   94.088822
 0.093567   -54.421075   93.850415
 0.095517   -54.243175   90.694061
 0.097466   -54.067458   94.563517
 0.099415   -53.874567   98.604371
 0.101364   -53.683098   93.131564
 0.103314   -53.511457   90.471813
 0.105263   -53.330353   95.024263
 0.107213   -53.140953   94.372414
 0.109162   -52.962390   90.997985
 0.111111   -52.786243   92.705780
 0.113060   -52.601022   94.943091
 0.115010   -52.416060   91.867627
 0.116959   -52.242825   93.623242
 0.118908   -52.051117   95.818930
 0.120858   -51.869232   90.571113
 0.122807   -51.697975   92.308362
 0.124756   -51.509414   94.226428
 0.126706   -51.330591   89.024954
 0.128655   -51.162300   93.123314
 0.130604   -50.967596   95.048637
 0.132554   -50.791715   87.738755
 0.134503   -50.625498   94.413029
 0.136452   -50.423693   96.086642
 0.138402   -50.250871   86.194909
 0.140351   -50.087614   92.809873
 0.142300   -49.889098   97.307457
 0.144250   -49.708222   87.527790
 0.146199   -49.547817   89.157737
 0.148148   -49.360685   95.953271
 0.150097   -49.173791   90.818624
 0.152047   -49.006593   88.069642
 0.153996   -48.830412   92.554212
 0.155945   -48.645817   94.306108
 0.157895   -48.462713   91.375060
 0.159844   -48.289540   88.920294
 0.161793   -48.116102   90.631628
 0.163743   -47.936164   90.285065
 0.165692   -47.764076   90.357094
 0.167641   -47.583952   91.817607
 0.169591   -47.406081   89.194861
 0.171540   -47.236178   91.498594
 0.173489   -47.049419   90.739083
 0.175439   -46.882396   85.856404
 0.177388   -46.714666   90.167248
 0.179337   -46.530924   94.110366
 0.181286   -46.347823   91.630175
 0.183236   -46.173663   89.002014
 0.185185   -46.000804   88.804375
 0.187135   -45.827414   86.454588
 0.189084   -45.663713   87.936068
 0.191033   -45.484639   91.770200
 0.192983   -45.305901   89.493268
 0.194932   -45.135701   87.159468
 0.196881   -44.966153   89.012802
 0.198830   -44.788729   90.679010
 0.200780   -44.612596   88.185673
 0.202729   -44.444889   87.972063
 0.204678   -44.269681   89.800026
 0.206628   -44.094759   87.335710
 0.208577   -43.929155   88.735841
 0.210526   -43.748866   88.705975
 0.212476   -43.583298   84.603829
 0.214425   -43.418995   89.975303
 0.216374   -43.232574   89.713836
 0.218324   -43.069213   83.776851
 0.220273   -42.905928   85.231383
 0.222222   -42.736981   88.579456
 0.224171   -42.560645   90.665024
 0.226121   -42.383478   86.461115
 0.228070   -42.223525   85.945232
 0.230019   -42.048463   87.711372
 0.231969   -41.881542   85.583657
 0.233918   -41.714773   87.168939
 0.235867   -41.541758   86.586579
 0.237817   -41.377176   84.737292
 0.239766   -41.211368   86.303391
 0.241715   -41.040765   87.740726
 0.243665   -40.869266   85.942532
 0.245614   -40.705671   85.188999
 0.247563   -40.537199   84.848118
 0.249513   -40.374852   83.058252
 0.251462   -40.213355   86.581439
 0.253411   -40.037357   88.251916
 0.255361   -39.869265   83.988823
 0.257310   -39.709880   85.705763
 0.259259   -39.535184   85.380665
 0.261209   -39.376990   81.141909
 0.263158   -39.218811   82.727013
 0.265107   -39.054520   86.254372
 0.267056   -38.882592   86.508502
 0.269006   -38.717227   82.351462
 0.270955   -38.561499   85.475138
 0.272904   -38.384044   85.160966
 0.274854   -38.229468   79.302486
 0.276803   -38.074844   84.852347
 0.278752   -37.898713   86.459133
 0.280702   -37.737748   80.680036
 0.282651   -37.584138   82.064212
 0.284600   -37.417861   85.296741
 0.286550   -37.251566   81.787011
 0.288499   -37.098967   81.460847
 0.290448   -36.934032   84.414371
 0.292398   -36.769836   80.948020
 0.294347   -36.618409   82.751001
 0.296296   -36.447272   83.808038
 0.298246   -36.291649   77.962791
 0.300195   -36.143292   83.283684
 0.302144   -35.967010   85.076522
 0.304094   -35.811589   77.879333
 0.306043   -35.663354   80.952423
 0.307992   -35.496037   83.969898
 0.309941   -35.336040   80.219809
 0.311891   -35.183263   81.778192
 0.313840   -35.017193   81.624035
 0.315790   -34.865018   78.097595
 0.317739   -34.712691   79.547518
 0.319688   -34.554942   80.603787
 0.321637   -34.398497   82.414239
 0.323587   -34.233605   80.535617
 0.325536   -34.084481   79.916476
 0.327485   -33.922090   81.570208
 0.329435   -33.766442   76.056570
 0.331384   -33.625538   77.489069
 0.333333   -33.464390   82.748925
 0.335283   -33.302900   79.345979
 0.337232   -33.155013   78.715698
 0.339181   -32.996066   79.604470
 0.341131   -32.844639   76.228367
 0.343080   -32.698849   79.899786
 0.345029   -32.533190   81.271986
 0.346979   -32.381977   75.656658
 0.348928   -32.238201   75.492976
 0.350877   -32.087705   78.648487
 0.352826   -31.931629   80.176292
 0.354776   -31.775098   79.963850
 0.356725   -31.619849   77.772889
 0.358675   -31.471865   74.526969
 0.360624   -31.329266   74.126620
 0.362573   -31.182919   78.454250
 0.364522   -31.023451   80.460728
 0.366472   -30.869206   75.532986
 0.368421   -30.728941   76.591241
 0.370370   -30.570653   77.641952
 0.372320   -30.426222   74.227340
 0.374269   -30.281241   77.740642
 0.376218   -30.123189   77.278177
 0.378168   -29.979941   73.666096
 0.380117   -29.835965   75.210572
 0.382066   -29.686770   76.416099
 0.384016   -29.538019   74.823144
 0.385965   -29.395032   74.658479
 0.387914   -29.247001   77.310237
 0.389863   -29.093677   75.408271
 0.391813   -28.952990   72.375568
 0.393762   -28.811485   75.306660
 0.395711   -28.659445   76.486177
 0.397661   -28.513268   74.659145
 0.399610   -28.368348   74.466695
 0.401560   -28.222922   72.905483
 0.403509   -28.084086   72.507129
 0.405458   -27.940290   75.280049
 0.407407   -27.790645   75.061928
 0.409357   -27.647627   71.935197
 0.411306   -27.510167   73.349729
 0.413255   -27.361709   74.475469
 0.415205   -27.219790   72.784775
 0.417154   -27.077921   73.959611
 0.419103   -26.931496   72.034707
 0.421053   -26.797064   70.832507
 0.423002   -26.655323   73.392716
 0.424951   -26.510979   72.844432
 0.426901   -26.371305   71.925764
 0.428850   -26.230542   71.550699
 0.430799   -26.092401   72.057960
 0.432748   -25.949660   72.083843
 0.434698   -25.811348   72.227605
 0.436647   -25.668047   71.826640
 0.438597   -25.531300   69.024441
 0.440546   -25.398918   70.222414
 0.442495   -25.257573   72.297063
 0.444444   -25.117104   72.301109
 0.446394   -24.975670   69.689627
 0.448343   -24.845379   69.158069
 0.450292   -24.706092   73.302211
 0.452242   -24.559570   70.512359
 0.454191   -24.431155   68.156013
 0.456140   -24.293898   71.175431
 0.458090   -24.153640   68.646104
 0.460039   -24.026240   69.180772
 0.461988   -23.883974   71.721394
 0.463938   -23.746601   67.664183
 0.465887   -23.620146   68.883821
 0.467836   -23.478092   71.397001
 0.469786   -23.341772   67.155067
 0.471735   -23.216249   66.990215
 0.473684   -23.080644   70.630509
 0.475633   -22.940931   68.670519
 0.477583   -22.812903   67.351906
 0.479532   -22.678329   68.949419
 0.481482   -22.544070   67.671411
 0.483431   -22.414476   67.523388
 0.485380   -22.280864   67.566708
 0.487329   -22.151101   67.352074
 0.489279   -22.018256   67.004476
 0.491228   -21.889848   67.465798
 0.493177   -21.755275   68.112899
 0.495127   -21.624278   66.278345
 0.497076   -21.496854   67.418008
 0.499025   -21.361482   67.817655
 0.500975   -21.232436   65.094105
 0.502924   -21.107678   66.449067
 0.504873   -20.973417   67.528002
 0.506823   -20.844389   64.844191
 0.508772   -20.720587   65.718653
 0.510721   -20.588218   66.780871
 0.512671   -20.460211   64.368436
 0.514620   -20.337243   63.999858
 0.516569   -20.210740   65.829863
 0.518518   -20.080638   65.643888
 0.520468   -19.954796   65.202613
 0.522417   -19.826415   66.051268
 0.524366   -19.697328   65.141798
 0.526316   -19.572429   63.051590
 0.528265   -19.451488   63.641966
 0.530214   -19.324353   65.861686
 0.532164   -19.194692   64.053180
 0.534113   -19.074604   63.399940
 0.536062   -18.947559   63.932141
 0.538012   -18.825335   63.122558
 0.539961   -18.701445   63.922595
 0.541910   -18.576165   63.223042
 0.543860   -18.454941   62.902874
 0.545809   -18.330908   63.686507
 0.547758   -18.206691   62.520247
 0.549708   -18.087144   60.583428
 0.551657   -17.970475   62.984260
 0.553606   -17.841632   64.895501
 0.555556   -17.717449   61.350541
 0.557505   -17.602421   60.895514
 0.559454   -17.480079   63.001108
 0.561404   -17.356779   60.922336
 0.563353   -17.242538   60.230996
 0.565302   -17.121999   62.086461
 0.567252   -17.000462   61.669835
 0.569201   -16.881547   61.774599
 0.571150   -16.759665   61.666081
 0.573099   -16.641173   59.869851
 0.575049   -16.526234   59.710466
 0.576998   -16.408363   60.184177
 0.578947   -16.291636   59.209658
 0.580897   -16.177506   60.460250
 0.582846   -16.055906   62.306115
 0.584795   -15.934637   58.571559
 0.586745   -15.827542   56.844515
 0.588694   -15.713004   60.498904
 0.590643   -15.591718   60.890523
 0.592593   -15.475594   58.766197
 0.594542   -15.362587   58.271409
 0.596491   -15.248452   58.865191
 0.598441   -15.133071   56.794387
 0.600390   -15.027006   57.412694
 0.602339   -14.909276   59.601646
 0.604289   -14.794621   56.424226
 0.606238   -14.689273   56.080369
 0.608187   -14.576020   58.760636
 0.610136   -14.460224   58.611306
 0.612086   -14.347496   56.835758
 0.614035   -14.238620   56.979813
 0.615984   -14.125389   55.974981
 0.617934   -14.020378   54.678233
 0.619883   -13.912200   56.837850
 0.621832   -13.798824   56.934550
 0.623782   -13.690214   55.003811
 0.625731   -13.584362   54.243552
 0.627680   -13.478773   56.097960
 0.629630   -13.365633   56.005414
 0.631579   -13.260404   53.448381
 0.633528   -13.157291   53.511810
 0.635478   -13.051760   53.664327
 0.637427   -12.948053   53.572732
 0.639376   -12.842934   52.968508
 0.641325   -12.741581   52.604663
 0.643275   -12.637827   53.658731
 0.645224   -12.532367   53.972212
 0.647173   -12.427443   52.921262
 0.649123   -12.326029   50.055622
 0.651072   -12.232272   50.566249
 0.653021   -12.128922   53.227946
 0.654971   -12.024736   51.488409
 0.656920   -11.928164   50.682226
 0.658869   -11.827177   50.934765
 0.660819   -11.729571   47.696284
 0.662768   -11.641204   47.961825
 0.664717   -11.542616   51.255974
 0.666667   -11.441356   49.580458
 0.668616   -11.349297   48.091822
 0.670565   -11.253894   48.102377
 0.672515   -11.161748   46.674522
 0.674464   -11.071909   46.928853
 0.676413   -10.978819   46.930777
 0.678363   -10.888928   45.532316
 0.680312   -10.801288   45.554122
 0.682261   -10.711358   46.604396
 0.684211   -10.619576   45.019743
 0.686160   -10.535822   42.467798
 0.688109   -10.454037   43.945339
 0.690059   -10.364475   43.452040
 0.692008   -10.284612   41.438964
 0.693957   -10.202946   42.167299
 0.695906   -10.120244   41.411096
 0.697856   -10.041486   40.928169
 0.699805   -9.960666   40.709961
 0.701754   -9.882798   39.406936
 0.703704   -9.807020   37.904562
 0.705653   -9.735007   37.228305
 0.707602   -9.661904   36.974755
 0.709552   -9.590843   36.978657
 0.711501   -9.517725   36.304453
 0.713450   -9.449328   34.557492
 0.715400   -9.382986   33.101524
 0.717349   -9.320264   32.417708
 0.719298   -9.256622   33.408655
 0.721248   -9.190002   31.756905
 0.723197   -9.132797   29.589555
 0.725146   -9.074662   28.884938
 0.727096   -9.020177   27.022761
 0.729045   -8.969298   27.563603
 0.730994   -8.912734   27.553772
 0.732943   -8.861894   24.696028
 0.734893   -8.816447   23.649814
 0.736842   -8.769684   23.189534
 0.738791   -8.726054   21.240570
 0.740741   -8.686869   18.967597
 0.742690   -8.652097   18.058804
 0.744639   -8.616476   18.368112
 0.746589   -8.580480   16.110764
 0.748538   -8.553655   13.745227
 0.750487   -8.526901   13.832460
 0.752437   -8.499722   11.581542
 0.754386   -8.481740   9.003505
 0.756335   -8.464626   7.650498
 0.758285   -8.451913   5.396046
 0.760234   -8.443585   3.835318
 0.762183   -8.436962   3.483814
 0.764133   -8.430001   2.225812
 0.766082   -8.428281   -2.215982
 0.768031   -8.438639   -4.762027
 0.769980   -8.446844   -4.340543
 0.771930   -8.455563   -6.799016
 0.773879   -8.473348   -10.239931
 0.775829   -8.495491   -11.737848
 0.777778   -8.519114   -14.184843
 0.779727   -8.550784   -16.894881
 0.781676   -8.584970   -19.329798
 0.783626   -8.626154   -22.736522
 0.785575   -8.673616   -23.504039
 0.787524   -8.717773   -25.888873
 0.789474   -8.774563   -32.150025
 0.791423   -8.843120   -34.318569
 0.793372   -8.908337   -34.314380
 0.795322   -8.976913   -38.218112
 0.797271   -9.057344   -40.819314
 0.799220   -9.136027   -43.604223
 0.801170   -9.227363   -50.131596
 0.803119   -9.331483   -52.704345
 0.805068   -9.432804   -54.070200
 0.807018   -9.542307   -58.954571
 0.808967   -9.662663   -62.161745
 0.810916   -9.784614   -65.613755
 0.812866   -9.918497   -70.343517
 0.814815   -10.058880   -72.048738
 0.816764   -10.199343   -75.523152
 0.818713   -10.353269   -81.790538
 0.820663   -10.518250   -85.901108
 0.822612   -10.688195   -88.808224
 0.824561   -10.864424   -92.830436
 0.826511   -11.050146   -98.162712
 0.828460   -11.247155   -101.925265
 0.830409   -11.447450   -104.085055
 0.832359   -11.652985   -109.286004
 0.834308   -11.873549   -115.919811
 0.836257   -12.104840   -120.052393
 0.838207   -12.341636   -123.348132
 0.840156   -12.585771   -127.015226
 0.842105   -12.836741   -131.303305
 0.844055   -13.097728   -137.582430
 0.846004   -13.373167   -142.715969
 0.847953   -13.654034   -148.907953
 0.849903   -13.953769   -164.753963
 0.851852   -14.296388   -182.599473
 0.853801   -14.665542   -190.179646
 0.855750   -15.037708   -194.211217
 0.857700   -15.422778   -200.718848
 0.859649   -15.820305   -204.268949
 0.861598   -16.219018   -208.090123
 0.863548   -16.631655   -216.307764
 0.865497   -17.062393   -219.861357
 0.867446   -17.488675   -221.992041
 0.869396   -17.927946   -230.583331
 0.871345   -18.387708   -234.480985
 0.873294   -18.841953   -236.916627
 0.875244   -19.311454   -245.361434
 0.877193   -19.798608   -249.769242
 0.879142   -20.285055   -253.159516
 0.881092   -20.785684   -260.042674
 0.883041   -21.298954   -263.801901
 0.884990   -21.813984   -269.674155
 0.886940   -22.350425   -278.057156
 0.888889   -22.898123   -282.003491
 0.890838   -23.449674   -286.542012
 0.892787   -24.015064   -293.552343
 0.894737   -24.594242   -301.512417
 0.896686   -25.190652   -311.698929
 0.898636   -25.809567   -324.025518
 0.900585   -26.454014   -333.196756
 0.902534   -27.108368   -337.771194
 0.904483   -27.770646   -347.255285
 0.906433   -28.462332   -360.857582
 0.908382   -29.177618   -368.769954
 0.910331   -29.899797   -378.233276
 0.912281   -30.652365   -393.865167
 0.914230   -31.435461   -405.415560
 0.916179   -32.232674   -418.800983
 0.918129   -33.068386   -438.017422
 0.920078   -33.940485   -451.836224
 0.922027   -34.829643   -468.088497
 0.923977   -35.765586   -492.632604
 0.925926   -36.750393   -510.813159
 0.927875   -37.756736   -529.424803
 0.929825   -38.814646   -558.323348
 0.931774   -39.933607   -580.563638
 0.933723   -41.077683   -601.478754
 0.935673   -42.278802   -633.828690
 0.937622   -43.548945   -661.926122
 0.939571   -44.858990   -681.726378
 0.941520   -46.206315   -708.017083
 0.943470   -47.619582   -740.952116
 0.945419   -49.095255   -761.586590
 0.947368   -50.588246   -779.406378
 0.949318   -52.134187   -805.445565
 0.951267   -53.728653   -816.196154
 0.953216   -55.315720   -821.578284
 0.955166   -56.932002   -833.166988
 0.957115   -58.564229   -825.870823
 0.959064   -60.151246   -810.491815
 0.961014   -61.724329   -798.668823
 0.962963   -63.265272   -764.935231
 0.964912   -64.706047   -720.783157
 0.966862   -66.075568   -679.911396
 0.968811   -67.357066   -615.338933
 0.970760   -68.474160   -538.533674
 0.972710   -69.456740   -465.686113
 0.974659   -70.289946   -375.618132
 0.976608   -70.920899   -267.296503
 0.978557   -71.331868   -160.643037
 0.980507   -71.547146   -53.340786
 0.982456   -71.539958   63.126977
 0.984406   -71.300895   176.080396
 0.986355   -70.853527   293.167428
 0.988304   -70.158128   419.727840
 0.990253   -69.217428   532.789420
 0.992203   -68.080682   631.225546
 0.994152   -66.756376   738.453033
 0.996101   -65.202192   837.772508
 0.998051   -63.489820   52.089279
 1.000000   -64.997444   -773.537053
514 psinorm omepp() domepp/dpsiN
 0.000000   18.241931   210.576866
 0.001949   18.652345   247.670382
 0.003899   19.207672   211.164126
 0.005848   19.475822   115.388324
 0.007797   19.657456   80.303826
 0.009747   19.788900   61.184203
 0.011696   19.896025   50.124791
 0.013645   19.984287   39.495738
 0.015595   20.050008   32.946921
 0.017544   20.112748   30.416435
 0.019493   20.168571   25.085659
 0.021442   20.210532   19.589648
 0.023392   20.244947   17.731303
 0.025341   20.279666   15.896941
 0.027290   20.306913   14.072420
 0.029240   20.334535   12.800129
 0.031189   20.356824   9.484454
 0.033138   20.371505   8.201045
 0.035088   20.388801   7.494877
 0.037037   20.400731   5.663063
 0.038986   20.410876   5.605798
 0.040936   20.422589   4.925113
 0.042885   20.430081   2.684085
 0.044834   20.433051   2.884804
 0.046784   20.441332   2.231575
 0.048733   20.441756   -0.014650
 0.050682   20.441274   -0.068852
 0.052632   20.441488   -0.448567
 0.054581   20.439527   -0.005758
 0.056530   20.441465   -0.991695
 0.058480   20.435656   -2.580406
 0.060429   20.431404   -1.947426
 0.062378   20.428065   -3.393923
 0.064327   20.418174   -3.438433
 0.066277   20.414662   -2.311684
 0.068226   20.409162   -4.541111
 0.070175   20.396960   -4.606127
 0.072125   20.391206   -4.408473
 0.074074   20.379775   -6.380726
 0.076023   20.366334   -5.237430
 0.077973   20.359357   -4.093320
 0.079922   20.350375   -5.793121
 0.081871   20.336776   -6.531988
 0.083821   20.324908   -6.851841
 0.085770   20.310062   -7.877555
 0.087719   20.294201   -6.214976
 0.089669   20.285834   -5.993830
 0.091618   20.270834   -7.961276
 0.093567   20.254801   -7.757392
 0.095517   20.240589   -6.606731
 0.097466   20.229040   -6.637957
 0.099415   20.214715   -9.556949
 0.101364   20.191787   -10.778847
 0.103314   20.172690   -8.634550
 0.105263   20.158118   -7.980314
 0.107213   20.141574   -7.540400
 0.109162   20.128716   -7.049760
 0.111111   20.114094   -11.153739
 0.113060   20.085239   -11.711205
 0.115010   20.068438   -7.635873
 0.116959   20.055465   -9.575592
 0.118908   20.031112   -10.581623
 0.120858   20.014211   -7.962369
 0.122807   20.000065   -9.900443
 0.124756   19.975619   -11.829722
 0.126706   19.953943   -9.478534
 0.128655   19.938659   -10.223884
 0.130604   19.914090   -11.892147
 0.132554   19.892293   -9.799180
 0.134503   19.875880   -10.801224
 0.136452   19.850190   -12.209263
 0.138402   19.828278   -9.858551
 0.140351   19.811748   -10.860156
 0.142300   19.785945   -11.346466
 0.144250   19.767512   -9.908847
 0.146199   19.747312   -11.119595
 0.148148   19.724168   -11.922533
 0.150097   19.700838   -13.099986
 0.152047   19.673089   -12.350268
 0.153996   19.652680   -11.257715
 0.155945   19.629206   -11.064924
 0.157895   19.609540   -10.295480
 0.159844   19.589065   -13.396863
 0.161793   19.557319   -13.479593
 0.163743   19.536513   -10.861295
 0.165692   19.514971   -12.532436
 0.167641   19.487662   -12.096201
 0.169591   19.467812   -11.826480
 0.171540   19.441554   -14.013837
 0.173489   19.413186   -12.657058
 0.175439   19.392208   -10.964471
 0.177388   19.370436   -11.906641
 0.179337   19.345796   -13.621182
 0.181286   19.317341   -13.884850
 0.183236   19.291660   -13.180673
 0.185185   19.265949   -13.195824
 0.187135   19.240210   -12.487189
 0.189084   19.217260   -13.232624
 0.191033   19.188629   -13.959446
 0.192983   19.162834   -12.533326
 0.194932   19.139760   -11.397061
 0.196881   19.118408   -14.000436
 0.198830   19.085186   -15.184847
 0.200780   19.059206   -11.438428
 0.202729   19.040584   -13.579771
 0.204678   19.006272   -15.729364
 0.206628   18.979259   -12.889896
 0.208577   18.956013   -13.380125
 0.210526   18.927103   -14.104481
 0.212476   18.901021   -12.933935
 0.214425   18.876673   -13.926114
 0.216374   18.846737   -14.397384
 0.218324   18.820540   -12.975877
 0.220273   18.796143   -14.395918
 0.222222   18.764424   -15.601061
 0.224171   18.735330   -13.305477
 0.226121   18.712549   -12.128687
 0.228070   18.688041   -15.165051
 0.230019   18.653436   -17.037049
 0.231969   18.621615   -13.083043
 0.233918   18.602419   -12.659889
 0.235867   18.572267   -16.169282
 0.237817   18.539373   -13.621857
 0.239766   18.519149   -13.841378
 0.241715   18.485420   -15.716915
 0.243665   18.457872   -13.653766
 0.245614   18.432183   -15.525634
 0.247563   18.397353   -14.617598
 0.249513   18.375195   -13.436041
 0.251462   18.344970   -15.818539
 0.253411   18.313535   -14.892591
 0.255361   18.286906   -14.369129
 0.257310   18.257511   -14.472893
 0.259259   18.230491   -15.166277
 0.261209   18.198375   -16.040184
 0.263158   18.167949   -13.798818
 0.265107   18.144587   -13.831496
 0.267056   18.114034   -16.349963
 0.269006   18.080837   -16.084185
 0.270955   18.051320   -15.684170
 0.272904   18.019700   -14.133422
 0.274854   17.996218   -13.601881
 0.276803   17.966670   -16.841449
 0.278752   17.930570   -15.549352
 0.280702   17.906049   -14.130659
 0.282651   17.875477   -15.749004
 0.284600   17.844659   -15.079184
 0.286550   17.816685   -16.170047
 0.288499   17.781616   -16.037115
 0.290448   17.754173   -14.231123
 0.292398   17.726128   -14.837647
 0.294347   17.696321   -16.058227
 0.296296   17.663533   -16.996546
 0.298246   17.630052   -15.123327
 0.300195   17.604563   -15.834419
 0.302144   17.568329   -16.547133
 0.304094   17.540050   -14.035553
 0.306043   17.513603   -15.653136
 0.307992   17.479034   -16.825658
 0.309941   17.448017   -15.221170
 0.311891   17.419688   -15.023687
 0.313840   17.389441   -16.385116
 0.315790   17.355801   -16.325063
 0.317739   17.325787   -15.235784
 0.319688   17.296412   -15.766182
 0.321637   17.264331   -16.872725
 0.323587   17.230624   -16.605577
 0.325536   17.199584   -16.215352
 0.327485   17.167417   -15.798465
 0.329435   17.137988   -14.421487
 0.331384   17.111186   -16.232523
 0.333333   17.074713   -18.032840
 0.335283   17.040877   -15.317904
 0.337232   17.014985   -16.018599
 0.339181   16.978437   -17.203061
 0.341131   16.947913   -14.726383
 0.343080   16.921017   -16.285866
 0.345029   16.884431   -18.077202
 0.346979   16.850535   -15.615286
 0.348928   16.823543   -14.530916
 0.350877   16.793894   -17.005354
 0.352826   16.757256   -18.105509
 0.354776   16.723302   -16.339544
 0.356725   16.693546   -15.251759
 0.358675   16.663835   -15.900245
 0.360624   16.631552   -17.010166
 0.362573   16.597530   -17.905025
 0.364522   16.561759   -17.061388
 0.366472   16.531010   -14.851409
 0.368421   16.503851   -16.392402
 0.370370   16.467112   -18.402416
 0.372320   16.432101   -15.726843
 0.374269   16.405789   -15.096478
 0.376218   16.373255   -17.332735
 0.378168   16.338207   -17.066860
 0.380117   16.306710   -17.522030
 0.382066   16.269906   -17.124123
 0.384016   16.239946   -16.003972
 0.385965   16.207508   -17.100118
 0.387914   16.173290   -16.076077
 0.389863   16.144844   -16.057391
 0.391813   16.110679   -17.943263
 0.393762   16.074884   -17.810064
 0.395711   16.041255   -16.327361
 0.397661   16.011225   -16.490616
 0.399610   15.976961   -17.571678
 0.401560   15.942713   -17.139887
 0.403509   15.910131   -16.088377
 0.405458   15.880001   -17.190196
 0.407407   15.843124   -18.260646
 0.409357   15.808804   -15.862889
 0.411306   15.781271   -15.715146
 0.413255   15.747546   -17.441193
 0.415205   15.713268   -17.996899
 0.417154   15.677377   -17.629783
 0.419103   15.644547   -16.399113
 0.421053   15.613438   -16.125904
 0.423002   15.581672   -17.631698
 0.424951   15.544709   -18.528627
 0.426901   15.509430   -17.201762
 0.428850   15.477638   -16.976421
 0.430799   15.443256   -17.258320
 0.432748   15.410365   -16.433316
 0.434698   15.379183   -17.872827
 0.436647   15.340683   -18.704030
 0.438597   15.306258   -16.177194
 0.440546   15.277605   -15.944913
 0.442495   15.244105   -17.042818
 0.444444   15.211172   -17.734402
 0.446394   15.174957   -17.469492
 0.448343   15.143056   -17.434310
 0.450292   15.106998   -18.320140
 0.452242   15.071626   -17.242687
 0.454191   15.039767   -17.675006
 0.456140   15.002729   -17.523074
 0.458090   14.971448   -16.205090
 0.460039   14.939546   -17.678374
 0.461988   14.902537   -17.294084
 0.463938   14.872120   -16.212460
 0.465887   14.839326   -18.945147
 0.467836   14.798271   -18.335817
 0.469786   14.767840   -16.218662
 0.471735   14.735036   -17.262522
 0.473684   14.700551   -18.329987
 0.475633   14.663586   -18.323273
 0.477583   14.629110   -16.651204
 0.479532   14.598661   -17.664734
 0.481482   14.560231   -18.054478
 0.483431   14.528263   -16.243163
 0.485380   14.496915   -17.528088
 0.487329   14.459938   -18.315205
 0.489279   14.425505   -17.254102
 0.491228   14.392664   -17.906072
 0.493177   14.355708   -18.307771
 0.495127   14.321283   -17.018158
 0.497076   14.289352   -17.667733
 0.499025   14.252414   -18.299991
 0.500975   14.218002   -16.003133
 0.502924   14.190015   -16.642808
 0.504873   14.153128   -19.527977
 0.506823   14.113874   -18.252213
 0.508772   14.081959   -17.650013
 0.510721   14.045074   -17.273940
 0.512671   14.014611   -15.985848
 0.514620   13.982746   -18.001871
 0.516569   13.944440   -19.279243
 0.518518   13.907596   -17.489973
 0.520468   13.876250   -15.975832
 0.522417   13.845306   -18.386414
 0.524366   13.804579   -19.476875
 0.526316   13.769368   -17.198727
 0.528265   13.737520   -16.610085
 0.530214   13.704622   -16.991525
 0.532164   13.671270   -17.714068
 0.534113   13.635556   -18.814306
 0.536062   13.597931   -18.431859
 0.538012   13.563692   -16.934279
 0.539961   13.531903   -17.335447
 0.541910   13.496119   -18.932934
 0.543860   13.458083   -18.135959
 0.545809   13.425404   -16.560476
 0.547758   13.393530   -16.933349
 0.549708   13.359379   -18.101519
 0.551657   13.322953   -18.504666
 0.553606   13.287248   -16.919176
 0.555556   13.256988   -16.859821
 0.557505   13.221515   -19.219482
 0.559454   13.182071   -17.876400
 0.561404   13.151819   -15.860717
 0.563353   13.120231   -18.431068
 0.565302   13.079975   -19.041576
 0.567252   13.045991   -16.810626
 0.569201   13.014429   -16.805957
 0.571150   12.980481   -18.770644
 0.573099   12.941261   -18.760001
 0.575049   12.907339   -15.803477
 0.576998   12.879640   -17.143551
 0.578947   12.840513   -19.677993
 0.580897   12.802916   -16.739044
 0.582846   12.775242   -16.147315
 0.584795   12.739974   -18.663501
 0.586745   12.702472   -18.611963
 0.588694   12.667405   -18.035049
 0.590643   12.632172   -17.662739
 0.592593   12.598539   -16.424573
 0.594542   12.568131   -16.801895
 0.596491   12.533045   -18.565196
 0.598441   12.495744   -17.563080
 0.600390   12.464563   -17.208329
 0.602339   12.428666   -17.567317
 0.604289   12.396070   -17.050542
 0.606238   12.362186   -18.215298
 0.608187   12.325067   -18.468894
 0.610136   12.290195   -17.269555
 0.612086   12.257734   -16.266389
 0.614035   12.226771   -16.861167
 0.615984   12.192009   -18.148128
 0.617934   12.156011   -17.862204
 0.619883   12.122363   -17.744313
 0.621832   12.086844   -17.605115
 0.623782   12.053722   -16.858928
 0.625731   12.021110   -17.228074
 0.627680   11.986567   -17.091385
 0.629630   11.954472   -17.020469
 0.631579   11.920205   -18.535935
 0.633528   11.882219   -17.730410
 0.635478   11.851078   -15.805387
 0.637427   11.820594   -16.934152
 0.639376   11.785069   -17.886575
 0.641325   11.750872   -17.846653
 0.643275   11.715484   -17.553229
 0.645224   11.682431   -17.214718
 0.647173   11.648381   -16.631813
 0.649123   11.617585   -16.329864
 0.651072   11.584712   -18.045526
 0.653021   11.547243   -17.695159
 0.654971   11.515722   -15.567952
 0.656920   11.486543   -16.820613
 0.658869   11.450155   -18.287474
 0.660819   11.415241   -16.398581
 0.662768   11.386214   -16.733919
 0.664717   11.350012   -18.193103
 0.666667   11.315280   -16.087096
 0.668616   11.287285   -16.419559
 0.670565   11.251276   -18.319071
 0.672515   11.215859   -16.219820
 0.674464   11.188031   -16.324905
 0.676413   11.152225   -16.881316
 0.678363   11.122214   -15.670625
 0.680312   11.091125   -17.346478
 0.682261   11.054597   -17.004659
 0.684211   11.024828   -16.455252
 0.686160   10.990441   -17.247279
 0.688109   10.957598   -16.009841
 0.690059   10.928020   -16.124361
 0.692008   10.894731   -16.985344
 0.693957   10.861811   -16.570293
 0.695906   10.830140   -16.519733
 0.697856   10.797400   -16.205127
 0.699805   10.766955   -15.880253
 0.701754   10.735499   -16.405344
 0.703704   10.702990   -16.732535
 0.705653   10.670259   -17.280378
 0.707602   10.635631   -16.294162
 0.709552   10.606731   -14.009569
 0.711501   10.581006   -16.051764
 0.713450   10.544161   -17.675920
 0.715400   10.512090   -14.981199
 0.717349   10.485747   -15.922332
 0.719298   10.450025   -17.093089
 0.721248   10.419103   -14.633051
 0.723197   10.392968   -15.160476
 0.725146   10.360008   -17.165265
 0.727096   10.326040   -15.983286
 0.729045   10.297686   -14.240813
 0.730994   10.270530   -16.170739
 0.732943   10.234652   -16.977006
 0.734893   10.204339   -13.877526
 0.736842   10.180541   -15.014422
 0.738791   10.145813   -16.824405
 0.740741   10.114944   -14.794640
 0.742690   10.088127   -14.872946
 0.744639   10.056969   -15.604467
 0.746589   10.027286   -15.252538
 0.748538   9.997500   -15.555040
 0.750487   9.966652   -15.224724
 0.752437   9.938140   -14.044152
 0.754386   9.911893   -14.560234
 0.756335   9.881384   -15.884306
 0.758285   9.849959   -14.710292
 0.760234   9.824026   -14.174169
 0.762183   9.794708   -15.268640
 0.764133   9.764493   -14.317647
 0.766082   9.738882   -13.665132
 0.768031   9.711226   -14.507017
 0.769980   9.682333   -15.031471
 0.771930   9.652618   -15.226882
 0.773879   9.622964   -13.334706
 0.775829   9.600630   -12.700094
 0.777778   9.573448   -14.704145
 0.779727   9.543313   -14.733215
 0.781676   9.516018   -14.214248
 0.783626   9.487891   -13.045478
 0.785575   9.465151   -12.741877
 0.787524   9.438224   -14.241960
 0.789474   9.409621   -13.862850
 0.791423   9.384171   -13.124826
 0.793372   9.358460   -13.378491
 0.795322   9.332008   -13.215268
 0.797271   9.306933   -13.142536
 0.799220   9.280778   -13.393290
 0.801170   9.254713   -11.784405
 0.803119   9.234827   -12.264856
 0.805068   9.206905   -13.744924
 0.807018   9.181237   -12.345563
 0.808967   9.158768   -12.058128
 0.810916   9.134235   -11.758361
 0.812866   9.112923   -11.676177
 0.814815   9.088711   -12.382530
 0.816764   9.064656   -11.873199
 0.818713   9.042429   -10.808243
 0.820663   9.022516   -10.613814
 0.822612   9.001046   -11.635530
 0.824561   8.977161   -11.660918
 0.826511   8.955582   -9.730331
 0.828460   8.939220   -10.199548
 0.830409   8.915824   -11.202231
 0.832359   8.895544   -8.311623
 0.834308   8.883413   -8.774542
 0.836257   8.861341   -9.782048
 0.838207   8.845276   -7.636012
 0.840156   8.831567   -8.628685
 0.842105   8.811641   -8.150027
 0.844055   8.799794   -6.003994
 0.846004   8.788231   -6.271588
 0.847953   8.775347   -5.790103
 0.849903   8.765657   -4.901117
 0.851852   8.756237   -3.892558
 0.853801   8.750484   -3.028414
 0.855750   8.744433   -2.304767
 0.857700   8.741499   -0.196572
 0.859649   8.743664   0.687716
 0.861598   8.744180   1.559959
 0.863548   8.749749   4.374089
 0.865497   8.761232   5.672152
 0.867446   8.771859   6.954912
 0.869396   8.788352   11.111499
 0.871345   8.815177   14.482444
 0.873294   8.844804   16.428532
 0.875244   8.879234   20.023990
 0.877193   8.922873   24.671545
 0.879142   8.975404   29.520229
 0.881092   9.037978   35.129421
 0.883041   9.112368   41.024479
 0.884990   9.197891   47.755987
 0.886940   9.298576   56.684566
 0.888889   9.418894   66.654121
 0.890838   9.558394   76.406237
 0.892787   9.716726   88.171496
 0.894737   9.902188   103.484494
 0.896686   10.120195   122.380726
 0.898636   10.379372   144.537039
 0.900585   10.683722   166.237706
 0.902534   11.027366   188.692011
 0.904483   11.419243   216.108364
 0.906433   11.870003   249.175891
 0.908382   12.390744   284.374933
 0.910331   12.978496   324.245619
 0.912281   13.655023   374.005576
 0.914230   14.436690   426.546820
 0.916179   15.317702   485.064827
 0.918129   16.328024   556.231231
 0.920078   17.486372   634.023911
 0.922027   18.799449   721.355099
 0.923977   20.299031   823.492563
 0.925926   22.010138   934.177385
 0.927875   23.940454   1056.169664
 0.929825   26.128275   1197.505890
 0.931774   28.609378   1349.362460
 0.933723   31.388090   1514.512335
 0.935673   34.514640   1702.161245
 0.937622   38.024619   1903.948924
 0.939571   41.936233   2128.163398
 0.941520   46.320200   2462.065795
 0.943470   51.536253   1371.664874
 0.945419   51.670927   -148.907593
 0.947368   50.955811   1074.011485
 0.949318   55.861380   2701.280448
 0.951267   61.487732   2899.446931
 0.953216   67.163424   2903.658406
 0.955166   72.809079   2848.236891
 0.957115   78.268794   2692.658942
 0.959064   83.305064   2442.384112
 0.961014   87.791366   2112.882721
 0.962963   91.543569   1675.232180
 0.964912   94.321421   1157.839176
 0.966862   96.057449   599.327851
 0.968811   96.658782   -12.889139
 0.970760   96.007207   -631.388929
 0.972710   94.196402   -1208.466491
 0.974659   91.295956   -1746.316445
 0.976608   87.389261   -2220.320498
 0.978557   82.641147   -2591.985236
 0.980507   77.282799   -2859.766749
 0.982456   71.491140   -3032.732416
 0.984406   65.458053   -3106.942812
 0.986355   59.377196   -3101.390005
 0.988304   53.368835   -3031.116021
 0.990253   47.561906   -2896.664581
 0.992203   42.074905   -2715.575092
 0.994152   36.973682   -2514.977780
 0.996101   32.271522   -2298.748060
 0.998051   28.011091   -1406.156283
 1.000000   26.787361   -627.875694
514 psinorm omgeb(kRad/s) domgeb/dpsiN
 0.000000   -18.693871   199.657627
 0.001949   -18.304738   273.378400
 0.003899   -17.627821   281.647974
 0.005848   -17.206462   199.446703
 0.007797   -16.850378   170.071022
 0.009747   -16.543380   145.572072
 0.011696   -16.282769   132.451988
 0.013645   -16.027082   125.975282
 0.015595   -15.791602   113.852150
 0.017544   -15.583159   106.526167
 0.019493   -15.376363   103.588837
 0.021442   -15.179370   99.421583
 0.023392   -14.988721   91.908950
 0.025341   -14.821005   86.906506
 0.027290   -14.649960   86.429401
 0.029240   -14.484020   83.898169
 0.031189   -14.322838   81.682230
 0.033138   -14.165622   77.133014
 0.035088   -14.022104   74.883104
 0.037037   -13.873656   75.049541
 0.038986   -13.729561   70.704998
 0.040936   -13.597983   68.768079
 0.042885   -13.461436   71.185332
 0.044834   -13.320503   66.951690
 0.046784   -13.200402   65.158124
 0.048733   -13.066458   65.516245
 0.050682   -12.945020   61.292300
 0.052632   -12.827482   64.010988
 0.054581   -12.695449   60.075880
 0.056530   -12.593306   55.865773
 0.058480   -12.477621   60.841854
 0.060429   -12.356087   58.466894
 0.062378   -12.249717   57.202796
 0.064327   -12.133110   56.861485
 0.066277   -12.028020   53.242599
 0.068226   -11.925516   53.631376
 0.070175   -11.818965   51.746980
 0.072125   -11.723760   52.427100
 0.074074   -11.614559   54.999507
 0.076023   -11.509372   48.967016
 0.077973   -11.423647   47.543914
 0.079922   -11.324006   50.000086
 0.081871   -11.228746   48.197978
 0.083821   -11.136083   49.037774
 0.085770   -11.037551   49.395726
 0.087719   -10.943539   45.470172
 0.089669   -10.860268   44.140953
 0.091618   -10.771436   46.637703
 0.093567   -10.678475   47.048225
 0.095517   -10.587996   43.715476
 0.097466   -10.508023   39.236007
 0.099415   -10.435054   42.094829
 0.101364   -10.343937   48.259296
 0.103314   -10.246888   45.586040
 0.105263   -10.166189   39.140242
 0.107213   -10.094285   36.363709
 0.109162   -10.024406   38.227683
 0.111111   -9.945273   45.237158
 0.113060   -9.848071   43.110231
 0.115010   -9.777200   35.702699
 0.116959   -9.708865   38.053930
 0.118908   -9.628866   38.440966
 0.120858   -9.558989   35.298827
 0.122807   -9.491235   37.622647
 0.124756   -9.412336   39.983150
 0.126706   -9.335341   36.901921
 0.128655   -9.268450   35.116947
 0.130604   -9.198456   37.424729
 0.132554   -9.122528   36.472306
 0.134503   -9.056245   32.723612
 0.136452   -8.994971   34.937122
 0.138402   -8.920018   35.997284
 0.140351   -8.854613   32.266093
 0.142300   -8.794245   30.565468
 0.144250   -8.735439   33.569674
 0.146199   -8.663364   33.451300
 0.148148   -8.605046   30.164912
 0.150097   -8.545781   35.920000
 0.152047   -8.464983   35.047347
 0.153996   -8.409119   29.389614
 0.155945   -8.350422   27.694860
 0.157895   -8.301141   26.713211
 0.159844   -8.246270   34.823937
 0.161793   -8.165397   33.199548
 0.163743   -8.116842   26.374854
 0.165692   -8.062565   30.602236
 0.167641   -7.997554   28.898623
 0.169591   -7.949898   27.960035
 0.171540   -7.888545   30.255202
 0.173489   -7.831963   28.499336
 0.175439   -7.777427   27.634595
 0.177388   -7.724215   25.661164
 0.179337   -7.677400   26.228228
 0.181286   -7.621978   28.045141
 0.183236   -7.568053   27.553701
 0.185185   -7.514546   27.461831
 0.187135   -7.460979   27.024399
 0.189084   -7.409177   27.201710
 0.191033   -7.354947   25.549093
 0.192983   -7.309565   22.906725
 0.194932   -7.265633   22.842250
 0.196881   -7.220526   27.117927
 0.198830   -7.159927   27.028456
 0.200780   -7.115150   20.693256
 0.202729   -7.079240   24.582539
 0.204678   -7.019327   26.716175
 0.206628   -6.975081   22.257686
 0.208577   -6.932544   22.427803
 0.210526   -6.887658   24.507011
 0.212476   -6.836988   23.858469
 0.214425   -6.794629   20.368055
 0.216374   -6.757593   22.364474
 0.218324   -6.707424   23.585295
 0.220273   -6.665630   23.403499
 0.222222   -6.616197   23.872374
 0.224171   -6.572576   18.515655
 0.226121   -6.544012   17.808630
 0.228070   -6.503146   23.317062
 0.230019   -6.453122   25.294082
 0.231969   -6.404525   19.392591
 0.233918   -6.377499   17.781063
 0.235867   -6.335215   23.202465
 0.237817   -6.287030   19.163005
 0.239766   -6.260487   19.279843
 0.241715   -6.211877   21.241414
 0.243665   -6.177674   17.182561
 0.245614   -6.144881   20.733946
 0.247563   -6.096853   20.985584
 0.249513   -6.063066   18.661979
 0.251462   -6.024093   18.862618
 0.253411   -5.989539   17.366941
 0.255361   -5.956380   18.402749
 0.257310   -5.917790   16.973041
 0.259259   -5.890219   18.795518
 0.261209   -5.844497   21.543765
 0.263158   -5.806216   16.454923
 0.265107   -5.780356   15.237494
 0.267056   -5.746820   18.574208
 0.269006   -5.707932   19.610200
 0.270955   -5.670359   16.463746
 0.272904   -5.643756   14.994386
 0.274854   -5.611894   17.703823
 0.276803   -5.574732   17.924731
 0.278752   -5.542023   14.875682
 0.280702   -5.516735   15.914026
 0.282651   -5.479980   17.717198
 0.284600   -5.447674   14.655954
 0.286550   -5.422840   17.315163
 0.288499   -5.380171   17.570247
 0.290448   -5.354351   12.876109
 0.292398   -5.329968   15.544746
 0.294347   -5.293749   15.824648
 0.296296   -5.268283   15.882125
 0.298246   -5.231819   16.916419
 0.300195   -5.202323   13.981247
 0.302144   -5.177320   14.190646
 0.304094   -5.146991   15.287113
 0.306043   -5.117715   13.630568
 0.307992   -5.093859   13.991421
 0.309941   -5.063176   15.532375
 0.311891   -5.033298   12.179535
 0.313840   -5.015682   13.619982
 0.315790   -4.980185   16.477267
 0.317739   -4.951434   13.362004
 0.319688   -4.928100   13.708869
 0.321637   -4.897996   13.728832
 0.323587   -4.874575   13.189336
 0.325536   -4.846573   13.355423
 0.327485   -4.822515   12.076346
 0.329435   -4.799488   13.046568
 0.331384   -4.771649   14.716818
 0.333333   -4.742122   13.461032
 0.335283   -4.719168   11.519777
 0.337232   -4.697206   13.120916
 0.339181   -4.668023   13.232693
 0.341131   -4.645615   11.313459
 0.343080   -4.623911   11.580729
 0.345029   -4.600474   13.190214
 0.346979   -4.572480   12.679426
 0.348928   -4.551033   11.207512
 0.350877   -4.528793   13.049666
 0.352826   -4.500166   13.029937
 0.354776   -4.477993   9.913675
 0.356725   -4.461509   9.837453
 0.358675   -4.439634   12.478465
 0.360624   -4.412858   13.822074
 0.362573   -4.385755   12.746526
 0.364522   -4.363172   9.999615
 0.366472   -4.346770   9.569932
 0.368421   -4.325861   11.106680
 0.370370   -4.303476   12.603551
 0.372320   -4.276718   10.792306
 0.374269   -4.261391   8.284109
 0.376218   -4.244426   11.179237
 0.378168   -4.217798   12.081359
 0.380117   -4.197318   12.265013
 0.382066   -4.169989   11.093180
 0.384016   -4.154072   9.274422
 0.385965   -4.133831   10.614777
 0.387914   -4.112695   8.301986
 0.389863   -4.101469   9.579184
 0.391813   -4.075338   13.214225
 0.393762   -4.049947   10.725511
 0.395711   -4.033530   8.218735
 0.397661   -4.017902   9.297621
 0.399610   -3.997281   10.603281
 0.401560   -3.976560   10.398549
 0.403509   -3.956737   9.041561
 0.405458   -3.941316   9.407519
 0.407407   -3.920067   10.693552
 0.409357   -3.899622   8.988209
 0.411306   -3.885019   7.895240
 0.413255   -3.868847   9.336664
 0.415205   -3.848613   10.178986
 0.417154   -3.829158   9.065469
 0.419103   -3.813276   9.243172
 0.421053   -3.793117   8.895627
 0.423002   -3.778589   9.000863
 0.424951   -3.758032   10.423073
 0.426901   -3.737949   8.846281
 0.428850   -3.723537   8.779105
 0.430799   -3.703728   9.080107
 0.432748   -3.688143   7.846556
 0.434698   -3.673135   8.902485
 0.436647   -3.653435   10.092113
 0.438597   -3.633786   8.714712
 0.440546   -3.619453   7.425308
 0.442495   -3.604842   7.708969
 0.444444   -3.589404   7.736142
 0.446394   -3.574679   8.608964
 0.448343   -3.555839   9.982898
 0.450292   -3.535766   7.713299
 0.452242   -3.525770   7.308584
 0.454191   -3.507274   9.848655
 0.456140   -3.487380   7.676715
 0.458090   -3.477348   7.315129
 0.460039   -3.458863   8.605787
 0.461988   -3.443802   6.365793
 0.463938   -3.434045   7.209598
 0.465887   -3.415696   9.781727
 0.467836   -3.395916   7.569236
 0.469786   -3.386189   7.176227
 0.471735   -3.367941   8.363511
 0.473684   -3.353588   7.481907
 0.475633   -3.338776   8.589634
 0.477583   -3.320095   7.274565
 0.479532   -3.310408   7.274963
 0.481482   -3.291726   8.290151
 0.483431   -3.278082   5.967724
 0.485380   -3.268463   7.321932
 0.487329   -3.249541   8.478311
 0.489279   -3.235409   7.083331
 0.491228   -3.221923   7.148786
 0.493177   -3.207543   7.247449
 0.495127   -3.193665   7.013659
 0.497076   -3.180196   7.193330
 0.499025   -3.165626   7.251585
 0.500975   -3.151923   5.744430
 0.502924   -3.143226   5.953301
 0.504873   -3.128717   8.373959
 0.506823   -3.110574   7.999172
 0.508772   -3.097526   7.009855
 0.510721   -3.083249   6.074209
 0.512671   -3.073845   5.724945
 0.514620   -3.060930   7.897529
 0.516569   -3.043060   8.183011
 0.518518   -3.029032   5.959336
 0.520468   -3.019827   4.596627
 0.522417   -3.011110   6.920932
 0.524366   -2.992849   8.124557
 0.526316   -2.979435   6.725067
 0.528265   -2.966628   5.734834
 0.530214   -2.957080   4.772813
 0.532164   -2.948019   6.683525
 0.534113   -2.931025   7.912773
 0.536062   -2.917175   6.909757
 0.538012   -2.904084   5.508173
 0.539961   -2.895696   5.629340
 0.541910   -2.882141   7.901310
 0.543860   -2.864887   6.593784
 0.545809   -2.856428   4.573977
 0.547758   -2.847058   5.686481
 0.549708   -2.834254   7.531640
 0.551657   -2.817694   6.646941
 0.553606   -2.808344   3.547088
 0.555556   -2.803866   5.327231
 0.557505   -2.787580   8.672269
 0.559454   -2.770062   5.644985
 0.561404   -2.765577   4.249316
 0.563353   -2.753498   7.528067
 0.565302   -2.736232   6.575526
 0.567252   -2.727864   4.194809
 0.569201   -2.719876   4.226580
 0.571150   -2.711389   6.516030
 0.573099   -2.694477   7.517055
 0.575049   -2.682082   4.168331
 0.576998   -2.678220   5.264577
 0.578947   -2.661561   8.458991
 0.580897   -2.645239   4.110101
 0.582846   -2.645527   2.106086
 0.584795   -2.637029   7.324443
 0.586745   -2.616963   8.101686
 0.588694   -2.605436   5.173459
 0.590643   -2.596797   4.221890
 0.592593   -2.588976   3.879778
 0.594542   -2.581670   5.051339
 0.596491   -2.569286   6.187264
 0.598441   -2.557546   5.842762
 0.600390   -2.546504   4.946088
 0.602339   -2.538266   4.077023
 0.604289   -2.530608   5.791349
 0.606238   -2.515689   6.764771
 0.608187   -2.504239   4.979391
 0.610136   -2.496280   3.951423
 0.612086   -2.488833   3.652211
 0.614035   -2.482039   3.690294
 0.615984   -2.474448   5.760055
 0.617934   -2.459577   6.551561
 0.619883   -2.448901   4.695492
 0.621832   -2.441274   3.722539
 0.623782   -2.434388   4.383179
 0.625731   -2.424186   5.494642
 0.627680   -2.412970   3.616245
 0.629630   -2.410090   3.340384
 0.631579   -2.399949   6.361562
 0.633528   -2.385293   5.410072
 0.635478   -2.378859   3.194998
 0.637427   -2.372835   4.169080
 0.639376   -2.362608   5.314777
 0.641325   -2.352118   5.259370
 0.643275   -2.342102   3.981021
 0.645224   -2.336594   3.057793
 0.647173   -2.330183   3.123381
 0.649123   -2.324416   4.796140
 0.651072   -2.311487   5.897322
 0.653021   -2.301429   2.975622
 0.654971   -2.299889   1.650864
 0.656920   -2.294994   3.720056
 0.658869   -2.285388   4.769724
 0.660819   -2.276397   4.404820
 0.662768   -2.268213   4.470915
 0.664717   -2.258969   3.632781
 0.666667   -2.254051   2.322292
 0.668616   -2.249914   3.287428
 0.670565   -2.241237   4.294762
 0.672515   -2.233169   3.032305
 0.674464   -2.229412   3.089916
 0.676413   -2.221125   3.122549
 0.678363   -2.217239   2.827401
 0.680312   -2.210102   3.833662
 0.682261   -2.202296   1.878538
 0.684211   -2.202782   2.510904
 0.686160   -2.192511   4.500763
 0.688109   -2.185238   1.644808
 0.690059   -2.186102   2.239801
 0.692008   -2.176511   4.073749
 0.693957   -2.170223   2.307028
 0.695906   -2.167518   2.170831
 0.697856   -2.161757   1.817741
 0.699805   -2.160428   0.831194
 0.701754   -2.158517   1.823749
 0.703704   -2.153316   3.447514
 0.705653   -2.145077   3.373003
 0.707602   -2.140168   1.419479
 0.709552   -2.139544   -0.811672
 0.711501   -2.143330   1.033179
 0.713450   -2.135517   2.943983
 0.715400   -2.131854   0.679351
 0.717349   -2.132866   1.559680
 0.719298   -2.125774   1.566242
 0.721248   -2.126763   -0.743836
 0.723197   -2.128674   0.104743
 0.725146   -2.126355   1.966935
 0.727096   -2.121003   1.580866
 0.729045   -2.120189   -1.453377
 0.730994   -2.126668   -0.423964
 0.732943   -2.121842   1.264285
 0.734893   -2.121741   -2.119853
 0.736842   -2.130103   -1.204465
 0.738791   -2.126436   0.678595
 0.740741   -2.127459   -0.766301
 0.742690   -2.129424   -0.875347
 0.744639   -2.130871   -1.953933
 0.746589   -2.137045   -1.462682
 0.748538   -2.136578   -0.622656
 0.750487   -2.139472   -2.710445
 0.752437   -2.147148   -3.191168
 0.754386   -2.151916   -2.392682
 0.756335   -2.156475   -1.597119
 0.758285   -2.158141   -2.060634
 0.760234   -2.164507   -3.245137
 0.762183   -2.170791   -3.452824
 0.764133   -2.177970   -4.936419
 0.766082   -2.190035   -4.306102
 0.768031   -2.194755   -3.431373
 0.769980   -2.203411   -4.736057
 0.771930   -2.213221   -4.219220
 0.773879   -2.219863   -5.545579
 0.775829   -2.234848   -7.029455
 0.777778   -2.247272   -5.480377
 0.779727   -2.256210   -5.601362
 0.781676   -2.269106   -6.000518
 0.783626   -2.279605   -6.656525
 0.785575   -2.295058   -8.864971
 0.787524   -2.314161   -8.229788
 0.789474   -2.327142   -6.037536
 0.791423   -2.337702   -7.282268
 0.793372   -2.355529   -9.557613
 0.795322   -2.374968   -9.330829
 0.797271   -2.391911   -10.644935
 0.799220   -2.416462   -11.045296
 0.801170   -2.434973   -9.871648
 0.803119   -2.454951   -10.210047
 0.805068   -2.474772   -10.542072
 0.807018   -2.496055   -11.441074
 0.808967   -2.519380   -12.849361
 0.810916   -2.546142   -13.145946
 0.812866   -2.570635   -12.068052
 0.814815   -2.593197   -13.654019
 0.816764   -2.623858   -14.865009
 0.818713   -2.651140   -14.503891
 0.820663   -2.680410   -15.455023
 0.822612   -2.711399   -14.868450
 0.824561   -2.738367   -14.263079
 0.826511   -2.767011   -16.183205
 0.828460   -2.801462   -16.706511
 0.830409   -2.832133   -17.123486
 0.832359   -2.868230   -19.981359
 0.834308   -2.910038   -17.555761
 0.836257   -2.936662   -15.979643
 0.838207   -2.972347   -19.843344
 0.840156   -3.014028   -19.396249
 0.842105   -3.047953   -19.775032
 0.844055   -3.091136   -20.724718
 0.846004   -3.128762   -19.183752
 0.847953   -3.165914   -21.035415
 0.849903   -3.210783   -22.811690
 0.851852   -3.254857   -24.400396
 0.853801   -3.305896   -26.257965
 0.855750   -3.357211   -25.769919
 0.857700   -3.406372   -26.716778
 0.859649   -3.461376   -27.045842
 0.861598   -3.511796   -26.303978
 0.863548   -3.563936   -26.318683
 0.865497   -3.614414   -25.568022
 0.867446   -3.663601   -25.704136
 0.869396   -3.714635   -25.669216
 0.871345   -3.763686   -26.658633
 0.873294   -3.818550   -26.770699
 0.875244   -3.868062   -23.924855
 0.877193   -3.911836   -23.853854
 0.879142   -3.961044   -24.775376
 0.881092   -4.008434   -24.607002
 0.883041   -4.056986   -24.417305
 0.884990   -4.103613   -21.614648
 0.886940   -4.141257   -21.330060
 0.888889   -4.186775   -23.930160
 0.890838   -4.234537   -21.665435
 0.892787   -4.271227   -19.856245
 0.894737   -4.311959   -21.027471
 0.896686   -4.353213   -21.317218
 0.898636   -4.395075   -21.753706
 0.900585   -4.438030   -21.593039
 0.902534   -4.479245   -21.407918
 0.904483   -4.521478   -20.837149
 0.906433   -4.560487   -22.324172
 0.908382   -4.608515   -23.700273
 0.910331   -4.652871   -24.010916
 0.912281   -4.702136   -28.032269
 0.914230   -4.762163   -29.523586
 0.916179   -4.817219   -30.008776
 0.918129   -4.879171   -34.825648
 0.920078   -4.952998   -39.812307
 0.922027   -5.034359   -44.309671
 0.923977   -5.125767   -50.692615
 0.925926   -5.232002   -57.725839
 0.927875   -5.350782   -64.859025
 0.929825   -5.484895   -73.727329
 0.931774   -5.638235   -83.458134
 0.933723   -5.810215   -94.402853
 0.935673   -6.006324   -106.007004
 0.937622   -6.223525   -116.862111
 0.939571   -6.461853   -127.491051
 0.941520   -6.720485   -133.456805
 0.943470   -6.982202   -142.286868
 0.945419   -7.275246   -169.513051
 0.947368   -7.642964   -203.223400
 0.949318   -8.067643   -224.470078
 0.951267   -8.518160   -235.731160
 0.953216   -8.986523   -245.886049
 0.955166   -9.476880   -254.801676
 0.957115   -9.979988   -257.968783
 0.959064   -10.482443   -257.516364
 0.961014   -10.984044   -253.461497
 0.962963   -11.470697   -240.630664
 0.964912   -11.922022   -221.426610
 0.966862   -12.334019   -197.287153
 0.968811   -12.691273   -162.858377
 0.970760   -12.968841   -120.820829
 0.972710   -13.162310   -72.246439
 0.974659   -13.250583   -14.756151
 0.976608   -13.219829   50.313270
 0.978557   -13.054462   118.851105
 0.980507   -12.756361   187.949173
 0.982456   -12.321719   257.677945
 0.984406   -11.751605   323.190046
 0.986355   -11.061662   380.549747
 0.988304   -10.268222   426.043098
 0.990253   -9.400946   455.597173
 0.992203   -8.491828   466.692847
 0.994152   -7.581312   458.816141
 0.996101   -6.703362   435.852370
 0.998051   -5.881953   302.207358
 1.000000   -5.524818   183.240051
514 psinorm ommvb() dommvb/dpsiN
 0.000000   48.984119   -457.898692
 0.001949   48.091674   -503.198638
 0.003899   47.022057   -343.855353
 0.005848   46.750573   -101.921174
 0.007797   46.624768   -52.145727
 0.009747   46.547282   -37.870724
 0.011696   46.477106   -25.798468
 0.013645   46.446719   -16.696094
 0.015595   46.412006   -18.535981
 0.017544   46.374449   -14.952377
 0.019493   46.353722   -15.589918
 0.021442   46.313679   -17.438220
 0.023392   46.285736   -19.195992
 0.025341   46.238844   -25.259247
 0.027290   46.187276   -21.505569
 0.029240   46.155004   -15.512999
 0.031189   46.126788   -21.864827
 0.033138   46.069774   -30.151884
 0.035088   46.009224   -25.487922
 0.037037   45.970386   -24.832898
 0.038986   45.912426   -31.356281
 0.040936   45.848125   -27.986000
 0.042885   45.803298   -25.581263
 0.044834   45.748409   -32.465617
 0.046784   45.676706   -29.750304
 0.048733   45.632398   -32.867348
 0.050682   45.548589   -40.235995
 0.052632   45.475524   -27.842974
 0.054581   45.440010   -35.693756
 0.056530   45.336389   -46.234904
 0.058480   45.259754   -31.634996
 0.060429   45.213029   -32.854096
 0.062378   45.131689   -40.873030
 0.064327   45.053706   -39.479664
 0.066277   44.977759   -39.617629
 0.068226   44.899238   -43.603049
 0.070175   44.807794   -46.584871
 0.072125   44.717605   -39.557878
 0.074074   44.653545   -38.678321
 0.076023   44.566837   -49.427498
 0.077973   44.460817   -44.839274
 0.079922   44.391989   -43.484602
 0.081871   44.291314   -49.727788
 0.083821   44.198104   -43.135828
 0.085770   44.123118   -44.412251
 0.087719   44.024985   -50.154869
 0.089669   43.927565   -48.044274
 0.091618   43.837657   -47.451119
 0.093567   43.742600   -46.802190
 0.095517   43.655179   -46.978586
 0.097466   43.559435   -55.327510
 0.099415   43.439513   -56.509542
 0.101364   43.339161   -44.872268
 0.103314   43.264569   -44.885773
 0.105263   43.164164   -55.884021
 0.107213   43.046668   -58.008706
 0.109162   42.937984   -52.770302
 0.111111   42.840970   -47.468622
 0.113060   42.752951   -51.832860
 0.115010   42.638860   -56.164928
 0.116959   42.533960   -55.569312
 0.118908   42.422251   -57.377964
 0.120858   42.310243   -55.272286
 0.122807   42.206740   -54.685715
 0.124756   42.097078   -54.243278
 0.126706   41.995249   -52.123033
 0.128655   41.893850   -58.006367
 0.130604   41.769140   -57.623908
 0.132554   41.669187   -51.266449
 0.134503   41.569253   -61.689417
 0.136452   41.428722   -61.149520
 0.138402   41.330853   -50.197626
 0.140351   41.233001   -60.543780
 0.142300   41.094853   -66.741989
 0.144250   40.972782   -53.958116
 0.146199   40.884453   -55.706437
 0.148148   40.755639   -65.788359
 0.150097   40.628010   -54.898624
 0.152047   40.541610   -53.022295
 0.153996   40.421293   -63.164598
 0.155945   40.295395   -66.611248
 0.157895   40.161572   -64.661849
 0.159844   40.043270   -54.096357
 0.161793   39.950705   -57.432080
 0.163743   39.819323   -63.910211
 0.165692   39.701512   -59.754858
 0.167641   39.586398   -62.918985
 0.169591   39.456183   -61.234826
 0.171540   39.347632   -61.243392
 0.173489   39.217456   -62.239747
 0.175439   39.104969   -58.221809
 0.177388   38.990450   -64.506084
 0.179337   38.853524   -67.882138
 0.181286   38.725846   -63.585033
 0.183236   38.605610   -61.448312
 0.185185   38.486258   -61.342544
 0.187135   38.366435   -59.430189
 0.189084   38.254536   -60.734358
 0.191033   38.129693   -66.221107
 0.192983   37.996336   -66.586544
 0.194932   37.870068   -64.317218
 0.196881   37.745627   -61.894875
 0.198830   37.628802   -63.650555
 0.200780   37.497446   -67.492417
 0.202729   37.365649   -63.389524
 0.204678   37.250354   -63.083851
 0.206628   37.119677   -65.078025
 0.208577   36.996611   -66.308038
 0.210526   36.861209   -64.198965
 0.212476   36.746309   -60.745360
 0.214425   36.624366   -69.607248
 0.216374   36.474980   -67.349362
 0.218324   36.361790   -60.191556
 0.220273   36.240298   -61.827885
 0.222222   36.120784   -64.707082
 0.224171   35.988070   -72.149368
 0.226121   35.839466   -68.652484
 0.228070   35.720379   -62.628170
 0.230019   35.595341   -62.417289
 0.231969   35.477017   -66.191066
 0.233918   35.337273   -69.387877
 0.235867   35.206543   -63.384114
 0.237817   35.090146   -65.574287
 0.239766   34.950881   -67.023548
 0.241715   34.828888   -66.499312
 0.243665   34.691592   -68.759971
 0.245614   34.560790   -64.455053
 0.247563   34.440346   -63.862533
 0.249513   34.311786   -64.396273
 0.251462   34.189262   -67.718821
 0.253411   34.047818   -70.884975
 0.255361   33.912885   -65.586074
 0.257310   33.792090   -68.732722
 0.259259   33.644965   -66.585147
 0.261209   33.532493   -59.598144
 0.263158   33.412595   -66.272091
 0.265107   33.274164   -71.016878
 0.267056   33.135772   -67.934294
 0.269006   33.009294   -62.741263
 0.270955   32.891139   -69.011392
 0.272904   32.740288   -70.166580
 0.274854   32.617574   -61.598663
 0.276803   32.500112   -66.927616
 0.278752   32.356690   -71.583451
 0.280702   32.221012   -64.766010
 0.282651   32.104158   -64.347014
 0.284600   31.970188   -70.640788
 0.286550   31.828726   -64.471848
 0.288499   31.718796   -63.890600
 0.290448   31.579680   -71.538262
 0.292398   31.439868   -65.403274
 0.294347   31.324660   -66.926353
 0.296296   31.178989   -67.925913
 0.298246   31.059831   -61.046373
 0.300195   30.940969   -69.302436
 0.302144   30.789690   -70.885876
 0.304094   30.664598   -62.592220
 0.306043   30.545640   -67.321855
 0.307992   30.402178   -69.978477
 0.309941   30.272864   -64.687434
 0.311891   30.149965   -69.598657
 0.313840   30.001512   -68.004053
 0.315790   29.884833   -61.620328
 0.317739   29.761258   -66.185514
 0.319688   29.626842   -66.894918
 0.321637   29.500501   -68.685407
 0.323587   29.359030   -67.346282
 0.325536   29.237908   -66.561053
 0.327485   29.099575   -69.493862
 0.329435   28.966954   -63.010002
 0.331384   28.853889   -62.772251
 0.333333   28.722268   -69.287893
 0.335283   28.583732   -67.826202
 0.337232   28.457807   -65.594782
 0.339181   28.328044   -66.371777
 0.341131   28.199024   -64.914908
 0.343080   28.074938   -68.319058
 0.345029   27.932716   -68.081772
 0.346979   27.809497   -62.977232
 0.348928   27.687167   -64.285464
 0.350877   27.558912   -65.598820
 0.352826   27.431463   -67.146355
 0.354776   27.297105   -70.050174
 0.356725   27.158340   -67.935436
 0.358675   27.032231   -62.048504
 0.360624   26.916408   -60.304547
 0.362573   26.797164   -65.707723
 0.364522   26.660279   -70.461113
 0.366472   26.522436   -65.963054
 0.368421   26.403079   -65.484560
 0.370370   26.267177   -65.038401
 0.372320   26.149504   -63.435034
 0.374269   26.019850   -69.456533
 0.376218   25.878763   -66.098941
 0.378168   25.762143   -61.584737
 0.380117   25.638647   -62.945559
 0.382066   25.516781   -65.322919
 0.384016   25.383948   -65.548722
 0.385965   25.261201   -64.043702
 0.387914   25.134305   -69.008251
 0.389863   24.992207   -65.829088
 0.391813   24.877652   -59.161342
 0.393762   24.761538   -64.581149
 0.395711   24.625914   -68.267442
 0.397661   24.495366   -65.361524
 0.399610   24.371067   -63.863414
 0.401560   24.246362   -62.506934
 0.403509   24.127349   -63.465567
 0.405458   23.998973   -65.872530
 0.407407   23.870578   -64.368376
 0.409357   23.748004   -62.946988
 0.411306   23.625148   -65.454489
 0.413255   23.492863   -65.138805
 0.415205   23.371177   -62.605789
 0.417154   23.248763   -64.894142
 0.419103   23.118220   -62.791535
 0.421053   23.003947   -61.936880
 0.423002   22.876735   -64.391853
 0.424951   22.752948   -62.421359
 0.426901   22.633356   -63.079482
 0.428850   22.507004   -62.771594
 0.430799   22.388672   -62.977853
 0.432748   22.261517   -64.237287
 0.434698   22.138213   -63.325120
 0.436647   22.014612   -61.734527
 0.438597   21.897514   -60.309729
 0.440546   21.779465   -62.797106
 0.442495   21.652731   -64.588094
 0.444444   21.527701   -64.564967
 0.446394   21.400991   -61.080664
 0.448343   21.289539   -59.175170
 0.450292   21.170326   -65.588912
 0.452242   21.033799   -63.203775
 0.454191   20.923881   -58.307358
 0.456140   20.806517   -63.498715
 0.458090   20.676293   -61.330975
 0.460039   20.567377   -60.574985
 0.461988   20.440172   -65.355601
 0.463938   20.312555   -60.454585
 0.465887   20.204449   -59.102094
 0.467836   20.082175   -63.827764
 0.469786   19.955583   -59.978840
 0.471735   19.848308   -58.626704
 0.473684   19.727056   -63.148601
 0.475633   19.602155   -60.080885
 0.477583   19.492808   -60.077341
 0.479532   19.367921   -61.674456
 0.481482   19.252344   -59.381260
 0.483431   19.136394   -61.555663
 0.485380   19.012400   -60.244777
 0.487329   18.901560   -58.873763
 0.489279   18.782848   -59.921146
 0.491228   18.667925   -60.317012
 0.493177   18.547732   -60.865450
 0.495127   18.430612   -59.264686
 0.497076   18.316657   -60.224678
 0.499025   18.195857   -60.566070
 0.500975   18.080513   -59.349675
 0.502924   17.964453   -60.495766
 0.504873   17.844701   -59.154043
 0.506823   17.733816   -56.845020
 0.508772   17.623062   -58.708797
 0.510721   17.504969   -60.706662
 0.512671   17.386366   -58.643492
 0.514620   17.276313   -56.102329
 0.516569   17.167679   -57.646852
 0.518518   17.051606   -59.684553
 0.520468   16.934969   -60.605986
 0.522417   16.815305   -59.130337
 0.524366   16.704479   -57.017242
 0.526316   16.592994   -56.326523
 0.528265   16.484860   -57.907132
 0.530214   16.367272   -61.088873
 0.532164   16.246673   -57.369654
 0.534113   16.143579   -55.487167
 0.536062   16.030384   -57.022385
 0.538012   15.921251   -57.614385
 0.539961   15.805749   -58.293255
 0.541910   15.694024   -55.321732
 0.543860   15.590054   -56.309090
 0.545809   15.474481   -59.112530
 0.547758   15.359633   -56.833766
 0.549708   15.252890   -53.051788
 0.551657   15.152781   -56.337319
 0.553606   15.033287   -61.348413
 0.555556   14.913583   -56.023310
 0.557505   14.814841   -52.223244
 0.559454   14.710017   -57.356123
 0.561404   14.591203   -56.673021
 0.563353   14.489040   -52.702929
 0.565302   14.385767   -55.510935
 0.567252   14.272598   -57.475026
 0.569201   14.161671   -57.548019
 0.571150   14.048276   -55.150051
 0.573099   13.946696   -52.352796
 0.575049   13.844152   -55.542135
 0.576998   13.730143   -54.919601
 0.578947   13.630075   -50.750667
 0.580897   13.532267   -56.350149
 0.582846   13.410378   -60.200029
 0.584795   13.297607   -51.247116
 0.586745   13.210579   -48.742829
 0.588694   13.107567   -55.325445
 0.590643   12.994921   -56.668633
 0.592593   12.886619   -54.886420
 0.594542   12.780917   -53.220069
 0.596491   12.679167   -52.677927
 0.598441   12.575525   -50.951624
 0.600390   12.480502   -52.466606
 0.602339   12.371010   -55.524623
 0.604289   12.264013   -50.632878
 0.606238   12.173584   -49.315598
 0.608187   12.071781   -53.781245
 0.610136   11.963945   -54.659884
 0.612086   11.858663   -53.183547
 0.614035   11.756580   -53.289520
 0.615984   11.650940   -50.214926
 0.617934   11.560800   -48.126672
 0.619883   11.463298   -52.142358
 0.621832   11.357550   -53.212011
 0.623782   11.255827   -50.620632
 0.625731   11.160177   -48.748910
 0.627680   11.065804   -52.481715
 0.629630   10.955542   -52.665029
 0.631579   10.860455   -47.086819
 0.633528   10.771998   -48.101738
 0.635478   10.672901   -50.469329
 0.637427   10.575217   -49.403652
 0.639376   10.480325   -47.653731
 0.641325   10.389463   -47.345293
 0.643275   10.295725   -49.677709
 0.645224   10.195773   -50.914419
 0.647173   10.097260   -49.797881
 0.649123   10.001612   -45.259482
 0.651072   9.920786   -44.668927
 0.653021   9.827493   -50.252324
 0.654971   9.724847   -49.837545
 0.656920   9.633171   -46.962170
 0.658869   9.541789   -46.165041
 0.660819   9.453175   -43.291464
 0.662768   9.372991   -43.490910
 0.664717   9.283647   -47.623193
 0.666667   9.187305   -47.258166
 0.668616   9.099383   -44.804394
 0.670565   9.012657   -43.807615
 0.672515   8.928579   -43.642217
 0.674464   8.842497   -43.838938
 0.676413   8.757695   -43.808228
 0.678363   8.671688   -42.704915
 0.680312   8.591185   -41.720460
 0.682261   8.509062   -44.725859
 0.684211   8.416794   -42.508838
 0.686160   8.343310   -37.967036
 0.688109   8.268798   -42.300531
 0.690059   8.178372   -41.212239
 0.692008   8.108102   -37.365215
 0.693957   8.032723   -39.860271
 0.695906   7.952726   -39.240264
 0.697856   7.879729   -39.110427
 0.699805   7.800238   -39.878766
 0.701754   7.724281   -37.583187
 0.703704   7.653704   -34.457048
 0.705653   7.589930   -33.855302
 0.707602   7.521736   -35.555276
 0.709552   7.451299   -37.790329
 0.711501   7.374395   -35.271275
 0.713450   7.313811   -31.613509
 0.715400   7.251133   -32.422173
 0.717349   7.187398   -30.858028
 0.719298   7.130848   -31.842413
 0.721248   7.063238   -32.500741
 0.723197   7.004123   -29.484812
 0.725146   6.948307   -26.918003
 0.727096   6.899174   -25.441895
 0.729045   6.849109   -29.016980
 0.730994   6.786065   -27.977736
 0.732943   6.740052   -23.431743
 0.734893   6.694705   -25.769667
 0.736842   6.639581   -24.393999
 0.738791   6.599618   -20.561975
 0.740741   6.559410   -19.733898
 0.742690   6.522673   -18.934151
 0.744639   6.485604   -20.322045
 0.746589   6.443435   -17.573445
 0.748538   6.417078   -14.367883
 0.750487   6.387429   -16.542905
 0.752437   6.352574   -14.772710
 0.754386   6.329824   -11.396187
 0.756335   6.308152   -9.247617
 0.758285   6.293771   -7.456680
 0.760234   6.279078   -7.080454
 0.762183   6.266172   -6.936638
 0.764133   6.252032   -7.162231
 0.766082   6.238246   -2.090120
 0.768031   6.243884   1.330654
 0.769980   6.243433   -0.395515
 0.771930   6.242342   2.579796
 0.773879   6.253485   4.694351
 0.775829   6.260643   4.708392
 0.777778   6.271841   8.704466
 0.779727   6.294573   11.293519
 0.781676   6.315863   13.329280
 0.783626   6.346549   16.079996
 0.785575   6.378559   14.639069
 0.787524   6.403612   17.659085
 0.789474   6.447421   26.112490
 0.791423   6.505417   27.036300
 0.793372   6.552808   24.756767
 0.795322   6.601945   28.887283
 0.797271   6.665433   30.174379
 0.799220   6.719565   32.558927
 0.801170   6.792389   40.259948
 0.803119   6.876532   42.494298
 0.805068   6.958032   43.528128
 0.807018   7.046252   47.513497
 0.808967   7.143283   49.312384
 0.810916   7.238472   52.467809
 0.812866   7.347862   58.275465
 0.814815   7.465683   58.394719
 0.816764   7.575485   60.658144
 0.818713   7.702129   67.286647
 0.820663   7.837840   70.446085
 0.822612   7.976796   73.939774
 0.824561   8.126057   78.567357
 0.826511   8.283134   81.979507
 0.828460   8.445692   85.218754
 0.830409   8.615317   86.961569
 0.832359   8.784755   89.304645
 0.834308   8.963511   98.364049
 0.836257   9.168178   104.072750
 0.838207   9.369289   103.504788
 0.840156   9.571743   107.618977
 0.842105   9.788788   111.528273
 0.844055   10.006592   116.857712
 0.846004   10.244405   123.532217
 0.847953   10.488121   127.872538
 0.849903   10.742986   141.942272
 0.851852   11.041531   158.199077
 0.853801   11.359646   163.921682
 0.855750   11.680498   168.441297
 0.857700   12.016406   174.002070
 0.859649   12.358928   177.223107
 0.861598   12.707222   181.786146
 0.863548   13.067719   189.989081
 0.865497   13.447979   194.293335
 0.867446   13.825074   196.287905
 0.869396   14.213311   204.914115
 0.871345   14.624023   207.822352
 0.873294   15.023403   210.145928
 0.875244   15.443392   221.436579
 0.877193   15.886772   225.915388
 0.879142   16.324010   228.384141
 0.881092   16.777250   235.435672
 0.883041   17.241968   239.384596
 0.884990   17.710371   248.059507
 0.886940   18.209167   256.727096
 0.888889   18.711348   258.073330
 0.890838   19.215137   264.876576
 0.892787   19.743837   273.696098
 0.894737   20.282283   280.484946
 0.896686   20.837439   290.381711
 0.898636   21.414492   302.271812
 0.900585   22.015984   311.603717
 0.902534   22.629124   316.363277
 0.904483   23.249168   326.418137
 0.906433   23.901845   338.533410
 0.908382   24.569102   345.069680
 0.910331   25.246926   354.222360
 0.912281   25.950228   365.832899
 0.914230   26.673298   375.891974
 0.916179   27.415455   388.792206
 0.918129   28.189215   403.191774
 0.920078   28.987487   412.023917
 0.922027   29.795284   423.778826
 0.923977   30.639819   441.939989
 0.925926   31.518391   453.087320
 0.927875   32.405954   464.565777
 0.929825   33.329751   484.596019
 0.931774   34.295372   497.105504
 0.933723   35.267468   507.075901
 0.935673   36.272478   527.821686
 0.937622   37.325420   545.064010
 0.939571   38.397137   554.235327
 0.941520   39.485830   574.560278
 0.943470   40.637380   598.665249
 0.945419   41.820009   592.073539
 0.947368   42.945282   576.182977
 0.949318   44.066544   580.975487
 0.951267   45.210494   580.464994
 0.953216   46.329197   575.692235
 0.955166   47.455121   578.365312
 0.957115   48.584241   567.902039
 0.959064   49.668803   552.975451
 0.961014   50.740285   545.207326
 0.962963   51.794575   524.304568
 0.964912   52.784025   499.356547
 0.966862   53.741550   482.624243
 0.968811   54.665793   452.480556
 0.970760   55.505319   417.712845
 0.972710   56.294430   393.439674
 0.974659   57.039363   360.861981
 0.976608   57.701070   317.609773
 0.978557   58.277406   279.494142
 0.980507   58.790785   241.289959
 0.982456   59.218239   194.550968
 0.984406   59.549290   147.109650
 0.986355   59.791865   87.382319
 0.988304   59.889906   6.315258
 0.990253   59.816482   -77.192246
 0.992203   59.588854   -164.532698
 0.994152   59.175064   -279.636892
 0.996101   58.498830   -401.920139
 0.998051   57.607868   250.118080
 1.000000   59.472626   956.777104
514 psinorm omevb() domevb/dpsiN
 0.000000   -36.935802   -10.919239
 0.001949   -36.957084   25.708018
 0.003899   -36.835493   70.483848
 0.005848   -36.682284   84.058379
 0.007797   -36.507834   89.767195
 0.009747   -36.332281   84.387869
 0.011696   -36.178794   82.327198
 0.013645   -36.011369   86.479543
 0.015595   -35.841609   80.905229
 0.017544   -35.695908   76.109732
 0.019493   -35.544934   78.503178
 0.021442   -35.389902   79.831934
 0.023392   -35.233668   74.177648
 0.025341   -35.100672   71.009565
 0.027290   -34.956873   72.356981
 0.029240   -34.818555   71.098040
 0.031189   -34.679662   72.197776
 0.033138   -34.537128   68.931969
 0.035088   -34.410905   67.388227
 0.037037   -34.274386   69.386478
 0.038986   -34.140436   65.099200
 0.040936   -34.020572   63.842966
 0.042885   -33.891517   68.501247
 0.044834   -33.753554   64.066885
 0.046784   -33.641734   62.926550
 0.048733   -33.508214   65.530895
 0.050682   -33.386295   61.361152
 0.052632   -33.268970   64.459555
 0.054581   -33.134975   60.081639
 0.056530   -33.034771   56.857468
 0.058480   -32.913277   63.422261
 0.060429   -32.787490   60.414320
 0.062378   -32.677782   60.596720
 0.064327   -32.551284   60.299918
 0.066277   -32.442682   55.554284
 0.068226   -32.334678   58.172487
 0.070175   -32.215926   56.353107
 0.072125   -32.114966   56.835573
 0.074074   -31.994334   61.380233
 0.076023   -31.875706   54.204447
 0.077973   -31.783004   51.637234
 0.079922   -31.674381   55.793207
 0.081871   -31.565522   54.729966
 0.083821   -31.460991   55.889615
 0.085770   -31.347613   57.273281
 0.087719   -31.237740   51.685148
 0.089669   -31.146102   50.134783
 0.091618   -31.042270   54.598979
 0.093567   -30.933275   54.805617
 0.095517   -30.828585   50.322207
 0.097466   -30.737062   45.873964
 0.099415   -30.649769   51.651778
 0.101364   -30.535724   59.038143
 0.103314   -30.419578   54.220590
 0.105263   -30.324307   47.120556
 0.107213   -30.235858   43.904109
 0.109162   -30.153122   45.277443
 0.111111   -30.059367   56.390897
 0.113060   -29.933310   54.821435
 0.115010   -29.845638   43.338572
 0.116959   -29.764330   47.629522
 0.118908   -29.659978   49.022589
 0.120858   -29.573200   43.261196
 0.122807   -29.491300   47.523090
 0.124756   -29.387955   51.812872
 0.126706   -29.289284   46.380455
 0.128655   -29.207109   45.340831
 0.130604   -29.112546   49.316876
 0.132554   -29.014821   46.271485
 0.134503   -28.932125   43.524835
 0.136452   -28.845161   47.146384
 0.138402   -28.748297   45.855835
 0.140351   -28.666361   43.126249
 0.142300   -28.580191   41.911934
 0.144250   -28.502951   43.478520
 0.146199   -28.410676   44.570894
 0.148148   -28.329214   42.087445
 0.150097   -28.246619   49.019986
 0.152047   -28.138072   47.397615
 0.153996   -28.061799   40.647329
 0.155945   -27.979629   38.759785
 0.157895   -27.910681   37.008691
 0.159844   -27.835335   48.220801
 0.161793   -27.722717   46.679141
 0.163743   -27.653355   37.236149
 0.165692   -27.577536   43.134672
 0.167641   -27.485216   40.994824
 0.169591   -27.417710   39.786515
 0.171540   -27.330099   44.269039
 0.173489   -27.245149   41.156394
 0.175439   -27.169635   38.599066
 0.177388   -27.094651   37.567805
 0.179337   -27.023196   39.849410
 0.181286   -26.939318   41.929991
 0.183236   -26.859713   40.734374
 0.185185   -26.780495   40.657655
 0.187135   -26.701189   39.511588
 0.189084   -26.626437   40.434334
 0.191033   -26.543576   39.508539
 0.192983   -26.472399   35.440050
 0.194932   -26.405393   34.239311
 0.196881   -26.338934   41.118363
 0.198830   -26.245113   42.213303
 0.200780   -26.174356   32.131684
 0.202729   -26.119824   38.162310
 0.204678   -26.025600   42.445539
 0.206628   -25.954340   35.147582
 0.208577   -25.888557   35.807928
 0.210526   -25.814761   38.611492
 0.212476   -25.738009   36.792404
 0.214425   -25.671302   34.294169
 0.216374   -25.604330   36.761857
 0.218324   -25.527963   36.561172
 0.220273   -25.461773   37.799417
 0.222222   -25.380621   39.473435
 0.224171   -25.307905   31.821132
 0.226121   -25.256561   29.937317
 0.228070   -25.191187   38.482113
 0.230019   -25.106558   42.331131
 0.231969   -25.026140   32.475634
 0.233918   -24.979918   30.440952
 0.235867   -24.907481   39.371747
 0.237817   -24.826403   32.784862
 0.239766   -24.779636   33.121220
 0.241715   -24.697297   36.958329
 0.243665   -24.635546   30.836327
 0.245614   -24.577064   36.259580
 0.247563   -24.494206   35.603182
 0.249513   -24.438261   32.098020
 0.251462   -24.369062   34.681157
 0.253411   -24.303074   32.259532
 0.255361   -24.243286   32.771878
 0.257310   -24.175301   31.445934
 0.259259   -24.120709   33.961795
 0.261209   -24.042872   37.583948
 0.263158   -23.974165   30.253741
 0.265107   -23.924943   29.068990
 0.267056   -23.860854   34.924171
 0.269006   -23.788769   35.694385
 0.270955   -23.721679   32.147916
 0.272904   -23.663457   29.127809
 0.274854   -23.608111   31.305703
 0.276803   -23.541402   34.766180
 0.278752   -23.472593   30.425034
 0.280702   -23.422784   30.044685
 0.282651   -23.355458   33.466202
 0.284600   -23.292333   29.735137
 0.286550   -23.239526   33.485210
 0.288499   -23.161787   33.607362
 0.290448   -23.108524   27.107232
 0.292398   -23.056096   30.382393
 0.294347   -22.990070   31.882875
 0.296296   -22.931817   32.878670
 0.298246   -22.861870   32.039745
 0.300195   -22.806886   29.815666
 0.302144   -22.745649   30.737779
 0.304094   -22.687041   29.322667
 0.306043   -22.631318   29.283703
 0.307992   -22.572893   30.817078
 0.309941   -22.511193   30.753546
 0.311891   -22.452987   27.203222
 0.313840   -22.405123   30.005098
 0.315790   -22.335986   32.802330
 0.317739   -22.277221   28.597788
 0.319688   -22.224512   29.475051
 0.321637   -22.162327   30.601557
 0.323587   -22.105199   29.794913
 0.325536   -22.046158   29.570775
 0.327485   -21.989932   27.874811
 0.329435   -21.937476   27.468055
 0.331384   -21.882835   30.949341
 0.333333   -21.816835   31.493872
 0.335283   -21.760045   26.837681
 0.337232   -21.712191   29.139515
 0.339181   -21.646459   30.435754
 0.341131   -21.593528   26.039843
 0.343080   -21.544928   27.866595
 0.345029   -21.484904   31.267416
 0.346979   -21.423015   28.294712
 0.348928   -21.374576   25.738428
 0.350877   -21.322687   30.055020
 0.352826   -21.257422   31.135446
 0.354776   -21.201295   26.253219
 0.356725   -21.155055   25.089212
 0.358675   -21.103469   28.378710
 0.360624   -21.044411   30.832240
 0.362573   -20.983285   30.651552
 0.364522   -20.924931   27.061004
 0.366472   -20.877780   24.421341
 0.368421   -20.829713   27.499082
 0.370370   -20.770588   31.005967
 0.372320   -20.708819   26.519148
 0.374269   -20.667180   23.380587
 0.376218   -20.617681   28.511972
 0.378168   -20.556006   29.148219
 0.380117   -20.504028   29.787043
 0.382066   -20.439896   28.217302
 0.384016   -20.394018   25.278394
 0.385965   -20.341339   27.714895
 0.387914   -20.285985   24.378063
 0.389863   -20.246313   25.636575
 0.391813   -20.186018   31.157489
 0.393762   -20.124830   28.535575
 0.395711   -20.074786   24.546096
 0.397661   -20.029127   25.788237
 0.399610   -19.974242   28.174959
 0.401560   -19.919273   27.538436
 0.403509   -19.866869   25.129938
 0.405458   -19.821317   26.597716
 0.407407   -19.763191   28.954197
 0.409357   -19.708426   24.851098
 0.411306   -19.666290   23.610386
 0.413255   -19.616393   26.777857
 0.415205   -19.561881   28.175885
 0.417154   -19.506535   26.695252
 0.419103   -19.457822   25.642285
 0.421053   -19.406555   25.021531
 0.423002   -19.360261   26.632560
 0.424951   -19.302741   28.951700
 0.426901   -19.247379   26.048043
 0.428850   -19.201175   25.755526
 0.430799   -19.146984   26.338428
 0.432748   -19.098508   24.279872
 0.434698   -19.052318   26.775312
 0.436647   -18.994117   28.796142
 0.438597   -18.940044   24.891906
 0.440546   -18.897058   23.370221
 0.442495   -18.848947   24.751787
 0.444444   -18.800576   25.470544
 0.446394   -18.749636   26.078456
 0.448343   -18.698896   27.417208
 0.450292   -18.642764   26.033439
 0.452242   -18.597397   24.551271
 0.454191   -18.547041   27.523660
 0.456140   -18.490109   25.199789
 0.458090   -18.448795   23.520219
 0.460039   -18.398409   26.284161
 0.461988   -18.346340   23.659877
 0.463938   -18.306165   23.422057
 0.465887   -18.255023   28.726874
 0.467836   -18.194188   25.905053
 0.469786   -18.154029   23.394889
 0.471735   -18.102977   25.626032
 0.473684   -18.054139   25.811895
 0.475633   -18.002362   26.912907
 0.477583   -17.949205   23.925769
 0.479532   -17.909069   24.939697
 0.481482   -17.851956   26.344629
 0.483431   -17.806345   22.210887
 0.485380   -17.765378   24.850019
 0.487329   -17.709480   26.793517
 0.489279   -17.660914   24.337432
 0.491228   -17.614587   25.054858
 0.493177   -17.563250   25.555220
 0.495127   -17.514949   24.031818
 0.497076   -17.469549   24.861063
 0.499025   -17.418040   25.551575
 0.500975   -17.369925   21.747563
 0.502924   -17.333241   22.596109
 0.504873   -17.281845   27.901936
 0.506823   -17.224448   26.251384
 0.508772   -17.179485   24.659868
 0.510721   -17.128324   23.348149
 0.512671   -17.088456   21.710793
 0.514620   -17.043676   25.899400
 0.516569   -16.987500   27.462255
 0.518518   -16.936628   23.449309
 0.520468   -16.896077   20.572459
 0.522417   -16.856416   25.307346
 0.524366   -16.797429   27.601432
 0.526316   -16.748803   23.923794
 0.528265   -16.704148   22.344918
 0.530214   -16.661702   21.764338
 0.532164   -16.619289   24.397594
 0.534113   -16.566581   26.727080
 0.536062   -16.515107   25.341616
 0.538012   -16.467777   22.442453
 0.539961   -16.427600   22.964788
 0.541910   -16.378260   26.834244
 0.543860   -16.322970   24.729743
 0.545809   -16.281831   21.134453
 0.547758   -16.240588   22.619829
 0.549708   -16.193634   25.633159
 0.551657   -16.140647   25.151607
 0.553606   -16.095593   20.466264
 0.555556   -16.060855   22.187052
 0.557505   -16.009094   27.891751
 0.559454   -15.952133   23.521385
 0.561404   -15.917396   20.110033
 0.563353   -15.873728   25.959135
 0.565302   -15.816207   25.617102
 0.567252   -15.773855   21.005435
 0.569201   -15.734305   21.032537
 0.571150   -15.691870   25.286674
 0.573099   -15.635738   26.277056
 0.575049   -15.589421   19.971808
 0.576998   -15.557860   22.408127
 0.578947   -15.502074   28.136983
 0.580897   -15.448155   20.849145
 0.582846   -15.420770   18.253401
 0.584795   -15.377003   25.987944
 0.586745   -15.319436   26.713649
 0.588694   -15.272841   23.208508
 0.590643   -15.228969   21.884629
 0.592593   -15.187514   20.304351
 0.594542   -15.149800   21.853234
 0.596491   -15.102330   24.752459
 0.598441   -15.053290   23.405842
 0.600390   -15.011068   22.154417
 0.602339   -14.966932   21.644340
 0.604289   -14.926678   22.841891
 0.606238   -14.877876   24.980069
 0.608187   -14.829306   23.448285
 0.610136   -14.786474   21.220978
 0.612086   -14.746567   19.918600
 0.614035   -14.708810   20.551461
 0.615984   -14.666457   23.908183
 0.617934   -14.615588   24.413765
 0.619883   -14.571265   22.439805
 0.621832   -14.528118   21.327654
 0.623782   -14.488110   21.242107
 0.625731   -14.445296   22.722717
 0.627680   -14.399537   20.707630
 0.629630   -14.364563   20.360854
 0.631579   -14.320155   24.897497
 0.633528   -14.267512   23.140482
 0.635478   -14.229938   19.000385
 0.637427   -14.193429   21.103232
 0.639376   -14.147677   23.201352
 0.641325   -14.102990   23.106023
 0.643275   -14.057586   21.534250
 0.645224   -14.019025   20.272511
 0.647173   -13.978564   19.755194
 0.649123   -13.942001   21.126004
 0.651072   -13.896199   23.942848
 0.653021   -13.848672   20.670781
 0.654971   -13.815611   17.218817
 0.656920   -13.781536   20.540669
 0.658869   -13.735543   23.057198
 0.660819   -13.691638   20.803401
 0.662768   -13.654427   21.204834
 0.664717   -13.608981   21.825884
 0.666667   -13.569331   18.409388
 0.668616   -13.537199   19.706987
 0.670565   -13.492513   22.613833
 0.672515   -13.449028   19.252126
 0.674464   -13.417443   19.414821
 0.676413   -13.373349   20.003865
 0.678363   -13.339453   18.498026
 0.680312   -13.301228   21.180141
 0.682261   -13.256893   18.883197
 0.684211   -13.227610   18.966157
 0.686160   -13.182952   21.748042
 0.688109   -13.142836   17.654649
 0.690059   -13.114122   18.364162
 0.692008   -13.071241   21.059093
 0.693957   -13.032034   18.877321
 0.695906   -12.997658   18.690565
 0.697856   -12.959157   18.022868
 0.699805   -12.927383   16.711447
 0.701754   -12.894016   18.229093
 0.703704   -12.856306   20.180049
 0.705653   -12.815336   20.653382
 0.707602   -12.775799   17.713641
 0.709552   -12.746276   13.197897
 0.711501   -12.724336   17.084943
 0.713450   -12.679678   20.619903
 0.715400   -12.643944   15.660550
 0.717349   -12.618613   17.482012
 0.719298   -12.575799   18.659331
 0.721248   -12.545867   13.889216
 0.723197   -12.521642   15.265219
 0.725146   -12.486363   19.132200
 0.727096   -12.447043   17.564151
 0.729045   -12.417875   12.787436
 0.730994   -12.397198   15.746775
 0.732943   -12.356494   18.241292
 0.734893   -12.326081   11.757673
 0.736842   -12.310643   13.809957
 0.738791   -12.272249   17.503000
 0.740741   -12.242403   14.028339
 0.742690   -12.217550   13.997599
 0.744639   -12.187841   13.650533
 0.746589   -12.164330   13.789856
 0.748538   -12.134077   14.932384
 0.750487   -12.106124   12.514279
 0.752437   -12.085288   10.852984
 0.754386   -12.063808   12.167552
 0.756335   -12.037859   14.287187
 0.758285   -12.008100   12.649658
 0.760234   -11.988533   10.929032
 0.762183   -11.965499   11.815816
 0.764133   -11.942463   9.381229
 0.766082   -11.928917   9.359029
 0.768031   -11.905981   11.075644
 0.769980   -11.885744   10.295414
 0.771930   -11.865840   11.007661
 0.773879   -11.842827   7.789127
 0.775829   -11.835478   5.670638
 0.777778   -11.820721   9.223768
 0.779727   -11.799524   9.131854
 0.781676   -11.785125   8.213730
 0.783626   -11.767497   6.388953
 0.785575   -11.760209   3.876906
 0.787524   -11.752384   6.012172
 0.789474   -11.736763   7.825314
 0.791423   -11.721873   5.842558
 0.793372   -11.713989   3.820878
 0.795322   -11.706976   3.884439
 0.797271   -11.698844   2.497601
 0.799220   -11.697240   2.347993
 0.801170   -11.689686   1.912757
 0.803119   -11.689779   2.054809
 0.805068   -11.681677   3.202852
 0.807018   -11.677293   0.904489
 0.808967   -11.678147   -0.791234
 0.810916   -11.680377   -1.387585
 0.812866   -11.683558   -0.391875
 0.814815   -11.681907   -1.271489
 0.816764   -11.688514   -2.991809
 0.818713   -11.693569   -3.695647
 0.820663   -11.702926   -4.841209
 0.822612   -11.712445   -3.232920
 0.824561   -11.715528   -2.602161
 0.826511   -11.722593   -6.452874
 0.828460   -11.740682   -6.506963
 0.830409   -11.747957   -5.921255
 0.832359   -11.763773   -11.669736
 0.834308   -11.793450   -8.781219
 0.836257   -11.798003   -6.197596
 0.838207   -11.817622   -12.207332
 0.840156   -11.845595   -10.767564
 0.842105   -11.859594   -11.625005
 0.844055   -11.890929   -14.720724
 0.846004   -11.916993   -12.912164
 0.847953   -11.941261   -15.245312
 0.849903   -11.976440   -17.910573
 0.851852   -12.011095   -20.507838
 0.853801   -12.056380   -23.229550
 0.855750   -12.101643   -23.465152
 0.857700   -12.147871   -26.520206
 0.859649   -12.205040   -27.733558
 0.861598   -12.255976   -27.863937
 0.863548   -12.313685   -30.692772
 0.865497   -12.375645   -31.240174
 0.867446   -12.435459   -32.659048
 0.869396   -12.502987   -36.780715
 0.871345   -12.578863   -41.141078
 0.873294   -12.663355   -43.199231
 0.875244   -12.747296   -43.948845
 0.877193   -12.834709   -48.525399
 0.879142   -12.936448   -54.295604
 0.881092   -13.046412   -59.736423
 0.883041   -13.169354   -65.441784
 0.884990   -13.301504   -69.370635
 0.886940   -13.439833   -78.014626
 0.888889   -13.605669   -90.584281
 0.890838   -13.792931   -98.071673
 0.892787   -13.987953   -108.027741
 0.894737   -14.214147   -124.511964
 0.896686   -14.473408   -143.697945
 0.898636   -14.774447   -166.290745
 0.900585   -15.121751   -187.830745
 0.902534   -15.506611   -210.099929
 0.904483   -15.940721   -236.945513
 0.906433   -16.430490   -271.500063
 0.908382   -16.999259   -308.075206
 0.910331   -17.631367   -348.256534
 0.912281   -18.357159   -402.037844
 0.914230   -19.198853   -456.070406
 0.916179   -20.134922   -515.073604
 0.918129   -21.207194   -591.056879
 0.920078   -22.439370   -673.836219
 0.922027   -23.833808   -765.664769
 0.923977   -25.424797   -874.185178
 0.925926   -27.242139   -991.903224
 0.927875   -29.291236   -1121.028690
 0.929825   -31.613170   -1271.233218
 0.931774   -34.247614   -1432.820594
 0.933723   -37.198304   -1608.915188
 0.935673   -40.520964   -1808.168249
 0.937622   -44.248144   -2020.811035
 0.939571   -48.398085   -2255.654450
 0.941520   -53.040685   -2595.522600
 0.943470   -58.518455   -1513.951742
 0.945419   -58.946172   -20.605459
 0.947368   -58.598775   -1277.234885
 0.949318   -63.929023   -2925.750525
 0.951267   -70.005892   -3135.178091
 0.953216   -76.149947   -3149.544456
 0.955166   -82.285960   -3103.038568
 0.957115   -88.248782   -2950.627725
 0.959064   -93.787507   -2699.900476
 0.961014   -98.775410   -2366.344218
 0.962963   -103.014266   -1915.862843
 0.964912   -106.243443   -1379.265786
 0.966862   -108.391468   -796.615004
 0.968811   -109.350055   -149.969238
 0.970760   -108.976048   510.568100
 0.972710   -107.358712   1136.220052
 0.974659   -104.546540   1731.560294
 0.976608   -100.609090   2270.633768
 0.978557   -95.695609   2710.836341
 0.980507   -90.039160   3047.715922
 0.982456   -83.812859   3290.410361
 0.984406   -77.209658   3430.132858
 0.986355   -70.438858   3481.939752
 0.988304   -63.637057   3457.159119
 0.990253   -56.962852   3352.261754
 0.992203   -50.566733   3182.267939
 0.994152   -44.554994   2973.793921
 0.996101   -38.974884   2734.600430
 0.998051   -33.893044   1708.363641
 1.000000   -32.312179   811.115745
514 psinorm er(kV/m) der/dpsiN
 0.000000   -0.000000   344.868961
 0.001949   0.672150   235.329812
 0.003899   0.917332   109.061276
 0.005848   1.097413   83.237672
 0.007797   1.241792   68.320061
 0.009747   1.363781   58.894381
 0.011696   1.471429   51.697556
 0.013645   1.565298   45.716225
 0.015595   1.649671   41.594567
 0.017544   1.727479   37.945017
 0.019493   1.797581   34.486775
 0.021442   1.861908   31.688856
 0.023392   1.921133   29.765441
 0.025341   1.977965   27.861818
 0.027290   2.029739   25.688089
 0.029240   2.078121   24.001831
 0.031189   2.123323   22.418695
 0.033138   2.165509   21.353061
 0.035088   2.206578   20.108564
 0.037037   2.243914   18.619962
 0.038986   2.279159   17.960487
 0.040936   2.313942   17.007530
 0.042885   2.345473   15.383504
 0.044834   2.373907   14.990394
 0.046784   2.403921   14.228310
 0.048733   2.429385   13.159456
 0.050682   2.455217   12.987276
 0.052632   2.480022   11.545051
 0.054581   2.500233   11.457026
 0.056530   2.524682   11.470003
 0.058480   2.544953   9.706136
 0.060429   2.562527   9.465700
 0.062378   2.581850   9.003634
 0.064327   2.597624   8.388574
 0.066277   2.614558   8.507631
 0.068226   2.630795   7.794683
 0.070175   2.644942   7.607514
 0.072125   2.660458   6.847153
 0.074074   2.671641   5.679927
 0.076023   2.682598   6.526645
 0.077973   2.697090   6.335860
 0.079922   2.707304   5.259398
 0.081871   2.717591   5.195463
 0.083821   2.727561   4.500774
 0.085770   2.735141   3.945237
 0.087719   2.742939   4.475173
 0.089669   2.752590   4.376965
 0.091618   2.760006   3.320980
 0.093567   2.765536   2.797043
 0.095517   2.770912   3.263805
 0.097466   2.778260   4.066513
 0.099415   2.786763   2.937169
 0.101364   2.789709   0.905745
 0.103314   2.790293   1.252937
 0.105263   2.794593   2.666611
 0.107213   2.800691   3.112839
 0.109162   2.806730   2.268378
 0.111111   2.809533   -0.047415
 0.113060   2.806545   0.230439
 0.115010   2.810435   2.036200
 0.116959   2.814484   1.062426
 0.118908   2.814577   0.662828
 0.120858   2.817069   1.300331
 0.122807   2.819647   0.331931
 0.124756   2.818363   -0.654577
 0.126706   2.817094   -0.004820
 0.128655   2.818343   0.272091
 0.130604   2.818155   -0.689683
 0.132554   2.815653   -0.645228
 0.134503   2.815638   0.274063
 0.136452   2.816721   -0.660293
 0.138402   2.813061   -1.229817
 0.140351   2.811925   -0.288863
 0.142300   2.811935   0.027622
 0.144250   2.812033   -1.163198
 0.146199   2.807402   -1.345839
 0.148148   2.806787   -0.491292
 0.150097   2.805487   -2.587423
 0.152047   2.796694   -2.502758
 0.153996   2.795725   -0.834276
 0.155945   2.793442   -0.451657
 0.157895   2.793965   -0.306977
 0.159844   2.792247   -3.241231
 0.161793   2.781331   -2.872768
 0.163743   2.781051   -0.733268
 0.165692   2.778473   -2.363327
 0.167641   2.771839   -1.946543
 0.169591   2.770887   -1.806113
 0.171540   2.764799   -2.782520
 0.173489   2.760040   -2.339989
 0.175439   2.755676   -2.202463
 0.177388   2.751453   -1.658380
 0.179337   2.749212   -2.015386
 0.181286   2.743597   -2.817585
 0.183236   2.738226   -2.792384
 0.185185   2.732709   -2.906439
 0.187135   2.726894   -2.899917
 0.189084   2.721403   -3.122182
 0.191033   2.714723   -2.660557
 0.192983   2.711031   -1.825208
 0.194932   2.707607   -1.932081
 0.196881   2.703499   -3.668888
 0.198830   2.693306   -3.770936
 0.200780   2.688799   -1.514459
 0.202729   2.687399   -3.122773
 0.204678   2.676627   -4.061658
 0.206628   2.671566   -2.490652
 0.208577   2.666915   -2.676169
 0.210526   2.661134   -3.596462
 0.212476   2.652892   -3.461569
 0.214425   2.647636   -2.216945
 0.216374   2.644250   -3.110523
 0.218324   2.635505   -3.701937
 0.220273   2.629815   -3.753540
 0.222222   2.620874   -4.056349
 0.224171   2.614003   -2.038565
 0.226121   2.612928   -1.861641
 0.228070   2.606747   -4.169942
 0.230019   2.596674   -5.076668
 0.231969   2.586953   -2.797624
 0.233918   2.585762   -2.243076
 0.235867   2.578210   -4.538005
 0.237817   2.568067   -2.983585
 0.239766   2.566572   -3.133021
 0.241715   2.555854   -4.027740
 0.243665   2.550871   -2.452072
 0.245614   2.546293   -4.015433
 0.247563   2.535219   -4.207569
 0.249513   2.529891   -3.332848
 0.251462   2.522225   -3.504387
 0.253411   2.516231   -2.966013
 0.255361   2.510661   -3.489428
 0.257310   2.502627   -2.971286
 0.259259   2.499079   -3.832695
 0.261209   2.487679   -5.081846
 0.263158   2.479263   -2.996221
 0.265107   2.476000   -2.555094
 0.267056   2.469304   -4.065586
 0.269006   2.460147   -4.592614
 0.270955   2.451397   -3.306624
 0.272904   2.447258   -2.738137
 0.274854   2.440720   -3.981877
 0.276803   2.431733   -4.149026
 0.278752   2.424547   -2.883364
 0.280702   2.420493   -3.407856
 0.282651   2.411262   -4.268296
 0.284600   2.403855   -2.988424
 0.286550   2.399612   -4.241565
 0.288499   2.387321   -4.428883
 0.290448   2.382348   -2.417708
 0.292398   2.377895   -3.675677
 0.294347   2.368019   -3.864318
 0.296296   2.362832   -3.957146
 0.298246   2.352588   -4.482106
 0.300195   2.345355   -3.221651
 0.302144   2.340030   -3.375452
 0.304094   2.332192   -3.930632
 0.306043   2.324704   -3.238812
 0.307992   2.319567   -3.464044
 0.309941   2.311201   -4.222869
 0.311891   2.303103   -2.742648
 0.313840   2.300505   -3.462639
 0.315790   2.289598   -4.831852
 0.317739   2.281664   -3.455633
 0.319688   2.276127   -3.669861
 0.321637   2.267359   -3.728286
 0.323587   2.261592   -3.525309
 0.325536   2.253615   -3.643415
 0.327485   2.247390   -3.091165
 0.329435   2.241563   -3.589219
 0.331384   2.233397   -4.422330
 0.333333   2.224324   -3.887279
 0.335283   2.218242   -3.026585
 0.337232   2.212524   -3.834286
 0.339181   2.203296   -3.938877
 0.341131   2.197167   -3.084507
 0.343080   2.191270   -3.261703
 0.345029   2.184453   -4.074914
 0.346979   2.175380   -3.879194
 0.348928   2.169327   -3.226449
 0.350877   2.162804   -4.151679
 0.352826   2.153144   -4.183543
 0.354776   2.146494   -2.731951
 0.356725   2.142490   -2.735869
 0.358675   2.135825   -4.045683
 0.360624   2.126717   -4.734216
 0.362573   2.117371   -4.255442
 0.364522   2.110130   -2.965741
 0.366472   2.105809   -2.795085
 0.368421   2.099233   -3.573107
 0.370370   2.091881   -4.333869
 0.372320   2.082334   -3.489739
 0.374269   2.078272   -2.303440
 0.376218   2.073355   -3.749335
 0.378168   2.063651   -4.225444
 0.380117   2.056879   -4.351726
 0.382066   2.046688   -3.806769
 0.384016   2.042039   -2.946843
 0.385965   2.035199   -3.640166
 0.387914   2.027850   -2.535109
 0.389863   2.025317   -3.206130
 0.391813   2.015345   -5.044801
 0.393762   2.005647   -3.855512
 0.395711   2.000316   -2.652969
 0.397661   1.995304   -3.226057
 0.399610   1.987739   -3.910960
 0.401560   1.980055   -3.844823
 0.403509   1.972748   -3.199755
 0.405458   1.967582   -3.415091
 0.407407   1.959436   -4.091155
 0.409357   1.951631   -3.266159
 0.411306   1.946700   -2.744085
 0.413255   1.940935   -3.491360
 0.415205   1.933086   -3.938217
 0.417154   1.925579   -3.404213
 0.419103   1.919816   -3.521506
 0.421053   1.911848   -3.366356
 0.423002   1.906689   -3.444496
 0.424951   1.898421   -4.189028
 0.426901   1.890356   -3.412497
 0.428850   1.885114   -3.402217
 0.430799   1.877095   -3.575898
 0.432748   1.871175   -2.971751
 0.434698   1.865508   -3.531609
 0.436647   1.857407   -4.164164
 0.438597   1.849272   -3.491349
 0.440546   1.843793   -2.858649
 0.442495   1.838129   -3.031713
 0.444444   1.831975   -3.075658
 0.446394   1.826137   -3.546108
 0.448343   1.818150   -4.277617
 0.450292   1.809463   -3.144452
 0.452242   1.805892   -2.957948
 0.454191   1.797932   -4.285421
 0.456140   1.789188   -3.196649
 0.458090   1.785471   -3.033518
 0.460039   1.777362   -3.721209
 0.461988   1.770966   -2.594368
 0.463938   1.767248   -3.051589
 0.465887   1.759070   -4.397743
 0.467836   1.750106   -3.280729
 0.469786   1.746281   -3.097852
 0.471735   1.738030   -3.725865
 0.473684   1.731757   -3.289119
 0.475633   1.725209   -3.877375
 0.477583   1.716638   -3.211363
 0.479532   1.712685   -3.230094
 0.481482   1.704042   -3.771371
 0.483431   1.697979   -2.584857
 0.485380   1.693966   -3.304235
 0.487329   1.685099   -3.922058
 0.489279   1.678675   -3.216754
 0.491228   1.672557   -3.267667
 0.493177   1.665938   -3.336652
 0.495127   1.659548   -3.231112
 0.497076   1.653340   -3.342375
 0.499025   1.646519   -3.392280
 0.500975   1.640113   -2.625349
 0.502924   1.636282   -2.752017
 0.504873   1.629386   -4.029639
 0.506823   1.620569   -3.851604
 0.508772   1.614367   -3.355536
 0.510721   1.607489   -2.886212
 0.512671   1.603115   -2.720183
 0.514620   1.596884   -3.869371
 0.516569   1.588033   -4.034520
 0.518518   1.581158   -2.887858
 0.520468   1.576774   -2.191959
 0.522417   1.572611   -3.419748
 0.524366   1.563444   -4.061716
 0.526316   1.556776   -3.344158
 0.528265   1.550405   -2.837500
 0.530214   1.545715   -2.346202
 0.532164   1.541257   -3.356078
 0.534113   1.532632   -4.008451
 0.536062   1.525632   -3.495048
 0.538012   1.519005   -2.770287
 0.539961   1.514830   -2.843113
 0.541910   1.507922   -4.045050
 0.543860   1.499057   -3.373075
 0.545809   1.494768   -2.329650
 0.547758   1.489976   -2.928729
 0.549708   1.483348   -3.911249
 0.551657   1.474727   -3.462522
 0.553606   1.469851   -1.854522
 0.555556   1.467498   -2.803857
 0.557505   1.458922   -4.569912
 0.559454   1.449684   -2.995762
 0.561404   1.447245   -2.278052
 0.563353   1.440804   -4.004343
 0.565302   1.431637   -3.513662
 0.567252   1.427107   -2.279748
 0.569201   1.422748   -2.307970
 0.571150   1.418110   -3.514341
 0.573099   1.409049   -4.043545
 0.575049   1.402346   -2.301105
 0.576998   1.400075   -2.883479
 0.578947   1.391106   -4.558815
 0.580897   1.382300   -2.293882
 0.582846   1.382157   -1.255094
 0.584795   1.377407   -3.990186
 0.586745   1.366597   -4.402932
 0.588694   1.360238   -2.881753
 0.590643   1.355363   -2.396502
 0.592593   1.350894   -2.227508
 0.594542   1.346678   -2.848771
 0.596491   1.339790   -3.453744
 0.598441   1.333212   -3.285189
 0.600390   1.326981   -2.827385
 0.602339   1.322191   -2.385148
 0.604289   1.317681   -3.287539
 0.606238   1.309375   -3.802383
 0.608187   1.302859   -2.882521
 0.610136   1.298139   -2.356594
 0.612086   1.293671   -2.206400
 0.614035   1.289536   -2.232821
 0.615984   1.284968   -3.315849
 0.617934   1.276606   -3.730192
 0.619883   1.270423   -2.770910
 0.621832   1.265805   -2.272783
 0.623782   1.261561   -2.618957
 0.625731   1.255594   -3.198593
 0.627680   1.249093   -2.231480
 0.629630   1.246896   -2.093617
 0.631579   1.240932   -3.660908
 0.633528   1.232626   -3.175983
 0.635478   1.228551   -2.038433
 0.637427   1.224678   -2.547443
 0.639376   1.218621   -3.148047
 0.641325   1.212407   -3.127024
 0.643275   1.206429   -2.474035
 0.645224   1.202759   -2.006597
 0.647173   1.198607   -2.049466
 0.649123   1.194768   -2.916028
 0.651072   1.187240   -3.484791
 0.653021   1.181185   -1.991578
 0.654971   1.179477   -1.320974
 0.656920   1.176035   -2.385189
 0.658869   1.170179   -2.928512
 0.660819   1.164617   -2.748860
 0.662768   1.159461   -2.789140
 0.664717   1.153745   -2.366690
 0.666667   1.150235   -1.702426
 0.668616   1.147107   -2.200832
 0.670565   1.141656   -2.721822
 0.672515   1.136495   -2.085796
 0.674464   1.133522   -2.118846
 0.676413   1.128235   -2.142213
 0.678363   1.125171   -1.998203
 0.680312   1.120445   -2.513294
 0.682261   1.115374   -1.527488
 0.684211   1.114492   -1.851391
 0.686160   1.108158   -2.862233
 0.688109   1.103335   -1.423752
 0.690059   1.102609   -1.728320
 0.692008   1.096599   -2.659251
 0.693957   1.092243   -1.772760
 0.695906   1.089689   -1.706547
 0.697856   1.085589   -1.534371
 0.699805   1.083705   -1.043656
 0.701754   1.081520   -1.547503
 0.703704   1.077670   -2.365067
 0.705653   1.072300   -2.330513
 0.707602   1.068586   -1.359833
 0.709552   1.066999   -0.254925
 0.711501   1.067591   -1.181282
 0.713450   1.062394   -2.141567
 0.715400   1.059242   -1.022088
 0.717349   1.058408   -1.463507
 0.719298   1.053537   -1.476258
 0.721248   1.052654   -0.341361
 0.723197   1.052206   -0.768772
 0.725146   1.049657   -1.695273
 0.727096   1.045595   -1.508431
 0.729045   1.043775   -0.021527
 0.730994   1.045512   -0.535835
 0.732943   1.041686   -1.371950
 0.734893   1.040164   0.278121
 0.736842   1.042768   -0.179083
 0.738791   1.039465   -1.109533
 0.740741   1.038444   -0.409184
 0.742690   1.037870   -0.365945
 0.744639   1.037017   0.149273
 0.746589   1.038453   -0.096034
 0.748538   1.036644   -0.515112
 0.750487   1.036445   0.487099
 0.752437   1.038545   0.709781
 0.754386   1.039213   0.311011
 0.756335   1.039757   -0.084068
 0.758285   1.038885   0.126619
 0.760234   1.040250   0.684267
 0.762183   1.041552   0.770354
 0.764133   1.043253   1.464589
 0.766082   1.047261   1.147536
 0.768031   1.047727   0.714307
 0.769980   1.050046   1.322566
 0.771930   1.052883   1.064821
 0.773879   1.054198   1.676098
 0.775829   1.059421   2.360460
 0.777778   1.063402   1.614279
 0.779727   1.065713   1.651335
 0.781676   1.069839   1.820599
 0.783626   1.072811   2.111663
 0.785575   1.078071   3.128149
 0.787524   1.085004   2.809005
 0.789474   1.089022   1.761551
 0.791423   1.091873   2.318277
 0.793372   1.098059   3.354522
 0.795322   1.104953   3.227127
 0.797271   1.110642   3.808795
 0.799220   1.119800   3.967103
 0.801170   1.126108   3.394888
 0.803119   1.133036   3.523046
 0.805068   1.139841   3.650054
 0.807018   1.147268   4.032702
 0.808967   1.155564   4.646861
 0.810916   1.165381   4.750810
 0.812866   1.174087   4.226105
 0.814815   1.181859   4.912683
 0.816764   1.193237   5.421081
 0.818713   1.202991   5.215775
 0.820663   1.213573   5.606082
 0.822612   1.224849   5.301246
 0.824561   1.234238   4.989694
 0.826511   1.244304   5.812031
 0.828460   1.256897   6.004934
 0.830409   1.267711   6.141744
 0.832359   1.280845   7.368716
 0.834308   1.296440   6.236736
 0.836257   1.305156   5.477553
 0.838207   1.317799   7.147538
 0.840156   1.333023   6.901824
 0.842105   1.344703   7.011364
 0.844055   1.360362   7.372571
 0.846004   1.373450   6.633625
 0.847953   1.386220   7.389771
 0.849903   1.402264   8.104158
 0.851852   1.417819   8.722564
 0.853801   1.436265   9.460163
 0.855750   1.454694   9.174648
 0.857700   1.472036   9.513346
 0.859649   1.491786   9.589980
 0.861598   1.509418   9.186274
 0.863548   1.527603   9.118515
 0.865497   1.544971   8.722734
 0.867446   1.561604   8.706553
 0.869396   1.578918   8.616530
 0.871345   1.595201   8.949906
 0.873294   1.613805   8.920925
 0.875244   1.629982   7.640797
 0.877193   1.643598   7.540468
 0.879142   1.659375   7.861551
 0.881092   1.674250   7.732634
 0.883041   1.689524   7.600686
 0.884990   1.703877   6.371277
 0.886940   1.714364   6.183356
 0.888889   1.727984   7.195424
 0.890838   1.742412   6.208808
 0.892787   1.752186   5.429703
 0.894737   1.763583   5.897902
 0.896686   1.775182   6.003774
 0.898636   1.786992   6.149774
 0.900585   1.799160   6.071994
 0.902534   1.810660   5.991544
 0.904483   1.822515   5.730362
 0.906433   1.833002   6.323599
 0.908382   1.847169   6.892958
 0.910331   1.859871   7.025143
 0.912281   1.874561   8.659627
 0.914230   1.893633   9.286010
 0.916179   1.910758   9.515456
 0.918129   1.930735   11.439535
 0.920078   1.955358   13.437930
 0.922027   1.983116   15.290096
 0.923977   2.014976   17.918183
 0.925926   2.052976   20.850636
 0.927875   2.096252   23.818187
 0.929825   2.145846   27.467539
 0.931774   2.203344   31.482257
 0.933723   2.268564   36.048372
 0.935673   2.343902   40.847229
 0.937622   2.427823   45.325038
 0.939571   2.520579   49.856685
 0.941520   2.622164   52.488196
 0.943470   2.725231   56.188048
 0.945419   2.841235   67.278737
 0.947368   2.987483   80.869587
 0.949318   3.156557   89.562226
 0.951267   3.336681   94.563414
 0.953216   3.525165   99.243111
 0.955166   3.723635   103.498258
 0.957115   3.928701   105.385478
 0.959064   4.134427   105.522365
 0.961014   4.340133   104.242540
 0.962963   4.540871   99.648007
 0.964912   4.728561   92.295702
 0.966862   4.900724   82.225242
 0.968811   5.049169   67.382282
 0.970760   5.163381   49.071142
 0.972710   5.240479   28.072020
 0.974659   5.272856   3.641403
 0.976608   5.254673   -23.949068
 0.978557   5.179503   -53.274198
 0.980507   5.046927   -83.297704
 0.982456   4.854756   -113.141980
 0.984406   4.605758   -140.573267
 0.986355   4.306686   -164.269679
 0.988304   3.965434   -183.319491
 0.990253   3.592107   -196.485013
 0.992203   3.199329   -201.810166
 0.994152   2.805250   -200.376152
 0.996101   2.418263   -198.475173
 0.998051   2.031395   -227.760093
 1.000000   1.530285   -257.111309
514 psinorm omghb() domghb/dpsiN
 0.000000   0.000000   333.704755
 0.001949   0.650391   293.965193
 0.003899   1.146091   219.395458
 0.005848   1.505883   156.425545
 0.007797   1.755838   106.217410
 0.009747   1.919981   68.809845
 0.011696   2.024158   44.171221
 0.013645   2.092160   26.499752
 0.015595   2.127464   62.007044
 0.017544   2.333838   88.293609
 0.019493   2.471632   70.116313
 0.021442   2.607151   65.425803
 0.023392   2.726719   57.346171
 0.025341   2.830752   57.325772
 0.027290   2.950175   58.241490
 0.029240   3.057829   49.904342
 0.031189   3.144763   50.477957
 0.033138   3.254592   53.523414
 0.035088   3.353445   51.497604
 0.037037   3.455380   48.777306
 0.038986   3.543579   43.063873
 0.040936   3.623282   48.709519
 0.042885   3.733481   53.223041
 0.044834   3.830745   44.055781
 0.046784   3.905243   38.008605
 0.048733   3.978941   37.131127
 0.050682   4.049980   38.326353
 0.052632   4.128379   39.028791
 0.054581   4.202156   40.006451
 0.056530   4.284324   46.854417
 0.058480   4.384851   38.013313
 0.060429   4.432565   29.614841
 0.062378   4.500289   38.769062
 0.064327   4.583687   37.453772
 0.066277   4.646311   34.858131
 0.068226   4.719593   23.998734
 0.070175   4.739858   15.861685
 0.072125   4.781449   27.251676
 0.074074   4.846100   35.157078
 0.076023   4.918491   40.561706
 0.077973   5.004257   32.755539
 0.079922   5.046228   20.567453
 0.081871   5.084429   28.573564
 0.083821   5.157654   38.913330
 0.085770   5.236150   35.351933
 0.087719   5.295456   14.857359
 0.089669   5.294047   -1.522421
 0.091618   5.289521   19.445972
 0.093567   5.369848   43.404689
 0.095517   5.458761   36.338192
 0.097466   5.511549   12.636933
 0.099415   5.508020   9.514519
 0.101364   5.548636   22.365939
 0.103314   5.595227   22.229419
 0.105263   5.635312   28.244142
 0.107213   5.705367   31.045592
 0.109162   5.756369   3.096049
 0.111111   5.717435   -21.514071
 0.113060   5.672507   9.360107
 0.115010   5.753995   47.153548
 0.116959   5.856348   28.219255
 0.118908   5.863994   0.816193
 0.120858   5.859524   7.141799
 0.122807   5.891821   21.617778
 0.124756   5.943790   45.279748
 0.126706   6.068404   41.246243
 0.128655   6.104655   14.254983
 0.130604   6.123969   -0.957722
 0.132554   6.100899   -16.309527
 0.134503   6.060388   -18.697179
 0.136452   6.028017   -23.940188
 0.138402   5.967030   -7.273875
 0.140351   5.999608   18.501868
 0.142300   6.039150   39.790296
 0.144250   6.154790   56.099466
 0.146199   6.257889   4.555164
 0.148148   6.172546   -18.118534
 0.150097   6.187263   23.277619
 0.152047   6.263337   11.015071
 0.153996   6.230266   -9.372834
 0.155945   6.226801   -12.248346
 0.157895   6.182489   -6.075700
 0.159844   6.203079   3.583670
 0.161793   6.196458   12.175491
 0.163743   6.250582   56.302742
 0.165692   6.415926   35.930180
 0.167641   6.390638   -24.149643
 0.169591   6.321744   -47.039209
 0.171540   6.207256   -37.915517
 0.173489   6.173949   17.062467
 0.175439   6.273850   12.008676
 0.177388   6.220849   -2.110995
 0.179337   6.265622   38.857110
 0.181286   6.372314   30.541776
 0.183236   6.384656   -3.580625
 0.185185   6.358373   -6.996828
 0.187135   6.357388   8.985790
 0.189084   6.393390   -21.897331
 0.191033   6.272032   -55.106182
 0.192983   6.178545   -23.037824
 0.194932   6.182158   3.925348
 0.196881   6.193846   1.142822
 0.198830   6.186613   10.937852
 0.200780   6.236522   35.144745
 0.202729   6.323623   21.483120
 0.204678   6.320263   -15.159777
 0.206628   6.264488   -40.138074
 0.208577   6.163788   -31.135316
 0.210526   6.143123   37.959537
 0.212476   6.311890   40.148948
 0.214425   6.299756   -37.770227
 0.216374   6.164661   -37.300306
 0.218324   6.154386   8.173870
 0.220273   6.196504   4.192207
 0.222222   6.170728   -22.328661
 0.224171   6.109467   7.387015
 0.226121   6.199607   0.023331
 0.228070   6.109650   -33.320531
 0.230019   6.069724   9.259776
 0.231969   6.145814   3.182805
 0.233918   6.082205   -6.201824
 0.235867   6.121639   -2.872764
 0.237817   6.070958   -40.922427
 0.239766   5.962112   -20.329851
 0.241715   5.991712   24.879552
 0.243665   6.059137   35.700725
 0.245614   6.130907   -30.965038
 0.247563   5.938435   -62.160190
 0.249513   5.888618   7.267545
 0.251462   5.966706   1.522924
 0.253411   5.894554   -16.970818
 0.255361   5.900577   -22.398812
 0.257310   5.807272   -16.895786
 0.259259   5.834717   35.933103
 0.261209   5.947419   17.286771
 0.263158   5.902199   -14.759677
 0.265107   5.889886   -3.732160
 0.267056   5.887651   -25.316980
 0.269006   5.791127   -40.256475
 0.270955   5.730673   -24.363923
 0.272904   5.696156   -12.988901
 0.274854   5.680039   -0.848309
 0.276803   5.692834   -3.352644
 0.278752   5.666970   -15.652668
 0.280702   5.631799   8.573240
 0.282651   5.700344   7.350532
 0.284600   5.660451   -31.040800
 0.286550   5.579295   -12.619626
 0.288499   5.611190   17.340616
 0.290448   5.646888   2.183882
 0.292398   5.619672   -15.812368
 0.294347   5.585240   -10.043652
 0.296296   5.580522   -17.510823
 0.298246   5.516935   -15.147089
 0.300195   5.521429   -4.160928
 0.302144   5.500715   -45.161999
 0.304094   5.345273   -59.865491
 0.306043   5.267260   -21.605222
 0.307992   5.261056   -1.243423
 0.309941   5.262413   19.013367
 0.311891   5.335226   26.121953
 0.313840   5.364285   7.419092
 0.315790   5.364138   -4.683422
 0.317739   5.346034   -24.540954
 0.319688   5.268477   -34.465077
 0.321637   5.211689   -7.877956
 0.323587   5.237803   -10.138630
 0.325536   5.172205   -38.219854
 0.327485   5.088822   3.891386
 0.329435   5.187471   28.663143
 0.331384   5.200624   -18.090039
 0.333333   5.116956   -20.015608
 0.335283   5.122629   -10.306665
 0.337232   5.076797   -31.276164
 0.339181   5.000714   -34.214278
 0.341131   4.943405   -6.847541
 0.343080   4.973971   19.965758
 0.345029   5.021232   5.685230
 0.346979   4.996100   -35.115118
 0.348928   4.884362   -40.464193
 0.350877   4.838371   13.107537
 0.352826   4.935456   24.380438
 0.354776   4.933379   -12.822549
 0.356725   4.885484   -31.195989
 0.358675   4.811733   -3.532133
 0.360624   4.871644   16.225123
 0.362573   4.874978   -22.237090
 0.364522   4.784963   -30.145533
 0.366472   4.757473   -47.964021
 0.368421   4.598019   -60.232676
 0.370370   4.522686   -12.815021
 0.372320   4.548105   31.921970
 0.374269   4.647112   71.168040
 0.376218   4.825518   32.099612
 0.378168   4.772150   -56.946453
 0.380117   4.603543   -50.115798
 0.382066   4.576798   2.957187
 0.384016   4.615107   7.801880
 0.385965   4.607241   -40.734242
 0.387914   4.456325   -62.280015
 0.389863   4.364474   -4.150031
 0.391813   4.440230   19.856555
 0.393762   4.441933   10.313225
 0.395711   4.480431   4.413901
 0.397661   4.459112   -6.938956
 0.399610   4.453368   -23.793267
 0.401560   4.366300   -61.566829
 0.403509   4.213352   -23.886140
 0.405458   4.273192   17.507259
 0.407407   4.281596   -9.208245
 0.409357   4.237262   -34.176396
 0.411306   4.148365   -28.990308
 0.413255   4.124258   8.665116
 0.415205   4.182192   17.840581
 0.417154   4.193842   7.527019
 0.419103   4.211532   25.723748
 0.421053   4.294172   17.591023
 0.423002   4.280169   -30.676153
 0.424951   4.174596   -33.050672
 0.426901   4.151347   2.509638
 0.428850   4.184353   7.348719
 0.430799   4.179992   -14.902429
 0.432748   4.126263   -34.880414
 0.434698   4.043979   -57.575352
 0.436647   3.901807   -23.991693
 0.438597   3.950533   7.813609
 0.440546   3.932307   -28.074799
 0.442495   3.841098   -5.682912
 0.444444   3.910155   9.824028
 0.446394   3.879350   -7.191945
 0.448343   3.882096   30.122911
 0.450292   3.996770   27.277917
 0.452242   3.988390   -37.684810
 0.454191   3.849903   -46.935130
 0.456140   3.805437   -35.520419
 0.458090   3.711384   -35.714934
 0.460039   3.666159   -4.228075
 0.461988   3.694903   6.143881
 0.463938   3.690097   1.811654
 0.465887   3.701958   13.851178
 0.467836   3.744089   27.406421
 0.469786   3.808827   19.209181
 0.471735   3.819013   -5.371372
 0.473684   3.787889   -28.028023
 0.475633   3.709760   -45.400519
 0.477583   3.610862   -24.375957
 0.479532   3.614666   2.337011
 0.481482   3.619975   -18.766098
 0.483431   3.541540   -19.854915
 0.485380   3.542580   -5.344715
 0.487329   3.520706   6.949557
 0.489279   3.569713   12.914469
 0.491228   3.571084   -37.918319
 0.493177   3.421907   -42.502831
 0.495127   3.405433   -20.199323
 0.497076   3.343174   -17.914700
 0.499025   3.335602   16.196939
 0.500975   3.406366   6.241943
 0.502924   3.359999   -15.887250
 0.504873   3.344437   13.651977
 0.506823   3.413272   36.139568
 0.508772   3.485344   1.456689
 0.510721   3.418950   -31.894675
 0.512671   3.360991   -33.045628
 0.514620   3.290112   -33.687122
 0.516569   3.229678   -5.369179
 0.518518   3.269182   4.435571
 0.520468   3.246941   -23.952374
 0.522417   3.175817   -30.432247
 0.524366   3.128316   -15.879286
 0.526316   3.113921   -0.372657
 0.528265   3.126849   6.905009
 0.530214   3.140837   14.812281
 0.532164   3.184618   9.748733
 0.534113   3.178872   -9.991501
 0.536062   3.145671   -6.733145
 0.538012   3.152640   5.424939
 0.539961   3.166819   15.064630
 0.541910   3.211362   -25.917997
 0.543860   3.065667   -83.056373
 0.545809   2.887542   -26.695715
 0.547758   2.961607   19.977405
 0.549708   2.965398   -21.491746
 0.551657   2.877858   -27.846205
 0.553606   2.856854   18.915209
 0.555556   2.951667   49.172360
 0.557505   3.048576   -8.726436
 0.559454   2.917652   -56.741579
 0.561404   2.827361   -4.043580
 0.563353   2.901801   10.996651
 0.565302   2.870226   -48.241692
 0.567252   2.713643   -32.723565
 0.569201   2.742542   38.387653
 0.571150   2.863278   13.629817
 0.573099   2.795671   -51.670345
 0.575049   2.661781   -22.540654
 0.576998   2.707692   40.905560
 0.578947   2.821231   26.899868
 0.580897   2.812512   -28.350158
 0.582846   2.710742   -48.911223
 0.584795   2.621856   -19.972297
 0.586745   2.632921   -1.060607
 0.588694   2.617734   -18.328660
 0.590643   2.561476   -13.483917
 0.592593   2.565191   -6.142434
 0.594542   2.537543   -39.592284
 0.596491   2.410861   -18.195625
 0.598441   2.466691   62.569872
 0.600390   2.654753   57.532160
 0.602339   2.690952   -27.668005
 0.604289   2.546783   -76.349558
 0.606238   2.393270   -61.099840
 0.608187   2.308616   -17.239347
 0.610136   2.326071   1.271318
 0.612086   2.313557   -14.425489
 0.614035   2.269842   -5.638881
 0.615984   2.291577   1.275359
 0.617934   2.274795   -6.504845
 0.619883   2.266210   2.833857
 0.621832   2.285841   2.762133
 0.623782   2.276965   -22.222710
 0.625731   2.199230   -44.017153
 0.627680   2.105386   -32.203850
 0.629630   2.073699   22.606944
 0.631579   2.193453   47.559371
 0.633528   2.259086   17.137519
 0.635478   2.260239   -28.067632
 0.637427   2.149707   -47.542453
 0.639376   2.074919   -15.888364
 0.641325   2.087774   -16.495788
 0.643275   2.010555   -34.102704
 0.645224   1.954797   -25.175808
 0.647173   1.912420   -41.432062
 0.649123   1.793214   -54.386038
 0.651072   1.700355   -13.340363
 0.653021   1.741213   31.627242
 0.654971   1.823691   23.146105
 0.656920   1.831498   -14.501429
 0.658869   1.767165   -20.103344
 0.660819   1.753141   -12.500296
 0.662768   1.718437   6.823273
 0.664717   1.779738   3.985193
 0.666667   1.733920   -54.871790
 0.668616   1.565856   -52.348551
 0.670565   1.529865   -26.214675
 0.672515   1.463629   -29.502964
 0.674464   1.414824   -0.255711
 0.676413   1.462632   0.705414
 0.678363   1.417527   -33.986984
 0.680312   1.330139   -30.580530
 0.682261   1.298324   -6.949892
 0.684211   1.303060   8.017645
 0.686160   1.329574   0.565935
 0.688109   1.305266   -19.193058
 0.690059   1.254727   -49.881227
 0.692008   1.110827   -56.702061
 0.693957   1.033702   -24.030861
 0.695906   1.017155   -7.148304
 0.697856   1.005833   -10.220883
 0.699805   0.977312   -26.823244
 0.701754   0.901276   -40.048056
 0.703704   0.821163   -31.138411
 0.705653   0.779848   -14.096212
 0.707602   0.766216   -10.722735
 0.709552   0.738033   -25.604302
 0.711501   0.666407   -61.492672
 0.713450   0.498334   -67.217760
 0.715400   0.404363   -8.106277
 0.717349   0.466648   14.342253
 0.719298   0.460269   -15.286914
 0.721248   0.407020   -24.605476
 0.723197   0.364327   -56.731692
 0.725146   0.185880   -60.892520
 0.727096   0.126968   -36.926853
 0.729045   0.041915   -49.194501
 0.730994   -0.064792   -27.359178
 0.732943   -0.064731   -35.759677
 0.734893   -0.204290   -64.382119
 0.736842   -0.315771   -26.617077
 0.738791   -0.308044   3.567233
 0.740741   -0.301863   -20.751997
 0.742690   -0.388908   -68.786043
 0.744639   -0.569991   -59.168798
 0.746589   -0.619540   -38.446442
 0.748538   -0.719868   -61.428845
 0.750487   -0.858989   -31.169886
 0.752437   -0.841319   -20.302266
 0.754386   -0.938089   -51.259071
 0.756335   -1.041127   -52.614553
 0.758285   -1.143233   -67.401286
 0.760234   -1.303894   -51.182130
 0.762183   -1.342741   -36.442616
 0.764133   -1.446017   -77.197389
 0.766082   -1.643685   -86.970587
 0.768031   -1.785028   -69.162469
 0.769980   -1.913280   -46.355011
 0.771930   -1.965727   -27.344280
 0.773879   -2.019895   -46.482737
 0.775829   -2.147001   -83.180850
 0.777778   -2.344181   -91.252774
 0.779727   -2.502704   -53.657221
 0.781676   -2.553337   -37.740351
 0.783626   -2.649878   -38.519719
 0.785575   -2.703547   -43.126765
 0.787524   -2.817986   -84.180015
 0.789474   -3.031816   -104.794727
 0.791423   -3.226590   -87.983519
 0.793372   -3.374776   -74.958854
 0.795322   -3.518852   -61.869700
 0.797271   -3.616029   -66.988946
 0.799220   -3.779975   -92.297658
 0.801170   -3.975914   -64.440626
 0.803119   -4.031301   -29.291592
 0.805068   -4.090093   -49.325199
 0.807018   -4.223659   -74.730118
 0.808967   -4.381453   -93.194906
 0.810916   -4.586932   -116.977431
 0.812866   -4.837571   -96.667178
 0.814815   -4.963901   -64.631401
 0.816764   -5.089505   -50.036163
 0.818713   -5.158942   -26.932111
 0.820663   -5.194496   -58.637767
 0.822612   -5.387490   -95.498393
 0.824561   -5.566748   -68.574693
 0.826511   -5.654816   -57.067125
 0.828460   -5.789229   -70.183605
 0.830409   -5.928392   -73.601520
 0.832359   -6.076206   -81.203604
 0.834308   -6.244994   -67.149583
 0.836257   -6.337955   -34.257437
 0.838207   -6.378537   -16.657036
 0.840156   -6.402909   -32.044566
 0.842105   -6.503447   -69.906050
 0.844055   -6.675509   -108.910376
 0.846004   -6.928047   -152.081202
 0.847953   -7.268322   -152.275591
 0.849903   -7.521725   -150.796283
 0.851852   -7.856235   -172.321764
 0.853801   -8.193435   -137.670440
 0.855750   -8.392874   -91.237399
 0.857700   -8.549147   -29.523226
 0.859649   -8.508087   34.582869
 0.861598   -8.414343   36.679543
 0.863548   -8.365096   42.465647
 0.865497   -8.248804   54.772397
 0.867446   -8.151593   57.562121
 0.869396   -8.024354   66.898933
 0.871345   -7.890757   46.384884
 0.873294   -7.843546   49.837598
 0.875244   -7.696389   88.788278
 0.877193   -7.497387   92.754700
 0.879142   -7.334832   91.080733
 0.881092   -7.142248   99.968235
 0.883041   -6.945058   102.856994
 0.884990   -6.741311   95.713012
 0.886940   -6.571890   90.498866
 0.888889   -6.388463   94.074896
 0.890838   -6.205187   68.562910
 0.892787   -6.121205   47.309377
 0.894737   -6.020719   36.092373
 0.896686   -5.980450   21.690288
 0.898636   -5.936146   36.218522
 0.900585   -5.839261   7.257480
 0.902534   -5.907857   -52.637833
 0.904483   -6.044443   -61.474762
 0.906433   -6.147530   -79.915893
 0.908382   -6.355981   -135.440352
 0.910331   -6.675476   -192.601764
 0.912281   -7.106993   -259.254520
 0.914230   -7.686234   -334.366319
 0.916179   -8.410353   -411.897774
 0.918129   -9.292304   -497.190145
 0.920078   -10.348808   -601.098470
 0.922027   -11.635386   -711.822728
 0.923977   -13.124308   -835.301966
 0.925926   -14.892084   -980.501973
 0.927875   -16.946304   -1121.352853
 0.929825   -19.264374   -1221.026273
 0.931774   -21.707021   -1208.158687
 0.933723   -23.973777   -1146.695761
 0.935673   -26.177955   -1217.507353
 0.937622   -28.720663   -1463.393372
 0.939571   -31.882263   -1787.855716
 0.941520   -35.689725   -2108.639693
 0.943470   -40.104159   -2398.243067
 0.945419   -45.040206   -2594.199892
 0.947368   -50.216350   -2635.983521
 0.949318   -55.317866   -2510.655513
 0.951267   -60.005607   -2187.434993
 0.953216   -63.844488   -1653.552972
 0.955166   -66.452178   -967.532311
 0.957115   -67.617635   -244.262403
 0.959064   -67.404313   416.676721
 0.961014   -65.992398   1093.306505
 0.962963   -63.142249   1921.376821
 0.964912   -58.502871   2911.146143
 0.966862   -51.790628   4007.441915
 0.968811   -42.878986   5147.085825
 0.970760   -31.727288   6284.687154
 0.972710   -18.373864   7337.395705
 0.974659   -3.119761   8228.218020
 0.976608   13.699730   8895.271400
 0.978557   31.554007   9214.532968
 0.980507   49.627301   9076.087919
 0.982456   66.942058   8422.543472
 0.984406   82.465875   7705.019738
 0.986355   96.984442   5233.620614
 0.988304   102.866528   2018.585224
 0.990253   104.852887   14.846169
 0.992203   102.922404   -1938.721155
 0.994152   97.295711   -3880.742120
 0.996101   87.795272   -6096.078908
 0.998051   73.524655   -12179.705659
 1.000000   40.316320   -17038.653388
514 psinorm nb(10^20/m^3) dnb/dpsiN
 0.000000   0.000000   0.000000
 0.001949   0.000000   0.000000
 0.003899   0.000000   0.000000
 0.005848   0.000000   0.000000
 0.007797   0.000000   0.000000
 0.009747   0.000000   0.000000
 0.011696   0.000000   0.000000
 0.013645   0.000000   0.000000
 0.015595   0.000000   0.000000
 0.017544   0.000000   0.000000
 0.019493   0.000000   0.000000
 0.021442   0.000000   0.000000
 0.023392   0.000000   0.000000
 0.025341   0.000000   0.000000
 0.027290   0.000000   0.000000
 0.029240   0.000000   0.000000
 0.031189   0.000000   0.000000
 0.033138   0.000000   0.000000
 0.035088   0.000000   0.000000
 0.037037   0.000000   0.000000
 0.038986   0.000000   0.000000
 0.040936   0.000000   0.000000
 0.042885   0.000000   0.000000
 0.044834   0.000000   0.000000
 0.046784   0.000000   0.000000
 0.048733   0.000000   0.000000
 0.050682   0.000000   0.000000
 0.052632   0.000000   0.000000
 0.054581   0.000000   0.000000
 0.056530   0.000000   0.000000
 0.058480   0.000000   0.000000
 0.060429   0.000000   0.000000
 0.062378   0.000000   0.000000
 0.064327   0.000000   0.000000
 0.066277   0.000000   0.000000
 0.068226   0.000000   0.000000
 0.070175   0.000000   0.000000
 0.072125   0.000000   0.000000
 0.074074   0.000000   0.000000
 0.076023   0.000000   0.000000
 0.077973   0.000000   0.000000
 0.079922   0.000000   0.000000
 0.081871   0.000000   0.000000
 0.083821   0.000000   0.000000
 0.085770   0.000000   0.000000
 0.087719   0.000000   0.000000
 0.089669   0.000000   0.000000
 0.091618   0.000000   0.000000
 0.093567   0.000000   0.000000
 0.095517   0.000000   0.000000
 0.097466   0.000000   0.000000
 0.099415   0.000000   0.000000
 0.101364   0.000000   0.000000
 0.103314   0.000000   0.000000
 0.105263   0.000000   0.000000
 0.107213   0.000000   0.000000
 0.109162   0.000000   0.000000
 0.111111   0.000000   0.000000
 0.113060   0.000000   0.000000
 0.115010   0.000000   0.000000
 0.116959   0.000000   0.000000
 0.118908   0.000000   0.000000
 0.120858   0.000000   0.000000
 0.122807   0.000000   0.000000
 0.124756   0.000000   0.000000
 0.126706   0.000000   0.000000
 0.128655   0.000000   0.000000
 0.130604   0.000000   0.000000
 0.132554   0.000000   0.000000
 0.134503   0.000000   0.000000
 0.136452   0.000000   0.000000
 0.138402   0.000000   0.000000
 0.140351   0.000000   0.000000
 0.142300   0.000000   0.000000
 0.144250   0.000000   0.000000
 0.146199   0.000000   0.000000
 0.148148   0.000000   0.000000
 0.150097   0.000000   0.000000
 0.152047   0.000000   0.000000
 0.153996   0.000000   0.000000
 0.155945   0.000000   0.000000
 0.157895   0.000000   0.000000
 0.159844   0.000000   0.000000
 0.161793   0.000000   0.000000
 0.163743   0.000000   0.000000
 0.165692   0.000000   0.000000
 0.167641   0.000000   0.000000
 0.169591   0.000000   0.000000
 0.171540   0.000000   0.000000
 0.173489   0.000000   0.000000
 0.175439   0.000000   0.000000
 0.177388   0.000000   0.000000
 0.179337   0.000000   0.000000
 0.181286   0.000000   0.000000
 0.183236   0.000000   0.000000
 0.185185   0.000000   0.000000
 0.187135   0.000000   0.000000
 0.189084   0.000000   0.000000
 0.191033   0.000000   0.000000
 0.192983   0.000000   0.000000
 0.194932   0.000000   0.000000
 0.196881   0.000000   0.000000
 0.198830   0.000000   0.000000
 0.200780   0.000000   0.000000
 0.202729   0.000000   0.000000
 0.204678   0.000000   0.000000
 0.206628   0.000000   0.000000
 0.208577   0.000000   0.000000
 0.210526   0.000000   0.000000
 0.212476   0.000000   0.000000
 0.214425   0.000000   0.000000
 0.216374   0.000000   0.000000
 0.218324   0.000000   0.000000
 0.220273   0.000000   0.000000
 0.222222   0.000000   0.000000
 0.224171   0.000000   0.000000
 0.226121   0.000000   0.000000
 0.228070   0.000000   0.000000
 0.230019   0.000000   0.000000
 0.231969   0.000000   0.000000
 0.233918   0.000000   0.000000
 0.235867   0.000000   0.000000
 0.237817   0.000000   0.000000
 0.239766   0.000000   0.000000
 0.241715   0.000000   0.000000
 0.243665   0.000000   0.000000
 0.245614   0.000000   0.000000
 0.247563   0.000000   0.000000
 0.249513   0.000000   0.000000
 0.251462   0.000000   0.000000
 0.253411   0.000000   0.000000
 0.255361   0.000000   0.000000
 0.257310   0.000000   0.000000
 0.259259   0.000000   0.000000
 0.261209   0.000000   0.000000
 0.263158   0.000000   0.000000
 0.265107   0.000000   0.000000
 0.267056   0.000000   0.000000
 0.269006   0.000000   0.000000
 0.270955   0.000000   0.000000
 0.272904   0.000000   0.000000
 0.274854   0.000000   0.000000
 0.276803   0.000000   0.000000
 0.278752   0.000000   0.000000
 0.280702   0.000000   0.000000
 0.282651   0.000000   0.000000
 0.284600   0.000000   0.000000
 0.286550   0.000000   0.000000
 0.288499   0.000000   0.000000
 0.290448   0.000000   0.000000
 0.292398   0.000000   0.000000
 0.294347   0.000000   0.000000
 0.296296   0.000000   0.000000
 0.298246   0.000000   0.000000
 0.300195   0.000000   0.000000
 0.302144   0.000000   0.000000
 0.304094   0.000000   0.000000
 0.306043   0.000000   0.000000
 0.307992   0.000000   0.000000
 0.309941   0.000000   0.000000
 0.311891   0.000000   0.000000
 0.313840   0.000000   0.000000
 0.315790   0.000000   0.000000
 0.317739   0.000000   0.000000
 0.319688   0.000000   0.000000
 0.321637   0.000000   0.000000
 0.323587   0.000000   0.000000
 0.325536   0.000000   0.000000
 0.327485   0.000000   0.000000
 0.329435   0.000000   0.000000
 0.331384   0.000000   0.000000
 0.333333   0.000000   0.000000
 0.335283   0.000000   0.000000
 0.337232   0.000000   0.000000
 0.339181   0.000000   0.000000
 0.341131   0.000000   0.000000
 0.343080   0.000000   0.000000
 0.345029   0.000000   0.000000
 0.346979   0.000000   0.000000
 0.348928   0.000000   0.000000
 0.350877   0.000000   0.000000
 0.352826   0.000000   0.000000
 0.354776   0.000000   0.000000
 0.356725   0.000000   0.000000
 0.358675   0.000000   0.000000
 0.360624   0.000000   0.000000
 0.362573   0.000000   0.000000
 0.364522   0.000000   0.000000
 0.366472   0.000000   0.000000
 0.368421   0.000000   0.000000
 0.370370   0.000000   0.000000
 0.372320   0.000000   0.000000
 0.374269   0.000000   0.000000
 0.376218   0.000000   0.000000
 0.378168   0.000000   0.000000
 0.380117   0.000000   0.000000
 0.382066   0.000000   0.000000
 0.384016   0.000000   0.000000
 0.385965   0.000000   0.000000
 0.387914   0.000000   0.000000
 0.389863   0.000000   0.000000
 0.391813   0.000000   0.000000
 0.393762   0.000000   0.000000
 0.395711   0.000000   0.000000
 0.397661   0.000000   0.000000
 0.399610   0.000000   0.000000
 0.401560   0.000000   0.000000
 0.403509   0.000000   0.000000
 0.405458   0.000000   0.000000
 0.407407   0.000000   0.000000
 0.409357   0.000000   0.000000
 0.411306   0.000000   0.000000
 0.413255   0.000000   0.000000
 0.415205   0.000000   0.000000
 0.417154   0.000000   0.000000
 0.419103   0.000000   0.000000
 0.421053   0.000000   0.000000
 0.423002   0.000000   0.000000
 0.424951   0.000000   0.000000
 0.426901   0.000000   0.000000
 0.428850   0.000000   0.000000
 0.430799   0.000000   0.000000
 0.432748   0.000000   0.000000
 0.434698   0.000000   0.000000
 0.436647   0.000000   0.000000
 0.438597   0.000000   0.000000
 0.440546   0.000000   0.000000
 0.442495   0.000000   0.000000
 0.444444   0.000000   0.000000
 0.446394   0.000000   0.000000
 0.448343   0.000000   0.000000
 0.450292   0.000000   0.000000
 0.452242   0.000000   0.000000
 0.454191   0.000000   0.000000
 0.456140   0.000000   0.000000
 0.458090   0.000000   0.000000
 0.460039   0.000000   0.000000
 0.461988   0.000000   0.000000
 0.463938   0.000000   0.000000
 0.465887   0.000000   0.000000
 0.467836   0.000000   0.000000
 0.469786   0.000000   0.000000
 0.471735   0.000000   0.000000
 0.473684   0.000000   0.000000
 0.475633   0.000000   0.000000
 0.477583   0.000000   0.000000
 0.479532   0.000000   0.000000
 0.481482   0.000000   0.000000
 0.483431   0.000000   0.000000
 0.485380   0.000000   0.000000
 0.487329   0.000000   0.000000
 0.489279   0.000000   0.000000
 0.491228   0.000000   0.000000
 0.493177   0.000000   0.000000
 0.495127   0.000000   0.000000
 0.497076   0.000000   0.000000
 0.499025   0.000000   0.000000
 0.500975   0.000000   0.000000
 0.502924   0.000000   0.000000
 0.504873   0.000000   0.000000
 0.506823   0.000000   0.000000
 0.508772   0.000000   0.000000
 0.510721   0.000000   0.000000
 0.512671   0.000000   0.000000
 0.514620   0.000000   0.000000
 0.516569   0.000000   0.000000
 0.518518   0.000000   0.000000
 0.520468   0.000000   0.000000
 0.522417   0.000000   0.000000
 0.524366   0.000000   0.000000
 0.526316   0.000000   0.000000
 0.528265   0.000000   0.000000
 0.530214   0.000000   0.000000
 0.532164   0.000000   0.000000
 0.534113   0.000000   0.000000
 0.536062   0.000000   0.000000
 0.538012   0.000000   0.000000
 0.539961   0.000000   0.000000
 0.541910   0.000000   0.000000
 0.543860   0.000000   0.000000
 0.545809   0.000000   0.000000
 0.547758   0.000000   0.000000
 0.549708   0.000000   0.000000
 0.551657   0.000000   0.000000
 0.553606   0.000000   0.000000
 0.555556   0.000000   0.000000
 0.557505   0.000000   0.000000
 0.559454   0.000000   0.000000
 0.561404   0.000000   0.000000
 0.563353   0.000000   0.000000
 0.565302   0.000000   0.000000
 0.567252   0.000000   0.000000
 0.569201   0.000000   0.000000
 0.571150   0.000000   0.000000
 0.573099   0.000000   0.000000
 0.575049   0.000000   0.000000
 0.576998   0.000000   0.000000
 0.578947   0.000000   0.000000
 0.580897   0.000000   0.000000
 0.582846   0.000000   0.000000
 0.584795   0.000000   0.000000
 0.586745   0.000000   0.000000
 0.588694   0.000000   0.000000
 0.590643   0.000000   0.000000
 0.592593   0.000000   0.000000
 0.594542   0.000000   0.000000
 0.596491   0.000000   0.000000
 0.598441   0.000000   0.000000
 0.600390   0.000000   0.000000
 0.602339   0.000000   0.000000
 0.604289   0.000000   0.000000
 0.606238   0.000000   0.000000
 0.608187   0.000000   0.000000
 0.610136   0.000000   0.000000
 0.612086   0.000000   0.000000
 0.614035   0.000000   0.000000
 0.615984   0.000000   0.000000
 0.617934   0.000000   0.000000
 0.619883   0.000000   0.000000
 0.621832   0.000000   0.000000
 0.623782   0.000000   0.000000
 0.625731   0.000000   0.000000
 0.627680   0.000000   0.000000
 0.629630   0.000000   0.000000
 0.631579   0.000000   0.000000
 0.633528   0.000000   0.000000
 0.635478   0.000000   0.000000
 0.637427   0.000000   0.000000
 0.639376   0.000000   0.000000
 0.641325   0.000000   0.000000
 0.643275   0.000000   0.000000
 0.645224   0.000000   0.000000
 0.647173   0.000000   0.000000
 0.649123   0.000000   0.000000
 0.651072   0.000000   0.000000
 0.653021   0.000000   0.000000
 0.654971   0.000000   0.000000
 0.656920   0.000000   0.000000
 0.658869   0.000000   0.000000
 0.660819   0.000000   0.000000
 0.662768   0.000000   0.000000
 0.664717   0.000000   0.000000
 0.666667   0.000000   0.000000
 0.668616   0.000000   0.000000
 0.670565   0.000000   0.000000
 0.672515   0.000000   0.000000
 0.674464   0.000000   0.000000
 0.676413   0.000000   0.000000
 0.678363   0.000000   0.000000
 0.680312   0.000000   0.000000
 0.682261   0.000000   0.000000
 0.684211   0.000000   0.000000
 0.686160   0.000000   0.000000
 0.688109   0.000000   0.000000
 0.690059   0.000000   0.000000
 0.692008   0.000000   0.000000
 0.693957   0.000000   0.000000
 0.695906   0.000000   0.000000
 0.697856   0.000000   0.000000
 0.699805   0.000000   0.000000
 0.701754   0.000000   0.000000
 0.703704   0.000000   0.000000
 0.705653   0.000000   0.000000
 0.707602   0.000000   0.000000
 0.709552   0.000000   0.000000
 0.711501   0.000000   0.000000
 0.713450   0.000000   0.000000
 0.715400   0.000000   0.000000
 0.717349   0.000000   0.000000
 0.719298   0.000000   0.000000
 0.721248   0.000000   0.000000
 0.723197   0.000000   0.000000
 0.725146   0.000000   0.000000
 0.727096   0.000000   0.000000
 0.729045   0.000000   0.000000
 0.730994   0.000000   0.000000
 0.732943   0.000000   0.000000
 0.734893   0.000000   0.000000
 0.736842   0.000000   0.000000
 0.738791   0.000000   0.000000
 0.740741   0.000000   0.000000
 0.742690   0.000000   0.000000
 0.744639   0.000000   0.000000
 0.746589   0.000000   0.000000
 0.748538   0.000000   0.000000
 0.750487   0.000000   0.000000
 0.752437   0.000000   0.000000
 0.754386   0.000000   0.000000
 0.756335   0.000000   0.000000
 0.758285   0.000000   0.000000
 0.760234   0.000000   0.000000
 0.762183   0.000000   0.000000
 0.764133   0.000000   0.000000
 0.766082   0.000000   0.000000
 0.768031   0.000000   0.000000
 0.769980   0.000000   0.000000
 0.771930   0.000000   0.000000
 0.773879   0.000000   0.000000
 0.775829   0.000000   0.000000
 0.777778   0.000000   0.000000
 0.779727   0.000000   0.000000
 0.781676   0.000000   0.000000
 0.783626   0.000000   0.000000
 0.785575   0.000000   0.000000
 0.787524   0.000000   0.000000
 0.789474   0.000000   0.000000
 0.791423   0.000000   0.000000
 0.793372   0.000000   0.000000
 0.795322   0.000000   0.000000
 0.797271   0.000000   0.000000
 0.799220   0.000000   0.000000
 0.801170   0.000000   0.000000
 0.803119   0.000000   0.000000
 0.805068   0.000000   0.000000
 0.807018   0.000000   0.000000
 0.808967   0.000000   0.000000
 0.810916   0.000000   0.000000
 0.812866   0.000000   0.000000
 0.814815   0.000000   0.000000
 0.816764   0.000000   0.000000
 0.818713   0.000000   0.000000
 0.820663   0.000000   0.000000
 0.822612   0.000000   0.000000
 0.824561   0.000000   0.000000
 0.826511   0.000000   0.000000
 0.828460   0.000000   0.000000
 0.830409   0.000000   0.000000
 0.832359   0.000000   0.000000
 0.834308   0.000000   0.000000
 0.836257   0.000000   0.000000
 0.838207   0.000000   0.000000
 0.840156   0.000000   0.000000
 0.842105   0.000000   0.000000
 0.844055   0.000000   0.000000
 0.846004   0.000000   0.000000
 0.847953   0.000000   0.000000
 0.849903   0.000000   0.000000
 0.851852   0.000000   0.000000
 0.853801   0.000000   0.000000
 0.855750   0.000000   0.000000
 0.857700   0.000000   0.000000
 0.859649   0.000000   0.000000
 0.861598   0.000000   0.000000
 0.863548   0.000000   0.000000
 0.865497   0.000000   0.000000
 0.867446   0.000000   0.000000
 0.869396   0.000000   0.000000
 0.871345   0.000000   0.000000
 0.873294   0.000000   0.000000
 0.875244   0.000000   0.000000
 0.877193   0.000000   0.000000
 0.879142   0.000000   0.000000
 0.881092   0.000000   0.000000
 0.883041   0.000000   0.000000
 0.884990   0.000000   0.000000
 0.886940   0.000000   0.000000
 0.888889   0.000000   0.000000
 0.890838   0.000000   0.000000
 0.892787   0.000000   0.000000
 0.894737   0.000000   0.000000
 0.896686   0.000000   0.000000
 0.898636   0.000000   0.000000
 0.900585   0.000000   0.000000
 0.902534   0.000000   0.000000
 0.904483   0.000000   0.000000
 0.906433   0.000000   0.000000
 0.908382   0.000000   0.000000
 0.910331   0.000000   0.000000
 0.912281   0.000000   0.000000
 0.914230   0.000000   0.000000
 0.916179   0.000000   0.000000
 0.918129   0.000000   0.000000
 0.920078   0.000000   0.000000
 0.922027   0.000000   0.000000
 0.923977   0.000000   0.000000
 0.925926   0.000000   0.000000
 0.927875   0.000000   0.000000
 0.929825   0.000000   0.000000
 0.931774   0.000000   0.000000
 0.933723   0.000000   0.000000
 0.935673   0.000000   0.000000
 0.937622   0.000000   0.000000
 0.939571   0.000000   0.000000
 0.941520   0.000000   0.000000
 0.943470   0.000000   0.000000
 0.945419   0.000000   0.000000
 0.947368   0.000000   0.000000
 0.949318   0.000000   0.000000
 0.951267   0.000000   0.000000
 0.953216   0.000000   0.000000
 0.955166   0.000000   0.000000
 0.957115   0.000000   0.000000
 0.959064   0.000000   0.000000
 0.961014   0.000000   0.000000
 0.962963   0.000000   0.000000
 0.964912   0.000000   0.000000
 0.966862   0.000000   0.000000
 0.968811   0.000000   0.000000
 0.970760   0.000000   0.000000
 0.972710   0.000000   0.000000
 0.974659   0.000000   0.000000
 0.976608   0.000000   0.000000
 0.978557   0.000000   0.000000
 0.980507   0.000000   0.000000
 0.982456   0.000000   0.000000
 0.984406   0.000000   0.000000
 0.986355   0.000000   0.000000
 0.988304   0.000000   0.000000
 0.990253   0.000000   0.000000
 0.992203   0.000000   0.000000
 0.994152   0.000000   0.000000
 0.996101   0.000000   0.000000
 0.998051   0.000000   0.000000
 1.000000   0.000000   0.000000
514 psinorm pb(KPa) dpb/dpsiN
 0.000000   0.000000   0.000000
 0.001949   0.000000   0.000000
 0.003899   0.000000   0.000000
 0.005848   0.000000   0.000000
 0.007797   0.000000   0.000000
 0.009747   0.000000   0.000000
 0.011696   0.000000   0.000000
 0.013645   0.000000   0.000000
 0.015595   0.000000   0.000000
 0.017544   0.000000   0.000000
 0.019493   0.000000   0.000000
 0.021442   0.000000   0.000000
 0.023392   0.000000   0.000000
 0.025341   0.000000   0.000000
 0.027290   0.000000   0.000000
 0.029240   0.000000   0.000000
 0.031189   0.000000   0.000000
 0.033138   0.000000   0.000000
 0.035088   0.000000   0.000000
 0.037037   0.000000   0.000000
 0.038986   0.000000   0.000000
 0.040936   0.000000   0.000000
 0.042885   0.000000   0.000000
 0.044834   0.000000   0.000000
 0.046784   0.000000   0.000000
 0.048733   0.000000   0.000000
 0.050682   0.000000   0.000000
 0.052632   0.000000   0.000000
 0.054581   0.000000   0.000000
 0.056530   0.000000   0.000000
 0.058480   0.000000   0.000000
 0.060429   0.000000   0.000000
 0.062378   0.000000   0.000000
 0.064327   0.000000   0.000000
 0.066277   0.000000   0.000000
 0.068226   0.000000   0.000000
 0.070175   0.000000   0.000000
 0.072125   0.000000   0.000000
 0.074074   0.000000   0.000000
 0.076023   0.000000   0.000000
 0.077973   0.000000   0.000000
 0.079922   0.000000   0.000000
 0.081871   0.000000   0.000000
 0.083821   0.000000   0.000000
 0.085770   0.000000   0.000000
 0.087719   0.000000   0.000000
 0.089669   0.000000   0.000000
 0.091618   0.000000   0.000000
 0.093567   0.000000   0.000000
 0.095517   0.000000   0.000000
 0.097466   0.000000   0.000000
 0.099415   0.000000   0.000000
 0.101364   0.000000   0.000000
 0.103314   0.000000   0.000000
 0.105263   0.000000   0.000000
 0.107213   0.000000   0.000000
 0.109162   0.000000   0.000000
 0.111111   0.000000   0.000000
 0.113060   0.000000   0.000000
 0.115010   0.000000   0.000000
 0.116959   0.000000   0.000000
 0.118908   0.000000   0.000000
 0.120858   0.000000   0.000000
 0.122807   0.000000   0.000000
 0.124756   0.000000   0.000000
 0.126706   0.000000   0.000000
 0.128655   0.000000   0.000000
 0.130604   0.000000   0.000000
 0.132554   0.000000   0.000000
 0.134503   0.000000   0.000000
 0.136452   0.000000   0.000000
 0.138402   0.000000   0.000000
 0.140351   0.000000   0.000000
 0.142300   0.000000   0.000000
 0.144250   0.000000   0.000000
 0.146199   0.000000   0.000000
 0.148148   0.000000   0.000000
 0.150097   0.000000   0.000000
 0.152047   0.000000   0.000000
 0.153996   0.000000   0.000000
 0.155945   0.000000   0.000000
 0.157895   0.000000   0.000000
 0.159844   0.000000   0.000000
 0.161793   0.000000   0.000000
 0.163743   0.000000   0.000000
 0.165692   0.000000   0.000000
 0.167641   0.000000   0.000000
 0.169591   0.000000   0.000000
 0.171540   0.000000   0.000000
 0.173489   0.000000   0.000000
 0.175439   0.000000   0.000000
 0.177388   0.000000   0.000000
 0.179337   0.000000   0.000000
 0.181286   0.000000   0.000000
 0.183236   0.000000   0.000000
 0.185185   0.000000   0.000000
 0.187135   0.000000   0.000000
 0.189084   0.000000   0.000000
 0.191033   0.000000   0.000000
 0.192983   0.000000   0.000000
 0.194932   0.000000   0.000000
 0.196881   0.000000   0.000000
 0.198830   0.000000   0.000000
 0.200780   0.000000   0.000000
 0.202729   0.000000   0.000000
 0.204678   0.000000   0.000000
 0.206628   0.000000   0.000000
 0.208577   0.000000   0.000000
 0.210526   0.000000   0.000000
 0.212476   0.000000   0.000000
 0.214425   0.000000   0.000000
 0.216374   0.000000   0.000000
 0.218324   0.000000   0.000000
 0.220273   0.000000   0.000000
 0.222222   0.000000   0.000000
 0.224171   0.000000   0.000000
 0.226121   0.000000   0.000000
 0.228070   0.000000   0.000000
 0.230019   0.000000   0.000000
 0.231969   0.000000   0.000000
 0.233918   0.000000   0.000000
 0.235867   0.000000   0.000000
 0.237817   0.000000   0.000000
 0.239766   0.000000   0.000000
 0.241715   0.000000   0.000000
 0.243665   0.000000   0.000000
 0.245614   0.000000   0.000000
 0.247563   0.000000   0.000000
 0.249513   0.000000   0.000000
 0.251462   0.000000   0.000000
 0.253411   0.000000   0.000000
 0.255361   0.000000   0.000000
 0.257310   0.000000   0.000000
 0.259259   0.000000   0.000000
 0.261209   0.000000   0.000000
 0.263158   0.000000   0.000000
 0.265107   0.000000   0.000000
 0.267056   0.000000   0.000000
 0.269006   0.000000   0.000000
 0.270955   0.000000   0.000000
 0.272904   0.000000   0.000000
 0.274854   0.000000   0.000000
 0.276803   0.000000   0.000000
 0.278752   0.000000   0.000000
 0.280702   0.000000   0.000000
 0.282651   0.000000   0.000000
 0.284600   0.000000   0.000000
 0.286550   0.000000   0.000000
 0.288499   0.000000   0.000000
 0.290448   0.000000   0.000000
 0.292398   0.000000   0.000000
 0.294347   0.000000   0.000000
 0.296296   0.000000   0.000000
 0.298246   0.000000   0.000000
 0.300195   0.000000   0.000000
 0.302144   0.000000   0.000000
 0.304094   0.000000   0.000000
 0.306043   0.000000   0.000000
 0.307992   0.000000   0.000000
 0.309941   0.000000   0.000000
 0.311891   0.000000   0.000000
 0.313840   0.000000   0.000000
 0.315790   0.000000   0.000000
 0.317739   0.000000   0.000000
 0.319688   0.000000   0.000000
 0.321637   0.000000   0.000000
 0.323587   0.000000   0.000000
 0.325536   0.000000   0.000000
 0.327485   0.000000   0.000000
 0.329435   0.000000   0.000000
 0.331384   0.000000   0.000000
 0.333333   0.000000   0.000000
 0.335283   0.000000   0.000000
 0.337232   0.000000   0.000000
 0.339181   0.000000   0.000000
 0.341131   0.000000   0.000000
 0.343080   0.000000   0.000000
 0.345029   0.000000   0.000000
 0.346979   0.000000   0.000000
 0.348928   0.000000   0.000000
 0.350877   0.000000   0.000000
 0.352826   0.000000   0.000000
 0.354776   0.000000   0.000000
 0.356725   0.000000   0.000000
 0.358675   0.000000   0.000000
 0.360624   0.000000   0.000000
 0.362573   0.000000   0.000000
 0.364522   0.000000   0.000000
 0.366472   0.000000   0.000000
 0.368421   0.000000   0.000000
 0.370370   0.000000   0.000000
 0.372320   0.000000   0.000000
 0.374269   0.000000   0.000000
 0.376218   0.000000   0.000000
 0.378168   0.000000   0.000000
 0.380117   0.000000   0.000000
 0.382066   0.000000   0.000000
 0.384016   0.000000   0.000000
 0.385965   0.000000   0.000000
 0.387914   0.000000   0.000000
 0.389863   0.000000   0.000000
 0.391813   0.000000   0.000000
 0.393762   0.000000   0.000000
 0.395711   0.000000   0.000000
 0.397661   0.000000   0.000000
 0.399610   0.000000   0.000000
 0.401560   0.000000   0.000000
 0.403509   0.000000   0.000000
 0.405458   0.000000   0.000000
 0.407407   0.000000   0.000000
 0.409357   0.000000   0.000000
 0.411306   0.000000   0.000000
 0.413255   0.000000   0.000000
 0.415205   0.000000   0.000000
 0.417154   0.000000   0.000000
 0.419103   0.000000   0.000000
 0.421053   0.000000   0.000000
 0.423002   0.000000   0.000000
 0.424951   0.000000   0.000000
 0.426901   0.000000   0.000000
 0.428850   0.000000   0.000000
 0.430799   0.000000   0.000000
 0.432748   0.000000   0.000000
 0.434698   0.000000   0.000000
 0.436647   0.000000   0.000000
 0.438597   0.000000   0.000000
 0.440546   0.000000   0.000000
 0.442495   0.000000   0.000000
 0.444444   0.000000   0.000000
 0.446394   0.000000   0.000000
 0.448343   0.000000   0.000000
 0.450292   0.000000   0.000000
 0.452242   0.000000   0.000000
 0.454191   0.000000   0.000000
 0.456140   0.000000   0.000000
 0.458090   0.000000   0.000000
 0.460039   0.000000   0.000000
 0.461988   0.000000   0.000000
 0.463938   0.000000   0.000000
 0.465887   0.000000   0.000000
 0.467836   0.000000   0.000000
 0.469786   0.000000   0.000000
 0.471735   0.000000   0.000000
 0.473684   0.000000   0.000000
 0.475633   0.000000   0.000000
 0.477583   0.000000   0.000000
 0.479532   0.000000   0.000000
 0.481482   0.000000   0.000000
 0.483431   0.000000   0.000000
 0.485380   0.000000   0.000000
 0.487329   0.000000   0.000000
 0.489279   0.000000   0.000000
 0.491228   0.000000   0.000000
 0.493177   0.000000   0.000000
 0.495127   0.000000   0.000000
 0.497076   0.000000   0.000000
 0.499025   0.000000   0.000000
 0.500975   0.000000   0.000000
 0.502924   0.000000   0.000000
 0.504873   0.000000   0.000000
 0.506823   0.000000   0.000000
 0.508772   0.000000   0.000000
 0.510721   0.000000   0.000000
 0.512671   0.000000   0.000000
 0.514620   0.000000   0.000000
 0.516569   0.000000   0.000000
 0.518518   0.000000   0.000000
 0.520468   0.000000   0.000000
 0.522417   0.000000   0.000000
 0.524366   0.000000   0.000000
 0.526316   0.000000   0.000000
 0.528265   0.000000   0.000000
 0.530214   0.000000   0.000000
 0.532164   0.000000   0.000000
 0.534113   0.000000   0.000000
 0.536062   0.000000   0.000000
 0.538012   0.000000   0.000000
 0.539961   0.000000   0.000000
 0.541910   0.000000   0.000000
 0.543860   0.000000   0.000000
 0.545809   0.000000   0.000000
 0.547758   0.000000   0.000000
 0.549708   0.000000   0.000000
 0.551657   0.000000   0.000000
 0.553606   0.000000   0.000000
 0.555556   0.000000   0.000000
 0.557505   0.000000   0.000000
 0.559454   0.000000   0.000000
 0.561404   0.000000   0.000000
 0.563353   0.000000   0.000000
 0.565302   0.000000   0.000000
 0.567252   0.000000   0.000000
 0.569201   0.000000   0.000000
 0.571150   0.000000   0.000000
 0.573099   0.000000   0.000000
 0.575049   0.000000   0.000000
 0.576998   0.000000   0.000000
 0.578947   0.000000   0.000000
 0.580897   0.000000   0.000000
 0.582846   0.000000   0.000000
 0.584795   0.000000   0.000000
 0.586745   0.000000   0.000000
 0.588694   0.000000   0.000000
 0.590643   0.000000   0.000000
 0.592593   0.000000   0.000000
 0.594542   0.000000   0.000000
 0.596491   0.000000   0.000000
 0.598441   0.000000   0.000000
 0.600390   0.000000   0.000000
 0.602339   0.000000   0.000000
 0.604289   0.000000   0.000000
 0.606238   0.000000   0.000000
 0.608187   0.000000   0.000000
 0.610136   0.000000   0.000000
 0.612086   0.000000   0.000000
 0.614035   0.000000   0.000000
 0.615984   0.000000   0.000000
 0.617934   0.000000   0.000000
 0.619883   0.000000   0.000000
 0.621832   0.000000   0.000000
 0.623782   0.000000   0.000000
 0.625731   0.000000   0.000000
 0.627680   0.000000   0.000000
 0.629630   0.000000   0.000000
 0.631579   0.000000   0.000000
 0.633528   0.000000   0.000000
 0.635478   0.000000   0.000000
 0.637427   0.000000   0.000000
 0.639376   0.000000   0.000000
 0.641325   0.000000   0.000000
 0.643275   0.000000   0.000000
 0.645224   0.000000   0.000000
 0.647173   0.000000   0.000000
 0.649123   0.000000   0.000000
 0.651072   0.000000   0.000000
 0.653021   0.000000   0.000000
 0.654971   0.000000   0.000000
 0.656920   0.000000   0.000000
 0.658869   0.000000   0.000000
 0.660819   0.000000   0.000000
 0.662768   0.000000   0.000000
 0.664717   0.000000   0.000000
 0.666667   0.000000   0.000000
 0.668616   0.000000   0.000000
 0.670565   0.000000   0.000000
 0.672515   0.000000   0.000000
 0.674464   0.000000   0.000000
 0.676413   0.000000   0.000000
 0.678363   0.000000   0.000000
 0.680312   0.000000   0.000000
 0.682261   0.000000   0.000000
 0.684211   0.000000   0.000000
 0.686160   0.000000   0.000000
 0.688109   0.000000   0.000000
 0.690059   0.000000   0.000000
 0.692008   0.000000   0.000000
 0.693957   0.000000   0.000000
 0.695906   0.000000   0.000000
 0.697856   0.000000   0.000000
 0.699805   0.000000   0.000000
 0.701754   0.000000   0.000000
 0.703704   0.000000   0.000000
 0.705653   0.000000   0.000000
 0.707602   0.000000   0.000000
 0.709552   0.000000   0.000000
 0.711501   0.000000   0.000000
 0.713450   0.000000   0.000000
 0.715400   0.000000   0.000000
 0.717349   0.000000   0.000000
 0.719298   0.000000   0.000000
 0.721248   0.000000   0.000000
 0.723197   0.000000   0.000000
 0.725146   0.000000   0.000000
 0.727096   0.000000   0.000000
 0.729045   0.000000   0.000000
 0.730994   0.000000   0.000000
 0.732943   0.000000   0.000000
 0.734893   0.000000   0.000000
 0.736842   0.000000   0.000000
 0.738791   0.000000   0.000000
 0.740741   0.000000   0.000000
 0.742690   0.000000   0.000000
 0.744639   0.000000   0.000000
 0.746589   0.000000   0.000000
 0.748538   0.000000   0.000000
 0.750487   0.000000   0.000000
 0.752437   0.000000   0.000000
 0.754386   0.000000   0.000000
 0.756335   0.000000   0.000000
 0.758285   0.000000   0.000000
 0.760234   0.000000   0.000000
 0.762183   0.000000   0.000000
 0.764133   0.000000   0.000000
 0.766082   0.000000   0.000000
 0.768031   0.000000   0.000000
 0.769980   0.000000   0.000000
 0.771930   0.000000   0.000000
 0.773879   0.000000   0.000000
 0.775829   0.000000   0.000000
 0.777778   0.000000   0.000000
 0.779727   0.000000   0.000000
 0.781676   0.000000   0.000000
 0.783626   0.000000   0.000000
 0.785575   0.000000   0.000000
 0.787524   0.000000   0.000000
 0.789474   0.000000   0.000000
 0.791423   0.000000   0.000000
 0.793372   0.000000   0.000000
 0.795322   0.000000   0.000000
 0.797271   0.000000   0.000000
 0.799220   0.000000   0.000000
 0.801170   0.000000   0.000000
 0.803119   0.000000   0.000000
 0.805068   0.000000   0.000000
 0.807018   0.000000   0.000000
 0.808967   0.000000   0.000000
 0.810916   0.000000   0.000000
 0.812866   0.000000   0.000000
 0.814815   0.000000   0.000000
 0.816764   0.000000   0.000000
 0.818713   0.000000   0.000000
 0.820663   0.000000   0.000000
 0.822612   0.000000   0.000000
 0.824561   0.000000   0.000000
 0.826511   0.000000   0.000000
 0.828460   0.000000   0.000000
 0.830409   0.000000   0.000000
 0.832359   0.000000   0.000000
 0.834308   0.000000   0.000000
 0.836257   0.000000   0.000000
 0.838207   0.000000   0.000000
 0.840156   0.000000   0.000000
 0.842105   0.000000   0.000000
 0.844055   0.000000   0.000000
 0.846004   0.000000   0.000000
 0.847953   0.000000   0.000000
 0.849903   0.000000   0.000000
 0.851852   0.000000   0.000000
 0.853801   0.000000   0.000000
 0.855750   0.000000   0.000000
 0.857700   0.000000   0.000000
 0.859649   0.000000   0.000000
 0.861598   0.000000   0.000000
 0.863548   0.000000   0.000000
 0.865497   0.000000   0.000000
 0.867446   0.000000   0.000000
 0.869396   0.000000   0.000000
 0.871345   0.000000   0.000000
 0.873294   0.000000   0.000000
 0.875244   0.000000   0.000000
 0.877193   0.000000   0.000000
 0.879142   0.000000   0.000000
 0.881092   0.000000   0.000000
 0.883041   0.000000   0.000000
 0.884990   0.000000   0.000000
 0.886940   0.000000   0.000000
 0.888889   0.000000   0.000000
 0.890838   0.000000   0.000000
 0.892787   0.000000   0.000000
 0.894737   0.000000   0.000000
 0.896686   0.000000   0.000000
 0.898636   0.000000   0.000000
 0.900585   0.000000   0.000000
 0.902534   0.000000   0.000000
 0.904483   0.000000   0.000000
 0.906433   0.000000   0.000000
 0.908382   0.000000   0.000000
 0.910331   0.000000   0.000000
 0.912281   0.000000   0.000000
 0.914230   0.000000   0.000000
 0.916179   0.000000   0.000000
 0.918129   0.000000   0.000000
 0.920078   0.000000   0.000000
 0.922027   0.000000   0.000000
 0.923977   0.000000   0.000000
 0.925926   0.000000   0.000000
 0.927875   0.000000   0.000000
 0.929825   0.000000   0.000000
 0.931774   0.000000   0.000000
 0.933723   0.000000   0.000000
 0.935673   0.000000   0.000000
 0.937622   0.000000   0.000000
 0.939571   0.000000   0.000000
 0.941520   0.000000   0.000000
 0.943470   0.000000   0.000000
 0.945419   0.000000   0.000000
 0.947368   0.000000   0.000000
 0.949318   0.000000   0.000000
 0.951267   0.000000   0.000000
 0.953216   0.000000   0.000000
 0.955166   0.000000   0.000000
 0.957115   0.000000   0.000000
 0.959064   0.000000   0.000000
 0.961014   0.000000   0.000000
 0.962963   0.000000   0.000000
 0.964912   0.000000   0.000000
 0.966862   0.000000   0.000000
 0.968811   0.000000   0.000000
 0.970760   0.000000   0.000000
 0.972710   0.000000   0.000000
 0.974659   0.000000   0.000000
 0.976608   0.000000   0.000000
 0.978557   0.000000   0.000000
 0.980507   0.000000   0.000000
 0.982456   0.000000   0.000000
 0.984406   0.000000   0.000000
 0.986355   0.000000   0.000000
 0.988304   0.000000   0.000000
 0.990253   0.000000   0.000000
 0.992203   0.000000   0.000000
 0.994152   0.000000   0.000000
 0.996101   0.000000   0.000000
 0.998051   0.000000   0.000000
 1.000000   0.000000   0.000000
514 psinorm vtor1(km/s) dvtor1/dpsiN
 0.000000   0.000000   0.000000
 0.001949   0.000000   0.000000
 0.003899   0.000000   0.000000
 0.005848   0.000000   0.000000
 0.007797   0.000000   0.000000
 0.009747   0.000000   0.000000
 0.011696   0.000000   0.000000
 0.013645   0.000000   0.000000
 0.015595   0.000000   0.000000
 0.017544   0.000000   0.000000
 0.019493   0.000000   0.000000
 0.021442   0.000000   0.000000
 0.023392   0.000000   0.000000
 0.025341   0.000000   0.000000
 0.027290   0.000000   0.000000
 0.029240   0.000000   0.000000
 0.031189   0.000000   0.000000
 0.033138   0.000000   0.000000
 0.035088   0.000000   0.000000
 0.037037   0.000000   0.000000
 0.038986   0.000000   0.000000
 0.040936   0.000000   0.000000
 0.042885   0.000000   0.000000
 0.044834   0.000000   0.000000
 0.046784   0.000000   0.000000
 0.048733   0.000000   0.000000
 0.050682   0.000000   0.000000
 0.052632   0.000000   0.000000
 0.054581   0.000000   0.000000
 0.056530   0.000000   0.000000
 0.058480   0.000000   0.000000
 0.060429   0.000000   0.000000
 0.062378   0.000000   0.000000
 0.064327   0.000000   0.000000
 0.066277   0.000000   0.000000
 0.068226   0.000000   0.000000
 0.070175   0.000000   0.000000
 0.072125   0.000000   0.000000
 0.074074   0.000000   0.000000
 0.076023   0.000000   0.000000
 0.077973   0.000000   0.000000
 0.079922   0.000000   0.000000
 0.081871   0.000000   0.000000
 0.083821   0.000000   0.000000
 0.085770   0.000000   0.000000
 0.087719   0.000000   0.000000
 0.089669   0.000000   0.000000
 0.091618   0.000000   0.000000
 0.093567   0.000000   0.000000
 0.095517   0.000000   0.000000
 0.097466   0.000000   0.000000
 0.099415   0.000000   0.000000
 0.101364   0.000000   0.000000
 0.103314   0.000000   0.000000
 0.105263   0.000000   0.000000
 0.107213   0.000000   0.000000
 0.109162   0.000000   0.000000
 0.111111   0.000000   0.000000
 0.113060   0.000000   0.000000
 0.115010   0.000000   0.000000
 0.116959   0.000000   0.000000
 0.118908   0.000000   0.000000
 0.120858   0.000000   0.000000
 0.122807   0.000000   0.000000
 0.124756   0.000000   0.000000
 0.126706   0.000000   0.000000
 0.128655   0.000000   0.000000
 0.130604   0.000000   0.000000
 0.132554   0.000000   0.000000
 0.134503   0.000000   0.000000
 0.136452   0.000000   0.000000
 0.138402   0.000000   0.000000
 0.140351   0.000000   0.000000
 0.142300   0.000000   0.000000
 0.144250   0.000000   0.000000
 0.146199   0.000000   0.000000
 0.148148   0.000000   0.000000
 0.150097   0.000000   0.000000
 0.152047   0.000000   0.000000
 0.153996   0.000000   0.000000
 0.155945   0.000000   0.000000
 0.157895   0.000000   0.000000
 0.159844   0.000000   0.000000
 0.161793   0.000000   0.000000
 0.163743   0.000000   0.000000
 0.165692   0.000000   0.000000
 0.167641   0.000000   0.000000
 0.169591   0.000000   0.000000
 0.171540   0.000000   0.000000
 0.173489   0.000000   0.000000
 0.175439   0.000000   0.000000
 0.177388   0.000000   0.000000
 0.179337   0.000000   0.000000
 0.181286   0.000000   0.000000
 0.183236   0.000000   0.000000
 0.185185   0.000000   0.000000
 0.187135   0.000000   0.000000
 0.189084   0.000000   0.000000
 0.191033   0.000000   0.000000
 0.192983   0.000000   0.000000
 0.194932   0.000000   0.000000
 0.196881   0.000000   0.000000
 0.198830   0.000000   0.000000
 0.200780   0.000000   0.000000
 0.202729   0.000000   0.000000
 0.204678   0.000000   0.000000
 0.206628   0.000000   0.000000
 0.208577   0.000000   0.000000
 0.210526   0.000000   0.000000
 0.212476   0.000000   0.000000
 0.214425   0.000000   0.000000
 0.216374   0.000000   0.000000
 0.218324   0.000000   0.000000
 0.220273   0.000000   0.000000
 0.222222   0.000000   0.000000
 0.224171   0.000000   0.000000
 0.226121   0.000000   0.000000
 0.228070   0.000000   0.000000
 0.230019   0.000000   0.000000
 0.231969   0.000000   0.000000
 0.233918   0.000000   0.000000
 0.235867   0.000000   0.000000
 0.237817   0.000000   0.000000
 0.239766   0.000000   0.000000
 0.241715   0.000000   0.000000
 0.243665   0.000000   0.000000
 0.245614   0.000000   0.000000
 0.247563   0.000000   0.000000
 0.249513   0.000000   0.000000
 0.251462   0.000000   0.000000
 0.253411   0.000000   0.000000
 0.255361   0.000000   0.000000
 0.257310   0.000000   0.000000
 0.259259   0.000000   0.000000
 0.261209   0.000000   0.000000
 0.263158   0.000000   0.000000
 0.265107   0.000000   0.000000
 0.267056   0.000000   0.000000
 0.269006   0.000000   0.000000
 0.270955   0.000000   0.000000
 0.272904   0.000000   0.000000
 0.274854   0.000000   0.000000
 0.276803   0.000000   0.000000
 0.278752   0.000000   0.000000
 0.280702   0.000000   0.000000
 0.282651   0.000000   0.000000
 0.284600   0.000000   0.000000
 0.286550   0.000000   0.000000
 0.288499   0.000000   0.000000
 0.290448   0.000000   0.000000
 0.292398   0.000000   0.000000
 0.294347   0.000000   0.000000
 0.296296   0.000000   0.000000
 0.298246   0.000000   0.000000
 0.300195   0.000000   0.000000
 0.302144   0.000000   0.000000
 0.304094   0.000000   0.000000
 0.306043   0.000000   0.000000
 0.307992   0.000000   0.000000
 0.309941   0.000000   0.000000
 0.311891   0.000000   0.000000
 0.313840   0.000000   0.000000
 0.315790   0.000000   0.000000
 0.317739   0.000000   0.000000
 0.319688   0.000000   0.000000
 0.321637   0.000000   0.000000
 0.323587   0.000000   0.000000
 0.325536   0.000000   0.000000
 0.327485   0.000000   0.000000
 0.329435   0.000000   0.000000
 0.331384   0.000000   0.000000
 0.333333   0.000000   0.000000
 0.335283   0.000000   0.000000
 0.337232   0.000000   0.000000
 0.339181   0.000000   0.000000
 0.341131   0.000000   0.000000
 0.343080   0.000000   0.000000
 0.345029   0.000000   0.000000
 0.346979   0.000000   0.000000
 0.348928   0.000000   0.000000
 0.350877   0.000000   0.000000
 0.352826   0.000000   0.000000
 0.354776   0.000000   0.000000
 0.356725   0.000000   0.000000
 0.358675   0.000000   0.000000
 0.360624   0.000000   0.000000
 0.362573   0.000000   0.000000
 0.364522   0.000000   0.000000
 0.366472   0.000000   0.000000
 0.368421   0.000000   0.000000
 0.370370   0.000000   0.000000
 0.372320   0.000000   0.000000
 0.374269   0.000000   0.000000
 0.376218   0.000000   0.000000
 0.378168   0.000000   0.000000
 0.380117   0.000000   0.000000
 0.382066   0.000000   0.000000
 0.384016   0.000000   0.000000
 0.385965   0.000000   0.000000
 0.387914   0.000000   0.000000
 0.389863   0.000000   0.000000
 0.391813   0.000000   0.000000
 0.393762   0.000000   0.000000
 0.395711   0.000000   0.000000
 0.397661   0.000000   0.000000
 0.399610   0.000000   0.000000
 0.401560   0.000000   0.000000
 0.403509   0.000000   0.000000
 0.405458   0.000000   0.000000
 0.407407   0.000000   0.000000
 0.409357   0.000000   0.000000
 0.411306   0.000000   0.000000
 0.413255   0.000000   0.000000
 0.415205   0.000000   0.000000
 0.417154   0.000000   0.000000
 0.419103   0.000000   0.000000
 0.421053   0.000000   0.000000
 0.423002   0.000000   0.000000
 0.424951   0.000000   0.000000
 0.426901   0.000000   0.000000
 0.428850   0.000000   0.000000
 0.430799   0.000000   0.000000
 0.432748   0.000000   0.000000
 0.434698   0.000000   0.000000
 0.436647   0.000000   0.000000
 0.438597   0.000000   0.000000
 0.440546   0.000000   0.000000
 0.442495   0.000000   0.000000
 0.444444   0.000000   0.000000
 0.446394   0.000000   0.000000
 0.448343   0.000000   0.000000
 0.450292   0.000000   0.000000
 0.452242   0.000000   0.000000
 0.454191   0.000000   0.000000
 0.456140   0.000000   0.000000
 0.458090   0.000000   0.000000
 0.460039   0.000000   0.000000
 0.461988   0.000000   0.000000
 0.463938   0.000000   0.000000
 0.465887   0.000000   0.000000
 0.467836   0.000000   0.000000
 0.469786   0.000000   0.000000
 0.471735   0.000000   0.000000
 0.473684   0.000000   0.000000
 0.475633   0.000000   0.000000
 0.477583   0.000000   0.000000
 0.479532   0.000000   0.000000
 0.481482   0.000000   0.000000
 0.483431   0.000000   0.000000
 0.485380   0.000000   0.000000
 0.487329   0.000000   0.000000
 0.489279   0.000000   0.000000
 0.491228   0.000000   0.000000
 0.493177   0.000000   0.000000
 0.495127   0.000000   0.000000
 0.497076   0.000000   0.000000
 0.499025   0.000000   0.000000
 0.500975   0.000000   0.000000
 0.502924   0.000000   0.000000
 0.504873   0.000000   0.000000
 0.506823   0.000000   0.000000
 0.508772   0.000000   0.000000
 0.510721   0.000000   0.000000
 0.512671   0.000000   0.000000
 0.514620   0.000000   0.000000
 0.516569   0.000000   0.000000
 0.518518   0.000000   0.000000
 0.520468   0.000000   0.000000
 0.522417   0.000000   0.000000
 0.524366   0.000000   0.000000
 0.526316   0.000000   0.000000
 0.528265   0.000000   0.000000
 0.530214   0.000000   0.000000
 0.532164   0.000000   0.000000
 0.534113   0.000000   0.000000
 0.536062   0.000000   0.000000
 0.538012   0.000000   0.000000
 0.539961   0.000000   0.000000
 0.541910   0.000000   0.000000
 0.543860   0.000000   0.000000
 0.545809   0.000000   0.000000
 0.547758   0.000000   0.000000
 0.549708   0.000000   0.000000
 0.551657   0.000000   0.000000
 0.553606   0.000000   0.000000
 0.555556   0.000000   0.000000
 0.557505   0.000000   0.000000
 0.559454   0.000000   0.000000
 0.561404   0.000000   0.000000
 0.563353   0.000000   0.000000
 0.565302   0.000000   0.000000
 0.567252   0.000000   0.000000
 0.569201   0.000000   0.000000
 0.571150   0.000000   0.000000
 0.573099   0.000000   0.000000
 0.575049   0.000000   0.000000
 0.576998   0.000000   0.000000
 0.578947   0.000000   0.000000
 0.580897   0.000000   0.000000
 0.582846   0.000000   0.000000
 0.584795   0.000000   0.000000
 0.586745   0.000000   0.000000
 0.588694   0.000000   0.000000
 0.590643   0.000000   0.000000
 0.592593   0.000000   0.000000
 0.594542   0.000000   0.000000
 0.596491   0.000000   0.000000
 0.598441   0.000000   0.000000
 0.600390   0.000000   0.000000
 0.602339   0.000000   0.000000
 0.604289   0.000000   0.000000
 0.606238   0.000000   0.000000
 0.608187   0.000000   0.000000
 0.610136   0.000000   0.000000
 0.612086   0.000000   0.000000
 0.614035   0.000000   0.000000
 0.615984   0.000000   0.000000
 0.617934   0.000000   0.000000
 0.619883   0.000000   0.000000
 0.621832   0.000000   0.000000
 0.623782   0.000000   0.000000
 0.625731   0.000000   0.000000
 0.627680   0.000000   0.000000
 0.629630   0.000000   0.000000
 0.631579   0.000000   0.000000
 0.633528   0.000000   0.000000
 0.635478   0.000000   0.000000
 0.637427   0.000000   0.000000
 0.639376   0.000000   0.000000
 0.641325   0.000000   0.000000
 0.643275   0.000000   0.000000
 0.645224   0.000000   0.000000
 0.647173   0.000000   0.000000
 0.649123   0.000000   0.000000
 0.651072   0.000000   0.000000
 0.653021   0.000000   0.000000
 0.654971   0.000000   0.000000
 0.656920   0.000000   0.000000
 0.658869   0.000000   0.000000
 0.660819   0.000000   0.000000
 0.662768   0.000000   0.000000
 0.664717   0.000000   0.000000
 0.666667   0.000000   0.000000
 0.668616   0.000000   0.000000
 0.670565   0.000000   0.000000
 0.672515   0.000000   0.000000
 0.674464   0.000000   0.000000
 0.676413   0.000000   0.000000
 0.678363   0.000000   0.000000
 0.680312   0.000000   0.000000
 0.682261   0.000000   0.000000
 0.684211   0.000000   0.000000
 0.686160   0.000000   0.000000
 0.688109   0.000000   0.000000
 0.690059   0.000000   0.000000
 0.692008   0.000000   0.000000
 0.693957   0.000000   0.000000
 0.695906   0.000000   0.000000
 0.697856   0.000000   0.000000
 0.699805   0.000000   0.000000
 0.701754   0.000000   0.000000
 0.703704   0.000000   0.000000
 0.705653   0.000000   0.000000
 0.707602   0.000000   0.000000
 0.709552   0.000000   0.000000
 0.711501   0.000000   0.000000
 0.713450   0.000000   0.000000
 0.715400   0.000000   0.000000
 0.717349   0.000000   0.000000
 0.719298   0.000000   0.000000
 0.721248   0.000000   0.000000
 0.723197   0.000000   0.000000
 0.725146   0.000000   0.000000
 0.727096   0.000000   0.000000
 0.729045   0.000000   0.000000
 0.730994   0.000000   0.000000
 0.732943   0.000000   0.000000
 0.734893   0.000000   0.000000
 0.736842   0.000000   0.000000
 0.738791   0.000000   0.000000
 0.740741   0.000000   0.000000
 0.742690   0.000000   0.000000
 0.744639   0.000000   0.000000
 0.746589   0.000000   0.000000
 0.748538   0.000000   0.000000
 0.750487   0.000000   0.000000
 0.752437   0.000000   0.000000
 0.754386   0.000000   0.000000
 0.756335   0.000000   0.000000
 0.758285   0.000000   0.000000
 0.760234   0.000000   0.000000
 0.762183   0.000000   0.000000
 0.764133   0.000000   0.000000
 0.766082   0.000000   0.000000
 0.768031   0.000000   0.000000
 0.769980   0.000000   0.000000
 0.771930   0.000000   0.000000
 0.773879   0.000000   0.000000
 0.775829   0.000000   0.000000
 0.777778   0.000000   0.000000
 0.779727   0.000000   0.000000
 0.781676   0.000000   0.000000
 0.783626   0.000000   0.000000
 0.785575   0.000000   0.000000
 0.787524   0.000000   0.000000
 0.789474   0.000000   0.000000
 0.791423   0.000000   0.000000
 0.793372   0.000000   0.000000
 0.795322   0.000000   0.000000
 0.797271   0.000000   0.000000
 0.799220   0.000000   0.000000
 0.801170   0.000000   0.000000
 0.803119   0.000000   0.000000
 0.805068   0.000000   0.000000
 0.807018   0.000000   0.000000
 0.808967   0.000000   0.000000
 0.810916   0.000000   0.000000
 0.812866   0.000000   0.000000
 0.814815   0.000000   0.000000
 0.816764   0.000000   0.000000
 0.818713   0.000000   0.000000
 0.820663   0.000000   0.000000
 0.822612   0.000000   0.000000
 0.824561   0.000000   0.000000
 0.826511   0.000000   0.000000
 0.828460   0.000000   0.000000
 0.830409   0.000000   0.000000
 0.832359   0.000000   0.000000
 0.834308   0.000000   0.000000
 0.836257   0.000000   0.000000
 0.838207   0.000000   0.000000
 0.840156   0.000000   0.000000
 0.842105   0.000000   0.000000
 0.844055   0.000000   0.000000
 0.846004   0.000000   0.000000
 0.847953   0.000000   0.000000
 0.849903   0.000000   0.000000
 0.851852   0.000000   0.000000
 0.853801   0.000000   0.000000
 0.855750   0.000000   0.000000
 0.857700   0.000000   0.000000
 0.859649   0.000000   0.000000
 0.861598   0.000000   0.000000
 0.863548   0.000000   0.000000
 0.865497   0.000000   0.000000
 0.867446   0.000000   0.000000
 0.869396   0.000000   0.000000
 0.871345   0.000000   0.000000
 0.873294   0.000000   0.000000
 0.875244   0.000000   0.000000
 0.877193   0.000000   0.000000
 0.879142   0.000000   0.000000
 0.881092   0.000000   0.000000
 0.883041   0.000000   0.000000
 0.884990   0.000000   0.000000
 0.886940   0.000000   0.000000
 0.888889   0.000000   0.000000
 0.890838   0.000000   0.000000
 0.892787   0.000000   0.000000
 0.894737   0.000000   0.000000
 0.896686   0.000000   0.000000
 0.898636   0.000000   0.000000
 0.900585   0.000000   0.000000
 0.902534   0.000000   0.000000
 0.904483   0.000000   0.000000
 0.906433   0.000000   0.000000
 0.908382   0.000000   0.000000
 0.910331   0.000000   0.000000
 0.912281   0.000000   0.000000
 0.914230   0.000000   0.000000
 0.916179   0.000000   0.000000
 0.918129   0.000000   0.000000
 0.920078   0.000000   0.000000
 0.922027   0.000000   0.000000
 0.923977   0.000000   0.000000
 0.925926   0.000000   0.000000
 0.927875   0.000000   0.000000
 0.929825   0.000000   0.000000
 0.931774   0.000000   0.000000
 0.933723   0.000000   0.000000
 0.935673   0.000000   0.000000
 0.937622   0.000000   0.000000
 0.939571   0.000000   0.000000
 0.941520   0.000000   0.000000
 0.943470   0.000000   0.000000
 0.945419   0.000000   0.000000
 0.947368   0.000000   0.000000
 0.949318   0.000000   0.000000
 0.951267   0.000000   0.000000
 0.953216   0.000000   0.000000
 0.955166   0.000000   0.000000
 0.957115   0.000000   0.000000
 0.959064   0.000000   0.000000
 0.961014   0.000000   0.000000
 0.962963   0.000000   0.000000
 0.964912   0.000000   0.000000
 0.966862   0.000000   0.000000
 0.968811   0.000000   0.000000
 0.970760   0.000000   0.000000
 0.972710   0.000000   0.000000
 0.974659   0.000000   0.000000
 0.976608   0.000000   0.000000
 0.978557   0.000000   0.000000
 0.980507   0.000000   0.000000
 0.982456   0.000000   0.000000
 0.984406   0.000000   0.000000
 0.986355   0.000000   0.000000
 0.988304   0.000000   0.000000
 0.990253   0.000000   0.000000
 0.992203   0.000000   0.000000
 0.994152   0.000000   0.000000
 0.996101   0.000000   0.000000
 0.998051   0.000000   0.000000
 1.000000   0.000000   0.000000
514 psinorm vpol1(km/s) dvpol1/dpsiN
 0.000000   0.000000   0.000000
 0.001949   0.000000   0.000000
 0.003899   0.000000   0.000000
 0.005848   0.000000   0.000000
 0.007797   0.000000   0.000000
 0.009747   0.000000   0.000000
 0.011696   0.000000   0.000000
 0.013645   0.000000   0.000000
 0.015595   0.000000   0.000000
 0.017544   0.000000   0.000000
 0.019493   0.000000   0.000000
 0.021442   0.000000   0.000000
 0.023392   0.000000   0.000000
 0.025341   0.000000   0.000000
 0.027290   0.000000   0.000000
 0.029240   0.000000   0.000000
 0.031189   0.000000   0.000000
 0.033138   0.000000   0.000000
 0.035088   0.000000   0.000000
 0.037037   0.000000   0.000000
 0.038986   0.000000   0.000000
 0.040936   0.000000   0.000000
 0.042885   0.000000   0.000000
 0.044834   0.000000   0.000000
 0.046784   0.000000   0.000000
 0.048733   0.000000   0.000000
 0.050682   0.000000   0.000000
 0.052632   0.000000   0.000000
 0.054581   0.000000   0.000000
 0.056530   0.000000   0.000000
 0.058480   0.000000   0.000000
 0.060429   0.000000   0.000000
 0.062378   0.000000   0.000000
 0.064327   0.000000   0.000000
 0.066277   0.000000   0.000000
 0.068226   0.000000   0.000000
 0.070175   0.000000   0.000000
 0.072125   0.000000   0.000000
 0.074074   0.000000   0.000000
 0.076023   0.000000   0.000000
 0.077973   0.000000   0.000000
 0.079922   0.000000   0.000000
 0.081871   0.000000   0.000000
 0.083821   0.000000   0.000000
 0.085770   0.000000   0.000000
 0.087719   0.000000   0.000000
 0.089669   0.000000   0.000000
 0.091618   0.000000   0.000000
 0.093567   0.000000   0.000000
 0.095517   0.000000   0.000000
 0.097466   0.000000   0.000000
 0.099415   0.000000   0.000000
 0.101364   0.000000   0.000000
 0.103314   0.000000   0.000000
 0.105263   0.000000   0.000000
 0.107213   0.000000   0.000000
 0.109162   0.000000   0.000000
 0.111111   0.000000   0.000000
 0.113060   0.000000   0.000000
 0.115010   0.000000   0.000000
 0.116959   0.000000   0.000000
 0.118908   0.000000   0.000000
 0.120858   0.000000   0.000000
 0.122807   0.000000   0.000000
 0.124756   0.000000   0.000000
 0.126706   0.000000   0.000000
 0.128655   0.000000   0.000000
 0.130604   0.000000   0.000000
 0.132554   0.000000   0.000000
 0.134503   0.000000   0.000000
 0.136452   0.000000   0.000000
 0.138402   0.000000   0.000000
 0.140351   0.000000   0.000000
 0.142300   0.000000   0.000000
 0.144250   0.000000   0.000000
 0.146199   0.000000   0.000000
 0.148148   0.000000   0.000000
 0.150097   0.000000   0.000000
 0.152047   0.000000   0.000000
 0.153996   0.000000   0.000000
 0.155945   0.000000   0.000000
 0.157895   0.000000   0.000000
 0.159844   0.000000   0.000000
 0.161793   0.000000   0.000000
 0.163743   0.000000   0.000000
 0.165692   0.000000   0.000000
 0.167641   0.000000   0.000000
 0.169591   0.000000   0.000000
 0.171540   0.000000   0.000000
 0.173489   0.000000   0.000000
 0.175439   0.000000   0.000000
 0.177388   0.000000   0.000000
 0.179337   0.000000   0.000000
 0.181286   0.000000   0.000000
 0.183236   0.000000   0.000000
 0.185185   0.000000   0.000000
 0.187135   0.000000   0.000000
 0.189084   0.000000   0.000000
 0.191033   0.000000   0.000000
 0.192983   0.000000   0.000000
 0.194932   0.000000   0.000000
 0.196881   0.000000   0.000000
 0.198830   0.000000   0.000000
 0.200780   0.000000   0.000000
 0.202729   0.000000   0.000000
 0.204678   0.000000   0.000000
 0.206628   0.000000   0.000000
 0.208577   0.000000   0.000000
 0.210526   0.000000   0.000000
 0.212476   0.000000   0.000000
 0.214425   0.000000   0.000000
 0.216374   0.000000   0.000000
 0.218324   0.000000   0.000000
 0.220273   0.000000   0.000000
 0.222222   0.000000   0.000000
 0.224171   0.000000   0.000000
 0.226121   0.000000   0.000000
 0.228070   0.000000   0.000000
 0.230019   0.000000   0.000000
 0.231969   0.000000   0.000000
 0.233918   0.000000   0.000000
 0.235867   0.000000   0.000000
 0.237817   0.000000   0.000000
 0.239766   0.000000   0.000000
 0.241715   0.000000   0.000000
 0.243665   0.000000   0.000000
 0.245614   0.000000   0.000000
 0.247563   0.000000   0.000000
 0.249513   0.000000   0.000000
 0.251462   0.000000   0.000000
 0.253411   0.000000   0.000000
 0.255361   0.000000   0.000000
 0.257310   0.000000   0.000000
 0.259259   0.000000   0.000000
 0.261209   0.000000   0.000000
 0.263158   0.000000   0.000000
 0.265107   0.000000   0.000000
 0.267056   0.000000   0.000000
 0.269006   0.000000   0.000000
 0.270955   0.000000   0.000000
 0.272904   0.000000   0.000000
 0.274854   0.000000   0.000000
 0.276803   0.000000   0.000000
 0.278752   0.000000   0.000000
 0.280702   0.000000   0.000000
 0.282651   0.000000   0.000000
 0.284600   0.000000   0.000000
 0.286550   0.000000   0.000000
 0.288499   0.000000   0.000000
 0.290448   0.000000   0.000000
 0.292398   0.000000   0.000000
 0.294347   0.000000   0.000000
 0.296296   0.000000   0.000000
 0.298246   0.000000   0.000000
 0.300195   0.000000   0.000000
 0.302144   0.000000   0.000000
 0.304094   0.000000   0.000000
 0.306043   0.000000   0.000000
 0.307992   0.000000   0.000000
 0.309941   0.000000   0.000000
 0.311891   0.000000   0.000000
 0.313840   0.000000   0.000000
 0.315790   0.000000   0.000000
 0.317739   0.000000   0.000000
 0.319688   0.000000   0.000000
 0.321637   0.000000   0.000000
 0.323587   0.000000   0.000000
 0.325536   0.000000   0.000000
 0.327485   0.000000   0.000000
 0.329435   0.000000   0.000000
 0.331384   0.000000   0.000000
 0.333333   0.000000   0.000000
 0.335283   0.000000   0.000000
 0.337232   0.000000   0.000000
 0.339181   0.000000   0.000000
 0.341131   0.000000   0.000000
 0.343080   0.000000   0.000000
 0.345029   0.000000   0.000000
 0.346979   0.000000   0.000000
 0.348928   0.000000   0.000000
 0.350877   0.000000   0.000000
 0.352826   0.000000   0.000000
 0.354776   0.000000   0.000000
 0.356725   0.000000   0.000000
 0.358675   0.000000   0.000000
 0.360624   0.000000   0.000000
 0.362573   0.000000   0.000000
 0.364522   0.000000   0.000000
 0.366472   0.000000   0.000000
 0.368421   0.000000   0.000000
 0.370370   0.000000   0.000000
 0.372320   0.000000   0.000000
 0.374269   0.000000   0.000000
 0.376218   0.000000   0.000000
 0.378168   0.000000   0.000000
 0.380117   0.000000   0.000000
 0.382066   0.000000   0.000000
 0.384016   0.000000   0.000000
 0.385965   0.000000   0.000000
 0.387914   0.000000   0.000000
 0.389863   0.000000   0.000000
 0.391813   0.000000   0.000000
 0.393762   0.000000   0.000000
 0.395711   0.000000   0.000000
 0.397661   0.000000   0.000000
 0.399610   0.000000   0.000000
 0.401560   0.000000   0.000000
 0.403509   0.000000   0.000000
 0.405458   0.000000   0.000000
 0.407407   0.000000   0.000000
 0.409357   0.000000   0.000000
 0.411306   0.000000   0.000000
 0.413255   0.000000   0.000000
 0.415205   0.000000   0.000000
 0.417154   0.000000   0.000000
 0.419103   0.000000   0.000000
 0.421053   0.000000   0.000000
 0.423002   0.000000   0.000000
 0.424951   0.000000   0.000000
 0.426901   0.000000   0.000000
 0.428850   0.000000   0.000000
 0.430799   0.000000   0.000000
 0.432748   0.000000   0.000000
 0.434698   0.000000   0.000000
 0.436647   0.000000   0.000000
 0.438597   0.000000   0.000000
 0.440546   0.000000   0.000000
 0.442495   0.000000   0.000000
 0.444444   0.000000   0.000000
 0.446394   0.000000   0.000000
 0.448343   0.000000   0.000000
 0.450292   0.000000   0.000000
 0.452242   0.000000   0.000000
 0.454191   0.000000   0.000000
 0.456140   0.000000   0.000000
 0.458090   0.000000   0.000000
 0.460039   0.000000   0.000000
 0.461988   0.000000   0.000000
 0.463938   0.000000   0.000000
 0.465887   0.000000   0.000000
 0.467836   0.000000   0.000000
 0.469786   0.000000   0.000000
 0.471735   0.000000   0.000000
 0.473684   0.000000   0.000000
 0.475633   0.000000   0.000000
 0.477583   0.000000   0.000000
 0.479532   0.000000   0.000000
 0.481482   0.000000   0.000000
 0.483431   0.000000   0.000000
 0.485380   0.000000   0.000000
 0.487329   0.000000   0.000000
 0.489279   0.000000   0.000000
 0.491228   0.000000   0.000000
 0.493177   0.000000   0.000000
 0.495127   0.000000   0.000000
 0.497076   0.000000   0.000000
 0.499025   0.000000   0.000000
 0.500975   0.000000   0.000000
 0.502924   0.000000   0.000000
 0.504873   0.000000   0.000000
 0.506823   0.000000   0.000000
 0.508772   0.000000   0.000000
 0.510721   0.000000   0.000000
 0.512671   0.000000   0.000000
 0.514620   0.000000   0.000000
 0.516569   0.000000   0.000000
 0.518518   0.000000   0.000000
 0.520468   0.000000   0.000000
 0.522417   0.000000   0.000000
 0.524366   0.000000   0.000000
 0.526316   0.000000   0.000000
 0.528265   0.000000   0.000000
 0.530214   0.000000   0.000000
 0.532164   0.000000   0.000000
 0.534113   0.000000   0.000000
 0.536062   0.000000   0.000000
 0.538012   0.000000   0.000000
 0.539961   0.000000   0.000000
 0.541910   0.000000   0.000000
 0.543860   0.000000   0.000000
 0.545809   0.000000   0.000000
 0.547758   0.000000   0.000000
 0.549708   0.000000   0.000000
 0.551657   0.000000   0.000000
 0.553606   0.000000   0.000000
 0.555556   0.000000   0.000000
 0.557505   0.000000   0.000000
 0.559454   0.000000   0.000000
 0.561404   0.000000   0.000000
 0.563353   0.000000   0.000000
 0.565302   0.000000   0.000000
 0.567252   0.000000   0.000000
 0.569201   0.000000   0.000000
 0.571150   0.000000   0.000000
 0.573099   0.000000   0.000000
 0.575049   0.000000   0.000000
 0.576998   0.000000   0.000000
 0.578947   0.000000   0.000000
 0.580897   0.000000   0.000000
 0.582846   0.000000   0.000000
 0.584795   0.000000   0.000000
 0.586745   0.000000   0.000000
 0.588694   0.000000   0.000000
 0.590643   0.000000   0.000000
 0.592593   0.000000   0.000000
 0.594542   0.000000   0.000000
 0.596491   0.000000   0.000000
 0.598441   0.000000   0.000000
 0.600390   0.000000   0.000000
 0.602339   0.000000   0.000000
 0.604289   0.000000   0.000000
 0.606238   0.000000   0.000000
 0.608187   0.000000   0.000000
 0.610136   0.000000   0.000000
 0.612086   0.000000   0.000000
 0.614035   0.000000   0.000000
 0.615984   0.000000   0.000000
 0.617934   0.000000   0.000000
 0.619883   0.000000   0.000000
 0.621832   0.000000   0.000000
 0.623782   0.000000   0.000000
 0.625731   0.000000   0.000000
 0.627680   0.000000   0.000000
 0.629630   0.000000   0.000000
 0.631579   0.000000   0.000000
 0.633528   0.000000   0.000000
 0.635478   0.000000   0.000000
 0.637427   0.000000   0.000000
 0.639376   0.000000   0.000000
 0.641325   0.000000   0.000000
 0.643275   0.000000   0.000000
 0.645224   0.000000   0.000000
 0.647173   0.000000   0.000000
 0.649123   0.000000   0.000000
 0.651072   0.000000   0.000000
 0.653021   0.000000   0.000000
 0.654971   0.000000   0.000000
 0.656920   0.000000   0.000000
 0.658869   0.000000   0.000000
 0.660819   0.000000   0.000000
 0.662768   0.000000   0.000000
 0.664717   0.000000   0.000000
 0.666667   0.000000   0.000000
 0.668616   0.000000   0.000000
 0.670565   0.000000   0.000000
 0.672515   0.000000   0.000000
 0.674464   0.000000   0.000000
 0.676413   0.000000   0.000000
 0.678363   0.000000   0.000000
 0.680312   0.000000   0.000000
 0.682261   0.000000   0.000000
 0.684211   0.000000   0.000000
 0.686160   0.000000   0.000000
 0.688109   0.000000   0.000000
 0.690059   0.000000   0.000000
 0.692008   0.000000   0.000000
 0.693957   0.000000   0.000000
 0.695906   0.000000   0.000000
 0.697856   0.000000   0.000000
 0.699805   0.000000   0.000000
 0.701754   0.000000   0.000000
 0.703704   0.000000   0.000000
 0.705653   0.000000   0.000000
 0.707602   0.000000   0.000000
 0.709552   0.000000   0.000000
 0.711501   0.000000   0.000000
 0.713450   0.000000   0.000000
 0.715400   0.000000   0.000000
 0.717349   0.000000   0.000000
 0.719298   0.000000   0.000000
 0.721248   0.000000   0.000000
 0.723197   0.000000   0.000000
 0.725146   0.000000   0.000000
 0.727096   0.000000   0.000000
 0.729045   0.000000   0.000000
 0.730994   0.000000   0.000000
 0.732943   0.000000   0.000000
 0.734893   0.000000   0.000000
 0.736842   0.000000   0.000000
 0.738791   0.000000   0.000000
 0.740741   0.000000   0.000000
 0.742690   0.000000   0.000000
 0.744639   0.000000   0.000000
 0.746589   0.000000   0.000000
 0.748538   0.000000   0.000000
 0.750487   0.000000   0.000000
 0.752437   0.000000   0.000000
 0.754386   0.000000   0.000000
 0.756335   0.000000   0.000000
 0.758285   0.000000   0.000000
 0.760234   0.000000   0.000000
 0.762183   0.000000   0.000000
 0.764133   0.000000   0.000000
 0.766082   0.000000   0.000000
 0.768031   0.000000   0.000000
 0.769980   0.000000   0.000000
 0.771930   0.000000   0.000000
 0.773879   0.000000   0.000000
 0.775829   0.000000   0.000000
 0.777778   0.000000   0.000000
 0.779727   0.000000   0.000000
 0.781676   0.000000   0.000000
 0.783626   0.000000   0.000000
 0.785575   0.000000   0.000000
 0.787524   0.000000   0.000000
 0.789474   0.000000   0.000000
 0.791423   0.000000   0.000000
 0.793372   0.000000   0.000000
 0.795322   0.000000   0.000000
 0.797271   0.000000   0.000000
 0.799220   0.000000   0.000000
 0.801170   0.000000   0.000000
 0.803119   0.000000   0.000000
 0.805068   0.000000   0.000000
 0.807018   0.000000   0.000000
 0.808967   0.000000   0.000000
 0.810916   0.000000   0.000000
 0.812866   0.000000   0.000000
 0.814815   0.000000   0.000000
 0.816764   0.000000   0.000000
 0.818713   0.000000   0.000000
 0.820663   0.000000   0.000000
 0.822612   0.000000   0.000000
 0.824561   0.000000   0.000000
 0.826511   0.000000   0.000000
 0.828460   0.000000   0.000000
 0.830409   0.000000   0.000000
 0.832359   0.000000   0.000000
 0.834308   0.000000   0.000000
 0.836257   0.000000   0.000000
 0.838207   0.000000   0.000000
 0.840156   0.000000   0.000000
 0.842105   0.000000   0.000000
 0.844055   0.000000   0.000000
 0.846004   0.000000   0.000000
 0.847953   0.000000   0.000000
 0.849903   0.000000   0.000000
 0.851852   0.000000   0.000000
 0.853801   0.000000   0.000000
 0.855750   0.000000   0.000000
 0.857700   0.000000   0.000000
 0.859649   0.000000   0.000000
 0.861598   0.000000   0.000000
 0.863548   0.000000   0.000000
 0.865497   0.000000   0.000000
 0.867446   0.000000   0.000000
 0.869396   0.000000   0.000000
 0.871345   0.000000   0.000000
 0.873294   0.000000   0.000000
 0.875244   0.000000   0.000000
 0.877193   0.000000   0.000000
 0.879142   0.000000   0.000000
 0.881092   0.000000   0.000000
 0.883041   0.000000   0.000000
 0.884990   0.000000   0.000000
 0.886940   0.000000   0.000000
 0.888889   0.000000   0.000000
 0.890838   0.000000   0.000000
 0.892787   0.000000   0.000000
 0.894737   0.000000   0.000000
 0.896686   0.000000   0.000000
 0.898636   0.000000   0.000000
 0.900585   0.000000   0.000000
 0.902534   0.000000   0.000000
 0.904483   0.000000   0.000000
 0.906433   0.000000   0.000000
 0.908382   0.000000   0.000000
 0.910331   0.000000   0.000000
 0.912281   0.000000   0.000000
 0.914230   0.000000   0.000000
 0.916179   0.000000   0.000000
 0.918129   0.000000   0.000000
 0.920078   0.000000   0.000000
 0.922027   0.000000   0.000000
 0.923977   0.000000   0.000000
 0.925926   0.000000   0.000000
 0.927875   0.000000   0.000000
 0.929825   0.000000   0.000000
 0.931774   0.000000   0.000000
 0.933723   0.000000   0.000000
 0.935673   0.000000   0.000000
 0.937622   0.000000   0.000000
 0.939571   0.000000   0.000000
 0.941520   0.000000   0.000000
 0.943470   0.000000   0.000000
 0.945419   0.000000   0.000000
 0.947368   0.000000   0.000000
 0.949318   0.000000   0.000000
 0.951267   0.000000   0.000000
 0.953216   0.000000   0.000000
 0.955166   0.000000   0.000000
 0.957115   0.000000   0.000000
 0.959064   0.000000   0.000000
 0.961014   0.000000   0.000000
 0.962963   0.000000   0.000000
 0.964912   0.000000   0.000000
 0.966862   0.000000   0.000000
 0.968811   0.000000   0.000000
 0.970760   0.000000   0.000000
 0.972710   0.000000   0.000000
 0.974659   0.000000   0.000000
 0.976608   0.000000   0.000000
 0.978557   0.000000   0.000000
 0.980507   0.000000   0.000000
 0.982456   0.000000   0.000000
 0.984406   0.000000   0.000000
 0.986355   0.000000   0.000000
 0.988304   0.000000   0.000000
 0.990253   0.000000   0.000000
 0.992203   0.000000   0.000000
 0.994152   0.000000   0.000000
 0.996101   0.000000   0.000000
 0.998051   0.000000   0.000000
 1.000000   0.000000   0.000000
514 psinorm kpol(km/s/T) dkpol/dpsiN
 0.000000   0.000000   0.000000
 0.001949   0.000000   0.000000
 0.003899   0.000000   0.000000
 0.005848   0.000000   0.000000
 0.007797   0.000000   0.000000
 0.009747   0.000000   0.000000
 0.011696   0.000000   0.000000
 0.013645   0.000000   0.000000
 0.015595   0.000000   0.000000
 0.017544   0.000000   0.000000
 0.019493   0.000000   0.000000
 0.021442   0.000000   0.000000
 0.023392   0.000000   0.000000
 0.025341   0.000000   0.000000
 0.027290   0.000000   0.000000
 0.029240   0.000000   0.000000
 0.031189   0.000000   0.000000
 0.033138   0.000000   0.000000
 0.035088   0.000000   0.000000
 0.037037   0.000000   0.000000
 0.038986   0.000000   0.000000
 0.040936   0.000000   0.000000
 0.042885   0.000000   0.000000
 0.044834   0.000000   0.000000
 0.046784   0.000000   0.000000
 0.048733   0.000000   0.000000
 0.050682   0.000000   0.000000
 0.052632   0.000000   0.000000
 0.054581   0.000000   0.000000
 0.056530   0.000000   0.000000
 0.058480   0.000000   0.000000
 0.060429   0.000000   0.000000
 0.062378   0.000000   0.000000
 0.064327   0.000000   0.000000
 0.066277   0.000000   0.000000
 0.068226   0.000000   0.000000
 0.070175   0.000000   0.000000
 0.072125   0.000000   0.000000
 0.074074   0.000000   0.000000
 0.076023   0.000000   0.000000
 0.077973   0.000000   0.000000
 0.079922   0.000000   0.000000
 0.081871   0.000000   0.000000
 0.083821   0.000000   0.000000
 0.085770   0.000000   0.000000
 0.087719   0.000000   0.000000
 0.089669   0.000000   0.000000
 0.091618   0.000000   0.000000
 0.093567   0.000000   0.000000
 0.095517   0.000000   0.000000
 0.097466   0.000000   0.000000
 0.099415   0.000000   0.000000
 0.101364   0.000000   0.000000
 0.103314   0.000000   0.000000
 0.105263   0.000000   0.000000
 0.107213   0.000000   0.000000
 0.109162   0.000000   0.000000
 0.111111   0.000000   0.000000
 0.113060   0.000000   0.000000
 0.115010   0.000000   0.000000
 0.116959   0.000000   0.000000
 0.118908   0.000000   0.000000
 0.120858   0.000000   0.000000
 0.122807   0.000000   0.000000
 0.124756   0.000000   0.000000
 0.126706   0.000000   0.000000
 0.128655   0.000000   0.000000
 0.130604   0.000000   0.000000
 0.132554   0.000000   0.000000
 0.134503   0.000000   0.000000
 0.136452   0.000000   0.000000
 0.138402   0.000000   0.000000
 0.140351   0.000000   0.000000
 0.142300   0.000000   0.000000
 0.144250   0.000000   0.000000
 0.146199   0.000000   0.000000
 0.148148   0.000000   0.000000
 0.150097   0.000000   0.000000
 0.152047   0.000000   0.000000
 0.153996   0.000000   0.000000
 0.155945   0.000000   0.000000
 0.157895   0.000000   0.000000
 0.159844   0.000000   0.000000
 0.161793   0.000000   0.000000
 0.163743   0.000000   0.000000
 0.165692   0.000000   0.000000
 0.167641   0.000000   0.000000
 0.169591   0.000000   0.000000
 0.171540   0.000000   0.000000
 0.173489   0.000000   0.000000
 0.175439   0.000000   0.000000
 0.177388   0.000000   0.000000
 0.179337   0.000000   0.000000
 0.181286   0.000000   0.000000
 0.183236   0.000000   0.000000
 0.185185   0.000000   0.000000
 0.187135   0.000000   0.000000
 0.189084   0.000000   0.000000
 0.191033   0.000000   0.000000
 0.192983   0.000000   0.000000
 0.194932   0.000000   0.000000
 0.196881   0.000000   0.000000
 0.198830   0.000000   0.000000
 0.200780   0.000000   0.000000
 0.202729   0.000000   0.000000
 0.204678   0.000000   0.000000
 0.206628   0.000000   0.000000
 0.208577   0.000000   0.000000
 0.210526   0.000000   0.000000
 0.212476   0.000000   0.000000
 0.214425   0.000000   0.000000
 0.216374   0.000000   0.000000
 0.218324   0.000000   0.000000
 0.220273   0.000000   0.000000
 0.222222   0.000000   0.000000
 0.224171   0.000000   0.000000
 0.226121   0.000000   0.000000
 0.228070   0.000000   0.000000
 0.230019   0.000000   0.000000
 0.231969   0.000000   0.000000
 0.233918   0.000000   0.000000
 0.235867   0.000000   0.000000
 0.237817   0.000000   0.000000
 0.239766   0.000000   0.000000
 0.241715   0.000000   0.000000
 0.243665   0.000000   0.000000
 0.245614   0.000000   0.000000
 0.247563   0.000000   0.000000
 0.249513   0.000000   0.000000
 0.251462   0.000000   0.000000
 0.253411   0.000000   0.000000
 0.255361   0.000000   0.000000
 0.257310   0.000000   0.000000
 0.259259   0.000000   0.000000
 0.261209   0.000000   0.000000
 0.263158   0.000000   0.000000
 0.265107   0.000000   0.000000
 0.267056   0.000000   0.000000
 0.269006   0.000000   0.000000
 0.270955   0.000000   0.000000
 0.272904   0.000000   0.000000
 0.274854   0.000000   0.000000
 0.276803   0.000000   0.000000
 0.278752   0.000000   0.000000
 0.280702   0.000000   0.000000
 0.282651   0.000000   0.000000
 0.284600   0.000000   0.000000
 0.286550   0.000000   0.000000
 0.288499   0.000000   0.000000
 0.290448   0.000000   0.000000
 0.292398   0.000000   0.000000
 0.294347   0.000000   0.000000
 0.296296   0.000000   0.000000
 0.298246   0.000000   0.000000
 0.300195   0.000000   0.000000
 0.302144   0.000000   0.000000
 0.304094   0.000000   0.000000
 0.306043   0.000000   0.000000
 0.307992   0.000000   0.000000
 0.309941   0.000000   0.000000
 0.311891   0.000000   0.000000
 0.313840   0.000000   0.000000
 0.315790   0.000000   0.000000
 0.317739   0.000000   0.000000
 0.319688   0.000000   0.000000
 0.321637   0.000000   0.000000
 0.323587   0.000000   0.000000
 0.325536   0.000000   0.000000
 0.327485   0.000000   0.000000
 0.329435   0.000000   0.000000
 0.331384   0.000000   0.000000
 0.333333   0.000000   0.000000
 0.335283   0.000000   0.000000
 0.337232   0.000000   0.000000
 0.339181   0.000000   0.000000
 0.341131   0.000000   0.000000
 0.343080   0.000000   0.000000
 0.345029   0.000000   0.000000
 0.346979   0.000000   0.000000
 0.348928   0.000000   0.000000
 0.350877   0.000000   0.000000
 0.352826   0.000000   0.000000
 0.354776   0.000000   0.000000
 0.356725   0.000000   0.000000
 0.358675   0.000000   0.000000
 0.360624   0.000000   0.000000
 0.362573   0.000000   0.000000
 0.364522   0.000000   0.000000
 0.366472   0.000000   0.000000
 0.368421   0.000000   0.000000
 0.370370   0.000000   0.000000
 0.372320   0.000000   0.000000
 0.374269   0.000000   0.000000
 0.376218   0.000000   0.000000
 0.378168   0.000000   0.000000
 0.380117   0.000000   0.000000
 0.382066   0.000000   0.000000
 0.384016   0.000000   0.000000
 0.385965   0.000000   0.000000
 0.387914   0.000000   0.000000
 0.389863   0.000000   0.000000
 0.391813   0.000000   0.000000
 0.393762   0.000000   0.000000
 0.395711   0.000000   0.000000
 0.397661   0.000000   0.000000
 0.399610   0.000000   0.000000
 0.401560   0.000000   0.000000
 0.403509   0.000000   0.000000
 0.405458   0.000000   0.000000
 0.407407   0.000000   0.000000
 0.409357   0.000000   0.000000
 0.411306   0.000000   0.000000
 0.413255   0.000000   0.000000
 0.415205   0.000000   0.000000
 0.417154   0.000000   0.000000
 0.419103   0.000000   0.000000
 0.421053   0.000000   0.000000
 0.423002   0.000000   0.000000
 0.424951   0.000000   0.000000
 0.426901   0.000000   0.000000
 0.428850   0.000000   0.000000
 0.430799   0.000000   0.000000
 0.432748   0.000000   0.000000
 0.434698   0.000000   0.000000
 0.436647   0.000000   0.000000
 0.438597   0.000000   0.000000
 0.440546   0.000000   0.000000
 0.442495   0.000000   0.000000
 0.444444   0.000000   0.000000
 0.446394   0.000000   0.000000
 0.448343   0.000000   0.000000
 0.450292   0.000000   0.000000
 0.452242   0.000000   0.000000
 0.454191   0.000000   0.000000
 0.456140   0.000000   0.000000
 0.458090   0.000000   0.000000
 0.460039   0.000000   0.000000
 0.461988   0.000000   0.000000
 0.463938   0.000000   0.000000
 0.465887   0.000000   0.000000
 0.467836   0.000000   0.000000
 0.469786   0.000000   0.000000
 0.471735   0.000000   0.000000
 0.473684   0.000000   0.000000
 0.475633   0.000000   0.000000
 0.477583   0.000000   0.000000
 0.479532   0.000000   0.000000
 0.481482   0.000000   0.000000
 0.483431   0.000000   0.000000
 0.485380   0.000000   0.000000
 0.487329   0.000000   0.000000
 0.489279   0.000000   0.000000
 0.491228   0.000000   0.000000
 0.493177   0.000000   0.000000
 0.495127   0.000000   0.000000
 0.497076   0.000000   0.000000
 0.499025   0.000000   0.000000
 0.500975   0.000000   0.000000
 0.502924   0.000000   0.000000
 0.504873   0.000000   0.000000
 0.506823   0.000000   0.000000
 0.508772   0.000000   0.000000
 0.510721   0.000000   0.000000
 0.512671   0.000000   0.000000
 0.514620   0.000000   0.000000
 0.516569   0.000000   0.000000
 0.518518   0.000000   0.000000
 0.520468   0.000000   0.000000
 0.522417   0.000000   0.000000
 0.524366   0.000000   0.000000
 0.526316   0.000000   0.000000
 0.528265   0.000000   0.000000
 0.530214   0.000000   0.000000
 0.532164   0.000000   0.000000
 0.534113   0.000000   0.000000
 0.536062   0.000000   0.000000
 0.538012   0.000000   0.000000
 0.539961   0.000000   0.000000
 0.541910   0.000000   0.000000
 0.543860   0.000000   0.000000
 0.545809   0.000000   0.000000
 0.547758   0.000000   0.000000
 0.549708   0.000000   0.000000
 0.551657   0.000000   0.000000
 0.553606   0.000000   0.000000
 0.555556   0.000000   0.000000
 0.557505   0.000000   0.000000
 0.559454   0.000000   0.000000
 0.561404   0.000000   0.000000
 0.563353   0.000000   0.000000
 0.565302   0.000000   0.000000
 0.567252   0.000000   0.000000
 0.569201   0.000000   0.000000
 0.571150   0.000000   0.000000
 0.573099   0.000000   0.000000
 0.575049   0.000000   0.000000
 0.576998   0.000000   0.000000
 0.578947   0.000000   0.000000
 0.580897   0.000000   0.000000
 0.582846   0.000000   0.000000
 0.584795   0.000000   0.000000
 0.586745   0.000000   0.000000
 0.588694   0.000000   0.000000
 0.590643   0.000000   0.000000
 0.592593   0.000000   0.000000
 0.594542   0.000000   0.000000
 0.596491   0.000000   0.000000
 0.598441   0.000000   0.000000
 0.600390   0.000000   0.000000
 0.602339   0.000000   0.000000
 0.604289   0.000000   0.000000
 0.606238   0.000000   0.000000
 0.608187   0.000000   0.000000
 0.610136   0.000000   0.000000
 0.612086   0.000000   0.000000
 0.614035   0.000000   0.000000
 0.615984   0.000000   0.000000
 0.617934   0.000000   0.000000
 0.619883   0.000000   0.000000
 0.621832   0.000000   0.000000
 0.623782   0.000000   0.000000
 0.625731   0.000000   0.000000
 0.627680   0.000000   0.000000
 0.629630   0.000000   0.000000
 0.631579   0.000000   0.000000
 0.633528   0.000000   0.000000
 0.635478   0.000000   0.000000
 0.637427   0.000000   0.000000
 0.639376   0.000000   0.000000
 0.641325   0.000000   0.000000
 0.643275   0.000000   0.000000
 0.645224   0.000000   0.000000
 0.647173   0.000000   0.000000
 0.649123   0.000000   0.000000
 0.651072   0.000000   0.000000
 0.653021   0.000000   0.000000
 0.654971   0.000000   0.000000
 0.656920   0.000000   0.000000
 0.658869   0.000000   0.000000
 0.660819   0.000000   0.000000
 0.662768   0.000000   0.000000
 0.664717   0.000000   0.000000
 0.666667   0.000000   0.000000
 0.668616   0.000000   0.000000
 0.670565   0.000000   0.000000
 0.672515   0.000000   0.000000
 0.674464   0.000000   0.000000
 0.676413   0.000000   0.000000
 0.678363   0.000000   0.000000
 0.680312   0.000000   0.000000
 0.682261   0.000000   0.000000
 0.684211   0.000000   0.000000
 0.686160   0.000000   0.000000
 0.688109   0.000000   0.000000
 0.690059   0.000000   0.000000
 0.692008   0.000000   0.000000
 0.693957   0.000000   0.000000
 0.695906   0.000000   0.000000
 0.697856   0.000000   0.000000
 0.699805   0.000000   0.000000
 0.701754   0.000000   0.000000
 0.703704   0.000000   0.000000
 0.705653   0.000000   0.000000
 0.707602   0.000000   0.000000
 0.709552   0.000000   0.000000
 0.711501   0.000000   0.000000
 0.713450   0.000000   0.000000
 0.715400   0.000000   0.000000
 0.717349   0.000000   0.000000
 0.719298   0.000000   0.000000
 0.721248   0.000000   0.000000
 0.723197   0.000000   0.000000
 0.725146   0.000000   0.000000
 0.727096   0.000000   0.000000
 0.729045   0.000000   0.000000
 0.730994   0.000000   0.000000
 0.732943   0.000000   0.000000
 0.734893   0.000000   0.000000
 0.736842   0.000000   0.000000
 0.738791   0.000000   0.000000
 0.740741   0.000000   0.000000
 0.742690   0.000000   0.000000
 0.744639   0.000000   0.000000
 0.746589   0.000000   0.000000
 0.748538   0.000000   0.000000
 0.750487   0.000000   0.000000
 0.752437   0.000000   0.000000
 0.754386   0.000000   0.000000
 0.756335   0.000000   0.000000
 0.758285   0.000000   0.000000
 0.760234   0.000000   0.000000
 0.762183   0.000000   0.000000
 0.764133   0.000000   0.000000
 0.766082   0.000000   0.000000
 0.768031   0.000000   0.000000
 0.769980   0.000000   0.000000
 0.771930   0.000000   0.000000
 0.773879   0.000000   0.000000
 0.775829   0.000000   0.000000
 0.777778   0.000000   0.000000
 0.779727   0.000000   0.000000
 0.781676   0.000000   0.000000
 0.783626   0.000000   0.000000
 0.785575   0.000000   0.000000
 0.787524   0.000000   0.000000
 0.789474   0.000000   0.000000
 0.791423   0.000000   0.000000
 0.793372   0.000000   0.000000
 0.795322   0.000000   0.000000
 0.797271   0.000000   0.000000
 0.799220   0.000000   0.000000
 0.801170   0.000000   0.000000
 0.803119   0.000000   0.000000
 0.805068   0.000000   0.000000
 0.807018   0.000000   0.000000
 0.808967   0.000000   0.000000
 0.810916   0.000000   0.000000
 0.812866   0.000000   0.000000
 0.814815   0.000000   0.000000
 0.816764   0.000000   0.000000
 0.818713   0.000000   0.000000
 0.820663   0.000000   0.000000
 0.822612   0.000000   0.000000
 0.824561   0.000000   0.000000
 0.826511   0.000000   0.000000
 0.828460   0.000000   0.000000
 0.830409   0.000000   0.000000
 0.832359   0.000000   0.000000
 0.834308   0.000000   0.000000
 0.836257   0.000000   0.000000
 0.838207   0.000000   0.000000
 0.840156   0.000000   0.000000
 0.842105   0.000000   0.000000
 0.844055   0.000000   0.000000
 0.846004   0.000000   0.000000
 0.847953   0.000000   0.000000
 0.849903   0.000000   0.000000
 0.851852   0.000000   0.000000
 0.853801   0.000000   0.000000
 0.855750   0.000000   0.000000
 0.857700   0.000000   0.000000
 0.859649   0.000000   0.000000
 0.861598   0.000000   0.000000
 0.863548   0.000000   0.000000
 0.865497   0.000000   0.000000
 0.867446   0.000000   0.000000
 0.869396   0.000000   0.000000
 0.871345   0.000000   0.000000
 0.873294   0.000000   0.000000
 0.875244   0.000000   0.000000
 0.877193   0.000000   0.000000
 0.879142   0.000000   0.000000
 0.881092   0.000000   0.000000
 0.883041   0.000000   0.000000
 0.884990   0.000000   0.000000
 0.886940   0.000000   0.000000
 0.888889   0.000000   0.000000
 0.890838   0.000000   0.000000
 0.892787   0.000000   0.000000
 0.894737   0.000000   0.000000
 0.896686   0.000000   0.000000
 0.898636   0.000000   0.000000
 0.900585   0.000000   0.000000
 0.902534   0.000000   0.000000
 0.904483   0.000000   0.000000
 0.906433   0.000000   0.000000
 0.908382   0.000000   0.000000
 0.910331   0.000000   0.000000
 0.912281   0.000000   0.000000
 0.914230   0.000000   0.000000
 0.916179   0.000000   0.000000
 0.918129   0.000000   0.000000
 0.920078   0.000000   0.000000
 0.922027   0.000000   0.000000
 0.923977   0.000000   0.000000
 0.925926   0.000000   0.000000
 0.927875   0.000000   0.000000
 0.929825   0.000000   0.000000
 0.931774   0.000000   0.000000
 0.933723   0.000000   0.000000
 0.935673   0.000000   0.000000
 0.937622   0.000000   0.000000
 0.939571   0.000000   0.000000
 0.941520   0.000000   0.000000
 0.943470   0.000000   0.000000
 0.945419   0.000000   0.000000
 0.947368   0.000000   0.000000
 0.949318   0.000000   0.000000
 0.951267   0.000000   0.000000
 0.953216   0.000000   0.000000
 0.955166   0.000000   0.000000
 0.957115   0.000000   0.000000
 0.959064   0.000000   0.000000
 0.961014   0.000000   0.000000
 0.962963   0.000000   0.000000
 0.964912   0.000000   0.000000
 0.966862   0.000000   0.000000
 0.968811   0.000000   0.000000
 0.970760   0.000000   0.000000
 0.972710   0.000000   0.000000
 0.974659   0.000000   0.000000
 0.976608   0.000000   0.000000
 0.978557   0.000000   0.000000
 0.980507   0.000000   0.000000
 0.982456   0.000000   0.000000
 0.984406   0.000000   0.000000
 0.986355   0.000000   0.000000
 0.988304   0.000000   0.000000
 0.990253   0.000000   0.000000
 0.992203   0.000000   0.000000
 0.994152   0.000000   0.000000
 0.996101   0.000000   0.000000
 0.998051   0.000000   0.000000
 1.000000   0.000000   0.000000
514 psinorm omeg(kRad/s) domeg/dpsiN
 0.000000   0.000000   0.000000
 0.001949   0.000000   0.000000
 0.003899   0.000000   0.000000
 0.005848   0.000000   0.000000
 0.007797   0.000000   0.000000
 0.009747   0.000000   0.000000
 0.011696   0.000000   0.000000
 0.013645   0.000000   0.000000
 0.015595   0.000000   0.000000
 0.017544   0.000000   0.000000
 0.019493   0.000000   0.000000
 0.021442   0.000000   0.000000
 0.023392   0.000000   0.000000
 0.025341   0.000000   0.000000
 0.027290   0.000000   0.000000
 0.029240   0.000000   0.000000
 0.031189   0.000000   0.000000
 0.033138   0.000000   0.000000
 0.035088   0.000000   0.000000
 0.037037   0.000000   0.000000
 0.038986   0.000000   0.000000
 0.040936   0.000000   0.000000
 0.042885   0.000000   0.000000
 0.044834   0.000000   0.000000
 0.046784   0.000000   0.000000
 0.048733   0.000000   0.000000
 0.050682   0.000000   0.000000
 0.052632   0.000000   0.000000
 0.054581   0.000000   0.000000
 0.056530   0.000000   0.000000
 0.058480   0.000000   0.000000
 0.060429   0.000000   0.000000
 0.062378   0.000000   0.000000
 0.064327   0.000000   0.000000
 0.066277   0.000000   0.000000
 0.068226   0.000000   0.000000
 0.070175   0.000000   0.000000
 0.072125   0.000000   0.000000
 0.074074   0.000000   0.000000
 0.076023   0.000000   0.000000
 0.077973   0.000000   0.000000
 0.079922   0.000000   0.000000
 0.081871   0.000000   0.000000
 0.083821   0.000000   0.000000
 0.085770   0.000000   0.000000
 0.087719   0.000000   0.000000
 0.089669   0.000000   0.000000
 0.091618   0.000000   0.000000
 0.093567   0.000000   0.000000
 0.095517   0.000000   0.000000
 0.097466   0.000000   0.000000
 0.099415   0.000000   0.000000
 0.101364   0.000000   0.000000
 0.103314   0.000000   0.000000
 0.105263   0.000000   0.000000
 0.107213   0.000000   0.000000
 0.109162   0.000000   0.000000
 0.111111   0.000000   0.000000
 0.113060   0.000000   0.000000
 0.115010   0.000000   0.000000
 0.116959   0.000000   0.000000
 0.118908   0.000000   0.000000
 0.120858   0.000000   0.000000
 0.122807   0.000000   0.000000
 0.124756   0.000000   0.000000
 0.126706   0.000000   0.000000
 0.128655   0.000000   0.000000
 0.130604   0.000000   0.000000
 0.132554   0.000000   0.000000
 0.134503   0.000000   0.000000
 0.136452   0.000000   0.000000
 0.138402   0.000000   0.000000
 0.140351   0.000000   0.000000
 0.142300   0.000000   0.000000
 0.144250   0.000000   0.000000
 0.146199   0.000000   0.000000
 0.148148   0.000000   0.000000
 0.150097   0.000000   0.000000
 0.152047   0.000000   0.000000
 0.153996   0.000000   0.000000
 0.155945   0.000000   0.000000
 0.157895   0.000000   0.000000
 0.159844   0.000000   0.000000
 0.161793   0.000000   0.000000
 0.163743   0.000000   0.000000
 0.165692   0.000000   0.000000
 0.167641   0.000000   0.000000
 0.169591   0.000000   0.000000
 0.171540   0.000000   0.000000
 0.173489   0.000000   0.000000
 0.175439   0.000000   0.000000
 0.177388   0.000000   0.000000
 0.179337   0.000000   0.000000
 0.181286   0.000000   0.000000
 0.183236   0.000000   0.000000
 0.185185   0.000000   0.000000
 0.187135   0.000000   0.000000
 0.189084   0.000000   0.000000
 0.191033   0.000000   0.000000
 0.192983   0.000000   0.000000
 0.194932   0.000000   0.000000
 0.196881   0.000000   0.000000
 0.198830   0.000000   0.000000
 0.200780   0.000000   0.000000
 0.202729   0.000000   0.000000
 0.204678   0.000000   0.000000
 0.206628   0.000000   0.000000
 0.208577   0.000000   0.000000
 0.210526   0.000000   0.000000
 0.212476   0.000000   0.000000
 0.214425   0.000000   0.000000
 0.216374   0.000000   0.000000
 0.218324   0.000000   0.000000
 0.220273   0.000000   0.000000
 0.222222   0.000000   0.000000
 0.224171   0.000000   0.000000
 0.226121   0.000000   0.000000
 0.228070   0.000000   0.000000
 0.230019   0.000000   0.000000
 0.231969   0.000000   0.000000
 0.233918   0.000000   0.000000
 0.235867   0.000000   0.000000
 0.237817   0.000000   0.000000
 0.239766   0.000000   0.000000
 0.241715   0.000000   0.000000
 0.243665   0.000000   0.000000
 0.245614   0.000000   0.000000
 0.247563   0.000000   0.000000
 0.249513   0.000000   0.000000
 0.251462   0.000000   0.000000
 0.253411   0.000000   0.000000
 0.255361   0.000000   0.000000
 0.257310   0.000000   0.000000
 0.259259   0.000000   0.000000
 0.261209   0.000000   0.000000
 0.263158   0.000000   0.000000
 0.265107   0.000000   0.000000
 0.267056   0.000000   0.000000
 0.269006   0.000000   0.000000
 0.270955   0.000000   0.000000
 0.272904   0.000000   0.000000
 0.274854   0.000000   0.000000
 0.276803   0.000000   0.000000
 0.278752   0.000000   0.000000
 0.280702   0.000000   0.000000
 0.282651   0.000000   0.000000
 0.284600   0.000000   0.000000
 0.286550   0.000000   0.000000
 0.288499   0.000000   0.000000
 0.290448   0.000000   0.000000
 0.292398   0.000000   0.000000
 0.294347   0.000000   0.000000
 0.296296   0.000000   0.000000
 0.298246   0.000000   0.000000
 0.300195   0.000000   0.000000
 0.302144   0.000000   0.000000
 0.304094   0.000000   0.000000
 0.306043   0.000000   0.000000
 0.307992   0.000000   0.000000
 0.309941   0.000000   0.000000
 0.311891   0.000000   0.000000
 0.313840   0.000000   0.000000
 0.315790   0.000000   0.000000
 0.317739   0.000000   0.000000
 0.319688   0.000000   0.000000
 0.321637   0.000000   0.000000
 0.323587   0.000000   0.000000
 0.325536   0.000000   0.000000
 0.327485   0.000000   0.000000
 0.329435   0.000000   0.000000
 0.331384   0.000000   0.000000
 0.333333   0.000000   0.000000
 0.335283   0.000000   0.000000
 0.337232   0.000000   0.000000
 0.339181   0.000000   0.000000
 0.341131   0.000000   0.000000
 0.343080   0.000000   0.000000
 0.345029   0.000000   0.000000
 0.346979   0.000000   0.000000
 0.348928   0.000000   0.000000
 0.350877   0.000000   0.000000
 0.352826   0.000000   0.000000
 0.354776   0.000000   0.000000
 0.356725   0.000000   0.000000
 0.358675   0.000000   0.000000
 0.360624   0.000000   0.000000
 0.362573   0.000000   0.000000
 0.364522   0.000000   0.000000
 0.366472   0.000000   0.000000
 0.368421   0.000000   0.000000
 0.370370   0.000000   0.000000
 0.372320   0.000000   0.000000
 0.374269   0.000000   0.000000
 0.376218   0.000000   0.000000
 0.378168   0.000000   0.000000
 0.380117   0.000000   0.000000
 0.382066   0.000000   0.000000
 0.384016   0.000000   0.000000
 0.385965   0.000000   0.000000
 0.387914   0.000000   0.000000
 0.389863   0.000000   0.000000
 0.391813   0.000000   0.000000
 0.393762   0.000000   0.000000
 0.395711   0.000000   0.000000
 0.397661   0.000000   0.000000
 0.399610   0.000000   0.000000
 0.401560   0.000000   0.000000
 0.403509   0.000000   0.000000
 0.405458   0.000000   0.000000
 0.407407   0.000000   0.000000
 0.409357   0.000000   0.000000
 0.411306   0.000000   0.000000
 0.413255   0.000000   0.000000
 0.415205   0.000000   0.000000
 0.417154   0.000000   0.000000
 0.419103   0.000000   0.000000
 0.421053   0.000000   0.000000
 0.423002   0.000000   0.000000
 0.424951   0.000000   0.000000
 0.426901   0.000000   0.000000
 0.428850   0.000000   0.000000
 0.430799   0.000000   0.000000
 0.432748   0.000000   0.000000
 0.434698   0.000000   0.000000
 0.436647   0.000000   0.000000
 0.438597   0.000000   0.000000
 0.440546   0.000000   0.000000
 0.442495   0.000000   0.000000
 0.444444   0.000000   0.000000
 0.446394   0.000000   0.000000
 0.448343   0.000000   0.000000
 0.450292   0.000000   0.000000
 0.452242   0.000000   0.000000
 0.454191   0.000000   0.000000
 0.456140   0.000000   0.000000
 0.458090   0.000000   0.000000
 0.460039   0.000000   0.000000
 0.461988   0.000000   0.000000
 0.463938   0.000000   0.000000
 0.465887   0.000000   0.000000
 0.467836   0.000000   0.000000
 0.469786   0.000000   0.000000
 0.471735   0.000000   0.000000
 0.473684   0.000000   0.000000
 0.475633   0.000000   0.000000
 0.477583   0.000000   0.000000
 0.479532   0.000000   0.000000
 0.481482   0.000000   0.000000
 0.483431   0.000000   0.000000
 0.485380   0.000000   0.000000
 0.487329   0.000000   0.000000
 0.489279   0.000000   0.000000
 0.491228   0.000000   0.000000
 0.493177   0.000000   0.000000
 0.495127   0.000000   0.000000
 0.497076   0.000000   0.000000
 0.499025   0.000000   0.000000
 0.500975   0.000000   0.000000
 0.502924   0.000000   0.000000
 0.504873   0.000000   0.000000
 0.506823   0.000000   0.000000
 0.508772   0.000000   0.000000
 0.510721   0.000000   0.000000
 0.512671   0.000000   0.000000
 0.514620   0.000000   0.000000
 0.516569   0.000000   0.000000
 0.518518   0.000000   0.000000
 0.520468   0.000000   0.000000
 0.522417   0.000000   0.000000
 0.524366   0.000000   0.000000
 0.526316   0.000000   0.000000
 0.528265   0.000000   0.000000
 0.530214   0.000000   0.000000
 0.532164   0.000000   0.000000
 0.534113   0.000000   0.000000
 0.536062   0.000000   0.000000
 0.538012   0.000000   0.000000
 0.539961   0.000000   0.000000
 0.541910   0.000000   0.000000
 0.543860   0.000000   0.000000
 0.545809   0.000000   0.000000
 0.547758   0.000000   0.000000
 0.549708   0.000000   0.000000
 0.551657   0.000000   0.000000
 0.553606   0.000000   0.000000
 0.555556   0.000000   0.000000
 0.557505   0.000000   0.000000
 0.559454   0.000000   0.000000
 0.561404   0.000000   0.000000
 0.563353   0.000000   0.000000
 0.565302   0.000000   0.000000
 0.567252   0.000000   0.000000
 0.569201   0.000000   0.000000
 0.571150   0.000000   0.000000
 0.573099   0.000000   0.000000
 0.575049   0.000000   0.000000
 0.576998   0.000000   0.000000
 0.578947   0.000000   0.000000
 0.580897   0.000000   0.000000
 0.582846   0.000000   0.000000
 0.584795   0.000000   0.000000
 0.586745   0.000000   0.000000
 0.588694   0.000000   0.000000
 0.590643   0.000000   0.000000
 0.592593   0.000000   0.000000
 0.594542   0.000000   0.000000
 0.596491   0.000000   0.000000
 0.598441   0.000000   0.000000
 0.600390   0.000000   0.000000
 0.602339   0.000000   0.000000
 0.604289   0.000000   0.000000
 0.606238   0.000000   0.000000
 0.608187   0.000000   0.000000
 0.610136   0.000000   0.000000
 0.612086   0.000000   0.000000
 0.614035   0.000000   0.000000
 0.615984   0.000000   0.000000
 0.617934   0.000000   0.000000
 0.619883   0.000000   0.000000
 0.621832   0.000000   0.000000
 0.623782   0.000000   0.000000
 0.625731   0.000000   0.000000
 0.627680   0.000000   0.000000
 0.629630   0.000000   0.000000
 0.631579   0.000000   0.000000
 0.633528   0.000000   0.000000
 0.635478   0.000000   0.000000
 0.637427   0.000000   0.000000
 0.639376   0.000000   0.000000
 0.641325   0.000000   0.000000
 0.643275   0.000000   0.000000
 0.645224   0.000000   0.000000
 0.647173   0.000000   0.000000
 0.649123   0.000000   0.000000
 0.651072   0.000000   0.000000
 0.653021   0.000000   0.000000
 0.654971   0.000000   0.000000
 0.656920   0.000000   0.000000
 0.658869   0.000000   0.000000
 0.660819   0.000000   0.000000
 0.662768   0.000000   0.000000
 0.664717   0.000000   0.000000
 0.666667   0.000000   0.000000
 0.668616   0.000000   0.000000
 0.670565   0.000000   0.000000
 0.672515   0.000000   0.000000
 0.674464   0.000000   0.000000
 0.676413   0.000000   0.000000
 0.678363   0.000000   0.000000
 0.680312   0.000000   0.000000
 0.682261   0.000000   0.000000
 0.684211   0.000000   0.000000
 0.686160   0.000000   0.000000
 0.688109   0.000000   0.000000
 0.690059   0.000000   0.000000
 0.692008   0.000000   0.000000
 0.693957   0.000000   0.000000
 0.695906   0.000000   0.000000
 0.697856   0.000000   0.000000
 0.699805   0.000000   0.000000
 0.701754   0.000000   0.000000
 0.703704   0.000000   0.000000
 0.705653   0.000000   0.000000
 0.707602   0.000000   0.000000
 0.709552   0.000000   0.000000
 0.711501   0.000000   0.000000
 0.713450   0.000000   0.000000
 0.715400   0.000000   0.000000
 0.717349   0.000000   0.000000
 0.719298   0.000000   0.000000
 0.721248   0.000000   0.000000
 0.723197   0.000000   0.000000
 0.725146   0.000000   0.000000
 0.727096   0.000000   0.000000
 0.729045   0.000000   0.000000
 0.730994   0.000000   0.000000
 0.732943   0.000000   0.000000
 0.734893   0.000000   0.000000
 0.736842   0.000000   0.000000
 0.738791   0.000000   0.000000
 0.740741   0.000000   0.000000
 0.742690   0.000000   0.000000
 0.744639   0.000000   0.000000
 0.746589   0.000000   0.000000
 0.748538   0.000000   0.000000
 0.750487   0.000000   0.000000
 0.752437   0.000000   0.000000
 0.754386   0.000000   0.000000
 0.756335   0.000000   0.000000
 0.758285   0.000000   0.000000
 0.760234   0.000000   0.000000
 0.762183   0.000000   0.000000
 0.764133   0.000000   0.000000
 0.766082   0.000000   0.000000
 0.768031   0.000000   0.000000
 0.769980   0.000000   0.000000
 0.771930   0.000000   0.000000
 0.773879   0.000000   0.000000
 0.775829   0.000000   0.000000
 0.777778   0.000000   0.000000
 0.779727   0.000000   0.000000
 0.781676   0.000000   0.000000
 0.783626   0.000000   0.000000
 0.785575   0.000000   0.000000
 0.787524   0.000000   0.000000
 0.789474   0.000000   0.000000
 0.791423   0.000000   0.000000
 0.793372   0.000000   0.000000
 0.795322   0.000000   0.000000
 0.797271   0.000000   0.000000
 0.799220   0.000000   0.000000
 0.801170   0.000000   0.000000
 0.803119   0.000000   0.000000
 0.805068   0.000000   0.000000
 0.807018   0.000000   0.000000
 0.808967   0.000000   0.000000
 0.810916   0.000000   0.000000
 0.812866   0.000000   0.000000
 0.814815   0.000000   0.000000
 0.816764   0.000000   0.000000
 0.818713   0.000000   0.000000
 0.820663   0.000000   0.000000
 0.822612   0.000000   0.000000
 0.824561   0.000000   0.000000
 0.826511   0.000000   0.000000
 0.828460   0.000000   0.000000
 0.830409   0.000000   0.000000
 0.832359   0.000000   0.000000
 0.834308   0.000000   0.000000
 0.836257   0.000000   0.000000
 0.838207   0.000000   0.000000
 0.840156   0.000000   0.000000
 0.842105   0.000000   0.000000
 0.844055   0.000000   0.000000
 0.846004   0.000000   0.000000
 0.847953   0.000000   0.000000
 0.849903   0.000000   0.000000
 0.851852   0.000000   0.000000
 0.853801   0.000000   0.000000
 0.855750   0.000000   0.000000
 0.857700   0.000000   0.000000
 0.859649   0.000000   0.000000
 0.861598   0.000000   0.000000
 0.863548   0.000000   0.000000
 0.865497   0.000000   0.000000
 0.867446   0.000000   0.000000
 0.869396   0.000000   0.000000
 0.871345   0.000000   0.000000
 0.873294   0.000000   0.000000
 0.875244   0.000000   0.000000
 0.877193   0.000000   0.000000
 0.879142   0.000000   0.000000
 0.881092   0.000000   0.000000
 0.883041   0.000000   0.000000
 0.884990   0.000000   0.000000
 0.886940   0.000000   0.000000
 0.888889   0.000000   0.000000
 0.890838   0.000000   0.000000
 0.892787   0.000000   0.000000
 0.894737   0.000000   0.000000
 0.896686   0.000000   0.000000
 0.898636   0.000000   0.000000
 0.900585   0.000000   0.000000
 0.902534   0.000000   0.000000
 0.904483   0.000000   0.000000
 0.906433   0.000000   0.000000
 0.908382   0.000000   0.000000
 0.910331   0.000000   0.000000
 0.912281   0.000000   0.000000
 0.914230   0.000000   0.000000
 0.916179   0.000000   0.000000
 0.918129   0.000000   0.000000
 0.920078   0.000000   0.000000
 0.922027   0.000000   0.000000
 0.923977   0.000000   0.000000
 0.925926   0.000000   0.000000
 0.927875   0.000000   0.000000
 0.929825   0.000000   0.000000
 0.931774   0.000000   0.000000
 0.933723   0.000000   0.000000
 0.935673   0.000000   0.000000
 0.937622   0.000000   0.000000
 0.939571   0.000000   0.000000
 0.941520   0.000000   0.000000
 0.943470   0.000000   0.000000
 0.945419   0.000000   0.000000
 0.947368   0.000000   0.000000
 0.949318   0.000000   0.000000
 0.951267   0.000000   0.000000
 0.953216   0.000000   0.000000
 0.955166   0.000000   0.000000
 0.957115   0.000000   0.000000
 0.959064   0.000000   0.000000
 0.961014   0.000000   0.000000
 0.962963   0.000000   0.000000
 0.964912   0.000000   0.000000
 0.966862   0.000000   0.000000
 0.968811   0.000000   0.000000
 0.970760   0.000000   0.000000
 0.972710   0.000000   0.000000
 0.974659   0.000000   0.000000
 0.976608   0.000000   0.000000
 0.978557   0.000000   0.000000
 0.980507   0.000000   0.000000
 0.982456   0.000000   0.000000
 0.984406   0.000000   0.000000
 0.986355   0.000000   0.000000
 0.988304   0.000000   0.000000
 0.990253   0.000000   0.000000
 0.992203   0.000000   0.000000
 0.994152   0.000000   0.000000
 0.996101   0.000000   0.000000
 0.998051   0.000000   0.000000
 1.000000   0.000000   0.000000
514 psinorm omegp(kRad/s) domegp/dpsiN
 0.000000   0.000000   0.000000
 0.001949   0.000000   0.000000
 0.003899   0.000000   0.000000
 0.005848   0.000000   0.000000
 0.007797   0.000000   0.000000
 0.009747   0.000000   0.000000
 0.011696   0.000000   0.000000
 0.013645   0.000000   0.000000
 0.015595   0.000000   0.000000
 0.017544   0.000000   0.000000
 0.019493   0.000000   0.000000
 0.021442   0.000000   0.000000
 0.023392   0.000000   0.000000
 0.025341   0.000000   0.000000
 0.027290   0.000000   0.000000
 0.029240   0.000000   0.000000
 0.031189   0.000000   0.000000
 0.033138   0.000000   0.000000
 0.035088   0.000000   0.000000
 0.037037   0.000000   0.000000
 0.038986   0.000000   0.000000
 0.040936   0.000000   0.000000
 0.042885   0.000000   0.000000
 0.044834   0.000000   0.000000
 0.046784   0.000000   0.000000
 0.048733   0.000000   0.000000
 0.050682   0.000000   0.000000
 0.052632   0.000000   0.000000
 0.054581   0.000000   0.000000
 0.056530   0.000000   0.000000
 0.058480   0.000000   0.000000
 0.060429   0.000000   0.000000
 0.062378   0.000000   0.000000
 0.064327   0.000000   0.000000
 0.066277   0.000000   0.000000
 0.068226   0.000000   0.000000
 0.070175   0.000000   0.000000
 0.072125   0.000000   0.000000
 0.074074   0.000000   0.000000
 0.076023   0.000000   0.000000
 0.077973   0.000000   0.000000
 0.079922   0.000000   0.000000
 0.081871   0.000000   0.000000
 0.083821   0.000000   0.000000
 0.085770   0.000000   0.000000
 0.087719   0.000000   0.000000
 0.089669   0.000000   0.000000
 0.091618   0.000000   0.000000
 0.093567   0.000000   0.000000
 0.095517   0.000000   0.000000
 0.097466   0.000000   0.000000
 0.099415   0.000000   0.000000
 0.101364   0.000000   0.000000
 0.103314   0.000000   0.000000
 0.105263   0.000000   0.000000
 0.107213   0.000000   0.000000
 0.109162   0.000000   0.000000
 0.111111   0.000000   0.000000
 0.113060   0.000000   0.000000
 0.115010   0.000000   0.000000
 0.116959   0.000000   0.000000
 0.118908   0.000000   0.000000
 0.120858   0.000000   0.000000
 0.122807   0.000000   0.000000
 0.124756   0.000000   0.000000
 0.126706   0.000000   0.000000
 0.128655   0.000000   0.000000
 0.130604   0.000000   0.000000
 0.132554   0.000000   0.000000
 0.134503   0.000000   0.000000
 0.136452   0.000000   0.000000
 0.138402   0.000000   0.000000
 0.140351   0.000000   0.000000
 0.142300   0.000000   0.000000
 0.144250   0.000000   0.000000
 0.146199   0.000000   0.000000
 0.148148   0.000000   0.000000
 0.150097   0.000000   0.000000
 0.152047   0.000000   0.000000
 0.153996   0.000000   0.000000
 0.155945   0.000000   0.000000
 0.157895   0.000000   0.000000
 0.159844   0.000000   0.000000
 0.161793   0.000000   0.000000
 0.163743   0.000000   0.000000
 0.165692   0.000000   0.000000
 0.167641   0.000000   0.000000
 0.169591   0.000000   0.000000
 0.171540   0.000000   0.000000
 0.173489   0.000000   0.000000
 0.175439   0.000000   0.000000
 0.177388   0.000000   0.000000
 0.179337   0.000000   0.000000
 0.181286   0.000000   0.000000
 0.183236   0.000000   0.000000
 0.185185   0.000000   0.000000
 0.187135   0.000000   0.000000
 0.189084   0.000000   0.000000
 0.191033   0.000000   0.000000
 0.192983   0.000000   0.000000
 0.194932   0.000000   0.000000
 0.196881   0.000000   0.000000
 0.198830   0.000000   0.000000
 0.200780   0.000000   0.000000
 0.202729   0.000000   0.000000
 0.204678   0.000000   0.000000
 0.206628   0.000000   0.000000
 0.208577   0.000000   0.000000
 0.210526   0.000000   0.000000
 0.212476   0.000000   0.000000
 0.214425   0.000000   0.000000
 0.216374   0.000000   0.000000
 0.218324   0.000000   0.000000
 0.220273   0.000000   0.000000
 0.222222   0.000000   0.000000
 0.224171   0.000000   0.000000
 0.226121   0.000000   0.000000
 0.228070   0.000000   0.000000
 0.230019   0.000000   0.000000
 0.231969   0.000000   0.000000
 0.233918   0.000000   0.000000
 0.235867   0.000000   0.000000
 0.237817   0.000000   0.000000
 0.239766   0.000000   0.000000
 0.241715   0.000000   0.000000
 0.243665   0.000000   0.000000
 0.245614   0.000000   0.000000
 0.247563   0.000000   0.000000
 0.249513   0.000000   0.000000
 0.251462   0.000000   0.000000
 0.253411   0.000000   0.000000
 0.255361   0.000000   0.000000
 0.257310   0.000000   0.000000
 0.259259   0.000000   0.000000
 0.261209   0.000000   0.000000
 0.263158   0.000000   0.000000
 0.265107   0.000000   0.000000
 0.267056   0.000000   0.000000
 0.269006   0.000000   0.000000
 0.270955   0.000000   0.000000
 0.272904   0.000000   0.000000
 0.274854   0.000000   0.000000
 0.276803   0.000000   0.000000
 0.278752   0.000000   0.000000
 0.280702   0.000000   0.000000
 0.282651   0.000000   0.000000
 0.284600   0.000000   0.000000
 0.286550   0.000000   0.000000
 0.288499   0.000000   0.000000
 0.290448   0.000000   0.000000
 0.292398   0.000000   0.000000
 0.294347   0.000000   0.000000
 0.296296   0.000000   0.000000
 0.298246   0.000000   0.000000
 0.300195   0.000000   0.000000
 0.302144   0.000000   0.000000
 0.304094   0.000000   0.000000
 0.306043   0.000000   0.000000
 0.307992   0.000000   0.000000
 0.309941   0.000000   0.000000
 0.311891   0.000000   0.000000
 0.313840   0.000000   0.000000
 0.315790   0.000000   0.000000
 0.317739   0.000000   0.000000
 0.319688   0.000000   0.000000
 0.321637   0.000000   0.000000
 0.323587   0.000000   0.000000
 0.325536   0.000000   0.000000
 0.327485   0.000000   0.000000
 0.329435   0.000000   0.000000
 0.331384   0.000000   0.000000
 0.333333   0.000000   0.000000
 0.335283   0.000000   0.000000
 0.337232   0.000000   0.000000
 0.339181   0.000000   0.000000
 0.341131   0.000000   0.000000
 0.343080   0.000000   0.000000
 0.345029   0.000000   0.000000
 0.346979   0.000000   0.000000
 0.348928   0.000000   0.000000
 0.350877   0.000000   0.000000
 0.352826   0.000000   0.000000
 0.354776   0.000000   0.000000
 0.356725   0.000000   0.000000
 0.358675   0.000000   0.000000
 0.360624   0.000000   0.000000
 0.362573   0.000000   0.000000
 0.364522   0.000000   0.000000
 0.366472   0.000000   0.000000
 0.368421   0.000000   0.000000
 0.370370   0.000000   0.000000
 0.372320   0.000000   0.000000
 0.374269   0.000000   0.000000
 0.376218   0.000000   0.000000
 0.378168   0.000000   0.000000
 0.380117   0.000000   0.000000
 0.382066   0.000000   0.000000
 0.384016   0.000000   0.000000
 0.385965   0.000000   0.000000
 0.387914   0.000000   0.000000
 0.389863   0.000000   0.000000
 0.391813   0.000000   0.000000
 0.393762   0.000000   0.000000
 0.395711   0.000000   0.000000
 0.397661   0.000000   0.000000
 0.399610   0.000000   0.000000
 0.401560   0.000000   0.000000
 0.403509   0.000000   0.000000
 0.405458   0.000000   0.000000
 0.407407   0.000000   0.000000
 0.409357   0.000000   0.000000
 0.411306   0.000000   0.000000
 0.413255   0.000000   0.000000
 0.415205   0.000000   0.000000
 0.417154   0.000000   0.000000
 0.419103   0.000000   0.000000
 0.421053   0.000000   0.000000
 0.423002   0.000000   0.000000
 0.424951   0.000000   0.000000
 0.426901   0.000000   0.000000
 0.428850   0.000000   0.000000
 0.430799   0.000000   0.000000
 0.432748   0.000000   0.000000
 0.434698   0.000000   0.000000
 0.436647   0.000000   0.000000
 0.438597   0.000000   0.000000
 0.440546   0.000000   0.000000
 0.442495   0.000000   0.000000
 0.444444   0.000000   0.000000
 0.446394   0.000000   0.000000
 0.448343   0.000000   0.000000
 0.450292   0.000000   0.000000
 0.452242   0.000000   0.000000
 0.454191   0.000000   0.000000
 0.456140   0.000000   0.000000
 0.458090   0.000000   0.000000
 0.460039   0.000000   0.000000
 0.461988   0.000000   0.000000
 0.463938   0.000000   0.000000
 0.465887   0.000000   0.000000
 0.467836   0.000000   0.000000
 0.469786   0.000000   0.000000
 0.471735   0.000000   0.000000
 0.473684   0.000000   0.000000
 0.475633   0.000000   0.000000
 0.477583   0.000000   0.000000
 0.479532   0.000000   0.000000
 0.481482   0.000000   0.000000
 0.483431   0.000000   0.000000
 0.485380   0.000000   0.000000
 0.487329   0.000000   0.000000
 0.489279   0.000000   0.000000
 0.491228   0.000000   0.000000
 0.493177   0.000000   0.000000
 0.495127   0.000000   0.000000
 0.497076   0.000000   0.000000
 0.499025   0.000000   0.000000
 0.500975   0.000000   0.000000
 0.502924   0.000000   0.000000
 0.504873   0.000000   0.000000
 0.506823   0.000000   0.000000
 0.508772   0.000000   0.000000
 0.510721   0.000000   0.000000
 0.512671   0.000000   0.000000
 0.514620   0.000000   0.000000
 0.516569   0.000000   0.000000
 0.518518   0.000000   0.000000
 0.520468   0.000000   0.000000
 0.522417   0.000000   0.000000
 0.524366   0.000000   0.000000
 0.526316   0.000000   0.000000
 0.528265   0.000000   0.000000
 0.530214   0.000000   0.000000
 0.532164   0.000000   0.000000
 0.534113   0.000000   0.000000
 0.536062   0.000000   0.000000
 0.538012   0.000000   0.000000
 0.539961   0.000000   0.000000
 0.541910   0.000000   0.000000
 0.543860   0.000000   0.000000
 0.545809   0.000000   0.000000
 0.547758   0.000000   0.000000
 0.549708   0.000000   0.000000
 0.551657   0.000000   0.000000
 0.553606   0.000000   0.000000
 0.555556   0.000000   0.000000
 0.557505   0.000000   0.000000
 0.559454   0.000000   0.000000
 0.561404   0.000000   0.000000
 0.563353   0.000000   0.000000
 0.565302   0.000000   0.000000
 0.567252   0.000000   0.000000
 0.569201   0.000000   0.000000
 0.571150   0.000000   0.000000
 0.573099   0.000000   0.000000
 0.575049   0.000000   0.000000
 0.576998   0.000000   0.000000
 0.578947   0.000000   0.000000
 0.580897   0.000000   0.000000
 0.582846   0.000000   0.000000
 0.584795   0.000000   0.000000
 0.586745   0.000000   0.000000
 0.588694   0.000000   0.000000
 0.590643   0.000000   0.000000
 0.592593   0.000000   0.000000
 0.594542   0.000000   0.000000
 0.596491   0.000000   0.000000
 0.598441   0.000000   0.000000
 0.600390   0.000000   0.000000
 0.602339   0.000000   0.000000
 0.604289   0.000000   0.000000
 0.606238   0.000000   0.000000
 0.608187   0.000000   0.000000
 0.610136   0.000000   0.000000
 0.612086   0.000000   0.000000
 0.614035   0.000000   0.000000
 0.615984   0.000000   0.000000
 0.617934   0.000000   0.000000
 0.619883   0.000000   0.000000
 0.621832   0.000000   0.000000
 0.623782   0.000000   0.000000
 0.625731   0.000000   0.000000
 0.627680   0.000000   0.000000
 0.629630   0.000000   0.000000
 0.631579   0.000000   0.000000
 0.633528   0.000000   0.000000
 0.635478   0.000000   0.000000
 0.637427   0.000000   0.000000
 0.639376   0.000000   0.000000
 0.641325   0.000000   0.000000
 0.643275   0.000000   0.000000
 0.645224   0.000000   0.000000
 0.647173   0.000000   0.000000
 0.649123   0.000000   0.000000
 0.651072   0.000000   0.000000
 0.653021   0.000000   0.000000
 0.654971   0.000000   0.000000
 0.656920   0.000000   0.000000
 0.658869   0.000000   0.000000
 0.660819   0.000000   0.000000
 0.662768   0.000000   0.000000
 0.664717   0.000000   0.000000
 0.666667   0.000000   0.000000
 0.668616   0.000000   0.000000
 0.670565   0.000000   0.000000
 0.672515   0.000000   0.000000
 0.674464   0.000000   0.000000
 0.676413   0.000000   0.000000
 0.678363   0.000000   0.000000
 0.680312   0.000000   0.000000
 0.682261   0.000000   0.000000
 0.684211   0.000000   0.000000
 0.686160   0.000000   0.000000
 0.688109   0.000000   0.000000
 0.690059   0.000000   0.000000
 0.692008   0.000000   0.000000
 0.693957   0.000000   0.000000
 0.695906   0.000000   0.000000
 0.697856   0.000000   0.000000
 0.699805   0.000000   0.000000
 0.701754   0.000000   0.000000
 0.703704   0.000000   0.000000
 0.705653   0.000000   0.000000
 0.707602   0.000000   0.000000
 0.709552   0.000000   0.000000
 0.711501   0.000000   0.000000
 0.713450   0.000000   0.000000
 0.715400   0.000000   0.000000
 0.717349   0.000000   0.000000
 0.719298   0.000000   0.000000
 0.721248   0.000000   0.000000
 0.723197   0.000000   0.000000
 0.725146   0.000000   0.000000
 0.727096   0.000000   0.000000
 0.729045   0.000000   0.000000
 0.730994   0.000000   0.000000
 0.732943   0.000000   0.000000
 0.734893   0.000000   0.000000
 0.736842   0.000000   0.000000
 0.738791   0.000000   0.000000
 0.740741   0.000000   0.000000
 0.742690   0.000000   0.000000
 0.744639   0.000000   0.000000
 0.746589   0.000000   0.000000
 0.748538   0.000000   0.000000
 0.750487   0.000000   0.000000
 0.752437   0.000000   0.000000
 0.754386   0.000000   0.000000
 0.756335   0.000000   0.000000
 0.758285   0.000000   0.000000
 0.760234   0.000000   0.000000
 0.762183   0.000000   0.000000
 0.764133   0.000000   0.000000
 0.766082   0.000000   0.000000
 0.768031   0.000000   0.000000
 0.769980   0.000000   0.000000
 0.771930   0.000000   0.000000
 0.773879   0.000000   0.000000
 0.775829   0.000000   0.000000
 0.777778   0.000000   0.000000
 0.779727   0.000000   0.000000
 0.781676   0.000000   0.000000
 0.783626   0.000000   0.000000
 0.785575   0.000000   0.000000
 0.787524   0.000000   0.000000
 0.789474   0.000000   0.000000
 0.791423   0.000000   0.000000
 0.793372   0.000000   0.000000
 0.795322   0.000000   0.000000
 0.797271   0.000000   0.000000
 0.799220   0.000000   0.000000
 0.801170   0.000000   0.000000
 0.803119   0.000000   0.000000
 0.805068   0.000000   0.000000
 0.807018   0.000000   0.000000
 0.808967   0.000000   0.000000
 0.810916   0.000000   0.000000
 0.812866   0.000000   0.000000
 0.814815   0.000000   0.000000
 0.816764   0.000000   0.000000
 0.818713   0.000000   0.000000
 0.820663   0.000000   0.000000
 0.822612   0.000000   0.000000
 0.824561   0.000000   0.000000
 0.826511   0.000000   0.000000
 0.828460   0.000000   0.000000
 0.830409   0.000000   0.000000
 0.832359   0.000000   0.000000
 0.834308   0.000000   0.000000
 0.836257   0.000000   0.000000
 0.838207   0.000000   0.000000
 0.840156   0.000000   0.000000
 0.842105   0.000000   0.000000
 0.844055   0.000000   0.000000
 0.846004   0.000000   0.000000
 0.847953   0.000000   0.000000
 0.849903   0.000000   0.000000
 0.851852   0.000000   0.000000
 0.853801   0.000000   0.000000
 0.855750   0.000000   0.000000
 0.857700   0.000000   0.000000
 0.859649   0.000000   0.000000
 0.861598   0.000000   0.000000
 0.863548   0.000000   0.000000
 0.865497   0.000000   0.000000
 0.867446   0.000000   0.000000
 0.869396   0.000000   0.000000
 0.871345   0.000000   0.000000
 0.873294   0.000000   0.000000
 0.875244   0.000000   0.000000
 0.877193   0.000000   0.000000
 0.879142   0.000000   0.000000
 0.881092   0.000000   0.000000
 0.883041   0.000000   0.000000
 0.884990   0.000000   0.000000
 0.886940   0.000000   0.000000
 0.888889   0.000000   0.000000
 0.890838   0.000000   0.000000
 0.892787   0.000000   0.000000
 0.894737   0.000000   0.000000
 0.896686   0.000000   0.000000
 0.898636   0.000000   0.000000
 0.900585   0.000000   0.000000
 0.902534   0.000000   0.000000
 0.904483   0.000000   0.000000
 0.906433   0.000000   0.000000
 0.908382   0.000000   0.000000
 0.910331   0.000000   0.000000
 0.912281   0.000000   0.000000
 0.914230   0.000000   0.000000
 0.916179   0.000000   0.000000
 0.918129   0.000000   0.000000
 0.920078   0.000000   0.000000
 0.922027   0.000000   0.000000
 0.923977   0.000000   0.000000
 0.925926   0.000000   0.000000
 0.927875   0.000000   0.000000
 0.929825   0.000000   0.000000
 0.931774   0.000000   0.000000
 0.933723   0.000000   0.000000
 0.935673   0.000000   0.000000
 0.937622   0.000000   0.000000
 0.939571   0.000000   0.000000
 0.941520   0.000000   0.000000
 0.943470   0.000000   0.000000
 0.945419   0.000000   0.000000
 0.947368   0.000000   0.000000
 0.949318   0.000000   0.000000
 0.951267   0.000000   0.000000
 0.953216   0.000000   0.000000
 0.955166   0.000000   0.000000
 0.957115   0.000000   0.000000
 0.959064   0.000000   0.000000
 0.961014   0.000000   0.000000
 0.962963   0.000000   0.000000
 0.964912   0.000000   0.000000
 0.966862   0.000000   0.000000
 0.968811   0.000000   0.000000
 0.970760   0.000000   0.000000
 0.972710   0.000000   0.000000
 0.974659   0.000000   0.000000
 0.976608   0.000000   0.000000
 0.978557   0.000000   0.000000
 0.980507   0.000000   0.000000
 0.982456   0.000000   0.000000
 0.984406   0.000000   0.000000
 0.986355   0.000000   0.000000
 0.988304   0.000000   0.000000
 0.990253   0.000000   0.000000
 0.992203   0.000000   0.000000
 0.994152   0.000000   0.000000
 0.996101   0.000000   0.000000
 0.998051   0.000000   0.000000
 1.000000   0.000000   0.000000
514 psinorm omgvb(kRad/s) domgvb/dpsiN
 0.000000   0.000000   0.000000
 0.001949   0.000000   0.000000
 0.003899   0.000000   0.000000
 0.005848   0.000000   0.000000
 0.007797   0.000000   0.000000
 0.009747   0.000000   0.000000
 0.011696   0.000000   0.000000
 0.013645   0.000000   0.000000
 0.015595   0.000000   0.000000
 0.017544   0.000000   0.000000
 0.019493   0.000000   0.000000
 0.021442   0.000000   0.000000
 0.023392   0.000000   0.000000
 0.025341   0.000000   0.000000
 0.027290   0.000000   0.000000
 0.029240   0.000000   0.000000
 0.031189   0.000000   0.000000
 0.033138   0.000000   0.000000
 0.035088   0.000000   0.000000
 0.037037   0.000000   0.000000
 0.038986   0.000000   0.000000
 0.040936   0.000000   0.000000
 0.042885   0.000000   0.000000
 0.044834   0.000000   0.000000
 0.046784   0.000000   0.000000
 0.048733   0.000000   0.000000
 0.050682   0.000000   0.000000
 0.052632   0.000000   0.000000
 0.054581   0.000000   0.000000
 0.056530   0.000000   0.000000
 0.058480   0.000000   0.000000
 0.060429   0.000000   0.000000
 0.062378   0.000000   0.000000
 0.064327   0.000000   0.000000
 0.066277   0.000000   0.000000
 0.068226   0.000000   0.000000
 0.070175   0.000000   0.000000
 0.072125   0.000000   0.000000
 0.074074   0.000000   0.000000
 0.076023   0.000000   0.000000
 0.077973   0.000000   0.000000
 0.079922   0.000000   0.000000
 0.081871   0.000000   0.000000
 0.083821   0.000000   0.000000
 0.085770   0.000000   0.000000
 0.087719   0.000000   0.000000
 0.089669   0.000000   0.000000
 0.091618   0.000000   0.000000
 0.093567   0.000000   0.000000
 0.095517   0.000000   0.000000
 0.097466   0.000000   0.000000
 0.099415   0.000000   0.000000
 0.101364   0.000000   0.000000
 0.103314   0.000000   0.000000
 0.105263   0.000000   0.000000
 0.107213   0.000000   0.000000
 0.109162   0.000000   0.000000
 0.111111   0.000000   0.000000
 0.113060   0.000000   0.000000
 0.115010   0.000000   0.000000
 0.116959   0.000000   0.000000
 0.118908   0.000000   0.000000
 0.120858   0.000000   0.000000
 0.122807   0.000000   0.000000
 0.124756   0.000000   0.000000
 0.126706   0.000000   0.000000
 0.128655   0.000000   0.000000
 0.130604   0.000000   0.000000
 0.132554   0.000000   0.000000
 0.134503   0.000000   0.000000
 0.136452   0.000000   0.000000
 0.138402   0.000000   0.000000
 0.140351   0.000000   0.000000
 0.142300   0.000000   0.000000
 0.144250   0.000000   0.000000
 0.146199   0.000000   0.000000
 0.148148   0.000000   0.000000
 0.150097   0.000000   0.000000
 0.152047   0.000000   0.000000
 0.153996   0.000000   0.000000
 0.155945   0.000000   0.000000
 0.157895   0.000000   0.000000
 0.159844   0.000000   0.000000
 0.161793   0.000000   0.000000
 0.163743   0.000000   0.000000
 0.165692   0.000000   0.000000
 0.167641   0.000000   0.000000
 0.169591   0.000000   0.000000
 0.171540   0.000000   0.000000
 0.173489   0.000000   0.000000
 0.175439   0.000000   0.000000
 0.177388   0.000000   0.000000
 0.179337   0.000000   0.000000
 0.181286   0.000000   0.000000
 0.183236   0.000000   0.000000
 0.185185   0.000000   0.000000
 0.187135   0.000000   0.000000
 0.189084   0.000000   0.000000
 0.191033   0.000000   0.000000
 0.192983   0.000000   0.000000
 0.194932   0.000000   0.000000
 0.196881   0.000000   0.000000
 0.198830   0.000000   0.000000
 0.200780   0.000000   0.000000
 0.202729   0.000000   0.000000
 0.204678   0.000000   0.000000
 0.206628   0.000000   0.000000
 0.208577   0.000000   0.000000
 0.210526   0.000000   0.000000
 0.212476   0.000000   0.000000
 0.214425   0.000000   0.000000
 0.216374   0.000000   0.000000
 0.218324   0.000000   0.000000
 0.220273   0.000000   0.000000
 0.222222   0.000000   0.000000
 0.224171   0.000000   0.000000
 0.226121   0.000000   0.000000
 0.228070   0.000000   0.000000
 0.230019   0.000000   0.000000
 0.231969   0.000000   0.000000
 0.233918   0.000000   0.000000
 0.235867   0.000000   0.000000
 0.237817   0.000000   0.000000
 0.239766   0.000000   0.000000
 0.241715   0.000000   0.000000
 0.243665   0.000000   0.000000
 0.245614   0.000000   0.000000
 0.247563   0.000000   0.000000
 0.249513   0.000000   0.000000
 0.251462   0.000000   0.000000
 0.253411   0.000000   0.000000
 0.255361   0.000000   0.000000
 0.257310   0.000000   0.000000
 0.259259   0.000000   0.000000
 0.261209   0.000000   0.000000
 0.263158   0.000000   0.000000
 0.265107   0.000000   0.000000
 0.267056   0.000000   0.000000
 0.269006   0.000000   0.000000
 0.270955   0.000000   0.000000
 0.272904   0.000000   0.000000
 0.274854   0.000000   0.000000
 0.276803   0.000000   0.000000
 0.278752   0.000000   0.000000
 0.280702   0.000000   0.000000
 0.282651   0.000000   0.000000
 0.284600   0.000000   0.000000
 0.286550   0.000000   0.000000
 0.288499   0.000000   0.000000
 0.290448   0.000000   0.000000
 0.292398   0.000000   0.000000
 0.294347   0.000000   0.000000
 0.296296   0.000000   0.000000
 0.298246   0.000000   0.000000
 0.300195   0.000000   0.000000
 0.302144   0.000000   0.000000
 0.304094   0.000000   0.000000
 0.306043   0.000000   0.000000
 0.307992   0.000000   0.000000
 0.309941   0.000000   0.000000
 0.311891   0.000000   0.000000
 0.313840   0.000000   0.000000
 0.315790   0.000000   0.000000
 0.317739   0.000000   0.000000
 0.319688   0.000000   0.000000
 0.321637   0.000000   0.000000
 0.323587   0.000000   0.000000
 0.325536   0.000000   0.000000
 0.327485   0.000000   0.000000
 0.329435   0.000000   0.000000
 0.331384   0.000000   0.000000
 0.333333   0.000000   0.000000
 0.335283   0.000000   0.000000
 0.337232   0.000000   0.000000
 0.339181   0.000000   0.000000
 0.341131   0.000000   0.000000
 0.343080   0.000000   0.000000
 0.345029   0.000000   0.000000
 0.346979   0.000000   0.000000
 0.348928   0.000000   0.000000
 0.350877   0.000000   0.000000
 0.352826   0.000000   0.000000
 0.354776   0.000000   0.000000
 0.356725   0.000000   0.000000
 0.358675   0.000000   0.000000
 0.360624   0.000000   0.000000
 0.362573   0.000000   0.000000
 0.364522   0.000000   0.000000
 0.366472   0.000000   0.000000
 0.368421   0.000000   0.000000
 0.370370   0.000000   0.000000
 0.372320   0.000000   0.000000
 0.374269   0.000000   0.000000
 0.376218   0.000000   0.000000
 0.378168   0.000000   0.000000
 0.380117   0.000000   0.000000
 0.382066   0.000000   0.000000
 0.384016   0.000000   0.000000
 0.385965   0.000000   0.000000
 0.387914   0.000000   0.000000
 0.389863   0.000000   0.000000
 0.391813   0.000000   0.000000
 0.393762   0.000000   0.000000
 0.395711   0.000000   0.000000
 0.397661   0.000000   0.000000
 0.399610   0.000000   0.000000
 0.401560   0.000000   0.000000
 0.403509   0.000000   0.000000
 0.405458   0.000000   0.000000
 0.407407   0.000000   0.000000
 0.409357   0.000000   0.000000
 0.411306   0.000000   0.000000
 0.413255   0.000000   0.000000
 0.415205   0.000000   0.000000
 0.417154   0.000000   0.000000
 0.419103   0.000000   0.000000
 0.421053   0.000000   0.000000
 0.423002   0.000000   0.000000
 0.424951   0.000000   0.000000
 0.426901   0.000000   0.000000
 0.428850   0.000000   0.000000
 0.430799   0.000000   0.000000
 0.432748   0.000000   0.000000
 0.434698   0.000000   0.000000
 0.436647   0.000000   0.000000
 0.438597   0.000000   0.000000
 0.440546   0.000000   0.000000
 0.442495   0.000000   0.000000
 0.444444   0.000000   0.000000
 0.446394   0.000000   0.000000
 0.448343   0.000000   0.000000
 0.450292   0.000000   0.000000
 0.452242   0.000000   0.000000
 0.454191   0.000000   0.000000
 0.456140   0.000000   0.000000
 0.458090   0.000000   0.000000
 0.460039   0.000000   0.000000
 0.461988   0.000000   0.000000
 0.463938   0.000000   0.000000
 0.465887   0.000000   0.000000
 0.467836   0.000000   0.000000
 0.469786   0.000000   0.000000
 0.471735   0.000000   0.000000
 0.473684   0.000000   0.000000
 0.475633   0.000000   0.000000
 0.477583   0.000000   0.000000
 0.479532   0.000000   0.000000
 0.481482   0.000000   0.000000
 0.483431   0.000000   0.000000
 0.485380   0.000000   0.000000
 0.487329   0.000000   0.000000
 0.489279   0.000000   0.000000
 0.491228   0.000000   0.000000
 0.493177   0.000000   0.000000
 0.495127   0.000000   0.000000
 0.497076   0.000000   0.000000
 0.499025   0.000000   0.000000
 0.500975   0.000000   0.000000
 0.502924   0.000000   0.000000
 0.504873   0.000000   0.000000
 0.506823   0.000000   0.000000
 0.508772   0.000000   0.000000
 0.510721   0.000000   0.000000
 0.512671   0.000000   0.000000
 0.514620   0.000000   0.000000
 0.516569   0.000000   0.000000
 0.518518   0.000000   0.000000
 0.520468   0.000000   0.000000
 0.522417   0.000000   0.000000
 0.524366   0.000000   0.000000
 0.526316   0.000000   0.000000
 0.528265   0.000000   0.000000
 0.530214   0.000000   0.000000
 0.532164   0.000000   0.000000
 0.534113   0.000000   0.000000
 0.536062   0.000000   0.000000
 0.538012   0.000000   0.000000
 0.539961   0.000000   0.000000
 0.541910   0.000000   0.000000
 0.543860   0.000000   0.000000
 0.545809   0.000000   0.000000
 0.547758   0.000000   0.000000
 0.549708   0.000000   0.000000
 0.551657   0.000000   0.000000
 0.553606   0.000000   0.000000
 0.555556   0.000000   0.000000
 0.557505   0.000000   0.000000
 0.559454   0.000000   0.000000
 0.561404   0.000000   0.000000
 0.563353   0.000000   0.000000
 0.565302   0.000000   0.000000
 0.567252   0.000000   0.000000
 0.569201   0.000000   0.000000
 0.571150   0.000000   0.000000
 0.573099   0.000000   0.000000
 0.575049   0.000000   0.000000
 0.576998   0.000000   0.000000
 0.578947   0.000000   0.000000
 0.580897   0.000000   0.000000
 0.582846   0.000000   0.000000
 0.584795   0.000000   0.000000
 0.586745   0.000000   0.000000
 0.588694   0.000000   0.000000
 0.590643   0.000000   0.000000
 0.592593   0.000000   0.000000
 0.594542   0.000000   0.000000
 0.596491   0.000000   0.000000
 0.598441   0.000000   0.000000
 0.600390   0.000000   0.000000
 0.602339   0.000000   0.000000
 0.604289   0.000000   0.000000
 0.606238   0.000000   0.000000
 0.608187   0.000000   0.000000
 0.610136   0.000000   0.000000
 0.612086   0.000000   0.000000
 0.614035   0.000000   0.000000
 0.615984   0.000000   0.000000
 0.617934   0.000000   0.000000
 0.619883   0.000000   0.000000
 0.621832   0.000000   0.000000
 0.623782   0.000000   0.000000
 0.625731   0.000000   0.000000
 0.627680   0.000000   0.000000
 0.629630   0.000000   0.000000
 0.631579   0.000000   0.000000
 0.633528   0.000000   0.000000
 0.635478   0.000000   0.000000
 0.637427   0.000000   0.000000
 0.639376   0.000000   0.000000
 0.641325   0.000000   0.000000
 0.643275   0.000000   0.000000
 0.645224   0.000000   0.000000
 0.647173   0.000000   0.000000
 0.649123   0.000000   0.000000
 0.651072   0.000000   0.000000
 0.653021   0.000000   0.000000
 0.654971   0.000000   0.000000
 0.656920   0.000000   0.000000
 0.658869   0.000000   0.000000
 0.660819   0.000000   0.000000
 0.662768   0.000000   0.000000
 0.664717   0.000000   0.000000
 0.666667   0.000000   0.000000
 0.668616   0.000000   0.000000
 0.670565   0.000000   0.000000
 0.672515   0.000000   0.000000
 0.674464   0.000000   0.000000
 0.676413   0.000000   0.000000
 0.678363   0.000000   0.000000
 0.680312   0.000000   0.000000
 0.682261   0.000000   0.000000
 0.684211   0.000000   0.000000
 0.686160   0.000000   0.000000
 0.688109   0.000000   0.000000
 0.690059   0.000000   0.000000
 0.692008   0.000000   0.000000
 0.693957   0.000000   0.000000
 0.695906   0.000000   0.000000
 0.697856   0.000000   0.000000
 0.699805   0.000000   0.000000
 0.701754   0.000000   0.000000
 0.703704   0.000000   0.000000
 0.705653   0.000000   0.000000
 0.707602   0.000000   0.000000
 0.709552   0.000000   0.000000
 0.711501   0.000000   0.000000
 0.713450   0.000000   0.000000
 0.715400   0.000000   0.000000
 0.717349   0.000000   0.000000
 0.719298   0.000000   0.000000
 0.721248   0.000000   0.000000
 0.723197   0.000000   0.000000
 0.725146   0.000000   0.000000
 0.727096   0.000000   0.000000
 0.729045   0.000000   0.000000
 0.730994   0.000000   0.000000
 0.732943   0.000000   0.000000
 0.734893   0.000000   0.000000
 0.736842   0.000000   0.000000
 0.738791   0.000000   0.000000
 0.740741   0.000000   0.000000
 0.742690   0.000000   0.000000
 0.744639   0.000000   0.000000
 0.746589   0.000000   0.000000
 0.748538   0.000000   0.000000
 0.750487   0.000000   0.000000
 0.752437   0.000000   0.000000
 0.754386   0.000000   0.000000
 0.756335   0.000000   0.000000
 0.758285   0.000000   0.000000
 0.760234   0.000000   0.000000
 0.762183   0.000000   0.000000
 0.764133   0.000000   0.000000
 0.766082   0.000000   0.000000
 0.768031   0.000000   0.000000
 0.769980   0.000000   0.000000
 0.771930   0.000000   0.000000
 0.773879   0.000000   0.000000
 0.775829   0.000000   0.000000
 0.777778   0.000000   0.000000
 0.779727   0.000000   0.000000
 0.781676   0.000000   0.000000
 0.783626   0.000000   0.000000
 0.785575   0.000000   0.000000
 0.787524   0.000000   0.000000
 0.789474   0.000000   0.000000
 0.791423   0.000000   0.000000
 0.793372   0.000000   0.000000
 0.795322   0.000000   0.000000
 0.797271   0.000000   0.000000
 0.799220   0.000000   0.000000
 0.801170   0.000000   0.000000
 0.803119   0.000000   0.000000
 0.805068   0.000000   0.000000
 0.807018   0.000000   0.000000
 0.808967   0.000000   0.000000
 0.810916   0.000000   0.000000
 0.812866   0.000000   0.000000
 0.814815   0.000000   0.000000
 0.816764   0.000000   0.000000
 0.818713   0.000000   0.000000
 0.820663   0.000000   0.000000
 0.822612   0.000000   0.000000
 0.824561   0.000000   0.000000
 0.826511   0.000000   0.000000
 0.828460   0.000000   0.000000
 0.830409   0.000000   0.000000
 0.832359   0.000000   0.000000
 0.834308   0.000000   0.000000
 0.836257   0.000000   0.000000
 0.838207   0.000000   0.000000
 0.840156   0.000000   0.000000
 0.842105   0.000000   0.000000
 0.844055   0.000000   0.000000
 0.846004   0.000000   0.000000
 0.847953   0.000000   0.000000
 0.849903   0.000000   0.000000
 0.851852   0.000000   0.000000
 0.853801   0.000000   0.000000
 0.855750   0.000000   0.000000
 0.857700   0.000000   0.000000
 0.859649   0.000000   0.000000
 0.861598   0.000000   0.000000
 0.863548   0.000000   0.000000
 0.865497   0.000000   0.000000
 0.867446   0.000000   0.000000
 0.869396   0.000000   0.000000
 0.871345   0.000000   0.000000
 0.873294   0.000000   0.000000
 0.875244   0.000000   0.000000
 0.877193   0.000000   0.000000
 0.879142   0.000000   0.000000
 0.881092   0.000000   0.000000
 0.883041   0.000000   0.000000
 0.884990   0.000000   0.000000
 0.886940   0.000000   0.000000
 0.888889   0.000000   0.000000
 0.890838   0.000000   0.000000
 0.892787   0.000000   0.000000
 0.894737   0.000000   0.000000
 0.896686   0.000000   0.000000
 0.898636   0.000000   0.000000
 0.900585   0.000000   0.000000
 0.902534   0.000000   0.000000
 0.904483   0.000000   0.000000
 0.906433   0.000000   0.000000
 0.908382   0.000000   0.000000
 0.910331   0.000000   0.000000
 0.912281   0.000000   0.000000
 0.914230   0.000000   0.000000
 0.916179   0.000000   0.000000
 0.918129   0.000000   0.000000
 0.920078   0.000000   0.000000
 0.922027   0.000000   0.000000
 0.923977   0.000000   0.000000
 0.925926   0.000000   0.000000
 0.927875   0.000000   0.000000
 0.929825   0.000000   0.000000
 0.931774   0.000000   0.000000
 0.933723   0.000000   0.000000
 0.935673   0.000000   0.000000
 0.937622   0.000000   0.000000
 0.939571   0.000000   0.000000
 0.941520   0.000000   0.000000
 0.943470   0.000000   0.000000
 0.945419   0.000000   0.000000
 0.947368   0.000000   0.000000
 0.949318   0.000000   0.000000
 0.951267   0.000000   0.000000
 0.953216   0.000000   0.000000
 0.955166   0.000000   0.000000
 0.957115   0.000000   0.000000
 0.959064   0.000000   0.000000
 0.961014   0.000000   0.000000
 0.962963   0.000000   0.000000
 0.964912   0.000000   0.000000
 0.966862   0.000000   0.000000
 0.968811   0.000000   0.000000
 0.970760   0.000000   0.000000
 0.972710   0.000000   0.000000
 0.974659   0.000000   0.000000
 0.976608   0.000000   0.000000
 0.978557   0.000000   0.000000
 0.980507   0.000000   0.000000
 0.982456   0.000000   0.000000
 0.984406   0.000000   0.000000
 0.986355   0.000000   0.000000
 0.988304   0.000000   0.000000
 0.990253   0.000000   0.000000
 0.992203   0.000000   0.000000
 0.994152   0.000000   0.000000
 0.996101   0.000000   0.000000
 0.998051   0.000000   0.000000
 1.000000   0.000000   0.000000
