514 psinorm ne(10^20/m^3) dne/dpsiN
 0.000000   0.397901   0.167158
 0.001949   0.398227   0.161388
 0.003899   0.398530   0.153064
 0.005848   0.398824   0.148938
 0.007797   0.399111   0.146019
 0.009747   0.399393   0.143965
 0.011696   0.399672   0.142219
 0.013645   0.399947   0.140577
 0.015595   0.400220   0.139433
 0.017544   0.400491   0.138225
 0.019493   0.400759   0.137068
 0.021442   0.401025   0.136151
 0.023392   0.401290   0.135360
 0.025341   0.401553   0.134506
 0.027290   0.401814   0.133765
 0.029240   0.402075   0.132959
 0.031189   0.402333   0.132282
 0.033138   0.402590   0.131718
 0.035088   0.402846   0.131091
 0.037037   0.403101   0.130593
 0.038986   0.403355   0.130019
 0.040936   0.403608   0.129381
 0.042885   0.403860   0.128873
 0.044834   0.404111   0.128481
 0.046784   0.404361   0.127833
 0.048733   0.404609   0.127508
 0.050682   0.404858   0.127108
 0.052632   0.405105   0.126645
 0.054581   0.405351   0.126312
 0.056530   0.405597   0.125709
 0.058480   0.405842   0.125432
 0.060429   0.406086   0.125092
 0.062378   0.406329   0.124614
 0.064327   0.406572   0.124392
 0.066277   0.406814   0.123909
 0.068226   0.407055   0.123559
 0.070175   0.407296   0.123330
 0.072125   0.407536   0.122839
 0.074074   0.407775   0.122679
 0.076023   0.408014   0.122445
 0.077973   0.408252   0.121946
 0.079922   0.408489   0.121581
 0.081871   0.408726   0.121340
 0.083821   0.408963   0.121033
 0.085770   0.409198   0.120862
 0.087719   0.409434   0.120614
 0.089669   0.409668   0.120100
 0.091618   0.409902   0.119923
 0.093567   0.410136   0.119669
 0.095517   0.410368   0.119350
 0.097466   0.410601   0.118964
 0.099415   0.410832   0.118640
 0.101364   0.411064   0.118581
 0.103314   0.411295   0.118457
 0.105263   0.411525   0.118127
 0.107213   0.411755   0.117795
 0.109162   0.411985   0.117395
 0.111111   0.412213   0.117059
 0.113060   0.412441   0.117195
 0.115010   0.412670   0.116854
 0.116959   0.412897   0.116447
 0.118908   0.413124   0.116373
 0.120858   0.413350   0.116025
 0.122807   0.413576   0.115611
 0.124756   0.413801   0.115531
 0.126706   0.414026   0.115385
 0.128655   0.414251   0.114964
 0.130604   0.414475   0.114880
 0.132554   0.414699   0.114728
 0.134503   0.414922   0.114301
 0.136452   0.415144   0.114211
 0.138402   0.415367   0.114055
 0.140351   0.415589   0.113620
 0.142300   0.415810   0.113526
 0.144250   0.416032   0.113152
 0.146199   0.416251   0.112922
 0.148148   0.416472   0.112756
 0.150097   0.416691   0.112442
 0.152047   0.416910   0.112485
 0.153996   0.417129   0.112248
 0.155945   0.417348   0.111928
 0.157895   0.417566   0.111538
 0.159844   0.417783   0.111295
 0.161793   0.418000   0.111397
 0.163743   0.418217   0.111001
 0.165692   0.418432   0.110752
 0.167641   0.418649   0.110634
 0.169591   0.418864   0.110231
 0.171540   0.419079   0.110192
 0.173489   0.419293   0.110069
 0.175439   0.419508   0.109659
 0.177388   0.419721   0.109398
 0.179337   0.419934   0.109201
 0.181286   0.420147   0.109070
 0.183236   0.420359   0.108869
 0.185185   0.420571   0.108667
 0.187135   0.420783   0.108463
 0.189084   0.420994   0.108189
 0.191033   0.421205   0.108048
 0.192983   0.421415   0.107838
 0.194932   0.421625   0.107558
 0.196881   0.421834   0.107122
 0.198830   0.422043   0.107195
 0.200780   0.422252   0.106975
 0.202729   0.422460   0.106465
 0.204678   0.422667   0.106532
 0.206628   0.422875   0.106307
 0.208577   0.423082   0.106012
 0.210526   0.423288   0.105850
 0.212476   0.423495   0.105619
 0.214425   0.423700   0.105316
 0.216374   0.423905   0.105148
 0.218324   0.424110   0.104910
 0.220273   0.424314   0.104601
 0.222222   0.424518   0.104584
 0.224171   0.424722   0.104408
 0.226121   0.424925   0.103933
 0.228070   0.425127   0.103615
 0.230019   0.425329   0.103659
 0.231969   0.425531   0.103633
 0.233918   0.425733   0.103079
 0.235867   0.425933   0.102889
 0.237817   0.426134   0.102856
 0.239766   0.426334   0.102294
 0.241715   0.426533   0.102326
 0.243665   0.426733   0.102057
 0.245614   0.426931   0.101718
 0.247563   0.427130   0.101744
 0.249513   0.427328   0.101236
 0.251462   0.427524   0.101121
 0.253411   0.427722   0.100908
 0.255361   0.427918   0.100625
 0.257310   0.428114   0.100502
 0.259259   0.428309   0.100049
 0.261209   0.428504   0.099991
 0.263158   0.428699   0.099862
 0.265107   0.428893   0.099330
 0.267056   0.429087   0.099100
 0.269006   0.429280   0.099033
 0.270955   0.429473   0.098895
 0.272904   0.429665   0.098657
 0.274854   0.429857   0.098110
 0.276803   0.430048   0.097964
 0.278752   0.430239   0.097955
 0.280702   0.430430   0.097398
 0.282651   0.430619   0.097245
 0.284600   0.430809   0.096990
 0.286550   0.430997   0.096663
 0.288499   0.431186   0.096741
 0.290448   0.431374   0.096238
 0.292398   0.431561   0.095902
 0.294347   0.431748   0.095733
 0.296296   0.431934   0.095461
 0.298246   0.432120   0.095357
 0.300195   0.432306   0.094939
 0.302144   0.432490   0.094900
 0.304094   0.432676   0.094545
 0.306043   0.432859   0.094118
 0.307992   0.433043   0.094001
 0.309941   0.433225   0.093707
 0.311891   0.433408   0.093340
 0.313840   0.433589   0.092969
 0.315790   0.433771   0.092840
 0.317739   0.433951   0.092639
 0.319688   0.434132   0.092259
 0.321637   0.434311   0.091946
 0.323587   0.434490   0.091805
 0.325536   0.434669   0.091592
 0.327485   0.434847   0.091269
 0.329435   0.435025   0.090872
 0.331384   0.435202   0.090401
 0.333333   0.435377   0.090316
 0.335283   0.435554   0.090157
 0.337232   0.435729   0.089676
 0.339181   0.435903   0.089582
 0.341131   0.436078   0.089163
 0.343080   0.436251   0.088671
 0.345029   0.436424   0.088567
 0.346979   0.436596   0.088389
 0.348928   0.436768   0.087886
 0.350877   0.436939   0.087449
 0.352826   0.437109   0.087332
 0.354776   0.437279   0.087141
 0.356725   0.437449   0.086693
 0.358675   0.437617   0.086240
 0.360624   0.437785   0.085968
 0.362573   0.437952   0.085763
 0.364522   0.438119   0.085625
 0.366472   0.438286   0.085157
 0.368421   0.438451   0.084615
 0.370370   0.438616   0.084466
 0.372320   0.438781   0.084243
 0.374269   0.438945   0.083688
 0.376218   0.439107   0.083271
 0.378168   0.439269   0.083036
 0.380117   0.439431   0.082727
 0.382066   0.439592   0.082556
 0.384016   0.439753   0.082050
 0.385965   0.439912   0.081730
 0.387914   0.440071   0.081477
 0.389863   0.440229   0.080769
 0.391813   0.440386   0.080507
 0.393762   0.440543   0.080431
 0.395711   0.440700   0.079971
 0.397661   0.440855   0.079435
 0.399610   0.441009   0.079156
 0.401560   0.441164   0.078874
 0.403509   0.441317   0.078517
 0.405458   0.441470   0.077962
 0.407407   0.441621   0.077739
 0.409357   0.441773   0.077439
 0.411306   0.441923   0.076800
 0.413255   0.442072   0.076297
 0.415205   0.442220   0.075984
 0.417154   0.442368   0.075862
 0.419103   0.442516   0.075345
 0.421053   0.442662   0.074752
 0.423002   0.442807   0.074350
 0.424951   0.442952   0.074086
 0.426901   0.443096   0.073746
 0.428850   0.443240   0.073331
 0.430799   0.443382   0.072983
 0.432748   0.443524   0.072430
 0.434698   0.443665   0.071801
 0.436647   0.443804   0.071708
 0.438597   0.443944   0.071339
 0.440546   0.444082   0.070625
 0.442495   0.444219   0.070247
 0.444444   0.444356   0.069662
 0.446394   0.444491   0.069274
 0.448343   0.444626   0.068809
 0.450292   0.444759   0.068482
 0.452242   0.444893   0.068078
 0.454191   0.445025   0.067600
 0.456140   0.445157   0.067257
 0.458090   0.445287   0.066563
 0.460039   0.445416   0.066069
 0.461988   0.445544   0.065710
 0.463938   0.445672   0.064998
 0.465887   0.445798   0.064487
 0.467836   0.445924   0.064389
 0.469786   0.446049   0.063660
 0.471735   0.446172   0.063134
 0.473684   0.446295   0.062672
 0.475633   0.446416   0.062275
 0.477583   0.446538   0.061801
 0.479532   0.446657   0.061043
 0.481482   0.446776   0.060839
 0.483431   0.446894   0.060278
 0.485380   0.447011   0.059502
 0.487329   0.447126   0.059070
 0.489279   0.447241   0.058562
 0.491228   0.447355   0.057979
 0.493177   0.447467   0.057530
 0.495127   0.447579   0.057004
 0.497076   0.447689   0.056404
 0.499025   0.447799   0.055936
 0.500975   0.447907   0.055393
 0.502924   0.448015   0.054490
 0.504873   0.448120   0.054004
 0.506823   0.448225   0.053727
 0.508772   0.448329   0.053090
 0.510721   0.448432   0.052586
 0.512671   0.448534   0.051719
 0.514620   0.448634   0.051063
 0.516569   0.448733   0.050758
 0.518518   0.448832   0.050228
 0.520468   0.448929   0.049334
 0.522417   0.449024   0.048653
 0.524366   0.449119   0.048393
 0.526316   0.449213   0.047768
 0.528265   0.449305   0.047068
 0.530214   0.449396   0.046209
 0.532164   0.449485   0.045564
 0.534113   0.449574   0.045134
 0.536062   0.449661   0.044546
 0.538012   0.449748   0.043881
 0.539961   0.449832   0.043141
 0.541910   0.449916   0.042532
 0.543860   0.449998   0.042141
 0.545809   0.450080   0.041381
 0.547758   0.450159   0.040458
 0.549708   0.450238   0.039752
 0.551657   0.450314   0.039266
 0.553606   0.450391   0.038616
 0.555556   0.450465   0.037594
 0.557505   0.450537   0.037089
 0.559454   0.450610   0.036713
 0.561404   0.450681   0.035670
 0.563353   0.450749   0.034848
 0.565302   0.450816   0.034452
 0.567252   0.450883   0.033684
 0.569201   0.450948   0.032841
 0.571150   0.451011   0.032059
 0.573099   0.451073   0.031636
 0.575049   0.451134   0.030839
 0.576998   0.451193   0.029669
 0.578947   0.451250   0.029225
 0.580897   0.451307   0.028707
 0.582846   0.451362   0.027513
 0.584795   0.451414   0.026747
 0.586745   0.451466   0.026208
 0.588694   0.451516   0.025596
 0.590643   0.451566   0.024808
 0.592593   0.451613   0.023946
 0.594542   0.451659   0.023010
 0.596491   0.451703   0.022200
 0.598441   0.451746   0.021619
 0.600390   0.451787   0.020661
 0.602339   0.451826   0.019828
 0.604289   0.451864   0.018921
 0.606238   0.451900   0.018246
 0.608187   0.451936   0.017631
 0.610136   0.451969   0.016768
 0.612086   0.452001   0.015832
 0.614035   0.452031   0.014822
 0.615984   0.452059   0.013936
 0.617934   0.452085   0.013284
 0.619883   0.452110   0.012561
 0.621832   0.452134   0.011652
 0.623782   0.452156   0.010671
 0.625731   0.452176   0.009926
 0.627680   0.452195   0.008995
 0.629630   0.452211   0.007991
 0.631579   0.452226   0.007225
 0.633528   0.452239   0.006581
 0.635478   0.452251   0.005554
 0.637427   0.452261   0.004457
 0.639376   0.452269   0.003728
 0.641325   0.452275   0.002743
 0.643275   0.452279   0.001999
 0.645224   0.452283   0.001184
 0.647173   0.452284   0.000178
 0.649123   0.452284   -0.000901
 0.651072   0.452281   -0.001736
 0.653021   0.452277   -0.002453
 0.654971   0.452271   -0.003553
 0.656920   0.452263   -0.004723
 0.658869   0.452253   -0.005461
 0.660819   0.452242   -0.006269
 0.662768   0.452228   -0.007460
 0.664717   0.452213   -0.008220
 0.666667   0.452196   -0.009048
 0.668616   0.452177   -0.010261
 0.670565   0.452156   -0.011041
 0.672515   0.452134   -0.011890
 0.674464   0.452110   -0.013123
 0.676413   0.452083   -0.013925
 0.678363   0.452055   -0.015112
 0.680312   0.452024   -0.016048
 0.682261   0.451993   -0.016870
 0.684211   0.451958   -0.018078
 0.686160   0.451922   -0.018716
 0.688109   0.451885   -0.019877
 0.690059   0.451845   -0.021105
 0.692008   0.451803   -0.021761
 0.693957   0.451760   -0.022683
 0.695906   0.451715   -0.023871
 0.697856   0.451667   -0.024806
 0.699805   0.451618   -0.025806
 0.701754   0.451566   -0.027015
 0.703704   0.451513   -0.027969
 0.705653   0.451457   -0.028666
 0.707602   0.451401   -0.029573
 0.709552   0.451342   -0.030867
 0.711501   0.451281   -0.032226
 0.713450   0.451216   -0.032829
 0.715400   0.451153   -0.033820
 0.717349   0.451085   -0.035196
 0.719298   0.451015   -0.035817
 0.721248   0.450945   -0.036824
 0.723197   0.450872   -0.038218
 0.725146   0.450796   -0.039180
 0.727096   0.450719   -0.039879
 0.729045   0.450641   -0.040965
 0.730994   0.450559   -0.042325
 0.732943   0.450476   -0.042984
 0.734893   0.450392   -0.044030
 0.736842   0.450304   -0.045462
 0.738791   0.450215   -0.046136
 0.740741   0.450124   -0.047198
 0.742690   0.450031   -0.048318
 0.744639   0.449936   -0.049335
 0.746589   0.449838   -0.050411
 0.748538   0.449739   -0.051218
 0.750487   0.449639   -0.052249
 0.752437   0.449535   -0.053339
 0.754386   0.449431   -0.054487
 0.756335   0.449323   -0.055532
 0.758285   0.449214   -0.056307
 0.760234   0.449103   -0.057467
 0.762183   0.448990   -0.058525
 0.764133   0.448875   -0.059312
 0.766082   0.448759   -0.060484
 0.768031   0.448639   -0.061606
 0.769980   0.448519   -0.062682
 0.771930   0.448395   -0.063483
 0.773879   0.448271   -0.064288
 0.775829   0.448144   -0.065756
 0.777778   0.448015   -0.066618
 0.779727   0.447885   -0.067431
 0.781676   0.447752   -0.068529
 0.783626   0.447618   -0.069349
 0.785575   0.447481   -0.070553
 0.787524   0.447343   -0.071660
 0.789474   0.447202   -0.072489
 0.791423   0.447060   -0.073368
 0.793372   0.446916   -0.074485
 0.795322   0.446769   -0.075320
 0.797271   0.446622   -0.076206
 0.799220   0.446472   -0.077331
 0.801170   0.446321   -0.078173
 0.803119   0.446168   -0.079396
 0.805068   0.446011   -0.080195
 0.807018   0.445855   -0.081043
 0.808967   0.445695   -0.081938
 0.810916   0.445536   -0.083076
 0.812866   0.445372   -0.084261
 0.814815   0.445207   -0.084826
 0.816764   0.445041   -0.085680
 0.818713   0.444873   -0.086825
 0.820663   0.444702   -0.088015
 0.822612   0.444530   -0.088917
 0.824561   0.444356   -0.089731
 0.826511   0.444180   -0.090590
 0.828460   0.444003   -0.091827
 0.830409   0.443822   -0.092644
 0.832359   0.443641   -0.093505
 0.834308   0.443457   -0.095076
 0.836257   0.443271   -0.095895
 0.838207   0.443084   -0.097091
 0.840156   0.442892   -0.098327
 0.842105   0.442700   -0.099146
 0.844055   0.442506   -0.100677
 0.846004   0.442308   -0.101912
 0.847953   0.442108   -0.103401
 0.849903   0.441905   -0.104931
 0.851852   0.441699   -0.106165
 0.853801   0.441491   -0.108028
 0.855750   0.441278   -0.109851
 0.857700   0.441062   -0.111714
 0.859649   0.440843   -0.113950
 0.861598   0.440618   -0.116106
 0.863548   0.440390   -0.118638
 0.865497   0.440156   -0.121542
 0.867446   0.439916   -0.124366
 0.869396   0.439671   -0.127566
 0.871345   0.439419   -0.131474
 0.873294   0.439158   -0.135971
 0.875244   0.438889   -0.140510
 0.877193   0.438610   -0.145423
 0.879142   0.438322   -0.151592
 0.881092   0.438019   -0.158141
 0.883041   0.437705   -0.165402
 0.884990   0.437375   -0.173911
 0.886940   0.437027   -0.183142
 0.888889   0.436661   -0.193759
 0.890838   0.436272   -0.206004
 0.892787   0.435858   -0.219529
 0.894737   0.435416   -0.234794
 0.896686   0.434942   -0.251519
 0.898636   0.434435   -0.269540
 0.900585   0.433891   -0.289774
 0.902534   0.433306   -0.312633
 0.904483   0.432673   -0.338760
 0.906433   0.431985   -0.368686
 0.908382   0.431235   -0.403062
 0.910331   0.430414   -0.441597
 0.912281   0.429513   -0.485646
 0.914230   0.428520   -0.536183
 0.916179   0.427423   -0.592491
 0.918129   0.426210   -0.656379
 0.920078   0.424864   -0.728469
 0.922027   0.423370   -0.809255
 0.923977   0.421709   -0.900380
 0.925926   0.419860   -1.002780
 0.927875   0.417800   -1.116423
 0.929825   0.415507   -1.242853
 0.931774   0.412954   -1.383991
 0.933723   0.410112   -1.539199
 0.935673   0.406953   -1.710351
 0.937622   0.403443   -1.898323
 0.939571   0.399553   -2.102375
 0.941520   0.395248   -2.322245
 0.943470   0.390498   -2.556612
 0.945419   0.385280   -2.808658
 0.947368   0.379550   -3.082440
 0.949318   0.373262   -3.375988
 0.951267   0.366388   -3.682014
 0.953216   0.358909   -3.994550
 0.955166   0.350812   -4.313652
 0.957115   0.342091   -4.633361
 0.959064   0.332752   -4.944983
 0.961014   0.322810   -5.246264
 0.962963   0.312297   -5.529912
 0.964912   0.301254   -5.784861
 0.966862   0.289741   -6.009140
 0.968811   0.277825   -6.196191
 0.970760   0.265589   -6.335725
 0.972710   0.253122   -6.428194
 0.974659   0.240525   -6.470165
 0.976608   0.227901   -6.458063
 0.978557   0.215352   -6.391568
 0.980507   0.202980   -6.276234
 0.982456   0.190880   -6.114327
 0.984406   0.179141   -5.909887
 0.986355   0.167838   -5.671438
 0.988304   0.157034   -5.402170
 0.990253   0.146780   -5.109146
 0.992203   0.137113   -4.801476
 0.994152   0.128059   -4.486456
 0.996101   0.119625   -4.166450
 0.998051   0.111814   -3.849029
 1.000000   0.104617   -3.692435
514 psinorm te(KeV) dte/dpsiN
 0.000000   2.126406   0.332044
 0.001949   2.127053   0.278923
 0.003899   2.127493   0.202087
 0.005848   2.127841   0.162084
 0.007797   2.128125   0.133328
 0.009747   2.128361   0.110190
 0.011696   2.128555   0.090293
 0.013645   2.128713   0.073643
 0.015595   2.128842   0.058911
 0.017544   2.128943   0.045015
 0.019493   2.129017   0.032191
 0.021442   2.129068   0.020900
 0.023392   2.129099   0.010433
 0.025341   2.129109   0.000141
 0.027290   2.129099   -0.009244
 0.029240   2.129073   -0.018465
 0.031189   2.129027   -0.027294
 0.033138   2.128966   -0.035197
 0.035088   2.128890   -0.043382
 0.037037   2.128797   -0.051175
 0.038986   2.128691   -0.058249
 0.040936   2.128570   -0.065385
 0.042885   2.128436   -0.072355
 0.044834   2.128288   -0.079037
 0.046784   2.128128   -0.085561
 0.048733   2.127954   -0.092144
 0.050682   2.127768   -0.098206
 0.052632   2.127571   -0.104112
 0.054581   2.127362   -0.110304
 0.056530   2.127141   -0.115964
 0.058480   2.126910   -0.121694
 0.060429   2.126667   -0.127489
 0.062378   2.126413   -0.132799
 0.064327   2.126149   -0.138067
 0.066277   2.125875   -0.143408
 0.068226   2.125590   -0.149043
 0.070175   2.125294   -0.153902
 0.072125   2.124990   -0.158835
 0.074074   2.124675   -0.164291
 0.076023   2.124350   -0.168962
 0.077973   2.124016   -0.173710
 0.079922   2.123672   -0.178758
 0.081871   2.123319   -0.183465
 0.083821   2.122957   -0.188253
 0.085770   2.122585   -0.193118
 0.087719   2.122204   -0.197408
 0.089669   2.121815   -0.202007
 0.091618   2.121417   -0.206912
 0.093567   2.121009   -0.211237
 0.095517   2.120593   -0.215646
 0.097466   2.120168   -0.220364
 0.099415   2.119734   -0.224797
 0.101364   2.119292   -0.228710
 0.103314   2.118842   -0.233168
 0.105263   2.118383   -0.237634
 0.107213   2.117916   -0.241658
 0.109162   2.117441   -0.246225
 0.111111   2.116956   -0.250730
 0.113060   2.116463   -0.254479
 0.115010   2.115964   -0.258549
 0.116959   2.115455   -0.263167
 0.118908   2.114938   -0.266948
 0.120858   2.114414   -0.271052
 0.122807   2.113881   -0.275477
 0.124756   2.113340   -0.279289
 0.126706   2.112792   -0.283428
 0.128655   2.112235   -0.287659
 0.130604   2.111671   -0.291502
 0.132554   2.111099   -0.295675
 0.134503   2.110518   -0.299711
 0.136452   2.109931   -0.303354
 0.138402   2.109335   -0.307560
 0.140351   2.108731   -0.311631
 0.142300   2.108121   -0.315305
 0.144250   2.107502   -0.319312
 0.146199   2.106876   -0.323651
 0.148148   2.106240   -0.327680
 0.150097   2.105598   -0.330928
 0.152047   2.104950   -0.334981
 0.153996   2.104292   -0.339367
 0.155945   2.103627   -0.342645
 0.157895   2.102956   -0.346496
 0.159844   2.102276   -0.350918
 0.161793   2.101588   -0.354460
 0.163743   2.100894   -0.358109
 0.165692   2.100192   -0.362332
 0.167641   2.099482   -0.365904
 0.169591   2.098765   -0.369821
 0.171540   2.098040   -0.374079
 0.173489   2.097307   -0.377446
 0.175439   2.096568   -0.381160
 0.177388   2.095821   -0.385453
 0.179337   2.095066   -0.389424
 0.181286   2.094303   -0.392831
 0.183236   2.093534   -0.396587
 0.185185   2.092757   -0.400352
 0.187135   2.091973   -0.404130
 0.189084   2.091181   -0.408257
 0.191033   2.090382   -0.411714
 0.192983   2.089576   -0.415525
 0.194932   2.088762   -0.419687
 0.196881   2.087940   -0.423518
 0.198830   2.087111   -0.427016
 0.200780   2.086275   -0.430870
 0.202729   2.085431   -0.435080
 0.204678   2.084579   -0.438369
 0.206628   2.083722   -0.442017
 0.208577   2.082856   -0.446261
 0.210526   2.081982   -0.449820
 0.212476   2.081102   -0.453741
 0.214425   2.080213   -0.457781
 0.216374   2.079317   -0.461130
 0.218324   2.078415   -0.465084
 0.220273   2.077504   -0.469159
 0.222222   2.076586   -0.472894
 0.224171   2.075661   -0.476525
 0.226121   2.074728   -0.480282
 0.228070   2.073788   -0.484405
 0.230019   2.072840   -0.487826
 0.231969   2.071886   -0.491617
 0.233918   2.070923   -0.496016
 0.235867   2.069953   -0.499469
 0.237817   2.068976   -0.503050
 0.239766   2.067991   -0.507244
 0.241715   2.066999   -0.510970
 0.243665   2.065999   -0.514828
 0.245614   2.064991   -0.518814
 0.247563   2.063977   -0.522330
 0.249513   2.062955   -0.526466
 0.251462   2.061924   -0.530487
 0.253411   2.060887   -0.533790
 0.255361   2.059843   -0.537961
 0.257310   2.058789   -0.542263
 0.259259   2.057729   -0.545598
 0.261209   2.056662   -0.549559
 0.263158   2.055586   -0.553652
 0.265107   2.054504   -0.557635
 0.267056   2.053413   -0.561258
 0.269006   2.052316   -0.565019
 0.270955   2.051209   -0.569407
 0.272904   2.050096   -0.572817
 0.274854   2.048976   -0.576859
 0.276803   2.047847   -0.581285
 0.278752   2.046710   -0.584727
 0.280702   2.045567   -0.588558
 0.282651   2.044415   -0.592774
 0.284600   2.043256   -0.596496
 0.286550   2.042090   -0.600609
 0.288499   2.040915   -0.604863
 0.290448   2.039732   -0.608370
 0.292398   2.038543   -0.612520
 0.294347   2.037344   -0.617060
 0.296296   2.036137   -0.620353
 0.298246   2.034925   -0.624289
 0.300195   2.033703   -0.628867
 0.302144   2.032474   -0.632442
 0.304094   2.031237   -0.636665
 0.306043   2.029991   -0.641032
 0.307992   2.028739   -0.644778
 0.309941   2.027478   -0.648649
 0.311891   2.026209   -0.652921
 0.313840   2.024932   -0.656700
 0.315790   2.023649   -0.660746
 0.317739   2.022356   -0.665442
 0.319688   2.021055   -0.669511
 0.321637   2.019746   -0.673201
 0.323587   2.018430   -0.677296
 0.325536   2.017105   -0.681793
 0.327485   2.015773   -0.685518
 0.329435   2.014433   -0.689651
 0.331384   2.013084   -0.694188
 0.333333   2.011727   -0.697948
 0.335283   2.010362   -0.702118
 0.337232   2.008989   -0.706948
 0.339181   2.007607   -0.710744
 0.341131   2.006218   -0.714699
 0.343080   2.004820   -0.719316
 0.345029   2.003414   -0.723148
 0.346979   2.002001   -0.727395
 0.348928   2.000578   -0.732053
 0.350877   1.999147   -0.736324
 0.352826   1.997708   -0.740204
 0.354776   1.996261   -0.744503
 0.356725   1.994805   -0.748810
 0.358675   1.993341   -0.753135
 0.360624   1.991868   -0.757619
 0.362573   1.990388   -0.761968
 0.364522   1.988898   -0.766178
 0.366472   1.987401   -0.770299
 0.368421   1.985895   -0.775094
 0.370370   1.984379   -0.779086
 0.372320   1.982857   -0.783246
 0.374269   1.981326   -0.788340
 0.376218   1.979784   -0.792370
 0.378168   1.978236   -0.796569
 0.380117   1.976678   -0.801448
 0.382066   1.975112   -0.805516
 0.384016   1.973538   -0.810013
 0.385965   1.971954   -0.814676
 0.387914   1.970362   -0.819198
 0.389863   1.968761   -0.823317
 0.391813   1.967152   -0.827868
 0.393762   1.965533   -0.832847
 0.395711   1.963906   -0.836746
 0.397661   1.962270   -0.841337
 0.399610   1.960625   -0.845939
 0.401560   1.958972   -0.850558
 0.403509   1.957309   -0.855349
 0.405458   1.955638   -0.859994
 0.407407   1.953957   -0.864230
 0.409357   1.952268   -0.868905
 0.411306   1.950569   -0.874014
 0.413255   1.948861   -0.878028
 0.415205   1.947145   -0.882744
 0.417154   1.945419   -0.887897
 0.419103   1.943684   -0.892212
 0.421053   1.941941   -0.896709
 0.423002   1.940188   -0.901906
 0.424951   1.938425   -0.906261
 0.426901   1.936655   -0.910799
 0.428850   1.934874   -0.916040
 0.430799   1.933084   -0.920867
 0.432748   1.931284   -0.925275
 0.434698   1.929476   -0.929868
 0.436647   1.927659   -0.934736
 0.438597   1.925832   -0.939620
 0.440546   1.923995   -0.944687
 0.442495   1.922149   -0.949863
 0.444444   1.920293   -0.954353
 0.446394   1.918428   -0.958766
 0.448343   1.916554   -0.964156
 0.450292   1.914670   -0.968951
 0.452242   1.912777   -0.973671
 0.454191   1.910874   -0.979107
 0.456140   1.908960   -0.983678
 0.458090   1.907038   -0.988440
 0.460039   1.905106   -0.993921
 0.461988   1.903164   -0.998533
 0.463938   1.901213   -1.003604
 0.465887   1.899251   -1.008863
 0.467836   1.897280   -1.013516
 0.469786   1.895299   -1.018630
 0.471735   1.893309   -1.023934
 0.473684   1.891308   -1.029075
 0.475633   1.889297   -1.033783
 0.477583   1.887277   -1.038954
 0.479532   1.885246   -1.044136
 0.481482   1.883206   -1.049337
 0.483431   1.881155   -1.054999
 0.485380   1.879094   -1.059958
 0.487329   1.877023   -1.064748
 0.489279   1.874942   -1.070006
 0.491228   1.872851   -1.075459
 0.493177   1.870750   -1.080289
 0.495127   1.868639   -1.085590
 0.497076   1.866517   -1.091358
 0.499025   1.864385   -1.096229
 0.500975   1.862243   -1.101573
 0.502924   1.860090   -1.107386
 0.504873   1.857927   -1.112298
 0.506823   1.855753   -1.117414
 0.508772   1.853570   -1.123272
 0.510721   1.851375   -1.128224
 0.512671   1.849171   -1.133654
 0.514620   1.846955   -1.139556
 0.516569   1.844729   -1.145013
 0.518518   1.842491   -1.150019
 0.520468   1.840245   -1.155233
 0.522417   1.837987   -1.161467
 0.524366   1.835718   -1.166513
 0.526316   1.833439   -1.171769
 0.528265   1.831149   -1.177775
 0.530214   1.828848   -1.182860
 0.532164   1.826537   -1.188703
 0.534113   1.824213   -1.194753
 0.536062   1.821880   -1.199605
 0.538012   1.819536   -1.205216
 0.539961   1.817181   -1.211309
 0.541910   1.814814   -1.216746
 0.543860   1.812436   -1.222399
 0.545809   1.810048   -1.228261
 0.547758   1.807649   -1.233737
 0.549708   1.805238   -1.239430
 0.551657   1.802816   -1.245334
 0.553606   1.800383   -1.250849
 0.555556   1.797939   -1.256582
 0.557505   1.795484   -1.262803
 0.559454   1.793017   -1.268356
 0.561404   1.790539   -1.274128
 0.563353   1.788049   -1.280390
 0.565302   1.785548   -1.285704
 0.567252   1.783036   -1.291515
 0.569201   1.780512   -1.297818
 0.571150   1.777977   -1.303652
 0.573099   1.775431   -1.309290
 0.575049   1.772872   -1.315152
 0.576998   1.770303   -1.321508
 0.578947   1.767721   -1.327182
 0.580897   1.765128   -1.333080
 0.582846   1.762523   -1.339475
 0.584795   1.759907   -1.345183
 0.586745   1.757278   -1.351118
 0.588694   1.754639   -1.357551
 0.590643   1.751987   -1.363293
 0.592593   1.749323   -1.369263
 0.594542   1.746648   -1.376011
 0.596491   1.743960   -1.381786
 0.598441   1.741260   -1.387790
 0.600390   1.738549   -1.394296
 0.602339   1.735825   -1.399823
 0.604289   1.733091   -1.406140
 0.606238   1.730343   -1.412960
 0.608187   1.727583   -1.419016
 0.610136   1.724811   -1.424863
 0.612086   1.722027   -1.431222
 0.614035   1.719231   -1.437808
 0.615984   1.716423   -1.443684
 0.617934   1.713602   -1.450074
 0.619883   1.710769   -1.456973
 0.621832   1.707923   -1.462596
 0.623782   1.705066   -1.468734
 0.625731   1.702196   -1.475945
 0.627680   1.699313   -1.481875
 0.629630   1.696418   -1.488323
 0.631579   1.693510   -1.495001
 0.633528   1.690591   -1.500955
 0.635478   1.687658   -1.507711
 0.637427   1.684712   -1.514417
 0.639376   1.681755   -1.520906
 0.641325   1.678784   -1.526890
 0.643275   1.675801   -1.533397
 0.645224   1.672805   -1.540421
 0.647173   1.669797   -1.546426
 0.649123   1.666776   -1.553239
 0.651072   1.663741   -1.560287
 0.653021   1.660694   -1.566312
 0.654971   1.657634   -1.572862
 0.656920   1.654561   -1.579933
 0.658869   1.651475   -1.586259
 0.660819   1.648376   -1.592829
 0.662768   1.645265   -1.599920
 0.664717   1.642140   -1.606262
 0.666667   1.639002   -1.612848
 0.668616   1.635851   -1.620244
 0.670565   1.632686   -1.626599
 0.672515   1.629509   -1.632916
 0.674464   1.626319   -1.640328
 0.676413   1.623115   -1.646695
 0.678363   1.619899   -1.653596
 0.680312   1.616668   -1.661023
 0.682261   1.613424   -1.667114
 0.684211   1.610168   -1.674025
 0.686160   1.606897   -1.681465
 0.688109   1.603613   -1.687563
 0.690059   1.600317   -1.694484
 0.692008   1.597007   -1.702220
 0.693957   1.593682   -1.709143
 0.695906   1.590344   -1.715532
 0.697856   1.586993   -1.722461
 0.699805   1.583628   -1.729922
 0.701754   1.580250   -1.736313
 0.703704   1.576859   -1.743245
 0.705653   1.573453   -1.750998
 0.707602   1.570033   -1.757388
 0.709552   1.566601   -1.764320
 0.711501   1.563154   -1.772075
 0.713450   1.559694   -1.778749
 0.715400   1.556219   -1.785679
 0.717349   1.552731   -1.793147
 0.719298   1.549229   -1.800103
 0.721248   1.545713   -1.807317
 0.723197   1.542182   -1.814781
 0.725146   1.538639   -1.821440
 0.727096   1.535081   -1.828647
 0.729045   1.531509   -1.836394
 0.730994   1.527922   -1.843591
 0.732943   1.524322   -1.850233
 0.734893   1.520708   -1.857425
 0.736842   1.517080   -1.865450
 0.738791   1.513437   -1.872366
 0.740741   1.509780   -1.879254
 0.742690   1.506110   -1.887267
 0.744639   1.502423   -1.894164
 0.746589   1.498724   -1.901325
 0.748538   1.495010   -1.909321
 0.750487   1.491282   -1.916197
 0.752437   1.487539   -1.923627
 0.754386   1.483781   -1.931606
 0.756335   1.480009   -1.938456
 0.758285   1.476223   -1.945863
 0.760234   1.472423   -1.953820
 0.762183   1.468607   -1.960933
 0.764133   1.464777   -1.968604
 0.766082   1.460932   -1.976536
 0.768031   1.457072   -1.983895
 0.769980   1.453199   -1.990965
 0.771930   1.449310   -1.998596
 0.773879   1.445406   -2.006210
 0.775829   1.441487   -2.014110
 0.777778   1.437553   -2.022274
 0.779727   1.433605   -2.029565
 0.781676   1.429642   -2.036850
 0.783626   1.425663   -2.044701
 0.785575   1.421670   -2.053110
 0.787524   1.417660   -2.060353
 0.789474   1.413636   -2.067872
 0.791423   1.409597   -2.076241
 0.793372   1.405543   -2.083730
 0.795322   1.401473   -2.091788
 0.797271   1.397387   -2.100115
 0.799220   1.393286   -2.107262
 0.801170   1.389171   -2.115272
 0.803119   1.385039   -2.124138
 0.805068   1.380891   -2.131524
 0.807018   1.376728   -2.139482
 0.808967   1.372549   -2.148299
 0.810916   1.368354   -2.155628
 0.812866   1.364144   -2.163824
 0.814815   1.359917   -2.172881
 0.816764   1.355675   -2.181036
 0.818713   1.351416   -2.188867
 0.820663   1.347140   -2.197278
 0.822612   1.342849   -2.205967
 0.824561   1.338541   -2.214026
 0.826511   1.334216   -2.222666
 0.828460   1.329875   -2.231880
 0.830409   1.325516   -2.239870
 0.832359   1.321142   -2.248736
 0.834308   1.316748   -2.258179
 0.836257   1.312339   -2.266388
 0.838207   1.307912   -2.275478
 0.840156   1.303467   -2.285147
 0.842105   1.299004   -2.293865
 0.844055   1.294524   -2.303174
 0.846004   1.290024   -2.313359
 0.847953   1.285506   -2.322290
 0.849903   1.280970   -2.332108
 0.851852   1.276413   -2.342806
 0.853801   1.271837   -2.352860
 0.855750   1.267242   -2.362850
 0.857700   1.262625   -2.373734
 0.859649   1.257987   -2.385208
 0.861598   1.253327   -2.396281
 0.863548   1.248644   -2.407960
 0.865497   1.243938   -2.420528
 0.867446   1.239208   -2.432973
 0.869396   1.234452   -2.446324
 0.871345   1.229670   -2.461156
 0.873294   1.224859   -2.475262
 0.875244   1.220019   -2.490870
 0.877193   1.215147   -2.508552
 0.879142   1.210241   -2.525781
 0.881092   1.205299   -2.545403
 0.883041   1.200316   -2.567108
 0.884990   1.195292   -2.589213
 0.886940   1.190221   -2.614608
 0.888889   1.185098   -2.642977
 0.890838   1.179918   -2.673579
 0.892787   1.174676   -2.707258
 0.894737   1.169363   -2.745725
 0.896686   1.163971   -2.788098
 0.898636   1.158492   -2.834641
 0.900585   1.152918   -2.887628
 0.902534   1.147236   -2.947536
 0.904483   1.141429   -3.015756
 0.906433   1.135478   -3.094773
 0.908382   1.129362   -3.186581
 0.910331   1.123056   -3.291135
 0.912281   1.116530   -3.412744
 0.914230   1.109750   -3.554253
 0.916179   1.102676   -3.715947
 0.918129   1.095261   -3.903942
 0.920078   1.087454   -4.122792
 0.922027   1.079191   -4.374155
 0.923977   1.070399   -4.665547
 0.925926   1.061000   -5.002912
 0.927875   1.050898   -5.389945
 0.929825   1.039984   -5.837315
 0.931774   1.028139   -6.352312
 0.933723   1.015223   -6.939761
 0.935673   1.001080   -7.614781
 0.937622   0.985534   -8.387719
 0.939571   0.968385   -9.270482
 0.941520   0.949397   -10.290697
 0.943470   0.928260   -11.582282
 0.945419   0.904240   -11.086813
 0.947368   0.885044   -10.270211
 0.949318   0.864195   -11.327683
 0.951267   0.840878   -12.622398
 0.953216   0.814993   -13.947909
 0.955166   0.786494   -15.284436
 0.957115   0.755400   -16.594833
 0.959064   0.721808   -17.824534
 0.961014   0.685901   -18.940755
 0.962963   0.647959   -19.896825
 0.964912   0.608344   -20.635525
 0.966862   0.567500   -21.136649
 0.968811   0.525932   -21.374558
 0.970760   0.484182   -21.321272
 0.972710   0.442801   -20.995511
 0.974659   0.402320   -20.413973
 0.976608   0.363227   -19.594935
 0.978557   0.325939   -18.578183
 0.980507   0.290792   -17.416432
 0.982456   0.258031   -16.153167
 0.984406   0.227812   -14.831620
 0.986355   0.200201   -13.497820
 0.988304   0.175197   -12.178080
 0.990253   0.152731   -10.902263
 0.992203   0.132691   -9.695276
 0.994152   0.114928   -8.573316
 0.996101   0.099272   -7.537342
 0.998051   0.085541   -6.596191
 1.000000   0.073552   -6.151150
514 psinorm ni(10^20/m^3) dni/dpsiN
 0.000000   0.325555   0.266406
 0.001949   0.326075   0.258039
 0.003899   0.326561   0.244961
 0.005848   0.327030   0.236658
 0.007797   0.327484   0.229834
 0.009747   0.327926   0.224264
 0.011696   0.328358   0.219586
 0.013645   0.328782   0.214920
 0.015595   0.329196   0.210959
 0.017544   0.329604   0.207332
 0.019493   0.330004   0.203706
 0.021442   0.330398   0.200464
 0.023392   0.330786   0.197367
 0.025341   0.331168   0.194607
 0.027290   0.331545   0.191885
 0.029240   0.331916   0.189118
 0.031189   0.332282   0.186500
 0.033138   0.332643   0.184116
 0.035088   0.333000   0.181878
 0.037037   0.333352   0.179598
 0.038986   0.333700   0.177367
 0.040936   0.334044   0.175284
 0.042885   0.334383   0.173156
 0.044834   0.334719   0.171082
 0.046784   0.335050   0.169155
 0.048733   0.335378   0.167184
 0.050682   0.335702   0.165465
 0.052632   0.336023   0.163700
 0.054581   0.336340   0.161694
 0.056530   0.336654   0.160140
 0.058480   0.336965   0.158539
 0.060429   0.337272   0.156696
 0.062378   0.337576   0.155076
 0.064327   0.337876   0.153485
 0.066277   0.338174   0.151846
 0.068226   0.338468   0.150356
 0.070175   0.338760   0.148936
 0.072125   0.339049   0.147467
 0.074074   0.339335   0.145949
 0.076023   0.339618   0.144505
 0.077973   0.339899   0.143209
 0.079922   0.340176   0.141664
 0.081871   0.340451   0.140395
 0.083821   0.340724   0.139075
 0.085770   0.340993   0.137705
 0.087719   0.341260   0.136414
 0.089669   0.341525   0.135070
 0.091618   0.341787   0.133877
 0.093567   0.342047   0.132563
 0.095517   0.342304   0.131196
 0.097466   0.342558   0.129980
 0.099415   0.342811   0.129004
 0.101364   0.343061   0.127865
 0.103314   0.343309   0.126468
 0.105263   0.343554   0.125270
 0.107213   0.343798   0.124267
 0.109162   0.344039   0.123211
 0.111111   0.344278   0.121991
 0.113060   0.344514   0.120812
 0.115010   0.344749   0.119783
 0.116959   0.344981   0.118700
 0.118908   0.345212   0.117709
 0.120858   0.345440   0.116661
 0.122807   0.345666   0.115559
 0.124756   0.345891   0.114549
 0.126706   0.346113   0.113483
 0.128655   0.346333   0.112360
 0.130604   0.346551   0.111541
 0.132554   0.346768   0.110456
 0.134503   0.346982   0.109315
 0.136452   0.347194   0.108689
 0.138402   0.347406   0.107586
 0.140351   0.347614   0.106426
 0.142300   0.347820   0.105785
 0.144250   0.348026   0.104876
 0.146199   0.348229   0.103697
 0.148148   0.348430   0.102989
 0.150097   0.348631   0.102116
 0.152047   0.348828   0.100972
 0.153996   0.349024   0.100195
 0.155945   0.349219   0.099306
 0.157895   0.349412   0.098572
 0.159844   0.349603   0.097779
 0.161793   0.349793   0.096661
 0.163743   0.349980   0.095912
 0.165692   0.350167   0.095103
 0.167641   0.350351   0.094185
 0.169591   0.350534   0.093420
 0.171540   0.350715   0.092596
 0.173489   0.350895   0.091879
 0.175439   0.351073   0.090883
 0.177388   0.351249   0.090044
 0.179337   0.351424   0.089473
 0.181286   0.351598   0.088738
 0.183236   0.351770   0.087940
 0.185185   0.351941   0.087139
 0.187135   0.352110   0.086332
 0.189084   0.352278   0.085462
 0.191033   0.352443   0.084704
 0.192983   0.352608   0.084103
 0.194932   0.352771   0.083440
 0.196881   0.352933   0.082609
 0.198830   0.353093   0.081833
 0.200780   0.353252   0.081215
 0.202729   0.353410   0.080534
 0.204678   0.353566   0.079744
 0.206628   0.353721   0.079114
 0.208577   0.353874   0.078420
 0.210526   0.354026   0.077841
 0.212476   0.354178   0.076973
 0.214425   0.354327   0.076266
 0.216374   0.354475   0.075900
 0.218324   0.354623   0.075019
 0.220273   0.354768   0.074299
 0.222222   0.354912   0.073635
 0.224171   0.355055   0.073028
 0.226121   0.355197   0.072583
 0.228070   0.355338   0.071846
 0.230019   0.355477   0.071227
 0.231969   0.355615   0.070543
 0.233918   0.355752   0.070022
 0.235867   0.355888   0.069391
 0.237817   0.356023   0.068695
 0.239766   0.356156   0.068162
 0.241715   0.356288   0.067520
 0.243665   0.356420   0.067042
 0.245614   0.356550   0.066498
 0.247563   0.356679   0.065845
 0.249513   0.356806   0.065124
 0.251462   0.356933   0.064569
 0.253411   0.357058   0.064135
 0.255361   0.357183   0.063636
 0.257310   0.357306   0.063070
 0.259259   0.357429   0.062627
 0.261209   0.357550   0.061883
 0.263158   0.357670   0.061306
 0.265107   0.357789   0.060788
 0.267056   0.357907   0.060331
 0.269006   0.358025   0.059806
 0.270955   0.358140   0.059215
 0.272904   0.358255   0.058984
 0.274854   0.358370   0.058212
 0.276803   0.358482   0.057610
 0.278752   0.358595   0.057369
 0.280702   0.358706   0.056824
 0.282651   0.358816   0.056211
 0.284600   0.358925   0.055723
 0.286550   0.359033   0.055406
 0.288499   0.359141   0.054781
 0.290448   0.359247   0.054284
 0.292398   0.359353   0.053957
 0.294347   0.359457   0.053322
 0.296296   0.359561   0.053055
 0.298246   0.359664   0.052478
 0.300195   0.359765   0.051832
 0.302144   0.359866   0.051798
 0.304094   0.359967   0.051210
 0.306043   0.360066   0.050555
 0.307992   0.360164   0.050447
 0.309941   0.360263   0.049915
 0.311891   0.360359   0.049314
 0.313840   0.360455   0.049199
 0.315790   0.360551   0.048590
 0.317739   0.360644   0.048159
 0.319688   0.360738   0.047789
 0.321637   0.360831   0.047237
 0.323587   0.360923   0.047108
 0.325536   0.361014   0.046664
 0.327485   0.361105   0.046349
 0.329435   0.361195   0.045964
 0.331384   0.361284   0.045262
 0.333333   0.361371   0.044937
 0.335283   0.361459   0.044793
 0.337232   0.361546   0.044330
 0.339181   0.361632   0.043996
 0.341131   0.361718   0.043593
 0.343080   0.361802   0.043121
 0.345029   0.361886   0.043029
 0.346979   0.361969   0.042617
 0.348928   0.362052   0.042135
 0.350877   0.362134   0.041717
 0.352826   0.362214   0.041361
 0.354776   0.362295   0.041189
 0.356725   0.362375   0.041015
 0.358675   0.362455   0.040585
 0.360624   0.362533   0.040084
 0.362573   0.362611   0.039647
 0.364522   0.362688   0.039528
 0.366472   0.362765   0.039340
 0.368421   0.362841   0.038827
 0.370370   0.362917   0.038701
 0.372320   0.362992   0.038248
 0.374269   0.363066   0.037983
 0.376218   0.363140   0.037848
 0.378168   0.363213   0.037385
 0.380117   0.363286   0.037112
 0.382066   0.363358   0.036709
 0.384016   0.363429   0.036497
 0.385965   0.363500   0.036214
 0.387914   0.363570   0.035997
 0.389863   0.363641   0.035842
 0.391813   0.363710   0.035357
 0.393762   0.363778   0.035064
 0.395711   0.363847   0.034901
 0.397661   0.363915   0.034668
 0.399610   0.363982   0.034433
 0.401560   0.364049   0.034195
 0.403509   0.364115   0.033888
 0.405458   0.364181   0.033644
 0.407407   0.364246   0.033464
 0.409357   0.364311   0.033214
 0.411306   0.364376   0.032896
 0.413255   0.364440   0.032706
 0.415205   0.364503   0.032448
 0.417154   0.364566   0.032387
 0.419103   0.364629   0.032189
 0.421053   0.364692   0.031655
 0.423002   0.364753   0.031587
 0.424951   0.364815   0.031379
 0.426901   0.364875   0.031103
 0.428850   0.364936   0.031027
 0.430799   0.364996   0.030745
 0.432748   0.365056   0.030526
 0.434698   0.365115   0.030237
 0.436647   0.365174   0.030216
 0.438597   0.365233   0.029921
 0.440546   0.365290   0.029559
 0.442495   0.365348   0.029530
 0.444444   0.365406   0.029291
 0.446394   0.365462   0.029257
 0.448343   0.365520   0.028881
 0.450292   0.365575   0.028633
 0.452242   0.365631   0.028865
 0.454191   0.365688   0.028480
 0.456140   0.365742   0.028223
 0.458090   0.365798   0.028171
 0.460039   0.365852   0.027777
 0.461988   0.365906   0.027785
 0.463938   0.365960   0.027726
 0.465887   0.366014   0.027322
 0.467836   0.366067   0.027322
 0.469786   0.366121   0.027253
 0.471735   0.366173   0.026840
 0.473684   0.366225   0.026767
 0.475633   0.366278   0.026754
 0.477583   0.366329   0.026394
 0.479532   0.366380   0.026311
 0.481482   0.366432   0.026225
 0.483431   0.366483   0.026072
 0.485380   0.366534   0.025981
 0.487329   0.366584   0.025668
 0.489279   0.366634   0.025569
 0.491228   0.366684   0.025404
 0.493177   0.366733   0.025363
 0.495127   0.366783   0.025255
 0.497076   0.366831   0.025082
 0.499025   0.366880   0.025030
 0.500975   0.366929   0.024913
 0.502924   0.366977   0.024730
 0.504873   0.367025   0.024669
 0.506823   0.367074   0.024542
 0.508772   0.367121   0.024351
 0.510721   0.367169   0.024279
 0.512671   0.367216   0.024142
 0.514620   0.367263   0.023940
 0.516569   0.367309   0.023797
 0.518518   0.367355   0.023711
 0.520468   0.367401   0.023561
 0.522417   0.367447   0.023635
 0.524366   0.367494   0.023539
 0.526316   0.367539   0.023378
 0.528265   0.367585   0.023153
 0.530214   0.367629   0.023046
 0.532164   0.367675   0.023166
 0.534113   0.367720   0.022931
 0.536062   0.367764   0.022813
 0.538012   0.367809   0.022631
 0.539961   0.367852   0.022678
 0.541910   0.367897   0.022549
 0.543860   0.367940   0.022356
 0.545809   0.367984   0.022394
 0.547758   0.368027   0.022253
 0.549708   0.368071   0.022049
 0.551657   0.368113   0.021783
 0.553606   0.368156   0.021924
 0.555556   0.368199   0.022005
 0.557505   0.368242   0.021728
 0.559454   0.368283   0.021563
 0.561404   0.368326   0.021633
 0.563353   0.368368   0.021345
 0.565302   0.368409   0.021168
 0.567252   0.368450   0.021227
 0.569201   0.368492   0.021226
 0.571150   0.368533   0.021279
 0.573099   0.368575   0.021086
 0.575049   0.368615   0.020832
 0.576998   0.368656   0.020818
 0.578947   0.368696   0.020611
 0.580897   0.368736   0.020345
 0.582846   0.368776   0.020620
 0.584795   0.368817   0.020703
 0.586745   0.368857   0.020123
 0.588694   0.368895   0.020087
 0.590643   0.368935   0.020157
 0.592593   0.368974   0.020169
 0.594542   0.369013   0.020123
 0.596491   0.369052   0.019878
 0.598441   0.369091   0.019878
 0.600390   0.369130   0.019517
 0.602339   0.369167   0.019563
 0.604289   0.369206   0.019551
 0.606238   0.369243   0.019178
 0.608187   0.369281   0.019159
 0.610136   0.369318   0.019187
 0.612086   0.369355   0.019160
 0.614035   0.369393   0.019077
 0.615984   0.369430   0.019094
 0.617934   0.369467   0.018747
 0.619883   0.369503   0.018653
 0.621832   0.369540   0.018656
 0.623782   0.369576   0.018605
 0.625731   0.369612   0.018499
 0.627680   0.369648   0.018180
 0.629630   0.369683   0.018426
 0.631579   0.369720   0.018308
 0.633528   0.369755   0.017976
 0.635478   0.369790   0.017900
 0.637427   0.369824   0.017770
 0.639376   0.369859   0.017686
 0.641325   0.369893   0.017334
 0.643275   0.369927   0.017240
 0.645224   0.369961   0.017407
 0.647173   0.369994   0.017353
 0.649123   0.370028   0.017247
 0.651072   0.370062   0.016777
 0.653021   0.370094   0.016709
 0.654971   0.370127   0.016903
 0.656920   0.370160   0.016734
 0.658869   0.370192   0.016653
 0.660819   0.370224   0.016522
 0.662768   0.370256   0.016025
 0.664717   0.370287   0.015930
 0.666667   0.370319   0.016100
 0.668616   0.370350   0.015907
 0.670565   0.370381   0.015798
 0.672515   0.370411   0.015640
 0.674464   0.370442   0.015434
 0.676413   0.370471   0.015311
 0.678363   0.370501   0.015140
 0.680312   0.370530   0.014922
 0.682261   0.370559   0.014785
 0.684211   0.370588   0.014920
 0.686160   0.370618   0.014689
 0.688109   0.370645   0.014220
 0.690059   0.370673   0.014342
 0.692008   0.370701   0.014099
 0.693957   0.370728   0.013894
 0.695906   0.370755   0.013724
 0.697856   0.370781   0.013510
 0.699805   0.370808   0.013571
 0.701754   0.370834   0.013388
 0.703704   0.370860   0.013160
 0.705653   0.370886   0.012890
 0.707602   0.370911   0.012692
 0.709552   0.370935   0.012451
 0.711501   0.370959   0.012491
 0.713450   0.370984   0.012280
 0.715400   0.371007   0.012026
 0.717349   0.371031   0.011731
 0.719298   0.371053   0.011506
 0.721248   0.371076   0.011564
 0.723197   0.371098   0.011257
 0.725146   0.371119   0.011018
 0.727096   0.371141   0.010739
 0.729045   0.371161   0.010421
 0.730994   0.371181   0.010459
 0.732943   0.371202   0.010202
 0.734893   0.371221   0.009907
 0.736842   0.371241   0.009899
 0.738791   0.371260   0.009629
 0.740741   0.371278   0.009322
 0.742690   0.371296   0.008977
 0.744639   0.371313   0.008694
 0.746589   0.371330   0.008701
 0.748538   0.371347   0.008345
 0.750487   0.371363   0.008049
 0.752437   0.371379   0.008045
 0.754386   0.371394   0.007679
 0.756335   0.371409   0.007370
 0.758285   0.371423   0.007027
 0.760234   0.371436   0.006650
 0.762183   0.371449   0.006329
 0.764133   0.371461   0.006303
 0.766082   0.371473   0.006245
 0.768031   0.371485   0.005555
 0.769980   0.371495   0.005217
 0.771930   0.371505   0.005178
 0.773879   0.371515   0.004805
 0.775829   0.371524   0.004429
 0.777778   0.371532   0.004353
 0.779727   0.371541   0.003970
 0.781676   0.371548   0.003610
 0.783626   0.371555   0.003220
 0.785575   0.371560   0.002802
 0.787524   0.371566   0.002761
 0.789474   0.371571   0.002362
 0.791423   0.371575   0.001603
 0.793372   0.371577   0.001221
 0.795322   0.371580   0.001144
 0.797271   0.371582   0.000709
 0.799220   0.371583   0.000649
 0.801170   0.371584   0.000231
 0.803119   0.371584   -0.000545
 0.805068   0.371582   -0.000946
 0.807018   0.371580   -0.001373
 0.808967   0.371577   -0.001824
 0.810916   0.371573   -0.002235
 0.812866   0.371568   -0.003003
 0.814815   0.371561   -0.003460
 0.816764   0.371555   -0.003566
 0.818713   0.371547   -0.004322
 0.820663   0.371538   -0.005101
 0.822612   0.371527   -0.005567
 0.824561   0.371516   -0.006332
 0.826511   0.371503   -0.007118
 0.828460   0.371488   -0.007924
 0.830409   0.371472   -0.008697
 0.832359   0.371454   -0.009155
 0.834308   0.371436   -0.009968
 0.836257   0.371416   -0.011416
 0.838207   0.371392   -0.012550
 0.840156   0.371367   -0.013369
 0.842105   0.371339   -0.014490
 0.844055   0.371310   -0.015630
 0.846004   0.371279   -0.017123
 0.847953   0.371243   -0.018920
 0.849903   0.371205   -0.020401
 0.851852   0.371164   -0.022235
 0.853801   0.371118   -0.024389
 0.855750   0.371069   -0.026529
 0.857700   0.371015   -0.029023
 0.859649   0.370956   -0.031535
 0.861598   0.370892   -0.034349
 0.863548   0.370822   -0.037520
 0.865497   0.370745   -0.041379
 0.867446   0.370660   -0.045204
 0.869396   0.370569   -0.049386
 0.871345   0.370468   -0.054594
 0.873294   0.370356   -0.059763
 0.875244   0.370235   -0.065628
 0.877193   0.370100   -0.072520
 0.879142   0.369952   -0.080038
 0.881092   0.369788   -0.088257
 0.883041   0.369608   -0.097170
 0.884990   0.369410   -0.107370
 0.886940   0.369189   -0.119285
 0.888889   0.368945   -0.131898
 0.890838   0.368675   -0.145823
 0.892787   0.368376   -0.162052
 0.894737   0.368043   -0.179674
 0.896686   0.367676   -0.198837
 0.898636   0.367268   -0.219465
 0.900585   0.366820   -0.242375
 0.902534   0.366323   -0.267923
 0.904483   0.365776   -0.296413
 0.906433   0.365168   -0.329030
 0.908382   0.364493   -0.365075
 0.910331   0.363744   -0.405300
 0.912281   0.362912   -0.450358
 0.914230   0.361989   -0.500550
 0.916179   0.360961   -0.556531
 0.918129   0.359819   -0.619074
 0.920078   0.358548   -0.688130
 0.922027   0.357136   -0.764222
 0.923977   0.355568   -0.848958
 0.925926   0.353826   -0.942606
 0.927875   0.351893   -1.044841
 0.929825   0.349752   -1.157149
 0.931774   0.347382   -1.280788
 0.933723   0.344760   -1.414520
 0.935673   0.341867   -1.559780
 0.937622   0.338678   -1.717803
 0.939571   0.335171   -1.887230
 0.941520   0.331322   -2.067844
 0.943470   0.327108   -2.261189
 0.945419   0.322506   -2.466106
 0.947368   0.317495   -2.679499
 0.949318   0.312058   -2.902770
 0.951267   0.306177   -3.133729
 0.953216   0.299843   -3.367448
 0.955166   0.293047   -3.604505
 0.957115   0.285789   -3.841356
 0.959064   0.278074   -4.071535
 0.961014   0.269914   -4.294470
 0.962963   0.261330   -4.505954
 0.964912   0.252350   -4.698333
 0.966862   0.243011   -4.871166
 0.968811   0.233357   -5.020622
 0.970760   0.223440   -5.138953
 0.972710   0.213320   -5.227051
 0.974659   0.203060   -5.282831
 0.976608   0.192728   -5.302329
 0.978557   0.182392   -5.284846
 0.980507   0.172122   -5.233400
 0.982456   0.161987   -5.148080
 0.984406   0.152050   -5.030728
 0.986355   0.142372   -4.886493
 0.988304   0.133003   -4.715721
 0.990253   0.123990   -4.522327
 0.992203   0.115370   -4.313179
 0.994152   0.107173   -4.092471
 0.996101   0.099418   -3.860596
 0.998051   0.092120   -3.624884
 1.000000   0.085284   -3.507544
514 psinorm ti(KeV) dti/dpsiN
 0.000000   4.252812   -7.525807
 0.001949   4.238144   -7.160571
 0.003899   4.224893   -6.667162
 0.005848   4.212148   -6.454905
 0.007797   4.199732   -6.305846
 0.009747   4.187562   -6.193284
 0.011696   4.175585   -6.103601
 0.013645   4.163770   -6.023609
 0.015595   4.152099   -5.955938
 0.017544   4.140548   -5.897814
 0.019493   4.129109   -5.843658
 0.021442   4.117769   -5.792464
 0.023392   4.106524   -5.747034
 0.025341   4.095362   -5.706753
 0.027290   4.084279   -5.665343
 0.029240   4.073273   -5.628596
 0.031189   4.062333   -5.595662
 0.033138   4.051461   -5.560364
 0.035088   4.040653   -5.529059
 0.037037   4.029903   -5.500889
 0.038986   4.019211   -5.470206
 0.040936   4.008575   -5.442620
 0.042885   3.997990   -5.417711
 0.044834   3.987456   -5.390352
 0.046784   3.976973   -5.365633
 0.048733   3.966536   -5.343352
 0.050682   3.956145   -5.318232
 0.052632   3.945800   -5.295739
 0.054581   3.935497   -5.275446
 0.056530   3.925236   -5.252139
 0.058480   3.915019   -5.231224
 0.060429   3.904840   -5.212717
 0.062378   3.894699   -5.192567
 0.064327   3.884599   -5.171259
 0.066277   3.874537   -5.152324
 0.068226   3.864510   -5.135104
 0.070175   3.854520   -5.114973
 0.072125   3.844567   -5.096978
 0.074074   3.834647   -5.081133
 0.076023   3.824761   -5.061967
 0.077973   3.814910   -5.044471
 0.079922   3.805092   -5.029337
 0.081871   3.795306   -5.011144
 0.083821   3.785554   -4.994609
 0.085770   3.775832   -4.980195
 0.087719   3.766141   -4.962533
 0.089669   3.756483   -4.946740
 0.091618   3.746854   -4.933056
 0.093567   3.737254   -4.915930
 0.095517   3.727686   -4.900432
 0.097466   3.718147   -4.887030
 0.099415   3.708637   -4.872343
 0.101364   3.699155   -4.856169
 0.103314   3.689703   -4.841607
 0.105263   3.680277   -4.827012
 0.107213   3.670882   -4.812578
 0.109162   3.661513   -4.799986
 0.111111   3.652172   -4.786144
 0.113060   3.642857   -4.770618
 0.115010   3.633571   -4.756676
 0.116959   3.624311   -4.744790
 0.118908   3.615076   -4.729593
 0.120858   3.605870   -4.715969
 0.122807   3.596688   -4.704157
 0.124756   3.587533   -4.689295
 0.126706   3.578405   -4.675991
 0.128655   3.569301   -4.664488
 0.130604   3.560223   -4.649963
 0.132554   3.551171   -4.636985
 0.134503   3.542143   -4.625563
 0.136452   3.533141   -4.611147
 0.138402   3.524164   -4.598497
 0.140351   3.515211   -4.587391
 0.142300   3.506283   -4.573320
 0.144250   3.497380   -4.560537
 0.146199   3.488501   -4.549751
 0.148148   3.479645   -4.537349
 0.150097   3.470814   -4.523352
 0.152047   3.462008   -4.511095
 0.153996   3.453226   -4.500351
 0.155945   3.444466   -4.486472
 0.157895   3.435733   -4.474319
 0.159844   3.427021   -4.463902
 0.161793   3.418333   -4.450142
 0.163743   3.409670   -4.438331
 0.165692   3.401028   -4.427775
 0.167641   3.392410   -4.414135
 0.169591   3.383817   -4.402435
 0.171540   3.375245   -4.391976
 0.173489   3.366697   -4.378459
 0.175439   3.358173   -4.366870
 0.177388   3.349671   -4.356510
 0.179337   3.341192   -4.344841
 0.181286   3.332734   -4.331648
 0.183236   3.324303   -4.319896
 0.185185   3.315891   -4.308354
 0.187135   3.307504   -4.296520
 0.189084   3.299139   -4.286364
 0.191033   3.290796   -4.273462
 0.192983   3.282477   -4.261982
 0.194932   3.274179   -4.251931
 0.196881   3.265903   -4.240373
 0.198830   3.257650   -4.227328
 0.200780   3.249420   -4.215927
 0.202729   3.241212   -4.205938
 0.204678   3.233026   -4.193025
 0.206628   3.224863   -4.181504
 0.208577   3.216722   -4.171625
 0.210526   3.208602   -4.159084
 0.212476   3.200506   -4.147445
 0.214425   3.192431   -4.137437
 0.216374   3.184378   -4.125031
 0.218324   3.176348   -4.113515
 0.220273   3.168339   -4.103376
 0.222222   3.160353   -4.092266
 0.224171   3.152388   -4.079722
 0.226121   3.144446   -4.068291
 0.228070   3.136525   -4.058464
 0.230019   3.128626   -4.045816
 0.231969   3.120751   -4.034511
 0.233918   3.112896   -4.024557
 0.235867   3.105063   -4.012048
 0.237817   3.097253   -4.000871
 0.239766   3.089464   -3.990790
 0.241715   3.081697   -3.978421
 0.243665   3.073952   -3.967129
 0.245614   3.066229   -3.957165
 0.247563   3.058527   -3.944939
 0.249513   3.050847   -3.933533
 0.251462   3.043190   -3.923688
 0.253411   3.035553   -3.911117
 0.255361   3.027940   -3.899842
 0.257310   3.020347   -3.890116
 0.259259   3.012777   -3.877443
 0.261209   3.005229   -3.866301
 0.263158   2.997702   -3.856451
 0.265107   2.990197   -3.845481
 0.267056   2.982712   -3.832920
 0.269006   2.975252   -3.821383
 0.270955   2.967813   -3.811614
 0.272904   2.960395   -3.799199
 0.274854   2.953000   -3.788042
 0.276803   2.945625   -3.778150
 0.278752   2.938272   -3.765636
 0.280702   2.930943   -3.754368
 0.282651   2.923634   -3.744355
 0.284600   2.916347   -3.731989
 0.286550   2.909083   -3.720858
 0.288499   2.901840   -3.710722
 0.290448   2.894619   -3.698258
 0.292398   2.887420   -3.687266
 0.294347   2.880242   -3.677008
 0.296296   2.873087   -3.664446
 0.298246   2.865954   -3.653344
 0.300195   2.858843   -3.643462
 0.302144   2.851752   -3.631052
 0.304094   2.844685   -3.619593
 0.306043   2.837639   -3.609340
 0.307992   2.830616   -3.598310
 0.309941   2.823613   -3.585770
 0.311891   2.816635   -3.574415
 0.313840   2.809677   -3.563288
 0.315790   2.802742   -3.551861
 0.317739   2.795828   -3.541618
 0.319688   2.788937   -3.530371
 0.321637   2.782066   -3.517890
 0.323587   2.775220   -3.506318
 0.325536   2.768395   -3.496419
 0.327485   2.761591   -3.483842
 0.329435   2.754812   -3.472414
 0.331384   2.748052   -3.462396
 0.333333   2.741315   -3.449724
 0.335283   2.734602   -3.438189
 0.337232   2.727910   -3.427799
 0.339181   2.721240   -3.415285
 0.341131   2.714594   -3.404150
 0.343080   2.707968   -3.393895
 0.345029   2.701364   -3.381033
 0.346979   2.694785   -3.369538
 0.348928   2.688227   -3.359420
 0.350877   2.681690   -3.347856
 0.352826   2.675177   -3.335122
 0.354776   2.668686   -3.323485
 0.356725   2.662218   -3.312083
 0.358675   2.655773   -3.300631
 0.360624   2.649349   -3.290023
 0.362573   2.642948   -3.278760
 0.364522   2.636569   -3.266093
 0.366472   2.630214   -3.254246
 0.368421   2.623880   -3.243738
 0.370370   2.617570   -3.230978
 0.372320   2.611283   -3.219539
 0.374269   2.605017   -3.209171
 0.376218   2.598773   -3.196062
 0.378168   2.592555   -3.184519
 0.380117   2.586357   -3.174035
 0.382066   2.580183   -3.161091
 0.384016   2.574032   -3.149444
 0.385965   2.567903   -3.138845
 0.387914   2.561797   -3.127131
 0.389863   2.555713   -3.114323
 0.391813   2.549654   -3.102538
 0.393762   2.543617   -3.091786
 0.395711   2.537602   -3.078886
 0.397661   2.531612   -3.066998
 0.399610   2.525644   -3.055350
 0.401560   2.519699   -3.043393
 0.403509   2.513778   -3.032709
 0.405458   2.507878   -3.020947
 0.407407   2.502002   -3.007866
 0.409357   2.496150   -2.996034
 0.411306   2.490320   -2.985198
 0.413255   2.484514   -2.972027
 0.415205   2.478732   -2.960093
 0.417154   2.472972   -2.949405
 0.419103   2.467236   -2.936406
 0.421053   2.461523   -2.924371
 0.423002   2.455834   -2.913308
 0.424951   2.450167   -2.900483
 0.426901   2.444525   -2.888347
 0.428850   2.438906   -2.877172
 0.430799   2.433309   -2.865233
 0.432748   2.427737   -2.852291
 0.434698   2.422188   -2.840021
 0.436647   2.416664   -2.827996
 0.438597   2.411162   -2.815923
 0.440546   2.405684   -2.804523
 0.442495   2.400230   -2.792650
 0.444444   2.394799   -2.779533
 0.446394   2.389393   -2.767329
 0.448343   2.384009   -2.756045
 0.450292   2.378649   -2.742841
 0.452242   2.373315   -2.730538
 0.454191   2.368003   -2.719408
 0.456140   2.362714   -2.706385
 0.458090   2.357451   -2.693718
 0.460039   2.352211   -2.682479
 0.461988   2.346995   -2.669370
 0.463938   2.341804   -2.657138
 0.465887   2.336634   -2.645789
 0.467836   2.331490   -2.632330
 0.469786   2.326371   -2.620001
 0.471735   2.321275   -2.608544
 0.473684   2.316203   -2.596153
 0.475633   2.311155   -2.582849
 0.477583   2.306132   -2.570660
 0.479532   2.301132   -2.558186
 0.481482   2.296158   -2.545666
 0.483431   2.291207   -2.533993
 0.485380   2.286281   -2.521411
 0.487329   2.281378   -2.508479
 0.489279   2.276500   -2.495832
 0.491228   2.271647   -2.484017
 0.493177   2.266817   -2.471005
 0.495127   2.262012   -2.458534
 0.497076   2.257231   -2.446613
 0.499025   2.252475   -2.432981
 0.500975   2.247745   -2.420687
 0.502924   2.243037   -2.409200
 0.504873   2.238354   -2.395489
 0.506823   2.233697   -2.382833
 0.508772   2.229064   -2.371242
 0.510721   2.224454   -2.357722
 0.512671   2.219871   -2.344975
 0.514620   2.215311   -2.333281
 0.516569   2.210776   -2.320748
 0.518518   2.206265   -2.307395
 0.520468   2.201779   -2.294800
 0.522417   2.197317   -2.282699
 0.524366   2.192881   -2.269269
 0.526316   2.188469   -2.256585
 0.528265   2.184083   -2.244655
 0.530214   2.179720   -2.231423
 0.532164   2.175382   -2.218651
 0.534113   2.171069   -2.206620
 0.536062   2.166781   -2.193041
 0.538012   2.162519   -2.180455
 0.539961   2.158279   -2.168599
 0.541910   2.154065   -2.155219
 0.543860   2.149876   -2.142548
 0.545809   2.145712   -2.130320
 0.547758   2.141572   -2.116869
 0.549708   2.137458   -2.104388
 0.551657   2.133367   -2.092337
 0.553606   2.129302   -2.078814
 0.555556   2.125262   -2.066251
 0.557505   2.121246   -2.054380
 0.559454   2.117254   -2.040787
 0.561404   2.113289   -2.028142
 0.563353   2.109346   -2.016176
 0.565302   2.105430   -2.002791
 0.567252   2.101537   -1.990341
 0.569201   2.097669   -1.978283
 0.571150   2.093826   -1.965506
 0.573099   2.090008   -1.952308
 0.575049   2.086214   -1.939753
 0.576998   2.082445   -1.927573
 0.578947   2.078700   -1.914588
 0.580897   2.074980   -1.901956
 0.582846   2.071285   -1.889964
 0.584795   2.067613   -1.876915
 0.586745   2.063967   -1.864485
 0.588694   2.060343   -1.852683
 0.590643   2.056745   -1.839294
 0.592593   2.053172   -1.827069
 0.594542   2.049621   -1.815460
 0.596491   2.046095   -1.802289
 0.598441   2.042594   -1.789992
 0.600390   2.039116   -1.778578
 0.602339   2.035661   -1.765627
 0.604289   2.032232   -1.753260
 0.606238   2.028825   -1.741764
 0.608187   2.025442   -1.729632
 0.610136   2.022083   -1.716886
 0.612086   2.018748   -1.704707
 0.614035   2.015436   -1.693385
 0.615984   2.012147   -1.681145
 0.617934   2.008881   -1.669462
 0.619883   2.005638   -1.658064
 0.621832   2.002418   -1.645491
 0.623782   1.999222   -1.634026
 0.625731   1.996047   -1.623114
 0.627680   1.992895   -1.611054
 0.629630   1.989766   -1.599528
 0.631579   1.986659   -1.588544
 0.633528   1.983574   -1.576999
 0.635478   1.980510   -1.565979
 0.637427   1.977468   -1.555208
 0.639376   1.974448   -1.544151
 0.641325   1.971449   -1.532829
 0.643275   1.968471   -1.522017
 0.645224   1.965514   -1.512005
 0.647173   1.962578   -1.500924
 0.649123   1.959662   -1.490625
 0.651072   1.956766   -1.480834
 0.653021   1.953890   -1.469996
 0.654971   1.951034   -1.460215
 0.656920   1.948197   -1.450931
 0.658869   1.945378   -1.440624
 0.660819   1.942580   -1.431081
 0.662768   1.939799   -1.422594
 0.664717   1.937034   -1.412820
 0.666667   1.934290   -1.403518
 0.668616   1.931562   -1.395263
 0.670565   1.928851   -1.386311
 0.672515   1.926157   -1.378108
 0.674464   1.923478   -1.370375
 0.676413   1.920815   -1.361965
 0.678363   1.918168   -1.354297
 0.680312   1.915535   -1.347089
 0.682261   1.912917   -1.339510
 0.684211   1.910312   -1.332666
 0.686160   1.907721   -1.326561
 0.688109   1.905141   -1.319818
 0.690059   1.902575   -1.313517
 0.692008   1.900020   -1.308521
 0.693957   1.897474   -1.303062
 0.695906   1.894940   -1.297440
 0.697856   1.892415   -1.292826
 0.699805   1.889900   -1.288937
 0.701754   1.887391   -1.284734
 0.703704   1.884890   -1.280961
 0.705653   1.882397   -1.278196
 0.707602   1.879908   -1.275418
 0.709552   1.877424   -1.273068
 0.711501   1.874944   -1.271433
 0.713450   1.872468   -1.270086
 0.715400   1.869992   -1.269164
 0.717349   1.867519   -1.269243
 0.719298   1.865045   -1.269331
 0.721248   1.862570   -1.269844
 0.723197   1.860094   -1.271644
 0.725146   1.857613   -1.273462
 0.727096   1.855128   -1.276281
 0.729045   1.852637   -1.280099
 0.730994   1.850139   -1.283785
 0.732943   1.847633   -1.287917
 0.734893   1.845117   -1.293631
 0.736842   1.842589   -1.300347
 0.738791   1.840048   -1.306798
 0.740741   1.837494   -1.314548
 0.742690   1.834923   -1.323592
 0.744639   1.832334   -1.332657
 0.746589   1.829727   -1.343029
 0.748538   1.827098   -1.354700
 0.750487   1.824446   -1.366675
 0.752437   1.821769   -1.379966
 0.754386   1.819066   -1.394563
 0.756335   1.816333   -1.409743
 0.758285   1.813569   -1.426251
 0.760234   1.810772   -1.444075
 0.762183   1.807940   -1.462756
 0.764133   1.805069   -1.482779
 0.766082   1.802159   -1.504420
 0.768031   1.799205   -1.527075
 0.769980   1.796206   -1.550721
 0.771930   1.793159   -1.576025
 0.773879   1.790061   -1.602771
 0.775829   1.786909   -1.631010
 0.777778   1.783702   -1.661190
 0.779727   1.780434   -1.692650
 0.781676   1.777104   -1.725067
 0.783626   1.773708   -1.759770
 0.785575   1.770243   -1.796441
 0.787524   1.766705   -1.833829
 0.789474   1.763093   -1.873824
 0.791423   1.759399   -1.916104
 0.793372   1.755624   -1.959048
 0.795322   1.751761   -2.004632
 0.797271   1.747808   -2.052530
 0.799220   1.743760   -2.101614
 0.801170   1.739613   -2.153375
 0.803119   1.735364   -2.207775
 0.805068   1.731007   -2.262997
 0.807018   1.726541   -2.320939
 0.808967   1.721958   -2.382432
 0.810916   1.717254   -2.444665
 0.812866   1.712426   -2.509373
 0.814815   1.707470   -2.577673
 0.816764   1.702379   -2.647651
 0.818713   1.697150   -2.719224
 0.820663   1.691776   -2.794511
 0.822612   1.686254   -2.872867
 0.824561   1.680578   -2.952020
 0.826511   1.674744   -3.034359
 0.828460   1.668747   -3.120406
 0.830409   1.662581   -3.207711
 0.832359   1.656240   -3.298267
 0.834308   1.649721   -3.392295
 0.836257   1.643017   -3.487153
 0.838207   1.636124   -3.585330
 0.840156   1.629038   -3.687334
 0.842105   1.621751   -3.790312
 0.844055   1.614259   -3.896682
 0.846004   1.606558   -4.006361
 0.847953   1.598642   -4.116558
 0.849903   1.590507   -4.234626
 0.851852   1.582132   -4.365753
 0.853801   1.573490   -4.504584
 0.855750   1.564573   -4.644499
 0.857700   1.555381   -4.787439
 0.859649   1.545907   -4.934462
 0.861598   1.536146   -5.080651
 0.863548   1.526097   -5.230258
 0.865497   1.515753   -5.383165
 0.867446   1.505114   -5.534708
 0.869396   1.494173   -5.689481
 0.871345   1.482931   -5.847066
 0.873294   1.471382   -6.003043
 0.875244   1.459524   -6.161769
 0.877193   1.447357   -6.322529
 0.879142   1.434879   -6.480843
 0.881092   1.422088   -6.641720
 0.883041   1.408983   -6.804442
 0.884990   1.395564   -6.963289
 0.886940   1.381833   -7.123630
 0.888889   1.367789   -7.285629
 0.890838   1.353434   -7.444862
 0.892787   1.338769   -7.601123
 0.894737   1.323797   -7.758137
 0.896686   1.308521   -7.912620
 0.898636   1.292946   -8.063537
 0.900585   1.277081   -8.212987
 0.902534   1.260931   -8.358646
 0.904483   1.244499   -8.499153
 0.906433   1.227793   -8.638387
 0.908382   1.210818   -8.776828
 0.910331   1.193581   -8.906954
 0.912281   1.176090   -9.035320
 0.914230   1.158352   -9.161238
 0.916179   1.140379   -9.277764
 0.918129   1.122178   -9.391736
 0.920078   1.103761   -9.502773
 0.922027   1.085136   -9.603655
 0.923977   1.066316   -9.700590
 0.925926   1.047314   -9.793797
 0.927875   1.028140   -9.875820
 0.929825   1.008808   -9.953662
 0.931774   0.989331   -10.026968
 0.933723   0.969723   -10.087799
 0.935673   0.949998   -10.143903
 0.937622   0.930172   -10.195533
 0.939571   0.910256   -10.236940
 0.941520   0.890268   -10.267485
 0.943470   0.870223   -10.292746
 0.945419   0.850137   -10.313000
 0.947368   0.830023   -10.320044
 0.949318   0.809899   -10.321219
 0.951267   0.789781   -10.317405
 0.953216   0.769682   -10.300086
 0.955166   0.749621   -10.277468
 0.957115   0.729610   -10.249568
 0.959064   0.709668   -10.208491
 0.961014   0.689807   -10.162667
 0.962963   0.670044   -10.111545
 0.964912   0.650392   -10.047902
 0.966862   0.630867   -9.979460
 0.968811   0.611482   -9.906859
 0.970760   0.592250   -9.822429
 0.972710   0.573185   -9.733719
 0.974659   0.554298   -9.641384
 0.976608   0.535603   -9.540656
 0.978557   0.517109   -9.431371
 0.980507   0.498830   -9.319161
 0.982456   0.480773   -9.202078
 0.984406   0.462951   -9.079882
 0.986355   0.445371   -8.955671
 0.988304   0.428042   -8.824695
 0.990253   0.410972   -8.687710
 0.992203   0.394169   -8.549357
 0.994152   0.377638   -8.410038
 0.996101   0.361386   -8.263472
 0.998051   0.345419   -8.116601
 1.000000   0.329740   -8.044716
3 N Z A of ION SPECIES
 6.000000   6.000000   12.000000
 1.000000   1.000000   2.000000
 1.000000   1.000000   2.000000
514 psinorm nz1(10^20/m^3) dnz1/dpsiN
 0.000000   0.012058   -0.016541
 0.001949   0.012025   -0.016109
 0.003899   0.011995   -0.015316
 0.005848   0.011966   -0.014620
 0.007797   0.011938   -0.013969
 0.009747   0.011911   -0.013383
 0.011696   0.011886   -0.012894
 0.013645   0.011861   -0.012391
 0.015595   0.011837   -0.011921
 0.017544   0.011814   -0.011518
 0.019493   0.011792   -0.011106
 0.021442   0.011771   -0.010719
 0.023392   0.011751   -0.010334
 0.025341   0.011731   -0.010017
 0.027290   0.011712   -0.009687
 0.029240   0.011693   -0.009360
 0.031189   0.011675   -0.009036
 0.033138   0.011658   -0.008733
 0.035088   0.011641   -0.008464
 0.037037   0.011625   -0.008168
 0.038986   0.011609   -0.007891
 0.040936   0.011594   -0.007650
 0.042885   0.011579   -0.007381
 0.044834   0.011565   -0.007100
 0.046784   0.011552   -0.006887
 0.048733   0.011538   -0.006613
 0.050682   0.011526   -0.006393
 0.052632   0.011514   -0.006176
 0.054581   0.011502   -0.005897
 0.056530   0.011491   -0.005739
 0.058480   0.011479   -0.005518
 0.060429   0.011469   -0.005267
 0.062378   0.011459   -0.005077
 0.064327   0.011449   -0.004849
 0.066277   0.011440   -0.004656
 0.068226   0.011431   -0.004466
 0.070175   0.011423   -0.004268
 0.072125   0.011414   -0.004105
 0.074074   0.011407   -0.003878
 0.076023   0.011399   -0.003677
 0.077973   0.011392   -0.003544
 0.079922   0.011386   -0.003347
 0.081871   0.011379   -0.003176
 0.083821   0.011373   -0.003007
 0.085770   0.011368   -0.002807
 0.087719   0.011362   -0.002633
 0.089669   0.011357   -0.002495
 0.091618   0.011352   -0.002326
 0.093567   0.011348   -0.002149
 0.095517   0.011344   -0.001974
 0.097466   0.011340   -0.001836
 0.099415   0.011337   -0.001727
 0.101364   0.011334   -0.001547
 0.103314   0.011331   -0.001335
 0.105263   0.011329   -0.001190
 0.107213   0.011326   -0.001079
 0.109162   0.011324   -0.000969
 0.111111   0.011322   -0.000822
 0.113060   0.011321   -0.000603
 0.115010   0.011320   -0.000488
 0.116959   0.011319   -0.000376
 0.118908   0.011319   -0.000223
 0.120858   0.011318   -0.000106
 0.122807   0.011318   0.000009
 0.124756   0.011318   0.000164
 0.126706   0.011319   0.000317
 0.128655   0.011320   0.000434
 0.130604   0.011321   0.000556
 0.132554   0.011322   0.000712
 0.134503   0.011323   0.000831
 0.136452   0.011325   0.000920
 0.138402   0.011327   0.001078
 0.140351   0.011329   0.001199
 0.142300   0.011332   0.001290
 0.144250   0.011334   0.001379
 0.146199   0.011337   0.001538
 0.148148   0.011340   0.001628
 0.150097   0.011343   0.001721
 0.152047   0.011347   0.001919
 0.153996   0.011351   0.002009
 0.155945   0.011355   0.002104
 0.157895   0.011359   0.002161
 0.159844   0.011363   0.002253
 0.161793   0.011368   0.002456
 0.163743   0.011373   0.002515
 0.165692   0.011378   0.002608
 0.167641   0.011383   0.002742
 0.169591   0.011388   0.002802
 0.171540   0.011394   0.002933
 0.173489   0.011400   0.003032
 0.175439   0.011406   0.003129
 0.177388   0.011412   0.003226
 0.179337   0.011418   0.003288
 0.181286   0.011425   0.003389
 0.183236   0.011431   0.003488
 0.185185   0.011438   0.003588
 0.187135   0.011445   0.003689
 0.189084   0.011453   0.003788
 0.191033   0.011460   0.003891
 0.192983   0.011468   0.003956
 0.194932   0.011476   0.004020
 0.196881   0.011484   0.004085
 0.198830   0.011492   0.004227
 0.200780   0.011500   0.004293
 0.202729   0.011508   0.004322
 0.204678   0.011517   0.004465
 0.206628   0.011526   0.004532
 0.208577   0.011535   0.004599
 0.210526   0.011544   0.004668
 0.212476   0.011553   0.004774
 0.214425   0.011562   0.004842
 0.216374   0.011572   0.004875
 0.218324   0.011581   0.004982
 0.220273   0.011591   0.005050
 0.222222   0.011601   0.005158
 0.224171   0.011611   0.005230
 0.226121   0.011621   0.005225
 0.228070   0.011632   0.005295
 0.230019   0.011642   0.005405
 0.231969   0.011653   0.005515
 0.233918   0.011664   0.005509
 0.235867   0.011674   0.005583
 0.237817   0.011685   0.005694
 0.239766   0.011696   0.005689
 0.241715   0.011707   0.005801
 0.243665   0.011719   0.005836
 0.245614   0.011730   0.005870
 0.247563   0.011742   0.005983
 0.249513   0.011754   0.006019
 0.251462   0.011765   0.006092
 0.253411   0.011777   0.006129
 0.255361   0.011789   0.006165
 0.257310   0.011801   0.006239
 0.259259   0.011813   0.006237
 0.261209   0.011826   0.006351
 0.263158   0.011838   0.006426
 0.265107   0.011851   0.006424
 0.267056   0.011863   0.006461
 0.269006   0.011876   0.006538
 0.270955   0.011889   0.006613
 0.272904   0.011902   0.006612
 0.274854   0.011915   0.006650
 0.276803   0.011928   0.006726
 0.278752   0.011941   0.006764
 0.280702   0.011954   0.006762
 0.282651   0.011967   0.006839
 0.284600   0.011981   0.006878
 0.286550   0.011994   0.006876
 0.288499   0.012007   0.006993
 0.290448   0.012021   0.006992
 0.292398   0.012035   0.006991
 0.294347   0.012048   0.007068
 0.296296   0.012062   0.007068
 0.298246   0.012076   0.007147
 0.300195   0.012090   0.007184
 0.302144   0.012104   0.007184
 0.304094   0.012118   0.007222
 0.306043   0.012132   0.007261
 0.307992   0.012146   0.007259
 0.309941   0.012160   0.007299
 0.311891   0.012175   0.007338
 0.313840   0.012189   0.007295
 0.315790   0.012203   0.007375
 0.317739   0.012218   0.007413
 0.319688   0.012232   0.007412
 0.321637   0.012247   0.007451
 0.323587   0.012261   0.007450
 0.325536   0.012276   0.007488
 0.327485   0.012290   0.007487
 0.329435   0.012305   0.007485
 0.331384   0.012320   0.007523
 0.333333   0.012334   0.007563
 0.335283   0.012349   0.007561
 0.337232   0.012364   0.007558
 0.339181   0.012379   0.007598
 0.341131   0.012393   0.007595
 0.343080   0.012408   0.007592
 0.345029   0.012423   0.007590
 0.346979   0.012438   0.007629
 0.348928   0.012453   0.007625
 0.350877   0.012468   0.007622
 0.352826   0.012482   0.007662
 0.354776   0.012497   0.007659
 0.356725   0.012512   0.007613
 0.358675   0.012527   0.007609
 0.360624   0.012542   0.007647
 0.362573   0.012557   0.007686
 0.364522   0.012572   0.007683
 0.366472   0.012587   0.007636
 0.368421   0.012602   0.007631
 0.370370   0.012617   0.007628
 0.372320   0.012631   0.007666
 0.374269   0.012646   0.007618
 0.376218   0.012661   0.007571
 0.378168   0.012676   0.007608
 0.380117   0.012691   0.007602
 0.382066   0.012706   0.007641
 0.384016   0.012721   0.007592
 0.385965   0.012735   0.007586
 0.387914   0.012750   0.007580
 0.389863   0.012765   0.007488
 0.391813   0.012779   0.007525
 0.393762   0.012794   0.007561
 0.395711   0.012809   0.007512
 0.397661   0.012823   0.007461
 0.399610   0.012838   0.007454
 0.401560   0.012852   0.007447
 0.403509   0.012867   0.007438
 0.405458   0.012881   0.007386
 0.407407   0.012896   0.007379
 0.409357   0.012910   0.007371
 0.411306   0.012925   0.007317
 0.413255   0.012939   0.007265
 0.415205   0.012953   0.007256
 0.417154   0.012967   0.007246
 0.419103   0.012981   0.007193
 0.421053   0.012995   0.007183
 0.423002   0.013009   0.007127
 0.424951   0.013023   0.007118
 0.426901   0.013037   0.007107
 0.428850   0.013051   0.007051
 0.430799   0.013064   0.007040
 0.432748   0.013078   0.006984
 0.434698   0.013092   0.006927
 0.436647   0.013105   0.006915
 0.438597   0.013119   0.006903
 0.440546   0.013132   0.006844
 0.442495   0.013145   0.006786
 0.444444   0.013158   0.006729
 0.446394   0.013171   0.006669
 0.448343   0.013184   0.006655
 0.450292   0.013197   0.006641
 0.452242   0.013210   0.006536
 0.454191   0.013223   0.006520
 0.456140   0.013236   0.006506
 0.458090   0.013248   0.006399
 0.460039   0.013261   0.006382
 0.461988   0.013273   0.006321
 0.463938   0.013285   0.006212
 0.465887   0.013297   0.006194
 0.467836   0.013309   0.006178
 0.469786   0.013321   0.006068
 0.471735   0.013333   0.006049
 0.473684   0.013345   0.005984
 0.475633   0.013356   0.005920
 0.477583   0.013368   0.005901
 0.479532   0.013379   0.005789
 0.481482   0.013391   0.005769
 0.483431   0.013402   0.005701
 0.485380   0.013413   0.005587
 0.487329   0.013424   0.005567
 0.489279   0.013435   0.005499
 0.491228   0.013445   0.005429
 0.493177   0.013456   0.005361
 0.495127   0.013466   0.005292
 0.497076   0.013476   0.005220
 0.499025   0.013486   0.005151
 0.500975   0.013496   0.005080
 0.502924   0.013506   0.004960
 0.504873   0.013516   0.004889
 0.506823   0.013525   0.004864
 0.508772   0.013535   0.004790
 0.510721   0.013544   0.004718
 0.512671   0.013553   0.004596
 0.514620   0.013562   0.004520
 0.516569   0.013571   0.004493
 0.518518   0.013579   0.004420
 0.520468   0.013588   0.004296
 0.522417   0.013596   0.004170
 0.524366   0.013604   0.004142
 0.526316   0.013612   0.004065
 0.528265   0.013620   0.003986
 0.530214   0.013628   0.003860
 0.532164   0.013635   0.003733
 0.534113   0.013642   0.003701
 0.536062   0.013650   0.003622
 0.538012   0.013657   0.003542
 0.539961   0.013663   0.003410
 0.541910   0.013670   0.003331
 0.543860   0.013676   0.003297
 0.545809   0.013683   0.003165
 0.547758   0.013689   0.003034
 0.549708   0.013694   0.002951
 0.551657   0.013700   0.002914
 0.553606   0.013706   0.002782
 0.555556   0.013711   0.002598
 0.557505   0.013716   0.002560
 0.559454   0.013721   0.002525
 0.561404   0.013726   0.002339
 0.563353   0.013730   0.002251
 0.565302   0.013735   0.002214
 0.567252   0.013739   0.002076
 0.569201   0.013743   0.001936
 0.571150   0.013746   0.001797
 0.573099   0.013750   0.001758
 0.575049   0.013753   0.001668
 0.576998   0.013756   0.001475
 0.578947   0.013759   0.001436
 0.580897   0.013762   0.001394
 0.582846   0.013764   0.001149
 0.584795   0.013766   0.001007
 0.586745   0.013768   0.001014
 0.588694   0.013770   0.000918
 0.590643   0.013772   0.000775
 0.592593   0.013773   0.000630
 0.594542   0.013774   0.000481
 0.596491   0.013775   0.000387
 0.598441   0.013776   0.000290
 0.600390   0.013776   0.000191
 0.602339   0.013777   0.000044
 0.604289   0.013776   -0.000105
 0.606238   0.013776   -0.000155
 0.608187   0.013776   -0.000255
 0.610136   0.013775   -0.000403
 0.612086   0.013774   -0.000555
 0.614035   0.013773   -0.000709
 0.615984   0.013771   -0.000860
 0.617934   0.013770   -0.000910
 0.619883   0.013768   -0.001015
 0.621832   0.013766   -0.001167
 0.623782   0.013763   -0.001322
 0.625731   0.013761   -0.001429
 0.627680   0.013758   -0.001531
 0.629630   0.013755   -0.001739
 0.631579   0.013751   -0.001847
 0.633528   0.013747   -0.001899
 0.635478   0.013744   -0.002058
 0.637427   0.013739   -0.002219
 0.639376   0.013735   -0.002326
 0.641325   0.013730   -0.002432
 0.643275   0.013725   -0.002540
 0.645224   0.013720   -0.002704
 0.647173   0.013715   -0.002863
 0.649123   0.013709   -0.003025
 0.651072   0.013703   -0.003085
 0.653021   0.013697   -0.003194
 0.654971   0.013691   -0.003409
 0.656920   0.013684   -0.003576
 0.658869   0.013677   -0.003686
 0.660819   0.013670   -0.003798
 0.662768   0.013662   -0.003914
 0.664717   0.013654   -0.004025
 0.666667   0.013646   -0.004191
 0.668616   0.013638   -0.004361
 0.670565   0.013629   -0.004473
 0.672515   0.013620   -0.004588
 0.674464   0.013611   -0.004760
 0.676413   0.013602   -0.004873
 0.678363   0.013592   -0.005042
 0.680312   0.013582   -0.005162
 0.682261   0.013572   -0.005276
 0.684211   0.013562   -0.005500
 0.686160   0.013551   -0.005568
 0.688109   0.013540   -0.005683
 0.690059   0.013529   -0.005908
 0.692008   0.013517   -0.005977
 0.693957   0.013505   -0.006096
 0.695906   0.013493   -0.006266
 0.697856   0.013481   -0.006386
 0.699805   0.013468   -0.006563
 0.701754   0.013455   -0.006734
 0.703704   0.013442   -0.006855
 0.705653   0.013429   -0.006926
 0.707602   0.013415   -0.007044
 0.709552   0.013401   -0.007220
 0.711501   0.013387   -0.007453
 0.713450   0.013372   -0.007518
 0.715400   0.013358   -0.007641
 0.717349   0.013342   -0.007821
 0.719298   0.013327   -0.007887
 0.721248   0.013312   -0.008065
 0.723197   0.013296   -0.008246
 0.725146   0.013279   -0.008366
 0.727096   0.013263   -0.008436
 0.729045   0.013247   -0.008564
 0.730994   0.013230   -0.008797
 0.732943   0.013212   -0.008864
 0.734893   0.013195   -0.008990
 0.736842   0.013177   -0.009227
 0.738791   0.013159   -0.009294
 0.740741   0.013141   -0.009420
 0.742690   0.013122   -0.009549
 0.744639   0.013104   -0.009671
 0.746589   0.013085   -0.009852
 0.748538   0.013065   -0.009927
 0.750487   0.013046   -0.010050
 0.752437   0.013026   -0.010231
 0.754386   0.013006   -0.010361
 0.756335   0.012986   -0.010484
 0.758285   0.012965   -0.010556
 0.760234   0.012945   -0.010686
 0.762183   0.012924   -0.010809
 0.764133   0.012902   -0.010936
 0.766082   0.012881   -0.011121
 0.768031   0.012859   -0.011193
 0.769980   0.012837   -0.011317
 0.771930   0.012815   -0.011443
 0.773879   0.012793   -0.011515
 0.775829   0.012770   -0.011697
 0.777778   0.012747   -0.011828
 0.779727   0.012724   -0.011900
 0.781676   0.012701   -0.012023
 0.783626   0.012677   -0.012095
 0.785575   0.012654   -0.012226
 0.787524   0.012629   -0.012404
 0.789474   0.012605   -0.012475
 0.791423   0.012581   -0.012495
 0.793372   0.012556   -0.012618
 0.795322   0.012532   -0.012744
 0.797271   0.012507   -0.012819
 0.799220   0.012482   -0.012997
 0.801170   0.012456   -0.013067
 0.803119   0.012431   -0.013142
 0.805068   0.012405   -0.013208
 0.807018   0.012379   -0.013278
 0.808967   0.012353   -0.013352
 0.810916   0.012327   -0.013473
 0.812866   0.012301   -0.013543
 0.814815   0.012274   -0.013561
 0.816764   0.012248   -0.013686
 0.818713   0.012221   -0.013750
 0.820663   0.012194   -0.013819
 0.822612   0.012167   -0.013892
 0.824561   0.012140   -0.013900
 0.826511   0.012113   -0.013912
 0.828460   0.012086   -0.013984
 0.830409   0.012058   -0.013991
 0.832359   0.012031   -0.014058
 0.834308   0.012004   -0.014185
 0.836257   0.011976   -0.014080
 0.838207   0.011949   -0.014090
 0.840156   0.011921   -0.014160
 0.842105   0.011893   -0.014109
 0.844055   0.011866   -0.014175
 0.846004   0.011838   -0.014132
 0.847953   0.011811   -0.014080
 0.849903   0.011783   -0.014088
 0.851852   0.011756   -0.013988
 0.853801   0.011729   -0.013940
 0.855750   0.011702   -0.013887
 0.857700   0.011675   -0.013782
 0.859649   0.011648   -0.013736
 0.861598   0.011621   -0.013626
 0.863548   0.011595   -0.013520
 0.865497   0.011568   -0.013361
 0.867446   0.011543   -0.013194
 0.869396   0.011517   -0.013030
 0.871345   0.011492   -0.012813
 0.873294   0.011467   -0.012701
 0.875244   0.011442   -0.012480
 0.877193   0.011418   -0.012151
 0.879142   0.011395   -0.011926
 0.881092   0.011372   -0.011647
 0.883041   0.011350   -0.011372
 0.884990   0.011328   -0.011090
 0.886940   0.011306   -0.010643
 0.888889   0.011286   -0.010310
 0.890838   0.011266   -0.010030
 0.892787   0.011247   -0.009579
 0.894737   0.011229   -0.009187
 0.896686   0.011211   -0.008780
 0.898636   0.011194   -0.008346
 0.900585   0.011179   -0.007900
 0.902534   0.011164   -0.007452
 0.904483   0.011150   -0.007058
 0.906433   0.011136   -0.006609
 0.908382   0.011124   -0.006331
 0.910331   0.011112   -0.006050
 0.912281   0.011100   -0.005881
 0.914230   0.011089   -0.005939
 0.916179   0.011077   -0.005993
 0.918129   0.011065   -0.006218
 0.920078   0.011053   -0.006723
 0.922027   0.011039   -0.007506
 0.923977   0.011023   -0.008570
 0.925926   0.011006   -0.010029
 0.927875   0.010984   -0.011930
 0.929825   0.010959   -0.014284
 0.931774   0.010929   -0.017200
 0.933723   0.010892   -0.020780
 0.935673   0.010848   -0.025095
 0.937622   0.010794   -0.030087
 0.939571   0.010730   -0.035858
 0.941520   0.010654   -0.042400
 0.943470   0.010565   -0.049237
 0.945419   0.010462   -0.057092
 0.947368   0.010343   -0.067157
 0.949318   0.010201   -0.078870
 0.951267   0.010035   -0.091381
 0.953216   0.009844   -0.104517
 0.955166   0.009628   -0.118191
 0.957115   0.009384   -0.132001
 0.959064   0.009113   -0.145575
 0.961014   0.008816   -0.158632
 0.962963   0.008494   -0.170660
 0.964912   0.008151   -0.181088
 0.966862   0.007788   -0.189662
 0.968811   0.007411   -0.195928
 0.970760   0.007025   -0.199462
 0.972710   0.006634   -0.200191
 0.974659   0.006244   -0.197889
 0.976608   0.005862   -0.192622
 0.978557   0.005493   -0.184454
 0.980507   0.005143   -0.173806
 0.982456   0.004816   -0.161041
 0.984406   0.004515   -0.146526
 0.986355   0.004244   -0.130824
 0.988304   0.004005   -0.114408
 0.990253   0.003798   -0.097803
 0.992203   0.003624   -0.081383
 0.994152   0.003481   -0.065664
 0.996101   0.003368   -0.050976
 0.998051   0.003282   -0.037357
 1.000000   0.003222   -0.030815
514 psinorm ptot(KPa) dptot/dpsiN
 0.000000   36.560122   -15.928395
 0.001949   36.529077   -15.077026
 0.003899   36.501338   -14.110355
 0.005848   36.474061   -13.959692
 0.007797   36.446923   -13.934906
 0.009747   36.419729   -13.957665
 0.011696   36.392503   -14.015969
 0.013645   36.365095   -14.097122
 0.015595   36.337538   -14.168288
 0.017544   36.309852   -14.267624
 0.019493   36.281923   -14.376870
 0.021442   36.253811   -14.457984
 0.023392   36.225551   -14.549613
 0.025341   36.197083   -14.650619
 0.027290   36.168443   -14.730592
 0.029240   36.139648   -14.838705
 0.031189   36.110587   -14.949683
 0.033138   36.081374   -15.022226
 0.035088   36.052015   -15.112037
 0.037037   36.022452   -15.211686
 0.038986   35.992720   -15.292179
 0.040936   35.962828   -15.383880
 0.042885   35.932738   -15.484534
 0.044834   35.902469   -15.560393
 0.046784   35.872068   -15.652385
 0.048733   35.841441   -15.744984
 0.050682   35.810694   -15.807360
 0.052632   35.779808   -15.887604
 0.054581   35.748749   -15.987681
 0.056530   35.717488   -16.054828
 0.058480   35.686151   -16.122755
 0.060429   35.654625   -16.219065
 0.062378   35.622929   -16.296583
 0.064327   35.591101   -16.353537
 0.066277   35.559166   -16.437527
 0.068226   35.527011   -16.518507
 0.070175   35.494777   -16.568270
 0.072125   35.462412   -16.643913
 0.074074   35.429883   -16.721980
 0.076023   35.397229   -16.775101
 0.077973   35.364477   -16.841467
 0.079922   35.331565   -16.929024
 0.081871   35.298487   -16.976980
 0.083821   35.265371   -17.039560
 0.085770   35.232050   -17.110443
 0.087719   35.198675   -17.157927
 0.089669   35.165151   -17.231719
 0.091618   35.131489   -17.296364
 0.093567   35.097730   -17.346483
 0.095517   35.063855   -17.411255
 0.097466   35.029844   -17.484685
 0.099415   34.995699   -17.533715
 0.101364   34.961497   -17.566792
 0.103314   34.927206   -17.627579
 0.105263   34.892767   -17.686857
 0.107213   34.858245   -17.734048
 0.109162   34.823622   -17.800255
 0.111111   34.788860   -17.863697
 0.113060   34.753990   -17.889326
 0.115010   34.719109   -17.939087
 0.116959   34.684045   -18.009152
 0.118908   34.648910   -18.035365
 0.120858   34.613725   -18.086791
 0.122807   34.578389   -18.155712
 0.124756   34.542954   -18.183606
 0.126706   34.507491   -18.227710
 0.128655   34.471885   -18.296801
 0.130604   34.436171   -18.316499
 0.132554   34.400469   -18.362325
 0.134503   34.364576   -18.430292
 0.136452   34.328627   -18.439015
 0.138402   34.292682   -18.486614
 0.140351   34.256548   -18.556367
 0.142300   34.220349   -18.566950
 0.144250   34.184156   -18.611393
 0.146199   34.147784   -18.675419
 0.148148   34.111359   -18.703029
 0.150097   34.074879   -18.729776
 0.152047   34.038331   -18.768766
 0.153996   34.001700   -18.813366
 0.155945   33.964997   -18.840702
 0.157895   33.928240   -18.877363
 0.159844   33.891394   -18.923924
 0.161793   33.854475   -18.944924
 0.163743   33.817528   -18.982018
 0.165692   33.780464   -19.026239
 0.167641   33.743364   -19.047271
 0.169591   33.706198   -19.086610
 0.171540   33.668945   -19.122275
 0.173489   33.631660   -19.132644
 0.175439   33.594347   -19.180856
 0.177388   33.556874   -19.226394
 0.179337   33.519402   -19.247032
 0.181286   33.481849   -19.259298
 0.183236   33.444310   -19.287669
 0.185185   33.406646   -19.317192
 0.187135   33.368993   -19.345124
 0.189084   33.331220   -19.390464
 0.191033   33.293409   -19.404465
 0.192983   33.255562   -19.424855
 0.194932   33.217671   -19.461296
 0.196881   33.179702   -19.500280
 0.198830   33.141659   -19.504196
 0.200780   33.103655   -19.525234
 0.202729   33.065530   -19.571606
 0.204678   33.027365   -19.574736
 0.206628   32.989208   -19.593595
 0.208577   32.950969   -19.631429
 0.210526   32.912685   -19.638228
 0.212476   32.874400   -19.667755
 0.214425   32.836000   -19.703419
 0.216374   32.797596   -19.699928
 0.218324   32.759190   -19.730346
 0.220273   32.720667   -19.765443
 0.222222   32.682145   -19.777667
 0.224171   32.643574   -19.784783
 0.226121   32.605004   -19.804650
 0.228070   32.566356   -19.841885
 0.230019   32.527660   -19.837480
 0.231969   32.489009   -19.848887
 0.233918   32.450269   -19.887233
 0.235867   32.411489   -19.893273
 0.237817   32.372706   -19.904000
 0.239766   32.333883   -19.940234
 0.241715   32.294979   -19.939480
 0.243665   32.256139   -19.951452
 0.245614   32.217188   -19.977492
 0.247563   32.178267   -19.976112
 0.249513   32.139301   -20.008338
 0.251462   32.100255   -20.025823
 0.253411   32.061240   -20.021086
 0.255361   32.022192   -20.035383
 0.257310   31.983122   -20.055566
 0.259259   31.944016   -20.060096
 0.261209   31.904908   -20.073619
 0.263158   31.865749   -20.091685
 0.265107   31.826591   -20.116199
 0.267056   31.787336   -20.113894
 0.269006   31.748167   -20.114393
 0.270955   31.708910   -20.135050
 0.272904   31.669680   -20.122868
 0.274854   31.630451   -20.156269
 0.276803   31.591091   -20.176543
 0.278752   31.551803   -20.154480
 0.280702   31.512509   -20.176556
 0.282651   31.473134   -20.194755
 0.284600   31.433790   -20.194607
 0.286550   31.394396   -20.200610
 0.288499   31.355027   -20.208773
 0.290448   31.315622   -20.216401
 0.292398   31.276204   -20.223635
 0.294347   31.236770   -20.242871
 0.296296   31.197297   -20.229633
 0.298246   31.157895   -20.234451
 0.300195   31.118403   -20.266038
 0.302144   31.078897   -20.236869
 0.304094   31.039499   -20.251440
 0.306043   30.999937   -20.279509
 0.307992   30.960450   -20.265243
 0.309941   30.920943   -20.265789
 0.311891   30.881434   -20.281578
 0.313840   30.841865   -20.276973
 0.315790   30.802374   -20.281098
 0.317739   30.762790   -20.292934
 0.319688   30.723272   -20.299019
 0.321637   30.683664   -20.299093
 0.323587   30.644126   -20.284639
 0.325536   30.604574   -20.297428
 0.327485   30.565006   -20.288272
 0.329435   30.525470   -20.294157
 0.331384   30.485880   -20.325703
 0.333333   30.446241   -20.306641
 0.335283   30.406704   -20.293449
 0.337232   30.367117   -20.315938
 0.339181   30.327512   -20.298342
 0.341131   30.287973   -20.305274
 0.343080   30.248342   -20.327358
 0.345029   30.208737   -20.299135
 0.346979   30.169196   -20.296352
 0.348928   30.129602   -20.319825
 0.350877   30.089989   -20.326855
 0.352826   30.050368   -20.309196
 0.354776   30.010804   -20.297266
 0.356725   29.971229   -20.296831
 0.358675   29.931666   -20.305362
 0.360624   29.892058   -20.315360
 0.362573   29.852477   -20.315439
 0.364522   29.812869   -20.292149
 0.366472   29.773358   -20.288308
 0.368421   29.733765   -20.311428
 0.370370   29.694184   -20.286408
 0.372320   29.654668   -20.284672
 0.374269   29.615094   -20.302121
 0.376218   29.575530   -20.285599
 0.378168   29.536001   -20.283878
 0.380117   29.496443   -20.289506
 0.382066   29.456912   -20.273589
 0.384016   29.417397   -20.274748
 0.385965   29.377861   -20.278513
 0.387914   29.338351   -20.269699
 0.389863   29.298850   -20.266581
 0.391813   29.259332   -20.266729
 0.393762   29.219830   -20.262300
 0.395711   29.180349   -20.247514
 0.397661   29.140885   -20.248854
 0.399610   29.101399   -20.241827
 0.401560   29.061962   -20.233205
 0.403509   29.022510   -20.238533
 0.405458   28.983072   -20.241570
 0.407407   28.943608   -20.218953
 0.409357   28.904239   -20.212053
 0.411306   28.864801   -20.229314
 0.413255   28.825385   -20.215104
 0.415205   28.785983   -20.208326
 0.417154   28.746592   -20.198319
 0.419103   28.707250   -20.187762
 0.421053   28.667880   -20.198149
 0.423002   28.628497   -20.196713
 0.424951   28.589153   -20.177905
 0.426901   28.549823   -20.169575
 0.428850   28.510512   -20.168233
 0.430799   28.471208   -20.163442
 0.432748   28.431915   -20.155085
 0.434698   28.392623   -20.157079
 0.436647   28.353323   -20.133736
 0.438597   28.314122   -20.129217
 0.440546   28.274839   -20.145075
 0.442495   28.235596   -20.135434
 0.444444   28.196351   -20.127670
 0.446394   28.157118   -20.110974
 0.448343   28.117938   -20.120387
 0.450292   28.078689   -20.104708
 0.452242   28.039550   -20.081445
 0.454191   28.000391   -20.092604
 0.456140   27.961229   -20.076975
 0.458090   27.922111   -20.071180
 0.460039   27.882972   -20.082504
 0.461988   27.843830   -20.058560
 0.463938   27.804763   -20.058185
 0.465887   27.765623   -20.067780
 0.467836   27.726539   -20.032442
 0.469786   27.687517   -20.032358
 0.471735   27.648433   -20.042134
 0.473684   27.609392   -20.032068
 0.475633   27.570348   -20.009017
 0.477583   27.531377   -20.009418
 0.479532   27.492331   -20.009915
 0.481482   27.453359   -19.990117
 0.483431   27.414390   -19.993636
 0.485380   27.375423   -19.992454
 0.487329   27.336459   -19.982068
 0.489279   27.297513   -19.972879
 0.491228   27.258585   -19.974786
 0.493177   27.219652   -19.956268
 0.495127   27.180776   -19.949060
 0.497076   27.141870   -19.953147
 0.499025   27.102998   -19.931784
 0.500975   27.064156   -19.926584
 0.502924   27.025305   -19.944411
 0.504873   26.986413   -19.923517
 0.506823   26.947623   -19.904894
 0.508772   26.908804   -19.912809
 0.510721   26.870003   -19.894007
 0.512671   26.831237   -19.898091
 0.514620   26.792420   -19.906280
 0.516569   26.753642   -19.891855
 0.518518   26.714882   -19.875340
 0.520468   26.676148   -19.879634
 0.522417   26.637371   -19.880043
 0.524366   26.598656   -19.853828
 0.526316   26.559961   -19.848314
 0.528265   26.521267   -19.857194
 0.530214   26.482558   -19.853519
 0.532164   26.443859   -19.843882
 0.534113   26.405186   -19.842880
 0.536062   26.366511   -19.825887
 0.538012   26.327885   -19.824796
 0.539961   26.289214   -19.827534
 0.541910   26.250597   -19.816644
 0.543860   26.211949   -19.805784
 0.545809   26.173375   -19.805202
 0.547758   26.134748   -19.805035
 0.549708   26.096155   -19.806449
 0.551657   26.057523   -19.806063
 0.553606   26.018951   -19.787823
 0.555556   25.980370   -19.791462
 0.557505   25.941784   -19.795070
 0.559454   25.903209   -19.775569
 0.561404   25.864679   -19.779640
 0.563353   25.826088   -19.793737
 0.565302   25.787523   -19.774452
 0.567252   25.748988   -19.770458
 0.569201   25.710438   -19.776530
 0.571150   25.671899   -19.771106
 0.573099   25.633370   -19.756225
 0.575049   25.594869   -19.761152
 0.576998   25.556322   -19.777819
 0.578947   25.517776   -19.765156
 0.580897   25.479257   -19.760333
 0.582846   25.440730   -19.770703
 0.584795   25.402191   -19.760417
 0.586745   25.363684   -19.766032
 0.588694   25.325123   -19.766440
 0.590643   25.286635   -19.754965
 0.592593   25.248099   -19.756254
 0.594542   25.209605   -19.770857
 0.596491   25.171032   -19.769929
 0.598441   25.132522   -19.761493
 0.600390   25.093982   -19.784378
 0.602339   25.055403   -19.775362
 0.604289   25.016878   -19.779486
 0.606238   24.978282   -19.794572
 0.608187   24.939719   -19.788515
 0.610136   24.901147   -19.783918
 0.612086   24.862581   -19.790307
 0.614035   24.823984   -19.807332
 0.615984   24.785372   -19.806671
 0.617934   24.746758   -19.815054
 0.619883   24.708113   -19.824322
 0.621832   24.669483   -19.820393
 0.623782   24.630834   -19.830700
 0.625731   24.592163   -19.845747
 0.627680   24.553475   -19.856006
 0.629630   24.514744   -19.860504
 0.631579   24.476039   -19.871753
 0.633528   24.437284   -19.875911
 0.635478   24.398543   -19.894494
 0.637427   24.359716   -19.917772
 0.639376   24.320903   -19.924473
 0.641325   24.282050   -19.940970
 0.643275   24.243153   -19.949690
 0.645224   24.204266   -19.962344
 0.647173   24.165340   -19.972831
 0.649123   24.126392   -19.997428
 0.651072   24.087370   -20.028428
 0.653021   24.048322   -20.031087
 0.654971   24.009269   -20.049248
 0.656920   23.970150   -20.085743
 0.658869   23.930975   -20.094364
 0.660819   23.891802   -20.112789
 0.662768   23.852555   -20.162872
 0.664717   23.813207   -20.175391
 0.666667   23.773891   -20.187699
 0.668616   23.734495   -20.233608
 0.670565   23.695021   -20.251760
 0.672515   23.655533   -20.277451
 0.674464   23.615959   -20.327018
 0.676413   23.576299   -20.349034
 0.678363   23.536618   -20.392487
 0.680312   23.496788   -20.435831
 0.682261   23.456959   -20.461348
 0.684211   23.417010   -20.502175
 0.686160   23.377021   -20.542865
 0.688109   23.336933   -20.591922
 0.690059   23.296733   -20.636459
 0.692008   23.256472   -20.686408
 0.693957   23.216098   -20.734616
 0.695906   23.175648   -20.785006
 0.697856   23.135057   -20.838674
 0.699805   23.094398   -20.895450
 0.701754   23.053606   -20.954877
 0.703704   23.012695   -21.013991
 0.705653   22.971673   -21.078350
 0.707602   22.930532   -21.137088
 0.709552   22.889259   -21.214898
 0.711501   22.847815   -21.297716
 0.713450   22.806241   -21.357871
 0.715400   22.764541   -21.434909
 0.717349   22.722666   -21.534353
 0.719298   22.680600   -21.605627
 0.721248   22.638426   -21.685638
 0.723197   22.596048   -21.795681
 0.725146   22.553466   -21.885258
 0.727096   22.510717   -21.977966
 0.729045   22.467774   -22.092882
 0.730994   22.424599   -22.201997
 0.732943   22.381231   -22.296315
 0.734893   22.337666   -22.416395
 0.736842   22.293829   -22.552613
 0.738791   22.249755   -22.663274
 0.740741   22.205465   -22.793687
 0.742690   22.160883   -22.942544
 0.744639   22.116035   -23.078672
 0.746589   22.070899   -23.219130
 0.748538   22.025504   -23.374460
 0.750487   21.979785   -23.528328
 0.752437   21.933767   -23.688605
 0.754386   21.887424   -23.871048
 0.756335   21.840717   -24.044358
 0.758285   21.793675   -24.222682
 0.760234   21.746273   -24.424562
 0.762183   21.698468   -24.621137
 0.764133   21.650275   -24.814870
 0.766082   21.601715   -25.031827
 0.768031   21.552701   -25.264434
 0.769980   21.503234   -25.490919
 0.771930   21.453312   -25.716517
 0.773879   21.402966   -25.958686
 0.775829   21.352099   -26.230361
 0.777778   21.300694   -26.491500
 0.779727   21.248835   -26.759886
 0.781676   21.196384   -27.041203
 0.783626   21.143401   -27.333295
 0.785575   21.089811   -27.652404
 0.787524   21.035612   -27.955643
 0.789474   20.980812   -28.277372
 0.791423   20.925359   -28.628738
 0.793372   20.869217   -28.975113
 0.795322   20.812385   -29.326674
 0.797271   20.754873   -29.703759
 0.799220   20.696599   -30.077064
 0.801170   20.637602   -30.473304
 0.803119   20.577784   -30.910006
 0.805068   20.517115   -31.320726
 0.807018   20.455665   -31.753680
 0.808967   20.393308   -32.216045
 0.810916   20.330086   -32.677351
 0.812866   20.265898   -33.169028
 0.814815   20.200761   -33.664948
 0.816764   20.134672   -34.163909
 0.818713   20.067590   -34.692245
 0.820663   19.999407   -35.248661
 0.822612   19.930156   -35.810727
 0.824561   19.859816   -36.377060
 0.826511   19.788321   -36.968158
 0.828460   19.715678   -37.595626
 0.830409   19.641773   -38.209912
 0.832359   19.566697   -38.843827
 0.834308   19.490322   -39.528454
 0.836257   19.412615   -40.203353
 0.838207   19.333569   -40.906604
 0.840156   19.253121   -41.630728
 0.842105   19.171292   -42.349178
 0.844055   19.088001   -43.109936
 0.846004   19.003207   -43.896262
 0.847953   18.916893   -44.688394
 0.849903   18.828966   -45.528051
 0.851852   18.739380   -46.452690
 0.853801   18.647894   -47.440721
 0.855750   18.554456   -48.431738
 0.857700   18.459057   -49.453952
 0.859649   18.361637   -50.512641
 0.861598   18.262159   -51.565223
 0.863548   18.160583   -52.656703
 0.865497   18.056852   -53.794559
 0.867446   17.950892   -54.917212
 0.869396   17.842728   -56.078352
 0.871345   17.732243   -57.300256
 0.873294   17.619372   -58.515461
 0.875244   17.504090   -59.767334
 0.877193   17.386340   -61.069023
 0.879142   17.266043   -62.387035
 0.881092   17.143092   -63.752014
 0.883041   17.017476   -65.163851
 0.884990   16.889083   -66.597918
 0.886940   16.757809   -68.101281
 0.888889   16.623558   -69.667302
 0.890838   16.486246   -71.278441
 0.892787   16.345715   -72.947051
 0.894737   16.201823   -74.698790
 0.896686   16.054466   -76.501373
 0.898636   15.903543   -78.342583
 0.900585   15.749010   -80.282088
 0.902534   15.590603   -82.320131
 0.904483   15.428126   -84.471899
 0.906433   15.261245   -86.803090
 0.908382   15.089683   -89.325700
 0.910331   14.913053   -91.992125
 0.912281   14.731003   -94.901100
 0.914230   14.543037   -98.082716
 0.916179   14.348677   -101.479826
 0.918129   14.147364   -105.209610
 0.920078   13.938469   -109.296754
 0.922027   13.721325   -113.707731
 0.923977   13.495118   -118.563688
 0.925926   13.259050   -123.901990
 0.927875   13.012148   -129.667245
 0.929825   12.753472   -135.985310
 0.931774   12.481948   -142.914467
 0.933723   12.196391   -150.360850
 0.935673   11.895683   -158.461633
 0.937622   11.578558   -167.248787
 0.939571   11.243747   -176.651168
 0.941520   10.889972   -186.738293
 0.943470   10.515644   -198.248056
 0.945419   10.117015   -198.540130
 0.947368   9.741735   -196.772303
 0.949318   9.349791   -206.307086
 0.951267   8.937354   -216.605577
 0.953216   8.505463   -226.095826
 0.955166   8.055797   -234.607916
 0.957115   7.590734   -241.738318
 0.959064   7.113501   -246.923729
 0.961014   6.627975   -250.005900
 0.962963   6.138730   -250.692602
 0.964912   5.650775   -248.608401
 0.966862   5.169410   -243.883193
 0.968811   4.699868   -236.598418
 0.970760   4.247149   -226.772988
 0.972710   3.815692   -214.912240
 0.974659   3.409194   -201.449794
 0.976608   3.030440   -186.756067
 0.978557   2.681218   -171.336717
 0.980507   2.362414   -155.740116
 0.982456   2.073972   -140.365264
 0.984406   1.815145   -125.521603
 0.986355   1.584549   -111.533917
 0.988304   1.380386   -98.500344
 0.990253   1.200595   -86.540699
 0.992203   1.042975   -75.732843
 0.994152   0.905302   -66.079092
 0.996101   0.785399   -57.473285
 0.998051   0.681222   -49.891402
 1.000000   0.590865   -46.360519
514 psinorm omgpp(kRad/s) domgpp/dpsiN
 0.000000   -8.541978   164.586037
 0.001949   -8.221199   209.714830
 0.003899   -7.724209   203.118798
 0.005848   -7.429136   138.355945
 0.007797   -7.184898   115.489227
 0.009747   -6.978863   96.349827
 0.011696   -6.809211   86.281678
 0.013645   -6.642537   81.486512
 0.015595   -6.491503   72.076727
 0.017544   -6.361499   66.515100
 0.019493   -6.232227   64.454971
 0.021442   -6.110254   61.404756
 0.023392   -5.992813   55.575845
 0.025341   -5.893554   51.788140
 0.027290   -5.790942   51.669581
 0.029240   -5.692096   49.858316
 0.031189   -5.596543   48.273614
 0.033138   -5.503926   44.793420
 0.035088   -5.421899   43.192777
 0.037037   -5.335519   43.519707
 0.038986   -5.252259   40.168860
 0.040936   -5.178906   38.796575
 0.042885   -5.100994   40.973384
 0.044834   -5.019192   37.664723
 0.046784   -4.954148   36.410297
 0.048733   -4.877234   36.846798
 0.050682   -4.810519   33.551595
 0.052632   -4.746418   36.009635
 0.054581   -4.670124   32.844641
 0.056530   -4.618389   29.568042
 0.058480   -4.554832   33.878725
 0.060429   -4.486299   32.026815
 0.062378   -4.429991   31.161578
 0.064327   -4.364831   31.023717
 0.066277   -4.309035   28.150608
 0.068226   -4.255071   28.621162
 0.070175   -4.197469   27.181488
 0.072125   -4.149095   27.932049
 0.074074   -4.088568   30.220399
 0.076023   -4.031296   25.260325
 0.077973   -3.990087   24.230089
 0.079922   -3.936829   26.416714
 0.081871   -3.887114   25.040889
 0.083821   -3.839196   25.903052
 0.085770   -3.786121   26.320482
 0.087719   -3.736598   23.109731
 0.089669   -3.696021   22.119344
 0.091618   -3.650358   24.369907
 0.093567   -3.601027   24.861677
 0.095517   -3.553423   22.117402
 0.097466   -3.514787   18.375561
 0.099415   -3.481795   20.984182
 0.101364   -3.432990   26.428069
 0.103314   -3.378749   24.219556
 0.105263   -3.338551   18.769390
 0.107213   -3.305571   16.481960
 0.109162   -3.274287   18.211401
 0.111111   -3.234583   24.435298
 0.113060   -3.179038   22.665511
 0.115010   -3.146222   16.345421
 0.116959   -3.115306   18.508138
 0.118908   -3.074077   18.943795
 0.120858   -3.041449   16.306163
 0.122807   -3.010498   18.452903
 0.124756   -2.969520   20.635542
 0.126706   -2.930041   18.024187
 0.128655   -2.899239   16.557316
 0.130604   -2.865501   18.714763
 0.132554   -2.826267   17.960142
 0.134503   -2.795470   14.734377
 0.136452   -2.768833   16.829701
 0.138402   -2.729845   17.845482
 0.140351   -2.699249   14.619110
 0.142300   -2.672859   13.211782
 0.144250   -2.647737   16.003432
 0.146199   -2.610468   15.952973
 0.148148   -2.585552   13.123564
 0.150097   -2.559312   18.409434
 0.152047   -2.513764   17.673253
 0.153996   -2.490393   12.703973
 0.155945   -2.464244   11.259459
 0.157895   -2.446497   10.473443
 0.159844   -2.423410   17.898432
 0.161793   -2.376729   16.469853
 0.163743   -2.359209   10.423952
 0.165692   -2.336089   14.335771
 0.167641   -2.303329   12.854163
 0.169591   -2.285978   12.121546
 0.171540   -2.256073   14.264794
 0.173489   -2.230374   12.764423
 0.175439   -2.206305   12.057999
 0.177388   -2.183359   10.317893
 0.179337   -2.166086   10.933241
 0.181286   -2.140741   12.676797
 0.183236   -2.116660   12.306558
 0.185185   -2.092758   12.304163
 0.187135   -2.068686   11.983259
 0.189084   -2.046035   12.222392
 0.191033   -2.021043   10.770147
 0.192983   -2.004046   8.405859
 0.194932   -1.988268   8.411176
 0.196881   -1.971259   12.474463
 0.198830   -1.939643   12.441271
 0.200780   -1.922758   6.622581
 0.202729   -1.913817   10.348967
 0.204678   -1.882418   12.380512
 0.206628   -1.865553   8.301763
 0.208577   -1.850049   8.524138
 0.210526   -1.832326   10.560303
 0.212476   -1.808871   10.007040
 0.214425   -1.793304   6.785254
 0.216374   -1.782422   8.764035
 0.218324   -1.759127   9.960186
 0.220273   -1.743583   9.873256
 0.222222   -1.720641   10.372209
 0.224171   -1.703153   5.356068
 0.226121   -1.699765   4.776352
 0.228070   -1.684536   10.062841
 0.230019   -1.660540   12.015563
 0.231969   -1.637688   6.433020
 0.233918   -1.635447   4.990170
 0.235867   -1.618236   10.234380
 0.237817   -1.595541   6.398433
 0.239766   -1.593278   6.616338
 0.241715   -1.569750   8.526515
 0.243665   -1.560040   4.700254
 0.245614   -1.551423   8.191954
 0.247563   -1.528108   8.471503
 0.249513   -1.518400   6.314172
 0.251462   -1.503492   6.546403
 0.253411   -1.492882   5.168170
 0.255361   -1.483341   6.238278
 0.257310   -1.468562   4.876426
 0.259259   -1.464333   6.752107
 0.261209   -1.442226   9.460532
 0.263158   -1.427443   4.543481
 0.265107   -1.424515   3.430153
 0.267056   -1.414072   6.753082
 0.269006   -1.398182   7.820694
 0.270955   -1.383579   4.770188
 0.272904   -1.379588   3.406289
 0.274854   -1.370295   6.125523
 0.276803   -1.355708   6.379668
 0.278752   -1.345427   3.428446
 0.280702   -1.342344   4.529033
 0.282651   -1.327774   6.339621
 0.284600   -1.317632   3.362724
 0.286550   -1.314666   6.085987
 0.288499   -1.293912   6.343884
 0.290448   -1.289938   1.749540
 0.292398   -1.287091   4.472891
 0.294347   -1.272504   4.767607
 0.296296   -1.268507   4.912693
 0.298246   -1.253344   5.978304
 0.300195   -1.245194   3.082144
 0.302144   -1.241330   3.359415
 0.304094   -1.232093   4.502775
 0.306043   -1.223773   2.872078
 0.307992   -1.220897   3.297571
 0.309941   -1.210919   4.897987
 0.311891   -1.201800   1.538707
 0.313840   -1.204913   3.078712
 0.315790   -1.189787   5.995823
 0.317739   -1.181532   2.879278
 0.319688   -1.178564   3.292760
 0.321637   -1.168697   3.347722
 0.323587   -1.165514   2.857835
 0.325536   -1.157557   3.053446
 0.327485   -1.153612   1.800658
 0.329435   -1.150536   2.844158
 0.331384   -1.142525   4.591481
 0.333333   -1.132639   3.346612
 0.335283   -1.129480   1.401314
 0.337232   -1.127174   3.094941
 0.339181   -1.117416   3.244374
 0.341131   -1.114528   1.312812
 0.343080   -1.112297   1.624709
 0.345029   -1.108195   3.344406
 0.346979   -1.099255   2.844842
 0.348928   -1.097100   1.362345
 0.350877   -1.093944   3.325904
 0.352826   -1.084135   3.338886
 0.354776   -1.080930   0.130384
 0.356725   -1.083624   0.100356
 0.358675   -1.080535   2.900367
 0.360624   -1.072318   4.340463
 0.362573   -1.063616   3.251912
 0.364522   -1.059642   0.412439
 0.366472   -1.062011   0.010086
 0.368421   -1.059605   1.652974
 0.370370   -1.055568   3.281847
 0.372320   -1.046807   1.391118
 0.374269   -1.050138   -1.214263
 0.376218   -1.051540   1.900791
 0.378168   -1.042721   2.876572
 0.380117   -1.040321   3.123015
 0.382066   -1.030548   1.902650
 0.384016   -1.032909   0.024918
 0.385965   -1.030453   1.478283
 0.387914   -1.027146   -0.967247
 0.389863   -1.034224   0.465790
 0.391813   -1.025322   4.372226
 0.393762   -1.017176   1.732088
 0.395711   -1.018570   -0.903803
 0.397661   -1.020700   0.292280
 0.399610   -1.017434   1.724929
 0.401560   -1.013975   1.542404
 0.403509   -1.011419   0.105481
 0.405458   -1.013563   0.546930
 0.407407   -1.009287   1.968912
 0.409357   -1.005887   0.152709
 0.411306   -1.008689   -0.997282
 0.413255   -1.009774   0.608169
 0.415205   -1.006315   1.551849
 0.417154   -1.003723   0.365237
 0.419103   -1.004891   0.608363
 0.421053   -1.001349   0.249913
 0.423002   -1.003914   0.406063
 0.424951   -0.999766   1.993502
 0.426901   -0.996141   0.295656
 0.428850   -0.998610   0.263730
 0.430799   -0.995113   0.614330
 0.432748   -0.996216   -0.700922
 0.434698   -0.997847   0.497035
 0.436647   -0.994280   1.835686
 0.438597   -0.990689   0.344990
 0.440546   -0.992932   -1.046290
 0.442495   -0.994768   -0.703692
 0.444444   -0.995675   -0.641987
 0.446394   -0.997271   0.362026
 0.448343   -0.994266   1.910980
 0.450292   -0.989822   -0.587705
 0.452242   -0.996563   -0.986312
 0.454191   -0.993673   1.860034
 0.456140   -0.989313   -0.539522
 0.458090   -0.995782   -0.891999
 0.460039   -0.992796   0.560113
 0.461988   -0.993599   -1.916772
 0.463938   -1.000272   -0.927277
 0.465887   -0.997219   1.976169
 0.467836   -0.992569   -0.487464
 0.469786   -0.999125   -0.879072
 0.471735   -0.996001   0.467699
 0.473684   -0.997302   -0.492238
 0.475633   -0.997920   0.796761
 0.477583   -0.994193   -0.679115
 0.479532   -1.000563   -0.629192
 0.481482   -0.996641   0.534569
 0.483431   -0.998476   -2.077494
 0.485380   -1.004740   -0.496712
 0.487329   -1.000412   0.834176
 0.489279   -1.001490   -0.721258
 0.491228   -1.003224   -0.623745
 0.493177   -1.003921   -0.480758
 0.495127   -1.005098   -0.721568
 0.497076   -1.006734   -0.493053
 0.499025   -1.007020   -0.396174
 0.500975   -1.008280   -2.106072
 0.502924   -1.015229   -1.836104
 0.504873   -1.015437   0.977340
 0.506823   -1.011416   0.564341
 0.508772   -1.013233   -0.547050
 0.510721   -1.013549   -1.604108
 0.512671   -1.019491   -1.974637
 0.514620   -1.021250   0.561080
 0.516569   -1.017304   0.909440
 0.518518   -1.017705   -1.640441
 0.520468   -1.023702   -3.196195
 0.522417   -1.030166   -0.466401
 0.524366   -1.025520   0.948886
 0.526316   -1.026470   -0.649729
 0.528265   -1.028053   -1.789828
 0.530214   -1.033446   -2.883891
 0.532164   -1.039298   -0.619220
 0.534113   -1.035865   0.826462
 0.536062   -1.036076   -0.314118
 0.538012   -1.037091   -1.939711
 0.539961   -1.043637   -1.770250
 0.541910   -1.043991   0.927299
 0.543860   -1.040019   -0.600359
 0.545809   -1.046327   -2.952216
 0.547758   -1.051527   -1.612664
 0.549708   -1.052612   0.588801
 0.551657   -1.049233   -0.449950
 0.553606   -1.054366   -4.089657
 0.555556   -1.065182   -1.945007
 0.557505   -1.061957   2.027192
 0.559454   -1.057280   -1.552165
 0.561404   -1.068017   -3.168245
 0.563353   -1.069637   0.744268
 0.565302   -1.065116   -0.376834
 0.567252   -1.071112   -3.185470
 0.569201   -1.077536   -3.133655
 0.571150   -1.083327   -0.370870
 0.573099   -1.078981   0.838221
 0.575049   -1.080061   -3.153978
 0.576998   -1.091273   -1.804238
 0.578947   -1.087094   2.039701
 0.580897   -1.083321   -3.178341
 0.582846   -1.099476   -5.550457
 0.584795   -1.104956   0.752260
 0.586745   -1.096536   1.690413
 0.588694   -1.098360   -1.816784
 0.590643   -1.103618   -2.940883
 0.592593   -1.109827   -3.338980
 0.594542   -1.116636   -1.905509
 0.596491   -1.117255   -0.513203
 0.598441   -1.118638   -0.911216
 0.600390   -1.120807   -1.988161
 0.602339   -1.126388   -3.020152
 0.604289   -1.132583   -0.912181
 0.606238   -1.129949   0.276506
 0.608187   -1.131505   -1.878568
 0.610136   -1.137271   -3.109599
 0.612086   -1.143630   -3.461162
 0.614035   -1.150766   -3.404963
 0.615984   -1.156903   -0.848976
 0.617934   -1.154072   0.125678
 0.619883   -1.156410   -2.133025
 0.621832   -1.162386   -3.304310
 0.623782   -1.169294   -2.476638
 0.625731   -1.172045   -1.103963
 0.627680   -1.173597   -3.402898
 0.629630   -1.185318   -3.714803
 0.631579   -1.188086   0.012112
 0.633528   -1.185271   -1.151898
 0.635478   -1.192582   -3.863170
 0.637427   -1.200333   -2.647561
 0.639376   -1.202902   -1.221934
 0.641325   -1.205096   -1.273186
 0.643275   -1.207867   -2.846084
 0.645224   -1.216190   -3.978478
 0.647173   -1.223375   -3.884365
 0.649123   -1.231336   -1.789710
 0.651072   -1.230358   -0.421842
 0.653021   -1.232980   -4.042308
 0.654971   -1.246124   -5.671966
 0.656920   -1.255097   -3.090485
 0.658869   -1.258171   -1.771426
 0.660819   -1.262004   -2.214872
 0.662768   -1.266806   -2.124015
 0.664717   -1.270284   -3.161064
 0.666667   -1.279134   -4.788039
 0.668616   -1.288952   -3.572347
 0.670565   -1.293059   -2.301665
 0.672515   -1.297926   -3.878372
 0.674464   -1.308178   -3.794906
 0.676413   -1.312719   -3.749786
 0.678363   -1.322801   -4.106658
 0.680312   -1.328733   -2.840163
 0.682261   -1.333872   -5.296936
 0.684211   -1.349391   -4.479045
 0.686160   -1.351343   -1.979967
 0.688109   -1.357109   -5.575028
 0.690059   -1.373085   -4.803878
 0.692008   -1.375846   -2.495769
 0.693957   -1.382813   -4.722481
 0.695906   -1.394254   -4.881678
 0.697856   -1.401845   -5.330830
 0.699805   -1.415036   -6.578004
 0.701754   -1.427486   -5.311076
 0.703704   -1.435742   -3.246767
 0.705653   -1.440147   -3.344635
 0.707602   -1.448779   -5.818774
 0.709552   -1.462838   -8.654526
 0.711501   -1.482520   -6.299829
 0.713450   -1.487394   -3.872912
 0.715400   -1.497624   -6.755109
 0.717349   -1.513729   -5.626394
 0.719298   -1.519555   -5.624244
 0.721248   -1.535664   -8.566893
 0.723197   -1.552957   -7.485050
 0.725146   -1.564840   -5.101697
 0.727096   -1.572847   -5.599066
 0.729045   -1.586668   -9.486879
 0.730994   -1.609826   -8.158374
 0.732943   -1.618469   -6.004572
 0.734893   -1.633241   -10.346848
 0.736842   -1.658806   -9.166775
 0.738791   -1.668973   -6.759189
 0.740741   -1.685163   -8.613311
 0.742690   -1.702556   -8.759041
 0.744639   -1.719306   -10.148303
 0.746589   -1.742128   -9.512846
 0.748538   -1.756401   -8.444965
 0.750487   -1.775046   -11.133832
 0.752437   -1.799815   -11.753624
 0.754386   -1.820875   -10.734968
 0.756335   -1.841660   -9.707082
 0.758285   -1.858721   -10.313213
 0.760234   -1.881868   -11.847902
 0.762183   -1.904904   -12.117965
 0.764133   -1.929117   -14.043663
 0.766082   -1.959657   -13.230602
 0.768031   -1.980689   -12.110432
 0.769980   -2.006864   -13.799977
 0.771930   -2.034496   -13.134745
 0.773879   -2.058078   -14.864739
 0.775829   -2.092459   -16.787592
 0.777778   -2.123535   -14.787282
 0.779727   -2.150100   -14.953072
 0.781676   -2.181822   -15.469921
 0.783626   -2.210416   -16.330232
 0.785575   -2.245490   -19.208130
 0.787524   -2.285289   -18.379933
 0.789474   -2.317149   -15.535570
 0.791423   -2.345864   -17.165662
 0.793372   -2.384061   -20.123484
 0.795322   -2.424327   -19.830400
 0.797271   -2.461381   -21.553672
 0.799220   -2.508343   -22.068963
 0.801170   -2.547424   -20.545038
 0.803119   -2.588447   -20.990245
 0.805068   -2.629244   -21.419982
 0.807018   -2.671964   -22.592448
 0.808967   -2.717331   -24.433973
 0.810916   -2.767208   -24.813940
 0.812866   -2.814079   -23.403264
 0.814815   -2.858459   -25.477226
 0.816764   -2.913389   -27.050770
 0.818713   -2.963902   -26.572208
 0.820663   -3.016995   -27.808481
 0.822612   -3.072327   -27.034230
 0.824561   -3.122375   -26.229145
 0.826511   -3.174595   -28.730442
 0.828460   -3.234391   -29.402321
 0.830409   -3.289205   -29.931863
 0.832359   -3.351099   -33.658067
 0.834308   -3.420434   -30.459379
 0.836257   -3.469830   -28.374781
 0.838207   -3.531074   -33.413446
 0.840156   -3.600105   -32.801344
 0.842105   -3.658933   -33.270371
 0.844055   -3.729832   -34.481261
 0.846004   -3.793379   -32.430572
 0.847953   -3.856246   -34.821506
 0.849903   -3.929154   -37.112175
 0.851852   -4.000947   -39.162028
 0.853801   -4.081807   -41.558115
 0.855750   -4.162941   -40.869993
 0.857700   -4.241158   -42.066266
 0.859649   -4.326953   -42.447565
 0.861598   -4.406618   -41.414398
 0.863548   -4.488429   -41.372313
 0.865497   -4.567930   -40.323812
 0.867446   -4.645611   -40.430356
 0.869396   -4.725569   -40.309692
 0.871345   -4.802780   -41.535451
 0.873294   -4.887475   -41.595765
 0.875244   -4.964958   -37.766813
 0.877193   -5.034731   -37.584555
 0.879142   -5.111463   -38.695607
 0.881092   -5.185604   -38.372527
 0.883041   -5.261077   -38.019014
 0.884990   -5.333802   -34.219233
 0.886940   -5.394491   -33.729581
 0.888889   -5.465309   -37.029838
 0.890838   -5.538834   -33.925640
 0.892787   -5.597551   -31.415324
 0.894737   -5.661325   -32.201278
 0.896686   -5.723105   -30.603630
 0.898636   -5.780646   -29.247898
 0.900585   -5.837143   -28.400362
 0.902534   -5.891350   -28.156879
 0.904483   -5.946898   -27.406173
 0.906433   -5.998205   -29.361988
 0.908382   -6.061374   -31.171912
 0.910331   -6.119713   -31.580486
 0.912281   -6.184510   -36.869592
 0.914230   -6.263460   -38.831056
 0.916179   -6.335874   -39.469205
 0.918129   -6.417355   -45.804621
 0.920078   -6.514458   -52.363352
 0.922027   -6.621468   -58.278533
 0.923977   -6.741692   -66.673736
 0.925926   -6.881419   -75.924221
 0.927875   -7.037645   -85.306183
 0.929825   -7.214038   -96.970266
 0.931774   -7.415719   -109.768761
 0.933723   -7.641916   -124.163861
 0.935673   -7.899850   -139.426283
 0.937622   -8.185525   -153.703522
 0.939571   -8.498987   -167.683293
 0.941520   -8.839155   -175.529783
 0.943470   -9.183379   -187.143570
 0.945419   -9.568806   -222.952955
 0.947368   -10.052450   -267.290673
 0.949318   -10.611011   -295.235480
 0.951267   -11.203555   -310.046679
 0.953216   -11.819573   -323.402952
 0.955166   -12.464518   -335.129279
 0.957115   -13.126233   -339.294833
 0.959064   -13.787089   -338.699786
 0.961014   -14.446823   -333.366601
 0.962963   -15.086896   -316.490778
 0.964912   -15.680504   -291.232543
 0.966862   -16.222385   -259.482992
 0.968811   -16.692265   -214.200359
 0.970760   -17.057338   -158.910247
 0.972710   -17.311799   -95.022518
 0.974659   -17.427901   -19.408107
 0.976608   -17.387452   66.174800
 0.978557   -17.169952   156.319557
 0.980507   -16.777872   247.201164
 0.982456   -16.206207   338.912307
 0.984406   -15.456362   425.077451
 0.986355   -14.548911   500.520107
 0.988304   -13.505335   560.355483
 0.990253   -12.364645   599.226639
 0.992203   -11.168922   613.820285
 0.994152   -9.971361   603.460404
 0.996101   -8.816633   573.257180
 0.998051   -7.736270   397.479858
 1.000000   -7.266546   241.007466
514 psinorm ommpp() dommpp/dpsiN
 0.000000   -15.589596   496.788306
 0.001949   -14.621356   551.836407
 0.003899   -13.437876   393.230999
 0.005848   -13.087721   137.441758
 0.007797   -12.902128   76.054001
 0.009747   -12.791225   46.399242
 0.011696   -12.721196   27.243734
 0.013645   -12.685029   15.808155
 0.015595   -12.659566   8.383632
 0.017544   -12.652332   0.305050
 0.019493   -12.658377   -0.804500
 0.021442   -12.655467   -1.987485
 0.023392   -12.666133   -6.018016
 0.025341   -12.678931   -4.625081
 0.027290   -12.684162   -7.467448
 0.029240   -12.708056   -13.880874
 0.031189   -12.738280   -10.037394
 0.033138   -12.747182   -6.443658
 0.035088   -12.763407   -11.642161
 0.037037   -12.792568   -11.627179
 0.038986   -12.808730   -9.337522
 0.040936   -12.828977   -13.285107
 0.042885   -12.860523   -12.898176
 0.044834   -12.879254   -10.244664
 0.046784   -12.900468   -13.583799
 0.048733   -12.932212   -10.338097
 0.050682   -12.940766   -7.305857
 0.052632   -12.960703   -14.973532
 0.054581   -12.999138   -11.348329
 0.056530   -13.004939   -5.678255
 0.058480   -13.021283   -13.354732
 0.060429   -13.056999   -13.975723
 0.062378   -13.075761   -7.977754
 0.064327   -13.088096   -9.044182
 0.066277   -13.111029   -11.606565
 0.068226   -13.133351   -7.633240
 0.070175   -13.140784   -6.320147
 0.072125   -13.157998   -11.335239
 0.074074   -13.184975   -9.611444
 0.076023   -13.195463   -5.231698
 0.077973   -13.205373   -10.016821
 0.079922   -13.234509   -8.770292
 0.081871   -13.239560   -4.637458
 0.083821   -13.252595   -9.209286
 0.085770   -13.275461   -7.532596
 0.087719   -13.281957   -5.620898
 0.089669   -13.297382   -8.232990
 0.091618   -13.314056   -6.346614
 0.093567   -13.322121   -6.185321
 0.095517   -13.338177   -8.574622
 0.097466   -13.355553   -4.964042
 0.099415   -13.357527   -1.185402
 0.101364   -13.360174   -5.563224
 0.103314   -13.379226   -7.541678
 0.105263   -13.389583   -3.293929
 0.107213   -13.392065   -3.550899
 0.109162   -13.403423   -6.217484
 0.111111   -13.416301   -4.418683
 0.113060   -13.420647   -2.123779
 0.115010   -13.424581   -4.514367
 0.116959   -13.438244   -2.714615
 0.118908   -13.435163   -0.450952
 0.120858   -13.440006   -4.746966
 0.122807   -13.453667   -2.961894
 0.124756   -13.451552   -0.938276
 0.126706   -13.457329   -5.220353
 0.128655   -13.471901   -1.338850
 0.130604   -13.462548   0.676694
 0.132554   -13.469271   -5.480495
 0.134503   -13.483912   0.708217
 0.136452   -13.466511   2.487960
 0.138402   -13.474225   -5.981719
 0.140351   -13.489829   0.174709
 0.142300   -13.473544   4.487435
 0.144250   -13.472340   -3.943063
 0.146199   -13.488909   -2.197283
 0.148148   -13.480905   4.145238
 0.150097   -13.472751   -0.131391
 0.152047   -13.481426   -2.278579
 0.153996   -13.481639   1.972760
 0.155945   -13.473737   3.902995
 0.157895   -13.466422   1.545066
 0.159844   -13.467708   -0.439272
 0.161793   -13.468134   1.470357
 0.163743   -13.461972   1.425136
 0.165692   -13.462574   1.732081
 0.167641   -13.455220   3.403705
 0.169591   -13.449304   1.297581
 0.171540   -13.450157   3.648589
 0.173489   -13.435081   3.268651
 0.175439   -13.437422   -0.886934
 0.177388   -13.438540   3.309472
 0.179337   -13.424521   7.194454
 0.181286   -13.410496   5.250800
 0.183236   -13.404052   3.115564
 0.185185   -13.398348   3.218791
 0.187135   -13.391502   1.339945
 0.189084   -13.393119   2.952813
 0.191033   -13.379992   6.828222
 0.192983   -13.366496   4.997976
 0.194932   -13.360501   3.079083
 0.196881   -13.354494   5.092873
 0.198830   -13.340649   6.965824
 0.200780   -13.327334   4.919972
 0.202729   -13.321462   4.958715
 0.204678   -13.308005   7.005125
 0.206628   -13.294149   4.973233
 0.208577   -13.288610   6.532918
 0.210526   -13.268683   6.813748
 0.212476   -13.262050   3.257649
 0.214425   -13.255982   8.558627
 0.216374   -13.228689   8.604296
 0.218324   -13.222444   3.311150
 0.220273   -13.215779   4.922390
 0.222222   -13.203257   8.371974
 0.224171   -13.183145   10.672437
 0.226121   -13.161644   6.945874
 0.228070   -13.156055   6.712152
 0.230019   -13.135480   8.706635
 0.231969   -13.122111   6.968826
 0.233918   -13.108309   8.708919
 0.235867   -13.088164   8.475778
 0.237817   -13.075266   6.993962
 0.239766   -13.060895   8.719194
 0.241715   -13.041278   10.435450
 0.243665   -13.020207   8.977395
 0.245614   -13.006272   8.486450
 0.247563   -12.987126   8.478503
 0.249513   -12.973217   7.031958
 0.251462   -12.959709   10.675820
 0.253411   -12.931602   12.610183
 0.255361   -12.910545   8.755023
 0.257310   -12.897462   10.669842
 0.259259   -12.868954   10.653735
 0.261209   -12.855932   6.817717
 0.263158   -12.842372   8.598100
 0.265107   -12.822416   12.322079
 0.267056   -12.794341   12.878431
 0.269006   -12.772206   9.081606
 0.270955   -12.758927   12.402673
 0.272904   -12.723861   12.375505
 0.274854   -12.710686   6.910535
 0.276803   -12.696917   12.620111
 0.278752   -12.661493   14.499274
 0.280702   -12.640391   9.073968
 0.282651   -12.626110   10.682540
 0.284600   -12.598751   14.203263
 0.286550   -12.570731   10.977816
 0.288499   -12.555942   10.902751
 0.290448   -12.528232   14.157361
 0.292398   -12.500742   10.959543
 0.294347   -12.485495   13.018762
 0.296296   -12.449995   14.363952
 0.298246   -12.429497   8.792215
 0.300195   -12.415711   14.382927
 0.302144   -12.373433   16.455332
 0.304094   -12.351562   9.511659
 0.306043   -12.336343   12.866276
 0.307992   -12.301409   16.147878
 0.309941   -12.273399   12.677203
 0.311891   -12.251984   14.535495
 0.313840   -12.216732   14.616980
 0.315790   -12.194999   11.344536
 0.317739   -12.172500   13.050015
 0.319688   -12.144130   14.384553
 0.321637   -12.116429   16.552308
 0.323587   -12.079588   14.881863
 0.325536   -12.058397   14.501525
 0.327485   -12.023061   16.492122
 0.329435   -11.994097   11.104753
 0.331384   -11.979756   12.824195
 0.333333   -11.944108   18.522598
 0.335283   -11.907536   15.281090
 0.337232   -11.884521   14.880261
 0.339181   -11.849533   16.092703
 0.341131   -11.821779   12.872687
 0.343080   -11.799340   16.913138
 0.345029   -11.755851   18.616339
 0.346979   -11.726762   13.072075
 0.348928   -11.704880   13.139541
 0.350877   -11.675544   16.681552
 0.352826   -11.639855   18.572719
 0.354776   -11.603129   18.607850
 0.356725   -11.567303   16.581099
 0.358675   -11.538482   13.465465
 0.360624   -11.514798   13.278472
 0.362573   -11.486723   18.084465
 0.364522   -11.444305   20.472851
 0.366472   -11.406902   15.552581
 0.368421   -11.383658   16.918022
 0.370370   -11.340956   18.298295
 0.372320   -11.312320   14.973569
 0.374269   -11.282574   18.911051
 0.376218   -11.238605   18.703776
 0.378168   -11.209656   15.155850
 0.380117   -11.179513   17.006798
 0.382066   -11.143363   18.590631
 0.384016   -11.107028   17.148978
 0.385965   -11.076496   17.209899
 0.387914   -11.039944   20.298808
 0.389863   -10.997372   18.542134
 0.391813   -10.967655   15.571926
 0.393762   -10.936657   18.930346
 0.395711   -10.893864   20.482677
 0.397661   -10.856798   18.774958
 0.399610   -10.820660   18.826116
 0.401560   -10.783395   17.405220
 0.403509   -10.752794   17.207705
 0.405458   -10.716319   20.455705
 0.407407   -10.673057   20.497736
 0.409357   -10.636402   17.369533
 0.411306   -10.605331   19.128372
 0.413255   -10.561840   20.629897
 0.415205   -10.524898   19.055837
 0.417154   -10.487541   20.545544
 0.419103   -10.444812   18.726134
 0.421053   -10.414534   17.687736
 0.423002   -10.375851   20.682481
 0.424951   -10.333914   20.369721
 0.426901   -10.296432   19.622172
 0.428850   -10.257408   19.423727
 0.430799   -10.220719   20.237171
 0.432748   -10.178523   20.534145
 0.434698   -10.140658   20.942648
 0.436647   -10.096871   20.734307
 0.438597   -10.059819   17.901809
 0.440546   -10.027070   19.453783
 0.442495   -9.983988   21.980063
 0.444444   -9.941391   22.266584
 0.446394   -9.897169   19.601035
 0.448343   -9.864961   19.234775
 0.450292   -9.822192   24.126738
 0.452242   -9.770886   21.237675
 0.454191   -9.739376   18.842433
 0.456140   -9.697439   22.484698
 0.458090   -9.651707   19.883225
 0.460039   -9.619907   20.711560
 0.461988   -9.570973   23.814369
 0.463938   -9.527057   19.496686
 0.465887   -9.494949   21.093097
 0.467836   -9.444836   24.173957
 0.469786   -9.400698   19.631213
 0.471735   -9.368288   19.673577
 0.473684   -9.324011   24.009078
 0.475633   -9.274701   22.042380
 0.477583   -9.238074   20.794030
 0.479532   -9.193629   22.827866
 0.481482   -9.149068   21.618644
 0.483431   -9.109335   21.664731
 0.485380   -9.064619   21.935867
 0.487329   -9.023829   21.955114
 0.489279   -8.979014   21.779779
 0.491228   -8.938907   22.510490
 0.493177   -8.891268   23.503022
 0.495127   -8.847271   21.633119
 0.497076   -8.806919   23.141813
 0.499025   -8.757064   23.850098
 0.500975   -8.713930   20.950402
 0.502924   -8.675376   22.706946
 0.504873   -8.625419   24.194357
 0.506823   -8.581045   21.327358
 0.508772   -8.542261   22.533608
 0.510721   -8.493209   24.003156
 0.512671   -8.448675   21.435343
 0.514620   -8.409630   21.207864
 0.516569   -8.366006   23.543479
 0.518518   -8.317858   23.562208
 0.520468   -8.274140   23.274867
 0.522417   -8.227111   24.442194
 0.524366   -8.178864   23.630232
 0.526316   -8.134979   21.408049
 0.528265   -8.095392   22.283374
 0.530214   -8.048118   25.116350
 0.532164   -7.997461   23.201703
 0.534113   -7.957649   22.632045
 0.536062   -7.909242   23.484816
 0.538012   -7.866085   22.749519
 0.539961   -7.820543   23.860241
 0.541910   -7.773077   23.271289
 0.543860   -7.729810   23.106245
 0.545809   -7.682988   24.198603
 0.547758   -7.635484   23.053997
 0.549708   -7.593103   20.966580
 0.551657   -7.553734   23.986616
 0.553606   -7.499603   26.464563
 0.555556   -7.450551   22.460475
 0.557505   -7.412024   22.101139
 0.559454   -7.364401   24.821945
 0.561404   -7.315243   22.535460
 0.563353   -7.276529   21.889433
 0.565302   -7.229918   24.315812
 0.567252   -7.181721   24.006220
 0.569201   -7.136316   24.306947
 0.571150   -7.086973   24.361558
 0.573099   -7.041355   22.422399
 0.575049   -6.999550   22.422361
 0.576998   -6.953932   23.139680
 0.578947   -6.909351   22.180315
 0.580897   -6.867452   23.874684
 0.582846   -6.816269   26.239217
 0.584795   -6.765172   21.941732
 0.586745   -6.730727   20.058694
 0.588694   -6.686968   24.608219
 0.590643   -6.634804   25.278226
 0.592593   -6.588411   22.889066
 0.594542   -6.545557   22.437058
 0.596491   -6.500951   23.356927
 0.598441   -6.454488   21.004682
 0.600390   -6.419048   21.912055
 0.602339   -6.369075   24.750320
 0.604289   -6.322549   21.049277
 0.606238   -6.286998   20.789030
 0.608187   -6.241513   24.208505
 0.610136   -6.192633   24.204684
 0.612086   -6.147141   22.199385
 0.614035   -6.106075   22.513182
 0.615984   -6.059384   21.453653
 0.617934   -6.022433   20.029739
 0.619883   -5.981291   22.801097
 0.621832   -5.933554   23.090892
 0.623782   -5.891262   20.872945
 0.625731   -5.852169   20.059900
 0.627680   -5.813069   22.518692
 0.629630   -5.764363   22.535806
 0.631579   -5.725197   19.509953
 0.633528   -5.688314   19.755365
 0.635478   -5.648169   20.075262
 0.637427   -5.610039   20.083946
 0.639376   -5.569881   19.466393
 0.641325   -5.534159   19.171353
 0.643275   -5.495131   20.606229
 0.645224   -5.453817   21.097211
 0.647173   -5.412894   19.945506
 0.649123   -5.376051   16.507916
 0.651072   -5.348525   17.252968
 0.653021   -5.308799   20.700672
 0.654971   -5.267812   18.648239
 0.656920   -5.236085   17.747484
 0.658869   -5.198632   18.194982
 0.660819   -5.165145   14.260664
 0.662768   -5.143024   14.689773
 0.664717   -5.107884   18.931211
 0.666667   -5.069210   16.935155
 0.668616   -5.041848   15.163038
 0.670565   -5.010104   15.294312
 0.672515   -4.982218   13.602451
 0.674464   -4.957067   13.998117
 0.676413   -4.927653   14.112383
 0.678363   -4.902045   12.447230
 0.680312   -4.879120   12.544553
 0.682261   -4.853146   13.976406
 0.684211   -4.824624   12.057922
 0.686160   -4.806127   8.904186
 0.688109   -4.789916   10.876357
 0.690059   -4.763715   10.317460
 0.692008   -4.749682   7.840961
 0.693957   -4.733151   8.832029
 0.695906   -4.715255   7.956879
 0.697856   -4.702129   7.416820
 0.699805   -4.686338   7.178533
 0.701754   -4.674147   5.610880
 0.703704   -4.664462   3.762546
 0.705653   -4.659475   2.940592
 0.707602   -4.653000   2.688911
 0.709552   -4.648992   2.748035
 0.711501   -4.642287   1.913142
 0.713450   -4.641535   -0.242885
 0.715400   -4.643235   -2.056803
 0.717349   -4.649552   -2.908290
 0.719298   -4.654571   -1.585204
 0.721248   -4.655730   -3.665885
 0.723197   -4.668859   -6.416391
 0.725146   -4.680742   -7.272091
 0.727096   -4.697215   -9.629478
 0.729045   -4.718285   -8.923876
 0.730994   -4.732000   -8.921902
 0.732943   -4.753062   -12.549113
 0.734893   -4.780933   -13.872240
 0.736842   -4.807151   -14.474884
 0.738791   -4.837356   -16.945888
 0.740741   -4.873226   -19.858679
 0.742690   -4.914782   -21.041033
 0.744639   -4.955244   -20.621231
 0.746589   -4.995184   -23.531073
 0.748538   -5.046985   -26.594116
 0.750487   -5.098848   -26.466949
 0.752437   -5.150180   -29.380672
 0.754386   -5.213397   -32.729973
 0.756335   -5.277761   -34.470953
 0.758285   -5.347802   -37.396184
 0.760234   -5.423566   -39.447691
 0.762183   -5.501569   -39.900025
 0.764133   -5.579136   -41.548642
 0.766082   -5.663564   -47.332336
 0.768031   -5.763637   -50.644280
 0.769980   -5.860975   -50.112948
 0.771930   -5.959028   -53.333919
 0.773879   -6.068918   -57.817692
 0.775829   -6.184462   -59.781191
 0.777778   -6.302004   -63.001962
 0.779727   -6.430044   -66.546585
 0.781676   -6.561402   -69.726964
 0.783626   -6.701914   -74.183168
 0.785575   -6.850638   -75.227604
 0.787524   -6.995151   -78.344913
 0.789474   -7.156113   -86.517119
 0.791423   -7.332473   -89.383917
 0.793372   -7.504532   -89.391147
 0.795322   -7.681012   -94.504356
 0.797271   -7.872996   -97.931808
 0.799220   -8.062750   -101.570080
 0.801170   -8.269026   -110.099899
 0.803119   -8.492021   -113.489388
 0.805068   -8.711408   -115.272357
 0.807018   -8.941473   -121.658780
 0.808967   -9.185748   -125.872070
 0.810916   -9.432122   -130.368673
 0.812866   -9.694064   -136.544024
 0.814815   -9.964503   -138.779305
 0.816764   -10.235025   -143.313710
 0.818713   -10.523140   -151.475043
 0.820663   -10.825634   -156.826327
 0.822612   -11.134602   -160.619780
 0.824561   -11.451730   -165.825105
 0.826511   -11.781161   -172.757209
 0.828460   -12.125303   -177.645100
 0.830409   -12.473621   -180.388986
 0.832359   -12.828643   -187.127375
 0.834308   -13.203221   -195.750022
 0.836257   -13.591676   -201.046888
 0.838207   -13.987106   -205.256500
 0.840156   -14.391966   -209.959639
 0.842105   -14.805529   -215.426419
 0.844055   -15.231920   -223.510760
 0.846004   -15.676987   -230.095255
 0.847953   -16.128832   -238.021368
 0.849903   -16.605045   -258.629120
 0.851852   -17.137198   -281.866514
 0.853801   -17.703761   -291.607531
 0.855750   -18.273884   -296.663683
 0.857700   -18.860461   -304.959289
 0.859649   -19.462912   -309.365453
 0.861598   -20.066367   -314.071067
 0.863548   -20.687484   -324.544652
 0.865497   -21.331755   -328.880273
 0.867446   -21.969459   -331.290040
 0.869396   -22.623463   -342.179536
 0.871345   -23.303604   -346.886885
 0.873294   -23.975628   -349.616442
 0.875244   -24.666768   -360.231372
 0.877193   -25.380158   -365.524997
 0.879142   -26.091584   -369.422757
 0.881092   -26.820547   -377.897488
 0.883041   -27.564998   -382.249120
 0.884990   -28.310554   -389.321072
 0.886940   -29.082975   -399.676963
 0.888889   -29.868887   -404.177355
 0.890838   -30.658458   -409.415926
 0.892787   -31.464790   -417.865734
 0.894737   -32.287725   -423.819222
 0.896686   -33.117258   -425.352193
 0.898636   -33.946173   -429.991441
 0.900585   -34.793785   -438.238831
 0.902534   -35.654428   -444.255385
 0.904483   -36.525492   -456.729387
 0.906433   -37.435235   -474.619881
 0.908382   -38.376019   -485.026670
 0.910331   -39.325869   -497.473356
 0.912281   -40.315688   -518.033285
 0.914230   -41.345660   -533.225002
 0.916179   -42.394199   -550.830251
 0.918129   -43.493373   -576.104776
 0.920078   -44.640407   -594.280031
 0.922027   -45.809876   -615.655920
 0.923977   -47.040880   -647.937689
 0.925926   -48.336152   -671.849762
 0.927875   -49.659751   -696.328827
 0.929825   -51.051173   -734.337794
 0.931774   -52.522892   -763.589457
 0.933723   -54.027644   -791.098175
 0.935673   -55.607422   -833.646603
 0.937622   -57.277985   -870.601901
 0.939571   -59.001028   -896.644295
 0.941520   -60.773105   -931.223287
 0.943470   -62.631912   -974.541267
 0.945419   -64.572799   -1001.680870
 0.947368   -66.536464   -1025.118442
 0.949318   -68.569771   -1059.366624
 0.951267   -70.666901   -1073.506394
 0.953216   -72.754299   -1080.585270
 0.955166   -74.880122   -1095.827375
 0.957115   -77.026918   -1086.231054
 0.959064   -79.114251   -1066.003731
 0.961014   -81.183257   -1050.453477
 0.962963   -83.209990   -1006.085189
 0.964912   -85.104977   -948.013935
 0.966862   -86.906248   -894.257131
 0.968811   -88.591744   -809.327851
 0.970760   -90.061008   -708.309319
 0.972710   -91.353351   -612.496172
 0.974659   -92.449231   -494.033774
 0.976608   -93.279095   -351.563167
 0.978557   -93.819624   -211.286621
 0.980507   -94.102769   -70.156756
 0.982456   -94.093315   83.028097
 0.984406   -93.778886   231.590690
 0.986355   -93.190484   385.590041
 0.988304   -92.275856   552.049305
 0.990253   -91.038596   700.754158
 0.992203   -89.543484   830.222803
 0.994152   -87.801684   971.254335
 0.996101   -85.757535   1101.884810
 0.998051   -83.505329   68.510705
 1.000000   -85.488239   -1017.398781
514 psinorm omepp() domepp/dpsiN
 0.000000   4.708826   -167.100028
 0.001949   4.383148   -203.390582
 0.003899   3.915734   -181.432141
 0.005848   3.675628   -105.744849
 0.007797   3.503540   -78.165186
 0.009747   3.370882   -63.253991
 0.011696   3.256904   -54.728904
 0.013645   3.157549   -46.446224
 0.015595   3.075819   -41.444199
 0.017544   2.995957   -39.646460
 0.019493   2.921277   -35.547370
 0.021442   2.857393   -31.286240
 0.023392   2.799295   -29.967094
 0.025341   2.740552   -28.654994
 0.027290   2.687598   -27.326618
 0.029240   2.634005   -26.439737
 0.031189   2.584507   -23.890155
 0.033138   2.540881   -22.971855
 0.035088   2.494939   -22.519058
 0.037037   2.453077   -21.161526
 0.038986   2.412451   -21.223679
 0.040936   2.370326   -20.776091
 0.042885   2.331443   -19.056245
 0.044834   2.296044   -19.328116
 0.046784   2.256081   -18.880433
 0.048733   2.222426   -17.146494
 0.050682   2.189244   -17.185737
 0.052632   2.155419   -16.962494
 0.054581   2.123106   -17.450470
 0.056530   2.087397   -16.693500
 0.058480   2.058021   -15.468337
 0.060429   2.027087   -16.096274
 0.062378   1.995278   -14.961244
 0.064327   1.968768   -15.011149
 0.066277   1.936747   -16.032504
 0.068226   1.906256   -14.252876
 0.070175   1.881189   -14.274253
 0.072125   1.850598   -14.504393
 0.074074   1.824634   -12.937018
 0.076023   1.800170   -13.970810
 0.077973   1.770159   -15.006459
 0.079922   1.741659   -13.653505
 0.081871   1.716938   -13.089016
 0.083821   1.690624   -12.882433
 0.085770   1.666708   -12.095764
 0.087719   1.643474   -13.575965
 0.089669   1.613772   -13.820230
 0.091618   1.589587   -12.229044
 0.093567   1.566103   -12.456250
 0.095517   1.541019   -13.513427
 0.097466   1.513416   -13.562155
 0.099415   1.488154   -11.105461
 0.101364   1.470126   -10.110363
 0.103314   1.448731   -12.031909
 0.105263   1.423216   -12.656085
 0.107213   1.399386   -13.102375
 0.109162   1.372132   -13.601878
 0.111111   1.346366   -10.082843
 0.113060   1.332829   -9.669236
 0.115010   1.308660   -13.273434
 0.116959   1.281077   -11.644298
 0.118908   1.263271   -10.826148
 0.120858   1.238863   -13.176699
 0.122807   1.211896   -11.541672
 0.124756   1.193874   -9.900073
 0.126706   1.173295   -12.031939
 0.128655   1.146964   -11.433827
 0.130604   1.128726   -10.013948
 0.132554   1.107918   -11.925898
 0.134503   1.082229   -11.096316
 0.136452   1.064665   -9.899176
 0.138402   1.043630   -12.047410
 0.140351   1.017694   -11.214889
 0.142300   0.999915   -10.839204
 0.144250   0.975429   -12.169113
 0.146199   0.952466   -11.159000
 0.148148   0.931931   -10.500261
 0.150097   0.911536   -9.476212
 0.152047   0.894985   -10.217036
 0.153996   0.871704   -11.262492
 0.155945   0.851084   -11.479062
 0.157895   0.826945   -12.225163
 0.159844   0.803418   -9.489467
 0.161793   0.789955   -9.472831
 0.163743   0.766478   -11.882174
 0.165692   0.743626   -10.436858
 0.167641   0.725795   -10.883873
 0.169591   0.701187   -11.168636
 0.171540   0.682246   -9.254983
 0.173489   0.665111   -10.535004
 0.175439   0.641167   -12.126632
 0.177388   0.617829   -11.334886
 0.179337   0.596983   -9.817829
 0.181286   0.579559   -9.620209
 0.183236   0.559473   -10.321194
 0.185185   0.539316   -10.359910
 0.187135   0.519079   -11.064723
 0.189084   0.496176   -10.440600
 0.191033   0.478382   -9.811122
 0.192983   0.457921   -11.185042
 0.194932   0.434773   -12.309096
 0.196881   0.409941   -9.930622
 0.198830   0.396063   -8.888822
 0.200780   0.375280   -12.432319
 0.202729   0.347593   -10.484216
 0.204678   0.334412   -8.533380
 0.206628   0.314318   -11.235507
 0.208577   0.290607   -10.841168
 0.210526   0.272059   -10.205952
 0.212476   0.250812   -11.359941
 0.214425   0.227768   -10.491706
 0.216374   0.209916   -10.090627
 0.218324   0.188422   -11.485413
 0.220273   0.165135   -10.200870
 0.222222   0.148659   -9.123224
 0.224171   0.129573   -11.343036
 0.226121   0.104430   -12.507538
 0.228070   0.080805   -9.686774
 0.230019   0.066671   -7.948337
 0.231969   0.049813   -11.781980
 0.233918   0.020739   -12.237511
 0.235867   0.002111   -1.716989
 0.237817   0.014060   10.352399
 0.239766   0.042467   11.269053
 0.241715   0.057987   9.527459
 0.243665   0.079617   11.560390
 0.245614   0.103060   9.817955
 0.247563   0.117888   10.753515
 0.249513   0.144994   11.927894
 0.251462   0.164399   9.706780
 0.253411   0.182831   10.641494
 0.255361   0.205892   11.198229
 0.257310   0.226494   11.181971
 0.259259   0.249479   10.530644
 0.261209   0.267551   9.742112
 0.263158   0.287463   12.005113
 0.265107   0.314347   12.014992
 0.267056   0.334297   9.597516
 0.269006   0.351766   9.917392
 0.270955   0.372963   10.378841
 0.272904   0.392223   11.949660
 0.274854   0.419559   12.515782
 0.276803   0.441025   9.401649
 0.278752   0.456207   10.730762
 0.280702   0.482870   12.167550
 0.282651   0.503651   10.651853
 0.284600   0.524391   11.355592
 0.286550   0.547928   10.318102
 0.288499   0.564625   10.544946
 0.290448   0.589032   12.367587
 0.292398   0.612846   11.823236
 0.294347   0.635132   10.684119
 0.296296   0.654492   9.779395
 0.298246   0.673261   11.721441
 0.300195   0.700190   11.066483
 0.302144   0.716399   10.408896
 0.304094   0.740779   12.986642
 0.306043   0.767033   11.421832
 0.307992   0.785301   10.309125
 0.309941   0.807218   11.971570
 0.311891   0.831980   12.234068
 0.313840   0.854919   10.910757
 0.315790   0.874519   11.031665
 0.317739   0.897930   12.210778
 0.319688   0.922116   11.727561
 0.321637   0.943644   10.644753
 0.323587   0.963620   10.979884
 0.325536   0.986453   11.454108
 0.327485   1.008268   11.922649
 0.329435   1.032941   13.394892
 0.331384   1.060493   11.607185
 0.333333   1.078185   9.809864
 0.335283   1.098743   12.666364
 0.337232   1.127567   12.007904
 0.339181   1.145550   10.845347
 0.341131   1.169857   13.458400
 0.343080   1.198022   11.915188
 0.345029   1.216302   10.112944
 0.346979   1.237454   12.730050
 0.348928   1.265933   13.924499
 0.350877   1.291732   11.410686
 0.352826   1.310411   10.320356
 0.354776   1.331972   12.229067
 0.356725   1.358090   13.422835
 0.358675   1.384308   12.800330
 0.360624   1.408000   11.716615
 0.362573   1.429979   10.838881
 0.364522   1.450250   11.778595
 0.366472   1.475907   14.161478
 0.368421   1.505464   12.611957
 0.370370   1.525068   10.546806
 0.372320   1.546587   13.438596
 0.374269   1.577460   14.177354
 0.376218   1.601850   11.858549
 0.378168   1.623696   12.208300
 0.380117   1.649448   11.799415
 0.382066   1.669690   12.276926
 0.384016   1.697320   13.521098
 0.385965   1.722410   12.434082
 0.387914   1.745788   13.600697
 0.389863   1.775425   13.656191
 0.391813   1.799030   11.709405
 0.393762   1.821081   11.941802
 0.395711   1.845579   13.572301
 0.397661   1.874001   13.460281
 0.399610   1.898063   12.368380
 0.401560   1.922226   12.892729
 0.403509   1.948331   14.107782
 0.405458   1.977218   12.973430
 0.407407   1.998901   11.875502
 0.409357   2.023522   14.540642
 0.411306   2.055591   14.776782
 0.413255   2.081122   12.953223
 0.415205   2.106096   12.412470
 0.417154   2.129519   12.904840
 0.419103   2.156399   14.286215
 0.421053   2.185222   14.647755
 0.423002   2.213511   13.088112
 0.424951   2.236239   12.156362
 0.426901   2.260909   13.673523
 0.428850   2.289550   13.996093
 0.430799   2.315466   13.758494
 0.432748   2.343181   14.715960
 0.434698   2.372845   13.192207
 0.436647   2.394621   12.354294
 0.438597   2.421016   15.203074
 0.440546   2.453895   15.530996
 0.442495   2.481556   14.394358
 0.444444   2.510004   13.673076
 0.446394   2.534866   14.038295
 0.448343   2.564737   14.156403
 0.450292   2.590047   13.221259
 0.452242   2.616287   14.487259
 0.454191   2.646531   14.084624
 0.456140   2.671189   14.309855
 0.458090   2.702328   15.840280
 0.460039   2.732950   14.278184
 0.461988   2.757985   14.765507
 0.463938   2.790525   16.035319
 0.465887   2.820508   13.047848
 0.467836   2.841385   13.795239
 0.469786   2.874302   16.228443
 0.471735   2.904661   15.136147
 0.473684   2.933302   13.995837
 0.475633   2.959217   14.056159
 0.477583   2.988109   16.021728
 0.479532   3.021683   14.925788
 0.481482   3.046300   14.559541
 0.483431   3.078447   16.691559
 0.485380   3.111364   15.288796
 0.487329   3.138043   14.450220
 0.489279   3.167706   15.722202
 0.491228   3.199343   15.058308
 0.493177   3.226404   14.646889
 0.495127   3.256453   16.185454
 0.497076   3.289509   15.521577
 0.499025   3.316956   14.845143
 0.500975   3.347392   17.550233
 0.502924   3.385380   16.887795
 0.504873   3.413221   13.615766
 0.506823   3.438467   15.154251
 0.508772   3.472303   15.919509
 0.510721   3.500521   16.406272
 0.512671   3.536275   17.950188
 0.514620   3.570509   15.692962
 0.516569   3.597446   14.282186
 0.518518   3.626181   16.403920
 0.520468   3.661408   18.217161
 0.522417   3.697210   15.491705
 0.524366   3.721795   14.274241
 0.526316   3.752868   16.981717
 0.528265   3.788004   17.748686
 0.530214   3.822053   17.341669
 0.532164   3.855619   16.556786
 0.534113   3.886609   15.351082
 0.536062   3.915458   15.835094
 0.538012   3.948352   17.647945
 0.539961   3.984265   17.252263
 0.541910   4.015601   15.410296
 0.543860   4.044349   16.411157
 0.545809   4.079585   18.340530
 0.547758   4.115840   17.932899
 0.549708   4.149504   16.609455
 0.551657   4.180602   16.211682
 0.553606   4.212697   18.124198
 0.555556   4.251271   18.237771
 0.557505   4.283810   15.517701
 0.559454   4.311759   17.154402
 0.561404   4.350700   19.590969
 0.563353   4.388145   16.602092
 0.565302   4.415415   15.915823
 0.567252   4.450205   18.619737
 0.569201   4.488012   18.688212
 0.571150   4.523052   16.386624
 0.573099   4.551887   16.440976
 0.575049   4.587158   20.028711
 0.576998   4.629975   18.476877
 0.578947   4.659181   15.473119
 0.580897   4.690306   19.054508
 0.582846   4.733468   19.817433
 0.584795   4.767554   16.818005
 0.586745   4.799041   16.925448
 0.588694   4.833545   17.682167
 0.590643   4.867966   18.151523
 0.592593   4.904319   19.690566
 0.594542   4.944737   19.293004
 0.596491   4.979523   17.177546
 0.598441   5.011711   18.437066
 0.600390   5.051405   18.916662
 0.602339   5.085448   18.501786
 0.604289   5.123546   19.161942
 0.606238   5.160161   17.795328
 0.608187   5.192912   17.523366
 0.610136   5.228467   19.000953
 0.612086   5.266998   20.257916
 0.614035   5.307452   19.581972
 0.615984   5.343329   18.018501
 0.617934   5.377705   18.400146
 0.619883   5.415069   18.591219
 0.621832   5.450174   18.767595
 0.623782   5.488246   19.705994
 0.625731   5.527007   19.301104
 0.627680   5.563481   19.474155
 0.629630   5.602938   19.580076
 0.631579   5.639825   17.755115
 0.633528   5.672148   18.753146
 0.635478   5.712948   21.142943
 0.637427   5.754584   19.778586
 0.639376   5.790045   18.624108
 0.641325   5.827181   18.668300
 0.643275   5.862832   19.047755
 0.645224   5.901446   19.499232
 0.647173   5.938840   20.214462
 0.649123   5.980264   20.596757
 0.651072   6.019148   18.494853
 0.653021   6.052357   18.922540
 0.654971   6.092931   21.572235
 0.656920   6.136466   20.032427
 0.658869   6.171017   18.192322
 0.660819   6.207399   20.552848
 0.662768   6.251149   20.145633
 0.664717   6.285926   18.306040
 0.666667   6.322525   20.940218
 0.668616   6.367568   20.531304
 0.670565   6.402556   18.131095
 0.672515   6.438262   20.758099
 0.674464   6.483487   20.627726
 0.676413   6.518668   19.908908
 0.678363   6.561116   21.413034
 0.680312   6.602159   19.311637
 0.682261   6.636392   19.712293
 0.684211   6.679021   20.377269
 0.686160   6.715846   19.387693
 0.688109   6.754594   20.905508
 0.690059   6.797359   20.733806
 0.692008   6.835438   19.642524
 0.693957   6.873925   20.141347
 0.695906   6.913949   20.159944
 0.697856   6.952528   20.531421
 0.699805   6.993999   20.931373
 0.701754   7.034119   20.210735
 0.703704   7.072800   19.760632
 0.705653   7.111166   19.048376
 0.707602   7.147051   20.245080
 0.709552   7.190105   23.107651
 0.711501   7.237145   20.480610
 0.713450   7.269938   18.358595
 0.715400   7.308729   21.743848
 0.717349   7.354714   20.506164
 0.719298   7.388662   18.952283
 0.721248   7.428612   22.039515
 0.723197   7.474591   21.324878
 0.725146   7.511736   18.689192
 0.727096   7.547459   20.145360
 0.729045   7.590279   22.326449
 0.730994   7.634488   19.786557
 0.732943   7.667407   18.682580
 0.734893   7.707335   22.588944
 0.736842   7.755477   21.072787
 0.738791   7.789476   18.668049
 0.740741   7.828267   21.198886
 0.742690   7.872128   21.038728
 0.744639   7.910276   20.004349
 0.746589   7.950126   20.374948
 0.748538   7.989718   19.922839
 0.750487   8.027785   20.245376
 0.752437   8.068656   21.680143
 0.754386   8.112315   20.942693
 0.756335   8.150290   19.125286
 0.758285   8.186883   20.549721
 0.760234   8.230410   21.160592
 0.762183   8.269367   19.630961
 0.764133   8.306951   20.762910
 0.766082   8.350319   21.513720
 0.768031   8.390811   20.319671
 0.769980   8.429525   19.520001
 0.771930   8.466919   19.162408
 0.773879   8.504239   21.505517
 0.775829   8.550774   22.203096
 0.777778   8.590812   19.501682
 0.779727   8.626791   19.345615
 0.781676   8.666222   19.882325
 0.783626   8.704312   21.279287
 0.785575   8.749186   21.561793
 0.787524   8.788360   19.466406
 0.789474   8.825084   19.828811
 0.791423   8.865670   20.671045
 0.793372   8.905660   20.187003
 0.795322   8.944379   20.261807
 0.797271   8.984660   20.231442
 0.799220   9.023241   19.743149
 0.801170   9.061639   21.696478
 0.803119   9.107831   20.934146
 0.805068   9.143240   18.839293
 0.807018   9.181287   20.510848
 0.808967   9.223210   20.745085
 0.810916   9.262151   20.962863
 0.812866   9.304946   20.906990
 0.814815   9.343670   19.833812
 0.816764   9.382258   20.333250
 0.818713   9.422929   21.546059
 0.820663   9.466267   21.628452
 0.822612   9.507259   20.134098
 0.824561   9.544750   19.910298
 0.826511   9.584891   22.259331
 0.828460   9.631536   21.476651
 0.830409   9.668607   19.967462
 0.832359   9.709391   23.569127
 0.834308   9.760498   22.785354
 0.836257   9.798208   21.263614
 0.838207   9.843408   23.882325
 0.840156   9.891324   22.398296
 0.842105   9.930717   22.816727
 0.844055   9.980292   25.428975
 0.846004   10.029864   24.889860
 0.847953   10.077312   25.303118
 0.849903   10.128523   26.261487
 0.851852   10.179706   27.385959
 0.853801   10.235274   28.307128
 0.855750   10.290047   29.034086
 0.857700   10.348479   31.586013
 0.859649   10.413198   32.540425
 0.861598   10.475322   33.452377
 0.863548   10.543632   36.925150
 0.865497   10.619289   38.416051
 0.867446   10.693377   39.860686
 0.869396   10.774710   45.092018
 0.871345   10.869184   49.300364
 0.873294   10.966883   51.609370
 0.875244   11.070412   56.096334
 0.877193   11.185596   61.975884
 0.879142   11.311994   68.093018
 0.881092   11.451097   75.219087
 0.883041   11.605266   82.729309
 0.884990   11.773576   91.312684
 0.886940   11.961304   102.792591
 0.888889   12.174352   115.644139
 0.890838   12.412085   128.196309
 0.892787   12.674061   143.382728
 0.894737   12.971152   159.899347
 0.896686   13.297493   174.495659
 0.898636   13.651525   193.473477
 0.900585   14.051823   218.645039
 0.902534   14.503803   248.178186
 0.904483   15.019221   284.237692
 0.906433   15.612085   327.729935
 0.908382   16.296993   374.025664
 0.910331   17.070037   426.465799
 0.912281   17.959843   491.912851
 0.914230   18.987934   561.018006
 0.916179   20.146691   637.984130
 0.918129   21.475521   731.586127
 0.920078   22.999045   833.903369
 0.922027   24.726077   948.766184
 0.923977   26.698409   1083.103035
 0.925926   28.948952   1228.681844
 0.927875   31.487811   1389.132847
 0.929825   34.365354   1575.026080
 0.931774   37.628639   1774.756253
 0.933723   41.283354   1991.970518
 0.935673   45.395566   2238.776759
 0.937622   50.012085   2504.179091
 0.939571   55.156856   2799.078388
 0.941520   60.922892   3238.245316
 0.943470   67.783334   1804.089624
 0.945419   67.960465   -195.851514
 0.947368   67.019905   1412.599398
 0.949318   73.471982   3552.873678
 0.951267   80.872071   3813.513214
 0.953216   88.337056   3819.052380
 0.955166   95.762534   3746.158933
 0.957115   102.943453   3541.534196
 0.959064   109.567435   3212.358876
 0.961014   115.468068   2778.980394
 0.962963   120.403173   2203.358160
 0.964912   124.056758   1522.854222
 0.966862   126.340078   788.269189
 0.968811   127.130985   -16.952509
 0.970760   126.273997   -830.437694
 0.972710   123.892326   -1589.442069
 0.974659   120.077499   -2296.852123
 0.976608   114.939197   -2920.288510
 0.978557   108.694214   -3409.122561
 0.980507   101.646618   -3761.323640
 0.982456   94.029107   -3988.817667
 0.984406   86.094057   -4086.423290
 0.986355   78.096177   -4079.119931
 0.988304   70.193648   -3986.691695
 0.990253   62.556053   -3809.853713
 0.992203   55.339246   -3571.674786
 0.994152   48.629835   -3307.838089
 0.996101   42.445293   -3023.440784
 0.998051   36.841739   -1849.454635
 1.000000   35.232221   -825.816893
514 psinorm omgeb(kRad/s) domgeb/dpsiN
 0.000000   -8.541978   164.586037
 0.001949   -8.221199   209.714830
 0.003899   -7.724209   203.118798
 0.005848   -7.429136   138.355945
 0.007797   -7.184898   115.489227
 0.009747   -6.978863   96.349827
 0.011696   -6.809211   86.281678
 0.013645   -6.642537   81.486512
 0.015595   -6.491503   72.076727
 0.017544   -6.361499   66.515100
 0.019493   -6.232227   64.454971
 0.021442   -6.110254   61.404756
 0.023392   -5.992813   55.575845
 0.025341   -5.893554   51.788140
 0.027290   -5.790942   51.669581
 0.029240   -5.692096   49.858316
 0.031189   -5.596543   48.273614
 0.033138   -5.503926   44.793420
 0.035088   -5.421899   43.192777
 0.037037   -5.335519   43.519707
 0.038986   -5.252259   40.168860
 0.040936   -5.178906   38.796575
 0.042885   -5.100994   40.973384
 0.044834   -5.019192   37.664723
 0.046784   -4.954148   36.410297
 0.048733   -4.877234   36.846798
 0.050682   -4.810519   33.551595
 0.052632   -4.746418   36.009635
 0.054581   -4.670124   32.844641
 0.056530   -4.618389   29.568042
 0.058480   -4.554832   33.878725
 0.060429   -4.486299   32.026815
 0.062378   -4.429991   31.161578
 0.064327   -4.364831   31.023717
 0.066277   -4.309035   28.150608
 0.068226   -4.255071   28.621162
 0.070175   -4.197469   27.181488
 0.072125   -4.149095   27.932049
 0.074074   -4.088568   30.220399
 0.076023   -4.031296   25.260325
 0.077973   -3.990087   24.230089
 0.079922   -3.936829   26.416714
 0.081871   -3.887114   25.040889
 0.083821   -3.839196   25.903052
 0.085770   -3.786121   26.320482
 0.087719   -3.736598   23.109731
 0.089669   -3.696021   22.119344
 0.091618   -3.650358   24.369907
 0.093567   -3.601027   24.861677
 0.095517   -3.553423   22.117402
 0.097466   -3.514787   18.375561
 0.099415   -3.481795   20.984182
 0.101364   -3.432990   26.428069
 0.103314   -3.378749   24.219556
 0.105263   -3.338551   18.769390
 0.107213   -3.305571   16.481960
 0.109162   -3.274287   18.211401
 0.111111   -3.234583   24.435298
 0.113060   -3.179038   22.665511
 0.115010   -3.146222   16.345421
 0.116959   -3.115306   18.508138
 0.118908   -3.074077   18.943795
 0.120858   -3.041449   16.306163
 0.122807   -3.010498   18.452903
 0.124756   -2.969520   20.635542
 0.126706   -2.930041   18.024187
 0.128655   -2.899239   16.557316
 0.130604   -2.865501   18.714763
 0.132554   -2.826267   17.960142
 0.134503   -2.795470   14.734377
 0.136452   -2.768833   16.829701
 0.138402   -2.729845   17.845482
 0.140351   -2.699249   14.619110
 0.142300   -2.672859   13.211782
 0.144250   -2.647737   16.003432
 0.146199   -2.610468   15.952973
 0.148148   -2.585552   13.123564
 0.150097   -2.559312   18.409434
 0.152047   -2.513764   17.673253
 0.153996   -2.490393   12.703973
 0.155945   -2.464244   11.259459
 0.157895   -2.446497   10.473443
 0.159844   -2.423410   17.898432
 0.161793   -2.376729   16.469853
 0.163743   -2.359209   10.423952
 0.165692   -2.336089   14.335771
 0.167641   -2.303329   12.854163
 0.169591   -2.285978   12.121546
 0.171540   -2.256073   14.264794
 0.173489   -2.230374   12.764423
 0.175439   -2.206305   12.057999
 0.177388   -2.183359   10.317893
 0.179337   -2.166086   10.933241
 0.181286   -2.140741   12.676797
 0.183236   -2.116660   12.306558
 0.185185   -2.092758   12.304163
 0.187135   -2.068686   11.983259
 0.189084   -2.046035   12.222392
 0.191033   -2.021043   10.770147
 0.192983   -2.004046   8.405859
 0.194932   -1.988268   8.411176
 0.196881   -1.971259   12.474463
 0.198830   -1.939643   12.441271
 0.200780   -1.922758   6.622581
 0.202729   -1.913817   10.348967
 0.204678   -1.882418   12.380512
 0.206628   -1.865553   8.301763
 0.208577   -1.850049   8.524138
 0.210526   -1.832326   10.560303
 0.212476   -1.808871   10.007040
 0.214425   -1.793304   6.785254
 0.216374   -1.782422   8.764035
 0.218324   -1.759127   9.960186
 0.220273   -1.743583   9.873256
 0.222222   -1.720641   10.372209
 0.224171   -1.703153   5.356068
 0.226121   -1.699765   4.776352
 0.228070   -1.684536   10.062841
 0.230019   -1.660540   12.015563
 0.231969   -1.637688   6.433020
 0.233918   -1.635447   4.990170
 0.235867   -1.618236   10.234380
 0.237817   -1.595541   6.398433
 0.239766   -1.593278   6.616338
 0.241715   -1.569750   8.526515
 0.243665   -1.560040   4.700254
 0.245614   -1.551423   8.191954
 0.247563   -1.528108   8.471503
 0.249513   -1.518400   6.314172
 0.251462   -1.503492   6.546403
 0.253411   -1.492882   5.168170
 0.255361   -1.483341   6.238278
 0.257310   -1.468562   4.876426
 0.259259   -1.464333   6.752107
 0.261209   -1.442226   9.460532
 0.263158   -1.427443   4.543481
 0.265107   -1.424515   3.430153
 0.267056   -1.414072   6.753082
 0.269006   -1.398182   7.820694
 0.270955   -1.383579   4.770188
 0.272904   -1.379588   3.406289
 0.274854   -1.370295   6.125523
 0.276803   -1.355708   6.379668
 0.278752   -1.345427   3.428446
 0.280702   -1.342344   4.529033
 0.282651   -1.327774   6.339621
 0.284600   -1.317632   3.362724
 0.286550   -1.314666   6.085987
 0.288499   -1.293912   6.343884
 0.290448   -1.289938   1.749540
 0.292398   -1.287091   4.472891
 0.294347   -1.272504   4.767607
 0.296296   -1.268507   4.912693
 0.298246   -1.253344   5.978304
 0.300195   -1.245194   3.082144
 0.302144   -1.241330   3.359415
 0.304094   -1.232093   4.502775
 0.306043   -1.223773   2.872078
 0.307992   -1.220897   3.297571
 0.309941   -1.210919   4.897987
 0.311891   -1.201800   1.538707
 0.313840   -1.204913   3.078712
 0.315790   -1.189787   5.995823
 0.317739   -1.181532   2.879278
 0.319688   -1.178564   3.292760
 0.321637   -1.168697   3.347722
 0.323587   -1.165514   2.857835
 0.325536   -1.157557   3.053446
 0.327485   -1.153612   1.800658
 0.329435   -1.150536   2.844158
 0.331384   -1.142525   4.591481
 0.333333   -1.132639   3.346612
 0.335283   -1.129480   1.401314
 0.337232   -1.127174   3.094941
 0.339181   -1.117416   3.244374
 0.341131   -1.114528   1.312812
 0.343080   -1.112297   1.624709
 0.345029   -1.108195   3.344406
 0.346979   -1.099255   2.844842
 0.348928   -1.097100   1.362345
 0.350877   -1.093944   3.325904
 0.352826   -1.084135   3.338886
 0.354776   -1.080930   0.130384
 0.356725   -1.083624   0.100356
 0.358675   -1.080535   2.900367
 0.360624   -1.072318   4.340463
 0.362573   -1.063616   3.251912
 0.364522   -1.059642   0.412439
 0.366472   -1.062011   0.010086
 0.368421   -1.059605   1.652974
 0.370370   -1.055568   3.281847
 0.372320   -1.046807   1.391118
 0.374269   -1.050138   -1.214263
 0.376218   -1.051540   1.900791
 0.378168   -1.042721   2.876572
 0.380117   -1.040321   3.123015
 0.382066   -1.030548   1.902650
 0.384016   -1.032909   0.024918
 0.385965   -1.030453   1.478283
 0.387914   -1.027146   -0.967247
 0.389863   -1.034224   0.465790
 0.391813   -1.025322   4.372226
 0.393762   -1.017176   1.732088
 0.395711   -1.018570   -0.903803
 0.397661   -1.020700   0.292280
 0.399610   -1.017434   1.724929
 0.401560   -1.013975   1.542404
 0.403509   -1.011419   0.105481
 0.405458   -1.013563   0.546930
 0.407407   -1.009287   1.968912
 0.409357   -1.005887   0.152709
 0.411306   -1.008689   -0.997282
 0.413255   -1.009774   0.608169
 0.415205   -1.006315   1.551849
 0.417154   -1.003723   0.365237
 0.419103   -1.004891   0.608363
 0.421053   -1.001349   0.249913
 0.423002   -1.003914   0.406063
 0.424951   -0.999766   1.993502
 0.426901   -0.996141   0.295656
 0.428850   -0.998610   0.263730
 0.430799   -0.995113   0.614330
 0.432748   -0.996216   -0.700922
 0.434698   -0.997847   0.497035
 0.436647   -0.994280   1.835686
 0.438597   -0.990689   0.344990
 0.440546   -0.992932   -1.046290
 0.442495   -0.994768   -0.703692
 0.444444   -0.995675   -0.641987
 0.446394   -0.997271   0.362026
 0.448343   -0.994266   1.910980
 0.450292   -0.989822   -0.587705
 0.452242   -0.996563   -0.986312
 0.454191   -0.993673   1.860034
 0.456140   -0.989313   -0.539522
 0.458090   -0.995782   -0.891999
 0.460039   -0.992796   0.560113
 0.461988   -0.993599   -1.916772
 0.463938   -1.000272   -0.927277
 0.465887   -0.997219   1.976169
 0.467836   -0.992569   -0.487464
 0.469786   -0.999125   -0.879072
 0.471735   -0.996001   0.467699
 0.473684   -0.997302   -0.492238
 0.475633   -0.997920   0.796761
 0.477583   -0.994193   -0.679115
 0.479532   -1.000563   -0.629192
 0.481482   -0.996641   0.534569
 0.483431   -0.998476   -2.077494
 0.485380   -1.004740   -0.496712
 0.487329   -1.000412   0.834176
 0.489279   -1.001490   -0.721258
 0.491228   -1.003224   -0.623745
 0.493177   -1.003921   -0.480758
 0.495127   -1.005098   -0.721568
 0.497076   -1.006734   -0.493053
 0.499025   -1.007020   -0.396174
 0.500975   -1.008280   -2.106072
 0.502924   -1.015229   -1.836104
 0.504873   -1.015437   0.977340
 0.506823   -1.011416   0.564341
 0.508772   -1.013233   -0.547050
 0.510721   -1.013549   -1.604108
 0.512671   -1.019491   -1.974637
 0.514620   -1.021250   0.561080
 0.516569   -1.017304   0.909440
 0.518518   -1.017705   -1.640441
 0.520468   -1.023702   -3.196195
 0.522417   -1.030166   -0.466401
 0.524366   -1.025520   0.948886
 0.526316   -1.026470   -0.649729
 0.528265   -1.028053   -1.789828
 0.530214   -1.033446   -2.883891
 0.532164   -1.039298   -0.619220
 0.534113   -1.035865   0.826462
 0.536062   -1.036076   -0.314118
 0.538012   -1.037091   -1.939711
 0.539961   -1.043637   -1.770250
 0.541910   -1.043991   0.927299
 0.543860   -1.040019   -0.600359
 0.545809   -1.046327   -2.952216
 0.547758   -1.051527   -1.612664
 0.549708   -1.052612   0.588801
 0.551657   -1.049233   -0.449950
 0.553606   -1.054366   -4.089657
 0.555556   -1.065182   -1.945007
 0.557505   -1.061957   2.027192
 0.559454   -1.057280   -1.552165
 0.561404   -1.068017   -3.168245
 0.563353   -1.069637   0.744268
 0.565302   -1.065116   -0.376834
 0.567252   -1.071112   -3.185470
 0.569201   -1.077536   -3.133655
 0.571150   -1.083327   -0.370870
 0.573099   -1.078981   0.838221
 0.575049   -1.080061   -3.153978
 0.576998   -1.091273   -1.804238
 0.578947   -1.087094   2.039701
 0.580897   -1.083321   -3.178341
 0.582846   -1.099476   -5.550457
 0.584795   -1.104956   0.752260
 0.586745   -1.096536   1.690413
 0.588694   -1.098360   -1.816784
 0.590643   -1.103618   -2.940883
 0.592593   -1.109827   -3.338980
 0.594542   -1.116636   -1.905509
 0.596491   -1.117255   -0.513203
 0.598441   -1.118638   -0.911216
 0.600390   -1.120807   -1.988161
 0.602339   -1.126388   -3.020152
 0.604289   -1.132583   -0.912181
 0.606238   -1.129949   0.276506
 0.608187   -1.131505   -1.878568
 0.610136   -1.137271   -3.109599
 0.612086   -1.143630   -3.461162
 0.614035   -1.150766   -3.404963
 0.615984   -1.156903   -0.848976
 0.617934   -1.154072   0.125678
 0.619883   -1.156410   -2.133025
 0.621832   -1.162386   -3.304310
 0.623782   -1.169294   -2.476638
 0.625731   -1.172045   -1.103963
 0.627680   -1.173597   -3.402898
 0.629630   -1.185318   -3.714803
 0.631579   -1.188086   0.012112
 0.633528   -1.185271   -1.151898
 0.635478   -1.192582   -3.863170
 0.637427   -1.200333   -2.647561
 0.639376   -1.202902   -1.221934
 0.641325   -1.205096   -1.273186
 0.643275   -1.207867   -2.846084
 0.645224   -1.216190   -3.978478
 0.647173   -1.223375   -3.884365
 0.649123   -1.231336   -1.789710
 0.651072   -1.230358   -0.421842
 0.653021   -1.232980   -4.042308
 0.654971   -1.246124   -5.671966
 0.656920   -1.255097   -3.090485
 0.658869   -1.258171   -1.771426
 0.660819   -1.262004   -2.214872
 0.662768   -1.266806   -2.124015
 0.664717   -1.270284   -3.161064
 0.666667   -1.279134   -4.788039
 0.668616   -1.288952   -3.572347
 0.670565   -1.293059   -2.301665
 0.672515   -1.297926   -3.878372
 0.674464   -1.308178   -3.794906
 0.676413   -1.312719   -3.749786
 0.678363   -1.322801   -4.106658
 0.680312   -1.328733   -2.840163
 0.682261   -1.333872   -5.296936
 0.684211   -1.349391   -4.479045
 0.686160   -1.351343   -1.979967
 0.688109   -1.357109   -5.575028
 0.690059   -1.373085   -4.803878
 0.692008   -1.375846   -2.495769
 0.693957   -1.382813   -4.722481
 0.695906   -1.394254   -4.881678
 0.697856   -1.401845   -5.330830
 0.699805   -1.415036   -6.578004
 0.701754   -1.427486   -5.311076
 0.703704   -1.435742   -3.246767
 0.705653   -1.440147   -3.344635
 0.707602   -1.448779   -5.818774
 0.709552   -1.462838   -8.654526
 0.711501   -1.482520   -6.299829
 0.713450   -1.487394   -3.872912
 0.715400   -1.497624   -6.755109
 0.717349   -1.513729   -5.626394
 0.719298   -1.519555   -5.624244
 0.721248   -1.535664   -8.566893
 0.723197   -1.552957   -7.485050
 0.725146   -1.564840   -5.101697
 0.727096   -1.572847   -5.599066
 0.729045   -1.586668   -9.486879
 0.730994   -1.609826   -8.158374
 0.732943   -1.618469   -6.004572
 0.734893   -1.633241   -10.346848
 0.736842   -1.658806   -9.166775
 0.738791   -1.668973   -6.759189
 0.740741   -1.685163   -8.613311
 0.742690   -1.702556   -8.759041
 0.744639   -1.719306   -10.148303
 0.746589   -1.742128   -9.512846
 0.748538   -1.756401   -8.444965
 0.750487   -1.775046   -11.133832
 0.752437   -1.799815   -11.753624
 0.754386   -1.820875   -10.734968
 0.756335   -1.841660   -9.707082
 0.758285   -1.858721   -10.313213
 0.760234   -1.881868   -11.847902
 0.762183   -1.904904   -12.117965
 0.764133   -1.929117   -14.043663
 0.766082   -1.959657   -13.230602
 0.768031   -1.980689   -12.110432
 0.769980   -2.006864   -13.799977
 0.771930   -2.034496   -13.134745
 0.773879   -2.058078   -14.864739
 0.775829   -2.092459   -16.787592
 0.777778   -2.123535   -14.787282
 0.779727   -2.150100   -14.953072
 0.781676   -2.181822   -15.469921
 0.783626   -2.210416   -16.330232
 0.785575   -2.245490   -19.208130
 0.787524   -2.285289   -18.379933
 0.789474   -2.317149   -15.535570
 0.791423   -2.345864   -17.165662
 0.793372   -2.384061   -20.123484
 0.795322   -2.424327   -19.830400
 0.797271   -2.461381   -21.553672
 0.799220   -2.508343   -22.068963
 0.801170   -2.547424   -20.545038
 0.803119   -2.588447   -20.990245
 0.805068   -2.629244   -21.419982
 0.807018   -2.671964   -22.592448
 0.808967   -2.717331   -24.433973
 0.810916   -2.767208   -24.813940
 0.812866   -2.814079   -23.403264
 0.814815   -2.858459   -25.477226
 0.816764   -2.913389   -27.050770
 0.818713   -2.963902   -26.572208
 0.820663   -3.016995   -27.808481
 0.822612   -3.072327   -27.034230
 0.824561   -3.122375   -26.229145
 0.826511   -3.174595   -28.730442
 0.828460   -3.234391   -29.402321
 0.830409   -3.289205   -29.931863
 0.832359   -3.351099   -33.658067
 0.834308   -3.420434   -30.459379
 0.836257   -3.469830   -28.374781
 0.838207   -3.531074   -33.413446
 0.840156   -3.600105   -32.801344
 0.842105   -3.658933   -33.270371
 0.844055   -3.729832   -34.481261
 0.846004   -3.793379   -32.430572
 0.847953   -3.856246   -34.821506
 0.849903   -3.929154   -37.112175
 0.851852   -4.000947   -39.162028
 0.853801   -4.081807   -41.558115
 0.855750   -4.162941   -40.869993
 0.857700   -4.241158   -42.066266
 0.859649   -4.326953   -42.447565
 0.861598   -4.406618   -41.414398
 0.863548   -4.488429   -41.372313
 0.865497   -4.567930   -40.323812
 0.867446   -4.645611   -40.430356
 0.869396   -4.725569   -40.309692
 0.871345   -4.802780   -41.535451
 0.873294   -4.887475   -41.595765
 0.875244   -4.964958   -37.766813
 0.877193   -5.034731   -37.584555
 0.879142   -5.111463   -38.695607
 0.881092   -5.185604   -38.372527
 0.883041   -5.261077   -38.019014
 0.884990   -5.333802   -34.219233
 0.886940   -5.394491   -33.729581
 0.888889   -5.465309   -37.029838
 0.890838   -5.538834   -33.925640
 0.892787   -5.597551   -31.415324
 0.894737   -5.661325   -32.201278
 0.896686   -5.723105   -30.603630
 0.898636   -5.780646   -29.247898
 0.900585   -5.837143   -28.400362
 0.902534   -5.891350   -28.156879
 0.904483   -5.946898   -27.406173
 0.906433   -5.998205   -29.361988
 0.908382   -6.061374   -31.171912
 0.910331   -6.119713   -31.580486
 0.912281   -6.184510   -36.869592
 0.914230   -6.263460   -38.831056
 0.916179   -6.335874   -39.469205
 0.918129   -6.417355   -45.804621
 0.920078   -6.514458   -52.363352
 0.922027   -6.621468   -58.278533
 0.923977   -6.741692   -66.673736
 0.925926   -6.881419   -75.924221
 0.927875   -7.037645   -85.306183
 0.929825   -7.214038   -96.970266
 0.931774   -7.415719   -109.768761
 0.933723   -7.641916   -124.163861
 0.935673   -7.899850   -139.426283
 0.937622   -8.185525   -153.703522
 0.939571   -8.498987   -167.683293
 0.941520   -8.839155   -175.529783
 0.943470   -9.183379   -187.143570
 0.945419   -9.568806   -222.952955
 0.947368   -10.052450   -267.290673
 0.949318   -10.611011   -295.235480
 0.951267   -11.203555   -310.046679
 0.953216   -11.819573   -323.402952
 0.955166   -12.464518   -335.129279
 0.957115   -13.126233   -339.294833
 0.959064   -13.787089   -338.699786
 0.961014   -14.446823   -333.366601
 0.962963   -15.086896   -316.490778
 0.964912   -15.680504   -291.232543
 0.966862   -16.222385   -259.482992
 0.968811   -16.692265   -214.200359
 0.970760   -17.057338   -158.910247
 0.972710   -17.311799   -95.022518
 0.974659   -17.427901   -19.408107
 0.976608   -17.387452   66.174800
 0.978557   -17.169952   156.319557
 0.980507   -16.777872   247.201164
 0.982456   -16.206207   338.912307
 0.984406   -15.456362   425.077451
 0.986355   -14.548911   500.520107
 0.988304   -13.505335   560.355483
 0.990253   -12.364645   599.226639
 0.992203   -11.168922   613.820285
 0.994152   -9.971361   603.460404
 0.996101   -8.816633   573.257180
 0.998051   -7.736270   397.479858
 1.000000   -7.266546   241.007466
514 psinorm ommvb() dommvb/dpsiN
 0.000000   7.047619   -332.202269
 0.001949   6.400156   -342.121577
 0.003899   5.713667   -190.112201
 0.005848   5.658585   0.914187
 0.007797   5.717230   39.435226
 0.009747   5.812362   49.950585
 0.011696   5.911985   59.037944
 0.013645   6.042492   65.678357
 0.015595   6.168063   63.693095
 0.017544   6.290832   66.210050
 0.019493   6.426149   65.259471
 0.021442   6.545214   63.392241
 0.023392   6.673320   61.593861
 0.025341   6.785377   56.413221
 0.027290   6.893219   59.137029
 0.029240   7.015959   63.739190
 0.031189   7.141737   58.311009
 0.033138   7.243256   51.237079
 0.035088   7.341508   54.834938
 0.037037   7.457048   55.146886
 0.038986   7.556471   49.506382
 0.040936   7.650071   52.081682
 0.042885   7.759529   53.871561
 0.044834   7.860062   47.909387
 0.046784   7.946320   49.994095
 0.048733   8.054977   47.184895
 0.050682   8.130247   40.857452
 0.052632   8.214285   50.983167
 0.054581   8.329015   44.192970
 0.056530   8.386549   35.246296
 0.058480   8.466452   47.233457
 0.060429   8.570700   46.002538
 0.062378   8.645769   39.139332
 0.064327   8.723265   40.067900
 0.066277   8.801995   39.757173
 0.068226   8.878280   36.254401
 0.070175   8.943314   33.501635
 0.072125   9.008903   39.267289
 0.074074   9.096406   39.831843
 0.076023   9.164167   30.492023
 0.077973   9.215286   34.246910
 0.079922   9.297680   35.187007
 0.081871   9.352445   29.678347
 0.083821   9.413399   35.112338
 0.085770   9.489340   33.853079
 0.087719   9.545358   28.730629
 0.089669   9.601361   30.352334
 0.091618   9.663699   30.716521
 0.093567   9.721094   31.046997
 0.095517   9.784754   30.692023
 0.097466   9.840766   23.339604
 0.099415   9.875732   22.169584
 0.101364   9.927183   31.991293
 0.103314   10.000477   31.761234
 0.105263   10.051032   22.063319
 0.107213   10.086494   20.032859
 0.109162   10.129136   24.428885
 0.111111   10.181718   28.853981
 0.113060   10.241609   24.789290
 0.115010   10.278360   20.859788
 0.116959   10.322938   21.222753
 0.118908   10.361086   19.394746
 0.120858   10.398557   21.053129
 0.122807   10.443168   21.414797
 0.124756   10.482032   21.573818
 0.126706   10.527288   23.244540
 0.128655   10.572663   17.896165
 0.130604   10.597047   18.038069
 0.132554   10.643004   23.440637
 0.134503   10.688443   14.026159
 0.136452   10.697678   14.341742
 0.138402   10.744380   23.827201
 0.140351   10.790581   14.444401
 0.142300   10.800685   8.724347
 0.144250   10.824604   19.946495
 0.146199   10.878441   18.150256
 0.148148   10.895354   8.978326
 0.150097   10.913438   18.540825
 0.152047   10.967663   19.951832
 0.153996   10.991246   10.731213
 0.155945   11.009493   7.356464
 0.157895   11.019925   8.928377
 0.159844   11.044298   18.337705
 0.161793   11.091405   14.999496
 0.163743   11.102762   8.998816
 0.165692   11.126485   12.603690
 0.167641   11.151891   9.450458
 0.169591   11.163325   10.823964
 0.171540   11.194084   10.616205
 0.173489   11.204707   9.495771
 0.175439   11.231116   12.944933
 0.177388   11.255181   7.008421
 0.179337   11.258435   3.738787
 0.181286   11.269755   7.425997
 0.183236   11.287392   9.190994
 0.185185   11.305590   9.085372
 0.187135   11.322816   10.643314
 0.189084   11.347085   9.269579
 0.191033   11.358948   3.941925
 0.192983   11.362450   3.407883
 0.194932   11.372233   5.332093
 0.196881   11.383234   7.381589
 0.198830   11.401006   5.475447
 0.200780   11.404576   1.702609
 0.202729   11.407645   5.390252
 0.204678   11.425587   5.375387
 0.206628   11.428596   3.328529
 0.208577   11.438562   1.991220
 0.210526   11.436358   3.746555
 0.212476   11.453179   6.749391
 0.214425   11.462677   -1.773373
 0.216374   11.446266   0.159738
 0.218324   11.463317   6.649036
 0.220273   11.472195   4.950867
 0.222222   11.482616   2.000235
 0.224171   11.479992   -5.316369
 0.226121   11.461879   -2.169522
 0.228070   11.471519   3.350689
 0.230019   11.474940   3.308929
 0.231969   11.484424   -0.535805
 0.233918   11.472862   -3.718749
 0.235867   11.469928   1.758602
 0.237817   11.479725   -0.595530
 0.239766   11.467617   -2.102856
 0.241715   11.471528   -1.908935
 0.243665   11.460166   -4.277141
 0.245614   11.454849   -0.294497
 0.247563   11.459018   -0.007000
 0.249513   11.454817   -0.717786
 0.251462   11.456217   -4.129418
 0.253411   11.438720   -7.442013
 0.255361   11.427204   -2.516744
 0.257310   11.428901   -5.793415
 0.259259   11.404621   -3.901627
 0.261209   11.413706   2.642815
 0.263158   11.414929   -4.054619
 0.265107   11.397901   -8.891926
 0.267056   11.380269   -6.125348
 0.269006   11.374024   -1.260912
 0.270955   11.375348   -7.632485
 0.272904   11.344272   -8.969216
 0.274854   11.340391   -0.785012
 0.276803   11.341209   -6.240443
 0.278752   11.316066   -11.070828
 0.280702   11.298048   -4.544935
 0.282651   11.298336   -4.342920
 0.284600   11.281119   -10.840540
 0.286550   11.256065   -4.891829
 0.288499   11.262030   -4.558867
 0.290448   11.238294   -12.407820
 0.292398   11.213651   -6.486652
 0.294347   11.212990   -8.251155
 0.296296   11.181488   -9.451259
 0.298246   11.176153   -2.813912
 0.300195   11.170517   -11.300783
 0.302144   11.132103   -13.095917
 0.304094   11.119469   -5.008884
 0.306043   11.112570   -9.994198
 0.307992   11.080512   -12.850308
 0.309941   11.062480   -7.779216
 0.311891   11.050184   -12.996788
 0.313840   11.011819   -11.538269
 0.315790   11.005212   -5.348714
 0.317739   10.990968   -10.170737
 0.319688   10.965567   -11.091793
 0.321637   10.947732   -13.204587
 0.323587   10.914074   -12.024028
 0.325536   10.900840   -11.448079
 0.327485   10.869449   -14.691463
 0.329435   10.843561   -8.260595
 0.331384   10.837231   -8.232714
 0.333333   10.811470   -15.175986
 0.335283   10.778056   -13.879776
 0.337232   10.757346   -11.785320
 0.339181   10.732117   -12.848329
 0.341131   10.707251   -11.559875
 0.343080   10.687043   -15.288429
 0.345029   10.647656   -15.271933
 0.346979   10.627507   -10.227233
 0.348928   10.607780   -11.777196
 0.350877   10.581600   -13.355648
 0.352826   10.555720   -15.233833
 0.354776   10.522199   -18.477467
 0.356725   10.483679   -16.480743
 0.358675   10.457947   -10.565098
 0.360624   10.442480   -8.938009
 0.362573   10.423107   -14.832553
 0.364522   10.384663   -20.060412
 0.366472   10.344891   -15.542495
 0.368421   10.324053   -15.265048
 0.370370   10.285387   -15.016449
 0.372320   10.265514   -13.582451
 0.374269   10.232436   -20.125314
 0.376218   10.187065   -16.802985
 0.378168   10.166934   -12.279278
 0.380117   10.139192   -13.883783
 0.382066   10.112815   -16.687982
 0.384016   10.074119   -17.124060
 0.385965   10.046043   -15.731617
 0.387914   10.012797   -21.266055
 0.389863   9.963148   -18.076345
 0.391813   9.942333   -11.199700
 0.393762   9.919482   -17.198258
 0.395711   9.875294   -21.386480
 0.397661   9.836098   -18.482678
 0.399610   9.803227   -17.101187
 0.401560   9.769420   -15.862816
 0.403509   9.741375   -17.102224
 0.405458   9.702756   -19.908775
 0.407407   9.663770   -18.528824
 0.409357   9.630515   -17.216825
 0.411306   9.596642   -20.125654
 0.413255   9.552065   -20.021728
 0.415205   9.518583   -17.503987
 0.417154   9.483818   -20.180307
 0.419103   9.439920   -18.117770
 0.421053   9.413185   -17.437824
 0.423002   9.371938   -20.276418
 0.424951   9.334148   -18.376218
 0.426901   9.300291   -19.326517
 0.428850   9.258798   -19.159997
 0.430799   9.225605   -19.622841
 0.432748   9.182308   -21.235067
 0.434698   9.142812   -20.445612
 0.436647   9.102591   -18.898622
 0.438597   9.069129   -17.556819
 0.440546   9.034138   -20.500072
 0.442495   8.989220   -22.683755
 0.444444   8.945716   -22.908572
 0.446394   8.899898   -19.239009
 0.448343   8.870695   -17.323795
 0.450292   8.832370   -24.714442
 0.452242   8.774323   -22.223987
 0.454191   8.745704   -16.982398
 0.456140   8.708126   -23.024220
 0.458090   8.655925   -20.775224
 0.460039   8.627111   -20.151447
 0.461988   8.577374   -25.731141
 0.463938   8.526785   -20.423963
 0.465887   8.497730   -19.116928
 0.467836   8.452267   -24.661421
 0.469786   8.401573   -20.510285
 0.471735   8.372287   -19.205878
 0.473684   8.326708   -24.501316
 0.475633   8.276781   -21.245620
 0.477583   8.243880   -21.473145
 0.479532   8.193066   -23.457058
 0.481482   8.152427   -21.084075
 0.483431   8.110860   -23.742225
 0.485380   8.059879   -22.432579
 0.487329   8.023417   -21.120938
 0.489279   7.977524   -22.501037
 0.491228   7.935684   -23.134235
 0.493177   7.887347   -23.983781
 0.495127   7.842173   -22.354687
 0.497076   7.800184   -23.634866
 0.499025   7.750044   -24.246273
 0.500975   7.705651   -23.056473
 0.502924   7.660147   -24.543050
 0.504873   7.609982   -23.217017
 0.506823   7.569629   -20.763016
 0.508772   7.529027   -23.080658
 0.510721   7.479661   -25.607264
 0.512671   7.429184   -23.409979
 0.514620   7.388380   -20.646784
 0.516569   7.348703   -22.634039
 0.518518   7.300153   -25.202649
 0.520468   7.250437   -26.471062
 0.522417   7.196944   -24.908595
 0.524366   7.153343   -22.681346
 0.526316   7.108509   -22.057778
 0.528265   7.067338   -24.073202
 0.530214   7.014672   -28.000241
 0.532164   6.958163   -23.820923
 0.534113   6.921784   -21.805583
 0.536062   6.873165   -23.798934
 0.538012   6.828994   -24.689230
 0.539961   6.776906   -25.630491
 0.541910   6.729086   -22.343990
 0.543860   6.689791   -23.706605
 0.545809   6.636661   -27.150820
 0.547758   6.583957   -24.666661
 0.549708   6.540491   -20.377779
 0.551657   6.504500   -24.436566
 0.553606   6.445237   -30.554220
 0.555556   6.385369   -24.405481
 0.557505   6.350067   -20.073947
 0.559454   6.307121   -26.374109
 0.561404   6.247226   -25.703705
 0.563353   6.206892   -21.145165
 0.565302   6.164802   -24.692645
 0.567252   6.110609   -27.191690
 0.569201   6.058781   -27.440602
 0.571150   6.003646   -24.732427
 0.573099   5.962374   -21.584177
 0.575049   5.919488   -25.576338
 0.576998   5.862659   -24.943918
 0.578947   5.822257   -20.140615
 0.580897   5.784132   -27.053025
 0.582846   5.716792   -31.789674
 0.584795   5.660215   -21.189472
 0.586745   5.634190   -18.368281
 0.588694   5.588608   -26.425003
 0.590643   5.531186   -28.219109
 0.592593   5.478584   -26.228045
 0.594542   5.428921   -24.342566
 0.596491   5.383696   -23.870130
 0.598441   5.335850   -21.915898
 0.600390   5.298241   -23.900216
 0.602339   5.242687   -27.770472
 0.604289   5.189965   -21.961458
 0.606238   5.157049   -20.512524
 0.608187   5.110008   -26.087073
 0.610136   5.055362   -27.314283
 0.612086   5.003511   -25.660547
 0.614035   4.955309   -25.918145
 0.615984   4.902482   -22.302629
 0.617934   4.868361   -19.904061
 0.619883   4.824881   -24.934121
 0.621832   4.771168   -26.395202
 0.623782   4.721968   -23.349582
 0.625731   4.680124   -21.163863
 0.627680   4.639471   -25.921590
 0.629630   4.579046   -26.250609
 0.631579   4.537111   -19.497841
 0.633528   4.503043   -20.907262
 0.635478   4.455586   -23.938432
 0.637427   4.409706   -22.731507
 0.639376   4.366979   -20.688327
 0.641325   4.329063   -20.444539
 0.643275   4.287264   -23.452313
 0.645224   4.237627   -25.075689
 0.647173   4.189519   -23.829871
 0.649123   4.144716   -18.297626
 0.651072   4.118167   -17.674810
 0.653021   4.075819   -24.742980
 0.654971   4.021688   -24.320205
 0.656920   3.980988   -20.837969
 0.658869   3.940462   -19.966409
 0.660819   3.903141   -16.475536
 0.662768   3.876218   -16.813788
 0.664717   3.837600   -22.092275
 0.666667   3.790076   -21.723194
 0.668616   3.752896   -18.735384
 0.670565   3.717045   -17.595977
 0.672515   3.684291   -17.480823
 0.674464   3.648889   -17.793023
 0.676413   3.614934   -17.862169
 0.678363   3.579244   -16.553888
 0.680312   3.550387   -15.384716
 0.682261   3.519274   -19.273342
 0.684211   3.475234   -16.536967
 0.686160   3.454784   -10.884152
 0.688109   3.432807   -16.451385
 0.690059   3.390630   -15.121338
 0.692008   3.373836   -10.336730
 0.693957   3.350337   -13.554510
 0.695906   3.321001   -12.838557
 0.697856   3.300284   -12.747650
 0.699805   3.271302   -13.756538
 0.701754   3.246661   -10.921957
 0.703704   3.228720   -7.009314
 0.705653   3.219328   -6.285227
 0.707602   3.204221   -8.507685
 0.709552   3.186155   -11.402561
 0.711501   3.159766   -8.212971
 0.713450   3.154140   -3.630027
 0.715400   3.145611   -4.698306
 0.717349   3.135822   -2.718104
 0.719298   3.135016   -4.039040
 0.721248   3.120067   -4.901008
 0.723197   3.115902   -1.068659
 0.725146   3.115901   2.170394
 0.727096   3.124368   4.030412
 0.729045   3.131616   -0.563004
 0.730994   3.122174   0.763528
 0.732943   3.134593   6.544541
 0.734893   3.147691   3.525392
 0.736842   3.148345   5.308109
 0.738791   3.168382   10.186699
 0.740741   3.188062   11.245368
 0.742690   3.212226   12.281993
 0.744639   3.235938   10.472928
 0.746589   3.253056   14.018227
 0.748538   3.290584   18.149151
 0.750487   3.323802   15.333117
 0.752437   3.350365   17.627048
 0.754386   3.392521   21.995005
 0.756335   3.436101   24.763871
 0.758285   3.489081   27.082972
 0.760234   3.541698   27.599790
 0.762183   3.596665   27.782060
 0.764133   3.650019   27.504979
 0.766082   3.703906   34.101734
 0.768031   3.782948   38.533848
 0.769980   3.854111   36.312972
 0.771930   3.924532   40.199174
 0.773879   4.010840   42.952952
 0.775829   4.092002   42.993599
 0.777778   4.178469   48.214680
 0.779727   4.279943   51.593513
 0.781676   4.379580   54.257043
 0.783626   4.491498   57.852935
 0.785575   4.605148   56.019474
 0.787524   4.709862   59.964980
 0.789474   4.838964   70.981549
 0.791423   4.986609   72.218255
 0.793372   5.120471   69.267663
 0.795322   5.256685   74.673956
 0.797271   5.411615   76.378136
 0.799220   5.554407   79.501117
 0.801170   5.721602   89.554862
 0.803119   5.903574   92.499143
 0.805068   6.082164   93.852375
 0.807018   6.269509   99.066332
 0.808967   6.468417   101.438097
 0.810916   6.664914   105.554734
 0.812866   6.879985   113.140760
 0.814815   7.106044   113.302079
 0.816764   7.321636   116.262939
 0.818713   7.559237   124.902836
 0.820663   7.808638   129.017846
 0.822612   8.062276   133.585550
 0.824561   8.329355   139.595960
 0.826511   8.606565   144.026768
 0.828460   8.890912   148.242779
 0.830409   9.184416   150.457122
 0.832359   9.477544   153.469308
 0.834308   9.782786   165.290643
 0.836257   10.121847   172.672108
 0.838207   10.456032   171.843054
 0.840156   10.791862   177.158296
 0.842105   11.146595   182.156049
 0.844055   11.502088   189.029499
 0.846004   11.883608   197.664683
 0.847953   12.272585   203.199862
 0.849903   12.675891   221.516946
 0.851852   13.136251   242.704485
 0.853801   13.621954   250.049416
 0.855750   14.110943   255.793690
 0.857700   14.619303   262.893023
 0.859649   15.135959   266.917888
 0.861598   15.659749   272.656669
 0.863548   16.199055   283.172339
 0.865497   16.763825   288.556461
 0.867446   17.323848   290.859685
 0.869396   17.897894   301.869844
 0.871345   18.500823   305.351434
 0.873294   19.088153   308.020677
 0.875244   19.701809   322.464559
 0.877193   20.345427   327.940442
 0.879142   20.980121   330.727150
 0.881092   21.634943   339.524961
 0.883041   22.303922   344.230105
 0.884990   22.976751   355.101839
 0.886940   23.688484   365.947382
 0.888889   24.403578   367.147517
 0.890838   25.119625   375.490286
 0.892787   25.867240   386.450410
 0.894737   26.626400   391.617944
 0.896686   27.394153   394.748563
 0.898636   28.165527   400.743543
 0.900585   28.956642   409.838469
 0.902534   29.763077   416.098506
 0.904483   30.578594   429.323215
 0.906433   31.437030   445.257893
 0.908382   32.314644   453.854758
 0.910331   33.206156   465.892870
 0.912281   34.131178   481.163693
 0.914230   35.082200   494.393946
 0.916179   36.058325   511.361046
 0.918129   37.076017   530.300155
 0.920078   38.125949   541.916679
 0.922027   39.188409   557.377387
 0.923977   40.299188   581.263954
 0.925926   41.454733   595.925541
 0.927875   42.622106   611.022644
 0.929825   43.837135   637.367528
 0.931774   45.107173   653.820696
 0.933723   46.385728   666.934314
 0.935673   47.707572   694.220320
 0.937622   49.092460   716.898379
 0.939571   50.502042   728.961002
 0.941520   51.933950   755.693505
 0.943470   53.448533   787.397697
 0.945419   55.003993   778.727915
 0.947368   56.484014   757.827768
 0.949318   57.958760   764.131143
 0.951267   59.463346   763.459715
 0.953216   60.934726   757.182318
 0.955166   62.415604   760.698096
 0.957115   63.900685   746.936220
 0.959064   65.327161   727.303944
 0.961014   66.736434   717.086876
 0.962963   68.123094   689.594411
 0.964912   69.424473   656.781392
 0.966862   70.683863   634.774139
 0.968811   71.899480   595.127492
 0.970760   73.003670   549.399073
 0.972710   74.041552   517.473653
 0.974659   75.021329   474.625667
 0.976608   75.891643   417.737966
 0.978557   76.649672   367.606178
 0.980507   77.324897   317.357920
 0.982456   77.887108   255.884210
 0.984406   78.322524   193.486761
 0.986355   78.641573   114.930066
 0.988304   78.770522   8.306177
 0.990253   78.673950   -101.527518
 0.992203   78.374562   -216.402519
 0.994152   77.830323   -367.793930
 0.996101   76.940901   -528.627630
 0.998051   75.769059   328.969153
 1.000000   78.221693   1258.406247
514 psinorm omevb() domevb/dpsiN
 0.000000   -13.250804   331.686066
 0.001949   -12.604348   413.105412
 0.003899   -11.639943   384.550940
 0.005848   -11.104764   244.100793
 0.007797   -10.688438   193.654413
 0.009747   -10.349745   159.603818
 0.011696   -10.066115   141.010582
 0.013645   -9.800086   127.932736
 0.015595   -9.567322   113.520926
 0.017544   -9.357456   106.161560
 0.019493   -9.153504   100.002341
 0.021442   -8.967647   92.690996
 0.023392   -8.792107   85.542939
 0.025341   -8.634106   80.443134
 0.027290   -8.478540   78.996199
 0.029240   -8.326101   76.298053
 0.031189   -8.181050   72.163769
 0.033138   -8.044807   67.765275
 0.035088   -7.916838   65.711835
 0.037037   -7.788597   64.681233
 0.038986   -7.664710   61.392539
 0.040936   -7.549232   59.572666
 0.042885   -7.432437   60.029630
 0.044834   -7.315236   56.992839
 0.046784   -7.210228   55.290730
 0.048733   -7.099661   53.993291
 0.050682   -6.999763   50.737332
 0.052632   -6.901837   52.972129
 0.054581   -6.793230   50.295111
 0.056530   -6.705786   46.261541
 0.058480   -6.612853   49.347062
 0.060429   -6.513386   48.123089
 0.062378   -6.425269   46.122822
 0.064327   -6.333599   46.034867
 0.066277   -6.245781   44.183113
 0.068226   -6.161327   42.874038
 0.070175   -6.078658   41.455740
 0.072125   -5.999693   42.436442
 0.074074   -5.913203   43.157417
 0.076023   -5.831465   39.231135
 0.077973   -5.760246   39.236548
 0.079922   -5.678488   40.070219
 0.081871   -5.604052   38.129905
 0.083821   -5.529819   38.785485
 0.085770   -5.452829   38.416246
 0.087719   -5.380073   36.685697
 0.089669   -5.309793   35.939574
 0.091618   -5.239944   36.598951
 0.093567   -5.167130   37.317927
 0.095517   -5.094442   35.630828
 0.097466   -5.028202   31.937716
 0.099415   -4.969948   32.089644
 0.101364   -4.903117   36.538432
 0.103314   -4.827481   36.251466
 0.105263   -4.761767   31.425475
 0.107213   -4.704957   29.584335
 0.109162   -4.646419   31.813279
 0.111111   -4.580949   34.518141
 0.113060   -4.511867   32.334747
 0.115010   -4.454882   29.618855
 0.116959   -4.396384   30.152436
 0.118908   -4.337348   29.769943
 0.120858   -4.280312   29.482862
 0.122807   -4.222395   29.994575
 0.124756   -4.163393   30.535615
 0.126706   -4.103336   30.056126
 0.128655   -4.046203   27.991143
 0.130604   -3.994226   28.728712
 0.132554   -3.934185   29.886040
 0.134503   -3.877699   25.830693
 0.136452   -3.833497   26.728877
 0.138402   -3.773475   29.892892
 0.140351   -3.716943   25.833999
 0.142300   -3.672774   24.050986
 0.144250   -3.623166   28.172545
 0.146199   -3.562935   27.111973
 0.148148   -3.517483   23.623825
 0.150097   -3.470849   27.885646
 0.152047   -3.408749   27.890289
 0.153996   -3.362097   23.966465
 0.155945   -3.315328   22.738522
 0.157895   -3.273442   22.698606
 0.159844   -3.226828   27.387899
 0.161793   -3.166684   25.942684
 0.163743   -3.125688   22.306126
 0.165692   -3.079715   24.772628
 0.167641   -3.029124   23.738036
 0.169591   -2.987165   23.290182
 0.171540   -2.938319   23.519777
 0.173489   -2.895485   23.299427
 0.175439   -2.847472   24.184631
 0.177388   -2.801188   21.652779
 0.179337   -2.763069   20.751070
 0.181286   -2.720300   22.297006
 0.183236   -2.676133   22.627752
 0.185185   -2.632074   22.664073
 0.187135   -2.587765   23.047982
 0.189084   -2.542211   22.662992
 0.191033   -2.499425   20.581269
 0.192983   -2.461967   19.590900
 0.194932   -2.423041   20.720272
 0.196881   -2.381200   22.405084
 0.198830   -2.335706   21.330093
 0.200780   -2.298038   19.054900
 0.202729   -2.261410   20.833183
 0.204678   -2.216830   20.913892
 0.206628   -2.179871   19.537270
 0.208577   -2.140655   19.365306
 0.210526   -2.104385   20.766254
 0.212476   -2.059683   21.366981
 0.214425   -2.021072   17.276961
 0.216374   -1.992338   18.854662
 0.218324   -1.947549   21.445600
 0.220273   -1.908718   20.074126
 0.222222   -1.869301   19.495433
 0.224171   -1.832725   16.699104
 0.226121   -1.804195   17.283890
 0.228070   -1.765341   19.749616
 0.230019   -1.727211   19.963900
 0.231969   -1.687501   18.215001
 0.233918   -1.656186   17.227681
 0.235867   -1.620347   11.951369
 0.237817   -1.609601   -3.953966
 0.239766   -1.635745   -4.652715
 0.241715   -1.627737   -1.000944
 0.243665   -1.639658   -6.860136
 0.245614   -1.654483   -1.626002
 0.247563   -1.645996   -2.282012
 0.249513   -1.663394   -5.613722
 0.251462   -1.667890   -3.160377
 0.253411   -1.675713   -5.473325
 0.255361   -1.689234   -4.959950
 0.257310   -1.695056   -6.305544
 0.259259   -1.713813   -3.778537
 0.261209   -1.709777   -0.281580
 0.263158   -1.714906   -7.461632
 0.265107   -1.738862   -8.584839
 0.267056   -1.748370   -2.844433
 0.269006   -1.749949   -2.096698
 0.270955   -1.756542   -5.608653
 0.272904   -1.771811   -8.543372
 0.274854   -1.789854   -6.390260
 0.276803   -1.796733   -3.021981
 0.278752   -1.801634   -7.302316
 0.280702   -1.825214   -7.638517
 0.282651   -1.831425   -4.312233
 0.284600   -1.842023   -7.992868
 0.286550   -1.862594   -4.232115
 0.288499   -1.858537   -4.201062
 0.290448   -1.878970   -10.618047
 0.292398   -1.899937   -7.350345
 0.294347   -1.907636   -5.916512
 0.296296   -1.922999   -4.866702
 0.298246   -1.926605   -5.743138
 0.300195   -1.945384   -7.984339
 0.302144   -1.957728   -7.049481
 0.304094   -1.972871   -8.483867
 0.306043   -1.990805   -8.549755
 0.307992   -2.006198   -7.011554
 0.309941   -2.018136   -7.073583
 0.311891   -2.033780   -10.695360
 0.313840   -2.059832   -7.832045
 0.315790   -2.064306   -5.035843
 0.317739   -2.079462   -9.331500
 0.319688   -2.100680   -8.434801
 0.321637   -2.112340   -7.297032
 0.323587   -2.129134   -8.122049
 0.325536   -2.144009   -8.400662
 0.327485   -2.161880   -10.121991
 0.329435   -2.183477   -10.550734
 0.331384   -2.203018   -7.015703
 0.333333   -2.210824   -6.463251
 0.335283   -2.228223   -11.265050
 0.337232   -2.254742   -8.912963
 0.339181   -2.262966   -7.600974
 0.341131   -2.284385   -12.145589
 0.343080   -2.310319   -10.290479
 0.345029   -2.324497   -6.768539
 0.346979   -2.336709   -9.885208
 0.348928   -2.363032   -12.562154
 0.350877   -2.385676   -8.084782
 0.352826   -2.394547   -6.981470
 0.354776   -2.412902   -12.098683
 0.356725   -2.441714   -13.322479
 0.358675   -2.464843   -9.899963
 0.360624   -2.480318   -7.376153
 0.362573   -2.493595   -7.586969
 0.364522   -2.509892   -11.366156
 0.366472   -2.537918   -14.151392
 0.368421   -2.565069   -10.958983
 0.370370   -2.580636   -7.264959
 0.372320   -2.593393   -12.047478
 0.374269   -2.627598   -15.391617
 0.376218   -2.653390   -9.957758
 0.378168   -2.666417   -9.331728
 0.380117   -2.689769   -8.676400
 0.382066   -2.700238   -10.374276
 0.384016   -2.730228   -13.496180
 0.385965   -2.752863   -10.955799
 0.387914   -2.772934   -14.567943
 0.389863   -2.809649   -13.190401
 0.391813   -2.824352   -7.337179
 0.393762   -2.838257   -10.209715
 0.395711   -2.864149   -14.476104
 0.397661   -2.894702   -13.168001
 0.399610   -2.915497   -10.643451
 0.401560   -2.936200   -11.350325
 0.403509   -2.959750   -14.002301
 0.405458   -2.990781   -12.426500
 0.407407   -3.008188   -9.906590
 0.409357   -3.029409   -14.387934
 0.411306   -3.064280   -15.774064
 0.413255   -3.090896   -12.345054
 0.415205   -3.112411   -10.860620
 0.417154   -3.133242   -12.539603
 0.419103   -3.161290   -13.677852
 0.421053   -3.186571   -14.397842
 0.423002   -3.217424   -12.682050
 0.424951   -3.236005   -10.162860
 0.426901   -3.257051   -13.377867
 0.428850   -3.288161   -13.732363
 0.430799   -3.310579   -13.144164
 0.432748   -3.339397   -15.416881
 0.434698   -3.370691   -12.695171
 0.436647   -3.388902   -10.518608
 0.438597   -3.411706   -14.858084
 0.440546   -3.446827   -16.577286
 0.442495   -3.476324   -15.098050
 0.444444   -3.505679   -14.315063
 0.446394   -3.532137   -13.676269
 0.448343   -3.559003   -12.245422
 0.450292   -3.579869   -13.808964
 0.452242   -3.612850   -15.473571
 0.454191   -3.640204   -12.224590
 0.456140   -3.660502   -14.849376
 0.458090   -3.698110   -16.732278
 0.460039   -3.725746   -13.718071
 0.461988   -3.751583   -16.682279
 0.463938   -3.790797   -16.962597
 0.465887   -3.817727   -11.071680
 0.467836   -3.833954   -14.282703
 0.469786   -3.873427   -17.107515
 0.471735   -3.900663   -14.668447
 0.473684   -3.930605   -14.488075
 0.475633   -3.957137   -13.259399
 0.477583   -3.982302   -16.700843
 0.479532   -4.022246   -15.554980
 0.481482   -4.042941   -14.024972
 0.483431   -4.076923   -18.769053
 0.485380   -4.116103   -15.785509
 0.487329   -4.138455   -13.616044
 0.489279   -4.169196   -16.443461
 0.491228   -4.202566   -15.682052
 0.493177   -4.230325   -15.127647
 0.495127   -4.261551   -16.907023
 0.497076   -4.296244   -16.014630
 0.499025   -4.323976   -15.241317
 0.500975   -4.355672   -19.656305
 0.502924   -4.400609   -18.723900
 0.504873   -4.428657   -12.638426
 0.506823   -4.449883   -14.589910
 0.508772   -4.485536   -16.466559
 0.510721   -4.514069   -18.010381
 0.512671   -4.555765   -19.924825
 0.514620   -4.591759   -15.131882
 0.516569   -4.614749   -13.372746
 0.518518   -4.643886   -18.044361
 0.520468   -4.685110   -21.413356
 0.522417   -4.727376   -15.958107
 0.524366   -4.747315   -13.325355
 0.526316   -4.779338   -17.631446
 0.528265   -4.816058   -19.538514
 0.530214   -4.855499   -20.225561
 0.532164   -4.894917   -17.176006
 0.534113   -4.922475   -14.524620
 0.536062   -4.951534   -16.149212
 0.538012   -4.985443   -19.587655
 0.539961   -5.027902   -19.022513
 0.541910   -5.059593   -14.482997
 0.543860   -5.084368   -17.011516
 0.545809   -5.125912   -21.292746
 0.547758   -5.167367   -19.545562
 0.549708   -5.202117   -16.020654
 0.551657   -5.229835   -16.661631
 0.553606   -5.267064   -22.213855
 0.555556   -5.316453   -20.182778
 0.557505   -5.345767   -13.490509
 0.559454   -5.369039   -18.706567
 0.561404   -5.418717   -22.759215
 0.563353   -5.457783   -15.857824
 0.565302   -5.480531   -16.292656
 0.567252   -5.521317   -21.805208
 0.569201   -5.565547   -21.821867
 0.571150   -5.606378   -16.757494
 0.573099   -5.630868   -15.602755
 0.575049   -5.667220   -23.182688
 0.576998   -5.721248   -20.281115
 0.578947   -5.746275   -13.433419
 0.580897   -5.773627   -22.232849
 0.582846   -5.832945   -25.367891
 0.584795   -5.872511   -16.065744
 0.586745   -5.895577   -15.235035
 0.588694   -5.931905   -19.498951
 0.590643   -5.971584   -21.092406
 0.592593   -6.014146   -23.029546
 0.594542   -6.061374   -21.198513
 0.596491   -6.096778   -17.690748
 0.598441   -6.130349   -19.348282
 0.600390   -6.172212   -20.904824
 0.602339   -6.211836   -21.521938
 0.604289   -6.256129   -20.074123
 0.606238   -6.290110   -17.518823
 0.608187   -6.324417   -19.401933
 0.610136   -6.365739   -22.110552
 0.612086   -6.410628   -23.719078
 0.614035   -6.458218   -22.986935
 0.615984   -6.500231   -18.867476
 0.617934   -6.531777   -18.274468
 0.619883   -6.571479   -20.724243
 0.621832   -6.612560   -22.071906
 0.623782   -6.657539   -22.182632
 0.625731   -6.699052   -20.405067
 0.627680   -6.737078   -22.877053
 0.629630   -6.788256   -23.294879
 0.631579   -6.827911   -17.743002
 0.633528   -6.857419   -19.905044
 0.635478   -6.905530   -25.006113
 0.637427   -6.954917   -22.426147
 0.639376   -6.992947   -19.846042
 0.641325   -7.032277   -19.941486
 0.643275   -7.070699   -21.893838
 0.645224   -7.117636   -23.477710
 0.647173   -7.162215   -24.098827
 0.649123   -7.211600   -22.386467
 0.651072   -7.249506   -18.916695
 0.653021   -7.285337   -22.964848
 0.654971   -7.339055   -27.244202
 0.656920   -7.391563   -23.122912
 0.658869   -7.429188   -19.963749
 0.660819   -7.469403   -22.767720
 0.662768   -7.517955   -22.269649
 0.664717   -7.556210   -21.467104
 0.666667   -7.601659   -25.728257
 0.668616   -7.656520   -24.103651
 0.670565   -7.695615   -20.432760
 0.672515   -7.736188   -24.636471
 0.674464   -7.791665   -24.422632
 0.676413   -7.831387   -23.658694
 0.678363   -7.883917   -25.519693
 0.680312   -7.930891   -22.151800
 0.682261   -7.970264   -25.009229
 0.684211   -8.028412   -24.856314
 0.686160   -8.067189   -21.367659
 0.688109   -8.111703   -26.480535
 0.690059   -8.170444   -25.537684
 0.692008   -8.211284   -22.138293
 0.693957   -8.256739   -24.863828
 0.695906   -8.308203   -25.041622
 0.697856   -8.354374   -25.862251
 0.699805   -8.409035   -27.509377
 0.701754   -8.461605   -25.521811
 0.703704   -8.508542   -23.007399
 0.705653   -8.551313   -22.393011
 0.707602   -8.595830   -26.063854
 0.709552   -8.652942   -31.762177
 0.711501   -8.719666   -26.780439
 0.713450   -8.757333   -22.231507
 0.715400   -8.806352   -28.498957
 0.717349   -8.868443   -26.132558
 0.719298   -8.908217   -24.576528
 0.721248   -8.964276   -30.606408
 0.723197   -9.027548   -28.809928
 0.725146   -9.076577   -23.790889
 0.727096   -9.120306   -25.744426
 0.729045   -9.176948   -31.813328
 0.730994   -9.244314   -27.944931
 0.732943   -9.285877   -24.687152
 0.734893   -9.340576   -32.935793
 0.736842   -9.414284   -30.239561
 0.738791   -9.458450   -25.427238
 0.740741   -9.513430   -29.812198
 0.742690   -9.574684   -29.797769
 0.744639   -9.629582   -30.152652
 0.746589   -9.692253   -29.887794
 0.748538   -9.746119   -28.367804
 0.750487   -9.802831   -31.379208
 0.752437   -9.868471   -33.433767
 0.754386   -9.933190   -31.677661
 0.756335   -9.991950   -28.832368
 0.758285   -10.045605   -30.862934
 0.760234   -10.112278   -33.008493
 0.762183   -10.174272   -31.748926
 0.764133   -10.236067   -34.806572
 0.766082   -10.309976   -34.744322
 0.768031   -10.371501   -32.430103
 0.769980   -10.436389   -33.319977
 0.771930   -10.501415   -32.297153
 0.773879   -10.562318   -36.370256
 0.775829   -10.643233   -38.990688
 0.777778   -10.714347   -34.288964
 0.779727   -10.776892   -34.298687
 0.781676   -10.848044   -35.352246
 0.783626   -10.914728   -37.609520
 0.785575   -10.994676   -40.769923
 0.787524   -11.073649   -37.846339
 0.789474   -11.142234   -35.364381
 0.791423   -11.211534   -37.836707
 0.793372   -11.289721   -40.310488
 0.795322   -11.368705   -40.092206
 0.797271   -11.446042   -41.785114
 0.799220   -11.531583   -41.812112
 0.801170   -11.609063   -42.241516
 0.803119   -11.696278   -41.924392
 0.805068   -11.772484   -40.259276
 0.807018   -11.853251   -43.103296
 0.808967   -11.940541   -45.179058
 0.810916   -12.029359   -45.776803
 0.812866   -12.119025   -44.310254
 0.814815   -12.202128   -45.311039
 0.816764   -12.295647   -47.384020
 0.818713   -12.386831   -48.118267
 0.820663   -12.483263   -49.436933
 0.822612   -12.579586   -47.168329
 0.824561   -12.667125   -46.139443
 0.826511   -12.759486   -50.989772
 0.828460   -12.865927   -50.878972
 0.830409   -12.957812   -49.899325
 0.832359   -13.060490   -57.227194
 0.834308   -13.180932   -53.244733
 0.836257   -13.268038   -49.638395
 0.838207   -13.374482   -57.295771
 0.840156   -13.491429   -55.199639
 0.842105   -13.589650   -56.087098
 0.844055   -13.710124   -59.910236
 0.846004   -13.823244   -57.320432
 0.847953   -13.933559   -60.124624
 0.849903   -14.057677   -63.373662
 0.851852   -14.180653   -66.547987
 0.853801   -14.317081   -69.865243
 0.855750   -14.452988   -69.904080
 0.857700   -14.589637   -73.652279
 0.859649   -14.740151   -74.987991
 0.861598   -14.881940   -74.866775
 0.863548   -15.032061   -78.297463
 0.865497   -15.187220   -78.739863
 0.867446   -15.338989   -80.291042
 0.869396   -15.500279   -85.401710
 0.871345   -15.671965   -90.835816
 0.873294   -15.854357   -93.205135
 0.875244   -16.035371   -93.863147
 0.877193   -16.220328   -99.560440
 0.879142   -16.423457   -106.788625
 0.881092   -16.636702   -113.591614
 0.883041   -16.866343   -120.748323
 0.884990   -17.107379   -125.531917
 0.886940   -17.355795   -136.522172
 0.888889   -17.639660   -152.673977
 0.890838   -17.950918   -162.121949
 0.892787   -18.271612   -174.798052
 0.894737   -18.632476   -192.100625
 0.896686   -19.020598   -205.099288
 0.898636   -19.432171   -222.721375
 0.900585   -19.888965   -247.045401
 0.902534   -20.395153   -276.335065
 0.904483   -20.966119   -311.643864
 0.906433   -21.610290   -357.091923
 0.908382   -22.358367   -405.197576
 0.910331   -23.189750   -458.046285
 0.912281   -24.144353   -528.782443
 0.914230   -25.251395   -599.849062
 0.916179   -26.482564   -677.453335
 0.918129   -27.892877   -777.390748
 0.920078   -29.513502   -886.266721
 0.922027   -31.347545   -1007.044717
 0.923977   -33.440102   -1149.776770
 0.925926   -35.830371   -1304.606065
 0.927875   -38.525456   -1474.439030
 0.929825   -41.579392   -1671.996347
 0.931774   -45.044358   -1884.525014
 0.933723   -48.925270   -2116.134379
 0.935673   -53.295416   -2378.203042
 0.937622   -58.197610   -2657.882613
 0.939571   -63.655843   -2966.761681
 0.941520   -69.762047   -3413.775098
 0.943470   -76.966713   -1991.233194
 0.945419   -77.529271   -27.101440
 0.947368   -77.072355   -1679.890072
 0.949318   -84.082992   -3848.109158
 0.951267   -92.075627   -4123.559894
 0.953216   -100.156629   -4142.455332
 0.955166   -108.227053   -4081.288212
 0.957115   -116.069686   -3880.829029
 0.959064   -123.354524   -3551.058663
 0.961014   -129.914891   -3112.346995
 0.962963   -135.490069   -2519.848938
 0.964912   -139.737262   -1814.086764
 0.966862   -142.562463   -1047.752181
 0.968811   -143.823249   -197.247849
 0.970760   -143.331335   671.527448
 0.972710   -141.204125   1494.419551
 0.974659   -137.505400   2277.444016
 0.976608   -132.326649   2986.463310
 0.978557   -125.864166   3565.442118
 0.980507   -118.424490   4008.524804
 0.982456   -110.235314   4327.729974
 0.984406   -101.550419   4511.500742
 0.986355   -92.645088   4579.640038
 0.988304   -83.698982   4547.047177
 0.990253   -74.920698   4409.080352
 0.992203   -66.508168   4185.495071
 0.994152   -58.601196   3911.298494
 0.996101   -51.261926   3596.697964
 0.998051   -44.578009   2246.934493
 1.000000   -42.498768   1066.824358
514 psinorm er(kV/m) der/dpsiN
 0.000000   -0.000000   143.363685
 0.001949   0.279416   95.491685
 0.003899   0.372226   40.901722
 0.005848   0.438905   30.345238
 0.007797   0.490512   24.160367
 0.009747   0.533102   20.473444
 0.011696   0.570341   17.546233
 0.013645   0.601497   15.023662
 0.015595   0.628916   13.511917
 0.017544   0.654181   12.082916
 0.019493   0.676015   10.628809
 0.021442   0.695612   9.495822
 0.023392   0.713038   8.903503
 0.025341   0.730327   8.250499
 0.027290   0.745199   7.287640
 0.029240   0.758741   6.616993
 0.031189   0.770999   5.988390
 0.033138   0.782083   5.717965
 0.035088   0.793294   5.254603
 0.037037   0.802572   4.566760
 0.038986   0.811095   4.478108
 0.040936   0.820032   4.129021
 0.042885   0.827195   3.251306
 0.044834   0.832706   3.303346
 0.046784   0.840075   3.037114
 0.048733   0.844549   2.533339
 0.050682   0.849950   2.697513
 0.052632   0.855067   1.862939
 0.054581   0.857216   2.080766
 0.056530   0.863178   2.336449
 0.058480   0.866324   1.201625
 0.060429   0.867863   1.237401
 0.062378   0.871147   1.086152
 0.064327   0.872097   0.820943
 0.066277   0.874349   1.111764
 0.068226   0.876432   0.741600
 0.070175   0.877240   0.784871
 0.072125   0.879493   0.368945
 0.074074   0.878680   -0.362842
 0.076023   0.878079   0.483857
 0.077973   0.880568   0.489128
 0.079922   0.879987   -0.202319
 0.081871   0.879779   -0.102749
 0.083821   0.879587   -0.505134
 0.085770   0.877810   -0.799485
 0.087719   0.876470   -0.237979
 0.089669   0.876883   -0.185943
 0.091618   0.875746   -0.899160
 0.093567   0.873379   -1.195889
 0.095517   0.871084   -0.695350
 0.097466   0.870666   0.075995
 0.099415   0.871380   -0.723858
 0.101364   0.867845   -2.251711
 0.103314   0.862599   -1.853001
 0.105263   0.860618   -0.604706
 0.107213   0.860243   -0.140273
 0.109162   0.860071   -0.717801
 0.111111   0.857445   -2.500357
 0.113060   0.850325   -2.164424
 0.115010   0.849008   -0.600211
 0.116959   0.847984   -1.305206
 0.118908   0.843921   -1.538615
 0.120858   0.841987   -0.925507
 0.122807   0.840312   -1.632921
 0.124756   0.835621   -2.356649
 0.126706   0.831124   -1.730147
 0.128655   0.828874   -1.420822
 0.130604   0.825585   -2.147351
 0.132554   0.820501   -2.032857
 0.134503   0.817658   -1.191745
 0.136452   0.815856   -1.904086
 0.138402   0.810232   -2.296174
 0.140351   0.806902   -1.428308
 0.142300   0.804664   -1.087147
 0.144250   0.802663   -2.016646
 0.146199   0.796803   -2.082543
 0.148148   0.794545   -1.299506
 0.150097   0.791738   -3.018403
 0.152047   0.782773   -2.872343
 0.153996   0.780535   -1.406866
 0.155945   0.777289   -1.016869
 0.157895   0.776572   -0.834268
 0.159844   0.774037   -3.278099
 0.161793   0.763794   -2.893084
 0.163743   0.762762   -1.023017
 0.165692   0.759806   -2.357323
 0.167641   0.753573   -1.936714
 0.169591   0.752257   -1.766110
 0.171540   0.746689   -2.533256
 0.173489   0.742383   -2.100299
 0.175439   0.738500   -1.926339
 0.177388   0.734872   -1.397929
 0.179337   0.733051   -1.663533
 0.181286   0.728387   -2.312060
 0.183236   0.724037   -2.245965
 0.185185   0.719630   -2.303216
 0.187135   0.715056   -2.249037
 0.189084   0.710861   -2.389059
 0.191033   0.705744   -1.934830
 0.192983   0.703319   -1.155589
 0.194932   0.701238   -1.200145
 0.196881   0.698640   -2.687857
 0.198830   0.690761   -2.723378
 0.200780   0.688025   -0.691694
 0.202729   0.688062   -2.073953
 0.204678   0.679940   -2.846240
 0.206628   0.676968   -1.418863
 0.208577   0.674408   -1.540654
 0.210526   0.670962   -2.328980
 0.212476   0.665326   -2.168576
 0.214425   0.662505   -1.019909
 0.216374   0.661351   -1.791264
 0.218324   0.655519   -2.271136
 0.220273   0.652494   -2.283047
 0.222222   0.646620   -2.508421
 0.224171   0.642716   -0.650420
 0.226121   0.644086   -0.461322
 0.228070   0.640920   -2.500415
 0.230019   0.634340   -3.286788
 0.231969   0.628105   -1.184451
 0.233918   0.629717   -0.663265
 0.235867   0.625519   -2.716440
 0.237817   0.619125   -1.260041
 0.239766   0.620602   -1.381358
 0.241715   0.613740   -2.152214
 0.243665   0.612214   -0.684422
 0.245614   0.611072   -2.087372
 0.247563   0.604077   -2.224348
 0.249513   0.602402   -1.402559
 0.251462   0.598610   -1.520045
 0.253411   0.596476   -0.995594
 0.255361   0.594728   -1.448765
 0.257310   0.590829   -0.920967
 0.259259   0.591138   -1.703148
 0.261209   0.584185   -2.821719
 0.263158   0.580135   -0.850722
 0.265107   0.580868   -0.418127
 0.267056   0.578505   -1.795592
 0.269006   0.573866   -2.259442
 0.270955   0.569695   -1.029606
 0.272904   0.569853   -0.489590
 0.274854   0.567785   -1.636053
 0.276803   0.563475   -1.764371
 0.278752   0.560907   -0.555580
 0.280702   0.561310   -1.035012
 0.282651   0.556874   -1.810305
 0.284600   0.554254   -0.577021
 0.286550   0.554626   -1.746337
 0.288499   0.547449   -1.872419
 0.290448   0.547327   0.055997
 0.292398   0.547667   -1.116873
 0.294347   0.542975   -1.257011
 0.296296   0.542767   -1.339766
 0.298246   0.537749   -1.812050
 0.300195   0.535701   -0.584767
 0.302144   0.535470   -0.719384
 0.304094   0.532895   -1.227061
 0.306043   0.530685   -0.533453
 0.307992   0.530815   -0.731351
 0.309941   0.527834   -1.440235
 0.311891   0.525200   0.015601
 0.313840   0.527893   -0.672880
 0.315790   0.522572   -1.964761
 0.317739   0.520230   -0.611154
 0.319688   0.520190   -0.808318
 0.321637   0.517080   -0.844646
 0.323587   0.516898   -0.643219
 0.325536   0.514573   -0.741936
 0.327485   0.514006   -0.196574
 0.329435   0.513807   -0.674997
 0.331384   0.511376   -1.469870
 0.333333   0.508077   -0.924090
 0.335283   0.507774   -0.061700
 0.337232   0.507836   -0.835042
 0.339181   0.504519   -0.911716
 0.341131   0.504283   -0.048502
 0.343080   0.504330   -0.197421
 0.345029   0.503513   -0.987438
 0.346979   0.500479   -0.768841
 0.348928   0.500514   -0.102293
 0.350877   0.500080   -1.008309
 0.352826   0.496584   -1.021566
 0.354776   0.496098   0.442993
 0.356725   0.498310   0.450200
 0.358675   0.497852   -0.845560
 0.360624   0.495014   -1.520040
 0.362573   0.491927   -1.027995
 0.364522   0.491007   0.278859
 0.366472   0.493016   0.459682
 0.368421   0.492800   -0.309384
 0.370370   0.491810   -1.077048
 0.372320   0.488600   -0.203165
 0.374269   0.491015   1.005635
 0.376218   0.492520   -0.460625
 0.378168   0.489217   -0.928027
 0.380117   0.488900   -1.056554
 0.382066   0.485098   -0.490592
 0.384016   0.486990   0.384571
 0.385965   0.486599   -0.306935
 0.387914   0.485794   0.844844
 0.389863   0.489892   0.159206
 0.391813   0.486410   -1.699029
 0.393762   0.483267   -0.453081
 0.395711   0.484644   0.794689
 0.397661   0.486366   0.220765
 0.399610   0.485506   -0.466065
 0.401560   0.484549   -0.384236
 0.403509   0.484008   0.298435
 0.405458   0.485712   0.083280
 0.407407   0.484333   -0.602718
 0.409357   0.483362   0.264905
 0.411306   0.485364   0.814216
 0.413255   0.486536   0.037872
 0.415205   0.485510   -0.421446
 0.417154   0.484893   0.146462
 0.419103   0.486081   0.023044
 0.421053   0.484981   0.192190
 0.423002   0.486829   0.109681
 0.424951   0.485409   -0.666808
 0.426901   0.484229   0.152179
 0.428850   0.486001   0.160671
 0.430799   0.484856   -0.015553
 0.432748   0.485940   0.620218
 0.434698   0.487274   0.029829
 0.436647   0.486058   -0.630580
 0.438597   0.484815   0.093134
 0.440546   0.486419   0.769099
 0.442495   0.487813   0.596812
 0.444444   0.488746   0.562474
 0.446394   0.490007   0.064083
 0.448343   0.488997   -0.703327
 0.450292   0.487265   0.521510
 0.452242   0.491033   0.713674
 0.454191   0.490050   -0.693039
 0.456140   0.488331   0.487296
 0.458090   0.491953   0.657860
 0.460039   0.490899   -0.061398
 0.461988   0.491714   1.161690
 0.463938   0.495430   0.668572
 0.465887   0.494323   -0.773978
 0.467836   0.492413   0.445033
 0.469786   0.496061   0.635570
 0.471735   0.494893   -0.037576
 0.473684   0.495914   0.435103
 0.475633   0.496589   -0.210534
 0.477583   0.495092   0.519570
 0.479532   0.498612   0.489436
 0.481482   0.496998   -0.095459
 0.483431   0.498239   1.203130
 0.485380   0.501688   0.410256
 0.487329   0.499838   -0.259510
 0.489279   0.500677   0.512859
 0.491228   0.501837   0.460068
 0.493177   0.502471   0.384323
 0.495127   0.503336   0.500836
 0.497076   0.504423   0.382044
 0.499025   0.504825   0.328854
 0.500975   0.505706   1.182706
 0.502924   0.509435   1.043887
 0.504873   0.509775   -0.372025
 0.506823   0.507984   -0.167832
 0.508772   0.509119   0.386571
 0.510721   0.509490   0.913745
 0.512671   0.512683   1.097335
 0.514620   0.513770   -0.181239
 0.516569   0.511977   -0.359774
 0.518518   0.512368   0.921321
 0.520468   0.515570   1.701866
 0.522417   0.519003   0.323747
 0.524366   0.516832   -0.392967
 0.526316   0.517472   0.408731
 0.528265   0.518426   0.979308
 0.530214   0.521290   1.525977
 0.532164   0.524376   0.377659
 0.534113   0.522765   -0.356957
 0.536062   0.522984   0.213222
 0.538012   0.523596   1.028025
 0.539961   0.526991   0.937200
 0.541910   0.527249   -0.429458
 0.543860   0.525316   0.338741
 0.545809   0.528567   1.522863
 0.547758   0.531252   0.841731
 0.549708   0.531848   -0.274072
 0.551657   0.530184   0.246261
 0.553606   0.532808   2.080468
 0.555556   0.538297   0.994312
 0.557505   0.536689   -1.016972
 0.559454   0.534333   0.788001
 0.561404   0.539765   1.602057
 0.563353   0.540582   -0.379079
 0.565302   0.538287   0.183654
 0.567252   0.541301   1.598759
 0.569201   0.544521   1.568222
 0.571150   0.547414   0.168852
 0.573099   0.545179   -0.447221
 0.575049   0.545671   1.564869
 0.576998   0.551278   0.878424
 0.578947   0.549096   -1.069338
 0.580897   0.547109   1.559754
 0.582846   0.555172   2.751911
 0.584795   0.557836   -0.435467
 0.586745   0.553470   -0.914850
 0.588694   0.554266   0.850844
 0.590643   0.556787   1.413290
 0.592593   0.559777   1.608398
 0.594542   0.563058   0.881124
 0.596491   0.563211   0.175342
 0.598441   0.563742   0.371868
 0.600390   0.564661   0.910223
 0.602339   0.567290   1.426117
 0.604289   0.570221   0.360893
 0.606238   0.568699   -0.241102
 0.608187   0.569282   0.839867
 0.610136   0.571973   1.454195
 0.612086   0.574952   1.625909
 0.614035   0.578312   1.592865
 0.615984   0.581161   0.303145
 0.617934   0.579492   -0.191899
 0.619883   0.580411   0.936883
 0.621832   0.583144   1.517570
 0.623782   0.586328   1.096647
 0.625731   0.587421   0.403954
 0.627680   0.587903   1.549054
 0.629630   0.593463   1.698125
 0.631579   0.594526   -0.173530
 0.633528   0.592787   0.403834
 0.635478   0.596103   1.754569
 0.637427   0.599628   1.140554
 0.639376   0.600549   0.422735
 0.641325   0.601276   0.442680
 0.643275   0.602275   1.218950
 0.645224   0.606027   1.776736
 0.647173   0.609201   1.723851
 0.649123   0.612748   0.673321
 0.651072   0.611829   -0.015092
 0.653021   0.612689   1.778731
 0.654971   0.618767   2.580438
 0.656920   0.622752   1.289436
 0.658869   0.623793   0.629617
 0.660819   0.625207   0.843192
 0.662768   0.627080   0.790490
 0.664717   0.628288   1.296072
 0.666667   0.632135   2.093223
 0.668616   0.636449   1.485920
 0.670565   0.637927   0.851024
 0.672515   0.639768   1.621844
 0.674464   0.644249   1.573473
 0.676413   0.645901   1.542811
 0.678363   0.650266   1.711704
 0.680312   0.652576   1.082551
 0.682261   0.654486   2.279792
 0.684211   0.661468   1.870746
 0.686160   0.661783   0.638390
 0.688109   0.663956   2.390169
 0.690059   0.671105   2.004519
 0.692008   0.671775   0.866461
 0.693957   0.674483   1.944086
 0.695906   0.679353   2.010667
 0.697856   0.682321   2.217938
 0.699805   0.687999   2.814331
 0.701754   0.693292   2.186671
 0.703704   0.696524   1.173518
 0.705653   0.697868   1.209917
 0.707602   0.701240   2.397614
 0.709552   0.707218   3.755892
 0.711501   0.715883   2.605747
 0.713450   0.717375   1.422038
 0.715400   0.721429   2.799270
 0.717349   0.728288   2.244639
 0.719298   0.730179   2.230767
 0.721248   0.736988   3.630460
 0.723197   0.744334   3.095256
 0.725146   0.749053   1.941071
 0.727096   0.751901   2.167374
 0.729045   0.757503   4.008860
 0.730994   0.767527   3.360489
 0.732943   0.770602   2.318257
 0.734893   0.776568   4.367303
 0.736842   0.787627   3.790852
 0.738791   0.791344   2.629232
 0.740741   0.797880   3.490974
 0.742690   0.804955   3.542910
 0.744639   0.811690   4.178906
 0.746589   0.821250   3.859357
 0.748538   0.826740   3.334978
 0.750487   0.834250   4.577850
 0.752437   0.844591   4.846228
 0.754386   0.853147   4.344887
 0.756335   0.861527   3.842442
 0.758285   0.868127   4.103776
 0.760234   0.877526   4.798923
 0.762183   0.886834   4.901598
 0.764133   0.896638   5.767083
 0.766082   0.909318   5.362322
 0.768031   0.917540   4.816713
 0.769980   0.928093   5.573034
 0.771930   0.939270   5.239080
 0.773879   0.948522   6.004126
 0.775829   0.962682   6.859056
 0.777778   0.975266   5.906950
 0.779727   0.985708   5.946055
 0.781676   0.998444   6.151008
 0.783626   1.009690   6.509462
 0.785575   1.023823   7.783387
 0.787524   1.040029   7.369501
 0.789474   1.052554   6.040529
 0.791423   1.063582   6.741098
 0.793372   1.078831   8.041097
 0.795322   1.094935   7.866808
 0.797271   1.109505   8.597858
 0.799220   1.128449   8.785821
 0.801170   1.143759   8.050701
 0.803119   1.159838   8.199039
 0.805068   1.175718   8.343010
 0.807018   1.192368   8.815332
 0.808967   1.210089   9.580886
 0.810916   1.229714   9.695082
 0.812866   1.247889   9.012461
 0.814815   1.264855   9.874589
 0.816764   1.286380   10.515400
 0.818713   1.305844   10.236452
 0.820663   1.326293   10.708557
 0.822612   1.347596   10.303000
 0.824561   1.366454   9.887794
 0.826511   1.386149   10.911244
 0.828460   1.408995   11.133825
 0.830409   1.429549   11.296178
 0.832359   1.453041   12.837159
 0.834308   1.479599   11.369340
 0.836257   1.497358   10.382445
 0.838207   1.520083   12.475004
 0.840156   1.545997   12.125771
 0.842105   1.567349   12.241742
 0.844055   1.593730   12.675833
 0.846004   1.616774   11.711632
 0.847953   1.639382   12.643067
 0.849903   1.666071   13.513778
 0.851852   1.692072   14.276640
 0.853801   1.721721   15.185483
 0.855750   1.751265   14.783025
 0.857700   1.779360   15.170430
 0.859649   1.810413   15.218641
 0.861598   1.838682   14.670614
 0.863548   1.867614   14.533542
 0.865497   1.895349   13.981928
 0.867446   1.922116   13.899364
 0.869396   1.949543   13.749539
 0.871345   1.975726   14.152004
 0.873294   2.004707   14.054215
 0.875244   2.030522   12.373430
 0.877193   2.052953   12.174124
 0.879142   2.077976   12.519081
 0.881092   2.101764   12.292348
 0.883041   2.125904   12.057450
 0.884990   2.148764   10.452620
 0.886940   2.166656   10.188470
 0.888889   2.188487   11.421855
 0.890838   2.211179   10.113045
 0.892787   2.227908   9.059711
 0.894737   2.246504   9.293679
 0.896686   2.264144   8.592776
 0.898636   2.280006   8.030761
 0.900585   2.295456   7.684723
 0.902534   2.309961   7.550395
 0.904483   2.324888   7.263293
 0.906433   2.338280   8.024731
 0.908382   2.356174   8.708872
 0.910331   2.372227   8.928029
 0.912281   2.390986   11.045513
 0.914230   2.415290   11.853281
 0.916179   2.437190   12.202620
 0.918129   2.462870   14.836707
 0.920078   2.495035   17.530533
 0.922027   2.531204   19.993929
 0.923977   2.572994   23.468007
 0.925926   2.622702   27.276496
 0.927875   2.679318   31.154827
 0.929825   2.744179   35.875473
 0.931774   2.819191   41.126957
 0.933723   2.904492   47.022613
 0.935673   3.002539   53.114163
 0.937622   3.111578   58.937044
 0.939571   3.232275   64.796418
 0.941520   3.364155   68.288473
 0.943470   3.498533   73.296965
 0.945419   3.649931   87.793872
 0.947368   3.840754   105.767808
 0.949318   4.062335   117.545575
 0.951267   4.299056   124.320134
 0.953216   4.546935   130.731579
 0.955166   4.808786   136.463983
 0.957115   5.079004   139.178857
 0.959064   5.351305   139.918083
 0.961014   5.624545   138.387116
 0.962963   5.890880   132.073553
 0.964912   6.139368   122.260625
 0.966862   6.367563   109.333605
 0.968811   6.565675   91.059527
 0.970760   6.722514   68.280401
 0.972710   6.831876   40.617847
 0.974659   6.880913   8.227065
 0.976608   6.863945   -27.763605
 0.978557   6.772691   -65.787840
 0.980507   6.607400   -104.424944
 0.982456   6.365577   -144.280720
 0.984406   6.044809   -182.284308
 0.986355   5.654886   -214.783342
 0.988304   5.207584   -240.068812
 0.990253   4.719098   -256.421325
 0.992203   4.207785   -263.382302
 0.994152   3.692173   -261.870206
 0.996101   3.187015   -258.955557
 0.998051   2.682506   -345.166227
 1.000000   1.841385   -431.565309
514 psinorm omghb() domghb/dpsiN
 0.000000   0.000000   221.940125
 0.001949   0.432561   191.951845
 0.003899   0.748360   135.815327
 0.005848   0.962158   88.623928
 0.007797   1.093816   51.535451
 0.009747   1.163062   24.575118
 0.011696   1.189657   7.552612
 0.013645   1.192502   2.228997
 0.015595   1.198349   30.341352
 0.017544   1.310749   45.301406
 0.019493   1.374934   32.787267
 0.021442   1.438553   29.790687
 0.023392   1.491082   24.281365
 0.025341   1.533232   24.728041
 0.027290   1.587472   25.723035
 0.029240   1.633522   19.884167
 0.031189   1.665008   20.656733
 0.033138   1.714042   23.215755
 0.035088   1.755522   22.071211
 0.037037   1.800096   20.369220
 0.038986   1.834921   16.369969
 0.040936   1.863919   20.884089
 0.042885   1.916336   24.495629
 0.044834   1.959403   17.846199
 0.046784   1.985910   13.643511
 0.048733   2.012599   13.248336
 0.050682   2.037552   14.407589
 0.052632   2.068777   15.292550
 0.054581   2.097179   16.324149
 0.056530   2.132409   21.716720
 0.058480   2.181860   15.197082
 0.060429   2.191683   9.035716
 0.062378   2.217081   16.234717
 0.064327   2.254966   15.512990
 0.066277   2.277559   13.684601
 0.068226   2.308318   5.499596
 0.070175   2.298996   -0.459561
 0.072125   2.306534   8.398982
 0.074074   2.331735   14.760524
 0.076023   2.364071   19.221373
 0.077973   2.406684   13.327816
 0.079922   2.416053   4.097811
 0.081871   2.422657   10.569138
 0.083821   2.457277   18.951171
 0.085770   2.496545   16.228275
 0.087719   2.520534   0.086555
 0.089669   2.496859   -12.333075
 0.091618   2.472448   4.553726
 0.093567   2.514609   23.507891
 0.095517   2.564109   18.072035
 0.097466   2.585086   -0.776968
 0.099415   2.561081   -3.045724
 0.101364   2.573214   7.582885
 0.103314   2.590649   7.654878
 0.105263   2.603063   12.456857
 0.107213   2.639230   14.875060
 0.109162   2.661068   -7.274426
 0.111111   2.610875   -26.781299
 0.113060   2.556675   -1.904708
 0.115010   2.603500   28.383542
 0.116959   2.667334   13.243914
 0.118908   2.655125   -8.338101
 0.120858   2.634819   -2.816082
 0.122807   2.644130   8.772430
 0.124756   2.669014   27.859922
 0.126706   2.752786   24.855247
 0.128655   2.765961   3.402553
 0.130604   2.766049   -9.158385
 0.132554   2.730234   -21.584379
 0.134503   2.681898   -23.298994
 0.136452   2.639414   -27.945270
 0.138402   2.572927   -14.092912
 0.140351   2.584426   7.538589
 0.142300   2.602312   25.458806
 0.144250   2.683723   38.964108
 0.146199   2.754239   -4.043750
 0.148148   2.667960   -22.426089
 0.150097   2.666822   12.210941
 0.152047   2.715596   1.869309
 0.153996   2.674157   -14.709546
 0.155945   2.658258   -16.993757
 0.157895   2.607880   -11.829784
 0.159844   2.612106   -3.777445
 0.161793   2.593156   3.690046
 0.163743   2.626520   40.862766
 0.165692   2.752432   23.560460
 0.167641   2.718359   -26.789497
 0.169591   2.647962   -45.974846
 0.171540   2.539123   -38.105479
 0.173489   2.499426   8.336324
 0.175439   2.571684   4.039345
 0.177388   2.515242   -7.267727
 0.179337   2.543354   27.706662
 0.181286   2.623242   20.636186
 0.183236   2.623774   -8.796667
 0.185185   2.588962   -11.870396
 0.187135   2.577503   2.448276
 0.189084   2.598492   -24.298150
 0.191033   2.482789   -52.829042
 0.192983   2.392524   -24.834878
 0.194932   2.385915   -1.529162
 0.196881   2.386563   -4.099561
 0.198830   2.369935   4.537917
 0.200780   2.404283   25.941836
 0.202729   2.471065   13.882545
 0.204678   2.458397   -17.954475
 0.206628   2.401038   -39.639068
 0.208577   2.303865   -31.657915
 0.210526   2.277635   29.359290
 0.212476   2.418422   31.153844
 0.214425   2.399186   -37.555944
 0.216374   2.272029   -37.449910
 0.218324   2.253225   3.095431
 0.220273   2.284073   0.016017
 0.222222   2.253287   -23.845462
 0.224171   2.191123   2.985232
 0.226121   2.264996   -3.747845
 0.228070   2.176594   -33.233064
 0.230019   2.135454   5.049176
 0.231969   2.196333   -0.954218
 0.233918   2.131798   -9.185983
 0.235867   2.160526   -6.132658
 0.237817   2.107845   -39.865006
 0.239766   2.005118   -21.023160
 0.241715   2.025896   19.236553
 0.243665   2.080138   29.151387
 0.245614   2.139555   -31.426135
 0.247563   1.957639   -59.563252
 0.249513   1.907385   3.784734
 0.251462   1.972337   -1.235148
 0.253411   1.902571   -18.116296
 0.255361   1.901737   -23.467200
 0.257310   1.811118   -17.659182
 0.259259   1.832901   30.742270
 0.261209   1.931021   13.214579
 0.263158   1.884499   -15.914646
 0.265107   1.868986   -5.513751
 0.267056   1.863006   -25.446417
 0.269006   1.769726   -39.323620
 0.270955   1.709667   -24.457276
 0.272904   1.674391   -14.250274
 0.274854   1.654113   -3.055746
 0.276803   1.662462   -4.712324
 0.278752   1.635744   -16.268191
 0.280702   1.599027   6.252975
 0.282651   1.660074   4.783821
 0.284600   1.617675   -30.997381
 0.286550   1.539197   -13.018050
 0.288499   1.566863   14.998318
 0.290448   1.597660   0.609935
 0.292398   1.569211   -15.899899
 0.294347   1.535669   -10.508916
 0.296296   1.528247   -18.018509
 0.298246   1.465387   -15.167062
 0.300195   1.469076   -5.112263
 0.302144   1.445459   -44.594815
 0.304094   1.295136   -57.778837
 0.306043   1.220141   -21.347263
 0.307992   1.211925   -1.967452
 0.309941   1.212472   17.633632
 0.311891   1.280713   24.377326
 0.313840   1.307540   6.727008
 0.315790   1.306927   -4.966790
 0.317739   1.288184   -24.394550
 0.319688   1.211838   -33.737254
 0.321637   1.156676   -7.684880
 0.323587   1.181915   -10.165557
 0.325536   1.117087   -37.272788
 0.327485   1.036626   3.934168
 0.329435   1.132516   27.637780
 0.331384   1.144429   -18.036238
 0.333333   1.062211   -19.701514
 0.335283   1.067658   -10.091869
 0.337232   1.022889   -30.663075
 0.339181   0.948133   -33.507970
 0.341131   0.892251   -5.967641
 0.343080   0.924820   20.378439
 0.345029   0.971686   5.716305
 0.346979   0.947071   -34.692387
 0.348928   0.836465   -39.546491
 0.350877   0.792919   13.971300
 0.352826   0.890925   25.194516
 0.354776   0.891102   -11.707134
 0.356725   0.845302   -30.381971
 0.358675   0.772629   -2.519333
 0.360624   0.835410   17.429743
 0.362573   0.840570   -21.412287
 0.364522   0.751945   -29.533535
 0.366472   0.725451   -47.568627
 0.368421   0.566543   -59.233247
 0.370370   0.494559   -11.190594
 0.372320   0.522962   33.665194
 0.374269   0.625782   73.501377
 0.376218   0.809470   33.571629
 0.378168   0.756556   -56.841175
 0.380117   0.587906   -49.394894
 0.382066   0.564015   4.687670
 0.384016   0.606217   9.495208
 0.385965   0.601061   -40.095733
 0.387914   0.449924   -61.808219
 0.389863   0.360133   -2.260670
 0.391813   0.441197   21.966132
 0.393762   0.445818   12.163593
 0.395711   0.488611   6.422297
 0.397661   0.470827   -4.707846
 0.399610   0.470246   -22.419966
 0.401560   0.383368   -61.427348
 0.403509   0.230775   -22.221928
 0.405458   0.296746   20.045905
 0.407407   0.308914   -7.305660
 0.409357   0.268235   -32.927379
 0.411306   0.180554   -27.735965
 0.413255   0.160120   11.576251
 0.415205   0.225734   21.197102
 0.417154   0.242792   10.614490
 0.419103   0.267109   29.855155
 0.421053   0.359232   21.018160
 0.423002   0.349111   -29.638405
 0.424951   0.243702   -31.748196
 0.426901   0.225370   5.800295
 0.428850   0.266287   10.755715
 0.430799   0.267296   -12.788988
 0.432748   0.216435   -34.081151
 0.434698   0.134397   -58.383963
 0.436647   -0.011171   -22.320192
 0.438597   0.047476   11.260429
 0.440546   0.032771   -26.980268
 0.442495   -0.057694   -2.630637
 0.444444   0.022517   13.771611
 0.446394   -0.004053   -4.222440
 0.448343   0.006034   35.861989
 0.450292   0.135737   32.421897
 0.452242   0.132379   -37.404518
 0.454191   -0.010032   -46.772749
 0.456140   -0.049941   -34.535321
 0.458090   -0.144713   -34.711626
 0.460039   -0.185309   -0.740577
 0.461988   -0.147600   10.148405
 0.463938   -0.145759   5.986396
 0.465887   -0.124269   19.117249
 0.467836   -0.071240   33.519894
 0.469786   0.006438   25.093010
 0.471735   0.026627   -1.695814
 0.473684   -0.000172   -26.684411
 0.475633   -0.077389   -45.292778
 0.477583   -0.176780   -22.277741
 0.479532   -0.164307   6.582391
 0.481482   -0.151115   -16.359189
 0.483431   -0.228045   -17.345485
 0.485380   -0.218728   -1.712995
 0.487329   -0.234723   12.150442
 0.489279   -0.171313   18.556986
 0.491228   -0.162341   -37.916453
 0.493177   -0.319111   -42.713647
 0.495127   -0.328806   -18.070655
 0.497076   -0.389542   -15.045386
 0.499025   -0.387453   22.772739
 0.500975   -0.300708   11.199222
 0.502924   -0.343721   -13.181732
 0.504873   -0.352090   20.018193
 0.506823   -0.265621   45.313302
 0.508772   -0.175416   6.280449
 0.510721   -0.241140   -31.103462
 0.512671   -0.296683   -32.207972
 0.514620   -0.366711   -32.543512
 0.516569   -0.423537   -0.671143
 0.518518   -0.369327   9.686248
 0.520468   -0.385807   -22.400783
 0.522417   -0.456640   -29.463499
 0.524366   -0.500656   -12.669242
 0.526316   -0.506018   4.906445
 0.528265   -0.481541   12.579321
 0.530214   -0.456984   21.729763
 0.532164   -0.396798   16.537581
 0.534113   -0.392475   -5.878814
 0.536062   -0.419714   -2.682993
 0.538012   -0.402913   11.120609
 0.539961   -0.376360   22.686727
 0.541910   -0.314480   -24.321851
 0.543860   -0.471303   -89.800259
 0.545809   -0.664593   -25.102177
 0.547758   -0.569151   28.113145
 0.549708   -0.555021   -19.509801
 0.551657   -0.645166   -26.503068
 0.553606   -0.658330   27.491881
 0.555556   -0.537907   62.151439
 0.557505   -0.416003   -4.869250
 0.559454   -0.556887   -60.049310
 0.561404   -0.650111   1.128580
 0.563353   -0.552585   18.104846
 0.565302   -0.579538   -50.700579
 0.567252   -0.750340   -31.700078
 0.569201   -0.703248   50.801584
 0.571150   -0.552315   20.876985
 0.573099   -0.621870   -54.918437
 0.575049   -0.766481   -20.383832
 0.576998   -0.701454   53.390947
 0.578947   -0.558363   37.159764
 0.580897   -0.556640   -27.241028
 0.582846   -0.664520   -51.538110
 0.584795   -0.757536   -17.873023
 0.586745   -0.734147   4.272701
 0.588694   -0.740861   -15.651193
 0.590643   -0.795155   -10.197804
 0.592593   -0.780587   -1.917976
 0.594542   -0.802614   -40.729630
 0.596491   -0.939351   -15.027290
 0.598441   -0.861096   79.765155
 0.600390   -0.628426   73.494655
 0.602339   -0.574613   -27.269206
 0.604289   -0.734859   -84.758824
 0.606238   -0.905083   -66.451464
 0.608187   -0.993886   -14.428224
 0.610136   -0.961324   7.302349
 0.612086   -0.965433   -11.455986
 0.614035   -1.005972   -0.759544
 0.615984   -0.968394   7.432156
 0.617934   -0.977018   -2.323750
 0.619883   -0.977459   8.748953
 0.621832   -0.942915   9.085699
 0.623782   -0.942051   -20.700745
 0.625731   -1.023585   -46.883287
 0.627680   -1.124802   -32.815789
 0.629630   -1.151495   32.976786
 0.631579   -0.996319   62.868226
 0.633528   -0.906435   26.418183
 0.635478   -0.893353   -28.165333
 0.637427   -1.016182   -51.750456
 0.639376   -1.095077   -13.388567
 0.641325   -1.068370   -13.947185
 0.643275   -1.149512   -35.372436
 0.645224   -1.206300   -25.109489
 0.647173   -1.247389   -44.824628
 0.649123   -1.381119   -60.274848
 0.651072   -1.482417   -10.464061
 0.653021   -1.421908   44.080544
 0.654971   -1.310521   33.687201
 0.656920   -1.290514   -12.147181
 0.658869   -1.357871   -18.786398
 0.660819   -1.363731   -9.610182
 0.662768   -1.395328   13.850471
 0.664717   -1.309742   10.159557
 0.666667   -1.355783   -61.572070
 0.668616   -1.549735   -58.147282
 0.670565   -1.582441   -26.597387
 0.672515   -1.653458   -30.887495
 0.674464   -1.702883   5.139512
 0.676413   -1.633424   6.113623
 0.678363   -1.679105   -36.524557
 0.680312   -1.775807   -32.133921
 0.682261   -1.804363   -3.190407
 0.684211   -1.788224   15.189818
 0.686160   -1.745151   6.058465
 0.688109   -1.764608   -18.490721
 0.690059   -1.817264   -56.675640
 0.692008   -1.985527   -65.051407
 0.693957   -2.070834   -24.606598
 0.695906   -2.081444   -3.454714
 0.697856   -2.084300   -7.489415
 0.699805   -2.110633   -28.517807
 0.701754   -2.195462   -44.699962
 0.703704   -2.284920   -33.739916
 0.705653   -2.327039   -12.757345
 0.707602   -2.334648   -8.366221
 0.709552   -2.359667   -26.915972
 0.711501   -2.439566   -71.856547
 0.713450   -2.639764   -78.953379
 0.715400   -2.747357   -5.104032
 0.717349   -2.659765   22.571694
 0.719298   -2.659373   -14.600266
 0.721248   -2.716721   -25.914189
 0.723197   -2.760419   -66.161923
 0.725146   -2.974620   -71.603367
 0.727096   -3.039524   -41.828477
 0.729045   -3.137692   -57.133707
 0.730994   -3.262231   -29.724677
 0.732943   -3.253559   -40.478502
 0.734893   -3.420147   -76.334626
 0.736842   -3.551206   -28.900130
 0.738791   -3.532800   8.899912
 0.740741   -3.516506   -21.800470
 0.742690   -3.617739   -82.329287
 0.744639   -3.837426   -70.174464
 0.746589   -3.891264   -44.135392
 0.748538   -4.009477   -73.006462
 0.750487   -4.175844   -34.726387
 0.752437   -4.144774   -21.296793
 0.754386   -4.258805   -60.433417
 0.756335   -4.380343   -62.172196
 0.758285   -4.501214   -80.933642
 0.760234   -4.695866   -60.334447
 0.762183   -4.736398   -41.790793
 0.764133   -4.858850   -93.448040
 0.766082   -5.100691   -105.843483
 0.768031   -5.271428   -83.410196
 0.769980   -5.425824   -54.455698
 0.771930   -5.483701   -30.224797
 0.773879   -5.543669   -54.575807
 0.775829   -5.696540   -101.362103
 0.777778   -5.938834   -111.485886
 0.779727   -6.131112   -63.490745
 0.781676   -6.186321   -43.309141
 0.783626   -6.300004   -44.138307
 0.785575   -6.358444   -50.032970
 0.787524   -6.495033   -102.432429
 0.789474   -6.757893   -128.637596
 0.791423   -6.996603   -107.215050
 0.793372   -7.175817   -90.539890
 0.795322   -7.349615   -73.611776
 0.797271   -7.462861   -80.104500
 0.799220   -7.661862   -112.417626
 0.801170   -7.901198   -76.583641
 0.803119   -7.960554   -31.511452
 0.805068   -8.024029   -57.039134
 0.807018   -8.182999   -89.331042
 0.808967   -8.372315   -112.834975
 0.810916   -8.622830   -143.183902
 0.812866   -8.930619   -116.821913
 0.814815   -9.078400   -75.629193
 0.816764   -9.225421   -56.835191
 0.818713   -9.299944   -26.843675
 0.820663   -9.330062   -67.305545
 0.822612   -9.562264   -114.409227
 0.824561   -9.776029   -79.476707
 0.826511   -9.872084   -64.404628
 0.828460   -10.027113   -80.914240
 0.830409   -10.187487   -85.089220
 0.832359   -10.358881   -94.607332
 0.834308   -10.556348   -76.088081
 0.836257   -10.655472   -33.412579
 0.838207   -10.686589   -10.290765
 0.840156   -10.695607   -29.558999
 0.842105   -10.801810   -78.020420
 0.844055   -10.999856   -127.967596
 0.846004   -11.300703   -183.296258
 0.847953   -11.714345   -183.314483
 0.849903   -12.015388   -181.028128
 0.851852   -12.420120   -208.411828
 0.853801   -12.827777   -163.381695
 0.855750   -13.056982   -103.026220
 0.857700   -13.229447   -22.779723
 0.859649   -13.145932   60.527091
 0.861598   -12.993513   63.695772
 0.863548   -12.897611   71.886762
 0.865497   -12.713272   88.403827
 0.867446   -12.553013   92.813249
 0.869396   -12.351371   105.265676
 0.871345   -12.142586   79.048836
 0.873294   -12.043239   84.190565
 0.875244   -11.814260   134.961935
 0.877193   -11.517058   140.845685
 0.879142   -11.265244   139.260828
 0.881092   -10.974060   147.667931
 0.883041   -10.689483   142.536982
 0.884990   -10.418450   130.684201
 0.886940   -10.179962   141.155915
 0.888889   -9.868121   178.466516
 0.890838   -9.484300   181.164954
 0.892787   -9.161940   183.430607
 0.894737   -8.769068   187.161916
 0.896686   -8.432167   171.566288
 0.898636   -8.100133   177.343955
 0.900585   -7.740717   113.809460
 0.902534   -7.656504   1.559430
 0.904483   -7.734639   -47.934062
 0.906433   -7.843415   -103.437272
 0.908382   -8.137845   -189.947949
 0.910331   -8.583832   -260.245799
 0.912281   -9.152606   -337.125935
 0.914230   -9.898195   -430.590516
 0.916179   -10.831048   -531.039718
 0.918129   -11.968824   -642.934301
 0.920078   -13.337730   -778.835241
 0.922027   -15.004723   -923.746726
 0.923977   -16.939556   -1085.797834
 0.925926   -19.238062   -1275.888925
 0.927875   -21.912971   -1461.363296
 0.929825   -24.936095   -1593.778603
 0.931774   -28.127027   -1582.271889
 0.933723   -31.103791   -1506.318485
 0.935673   -34.000120   -1599.497848
 0.937622   -37.340005   -1923.674147
 0.939571   -41.498602   -2349.948114
 0.941520   -46.500103   -2774.683787
 0.943470   -52.317511   -3164.329391
 0.945419   -58.837461   -3433.594815
 0.947368   -65.701664   -3512.093831
 0.949318   -72.531095   -3375.307264
 0.951267   -78.862241   -2968.058487
 0.953216   -84.100587   -2281.569123
 0.955166   -87.757266   -1382.904367
 0.957115   -89.493516   -429.723460
 0.959064   -89.432328   436.922841
 0.961014   -87.789142   1346.661832
 0.962963   -84.182702   2477.384871
 0.964912   -78.132296   3823.226335
 0.966862   -69.274504   5304.927957
 0.968811   -57.449906   6838.114883
 0.970760   -42.619532   8386.338632
 0.972710   -24.750018   9851.184917
 0.974659   -4.211137   11103.100077
 0.976608   18.529867   12052.152518
 0.978557   42.768154   12542.991058
 0.980507   67.435202   12435.957567
 0.982456   91.256380   11594.636917
 0.984406   112.641436   10602.487452
 0.986355   132.596207   7191.694849
 0.988304   140.674663   2797.674420
 0.990253   143.501542   132.346664
 0.992203   141.188045   -2523.713538
 0.994152   133.664257   -5194.759468
 0.996101   120.938873   -8197.993822
 0.998051   101.696940   -19298.459418
 1.000000   45.713036   -28724.424713
514 psinorm nb(10^20/m^3) dnb/dpsiN
 0.000000   0.000000   0.000000
 0.001949   0.000000   0.000000
 0.003899   0.000000   0.000000
 0.005848   0.000000   0.000000
 0.007797   0.000000   0.000000
 0.009747   0.000000   0.000000
 0.011696   0.000000   0.000000
 0.013645   0.000000   0.000000
 0.015595   0.000000   0.000000
 0.017544   0.000000   0.000000
 0.019493   0.000000   0.000000
 0.021442   0.000000   0.000000
 0.023392   0.000000   0.000000
 0.025341   0.000000   0.000000
 0.027290   0.000000   0.000000
 0.029240   0.000000   0.000000
 0.031189   0.000000   0.000000
 0.033138   0.000000   0.000000
 0.035088   0.000000   0.000000
 0.037037   0.000000   0.000000
 0.038986   0.000000   0.000000
 0.040936   0.000000   0.000000
 0.042885   0.000000   0.000000
 0.044834   0.000000   0.000000
 0.046784   0.000000   0.000000
 0.048733   0.000000   0.000000
 0.050682   0.000000   0.000000
 0.052632   0.000000   0.000000
 0.054581   0.000000   0.000000
 0.056530   0.000000   0.000000
 0.058480   0.000000   0.000000
 0.060429   0.000000   0.000000
 0.062378   0.000000   0.000000
 0.064327   0.000000   0.000000
 0.066277   0.000000   0.000000
 0.068226   0.000000   0.000000
 0.070175   0.000000   0.000000
 0.072125   0.000000   0.000000
 0.074074   0.000000   0.000000
 0.076023   0.000000   0.000000
 0.077973   0.000000   0.000000
 0.079922   0.000000   0.000000
 0.081871   0.000000   0.000000
 0.083821   0.000000   0.000000
 0.085770   0.000000   0.000000
 0.087719   0.000000   0.000000
 0.089669   0.000000   0.000000
 0.091618   0.000000   0.000000
 0.093567   0.000000   0.000000
 0.095517   0.000000   0.000000
 0.097466   0.000000   0.000000
 0.099415   0.000000   0.000000
 0.101364   0.000000   0.000000
 0.103314   0.000000   0.000000
 0.105263   0.000000   0.000000
 0.107213   0.000000   0.000000
 0.109162   0.000000   0.000000
 0.111111   0.000000   0.000000
 0.113060   0.000000   0.000000
 0.115010   0.000000   0.000000
 0.116959   0.000000   0.000000
 0.118908   0.000000   0.000000
 0.120858   0.000000   0.000000
 0.122807   0.000000   0.000000
 0.124756   0.000000   0.000000
 0.126706   0.000000   0.000000
 0.128655   0.000000   0.000000
 0.130604   0.000000   0.000000
 0.132554   0.000000   0.000000
 0.134503   0.000000   0.000000
 0.136452   0.000000   0.000000
 0.138402   0.000000   0.000000
 0.140351   0.000000   0.000000
 0.142300   0.000000   0.000000
 0.144250   0.000000   0.000000
 0.146199   0.000000   0.000000
 0.148148   0.000000   0.000000
 0.150097   0.000000   0.000000
 0.152047   0.000000   0.000000
 0.153996   0.000000   0.000000
 0.155945   0.000000   0.000000
 0.157895   0.000000   0.000000
 0.159844   0.000000   0.000000
 0.161793   0.000000   0.000000
 0.163743   0.000000   0.000000
 0.165692   0.000000   0.000000
 0.167641   0.000000   0.000000
 0.169591   0.000000   0.000000
 0.171540   0.000000   0.000000
 0.173489   0.000000   0.000000
 0.175439   0.000000   0.000000
 0.177388   0.000000   0.000000
 0.179337   0.000000   0.000000
 0.181286   0.000000   0.000000
 0.183236   0.000000   0.000000
 0.185185   0.000000   0.000000
 0.187135   0.000000   0.000000
 0.189084   0.000000   0.000000
 0.191033   0.000000   0.000000
 0.192983   0.000000   0.000000
 0.194932   0.000000   0.000000
 0.196881   0.000000   0.000000
 0.198830   0.000000   0.000000
 0.200780   0.000000   0.000000
 0.202729   0.000000   0.000000
 0.204678   0.000000   0.000000
 0.206628   0.000000   0.000000
 0.208577   0.000000   0.000000
 0.210526   0.000000   0.000000
 0.212476   0.000000   0.000000
 0.214425   0.000000   0.000000
 0.216374   0.000000   0.000000
 0.218324   0.000000   0.000000
 0.220273   0.000000   0.000000
 0.222222   0.000000   0.000000
 0.224171   0.000000   0.000000
 0.226121   0.000000   0.000000
 0.228070   0.000000   0.000000
 0.230019   0.000000   0.000000
 0.231969   0.000000   0.000000
 0.233918   0.000000   0.000000
 0.235867   0.000000   0.000000
 0.237817   0.000000   0.000000
 0.239766   0.000000   0.000000
 0.241715   0.000000   0.000000
 0.243665   0.000000   0.000000
 0.245614   0.000000   0.000000
 0.247563   0.000000   0.000000
 0.249513   0.000000   0.000000
 0.251462   0.000000   0.000000
 0.253411   0.000000   0.000000
 0.255361   0.000000   0.000000
 0.257310   0.000000   0.000000
 0.259259   0.000000   0.000000
 0.261209   0.000000   0.000000
 0.263158   0.000000   0.000000
 0.265107   0.000000   0.000000
 0.267056   0.000000   0.000000
 0.269006   0.000000   0.000000
 0.270955   0.000000   0.000000
 0.272904   0.000000   0.000000
 0.274854   0.000000   0.000000
 0.276803   0.000000   0.000000
 0.278752   0.000000   0.000000
 0.280702   0.000000   0.000000
 0.282651   0.000000   0.000000
 0.284600   0.000000   0.000000
 0.286550   0.000000   0.000000
 0.288499   0.000000   0.000000
 0.290448   0.000000   0.000000
 0.292398   0.000000   0.000000
 0.294347   0.000000   0.000000
 0.296296   0.000000   0.000000
 0.298246   0.000000   0.000000
 0.300195   0.000000   0.000000
 0.302144   0.000000   0.000000
 0.304094   0.000000   0.000000
 0.306043   0.000000   0.000000
 0.307992   0.000000   0.000000
 0.309941   0.000000   0.000000
 0.311891   0.000000   0.000000
 0.313840   0.000000   0.000000
 0.315790   0.000000   0.000000
 0.317739   0.000000   0.000000
 0.319688   0.000000   0.000000
 0.321637   0.000000   0.000000
 0.323587   0.000000   0.000000
 0.325536   0.000000   0.000000
 0.327485   0.000000   0.000000
 0.329435   0.000000   0.000000
 0.331384   0.000000   0.000000
 0.333333   0.000000   0.000000
 0.335283   0.000000   0.000000
 0.337232   0.000000   0.000000
 0.339181   0.000000   0.000000
 0.341131   0.000000   0.000000
 0.343080   0.000000   0.000000
 0.345029   0.000000   0.000000
 0.346979   0.000000   0.000000
 0.348928   0.000000   0.000000
 0.350877   0.000000   0.000000
 0.352826   0.000000   0.000000
 0.354776   0.000000   0.000000
 0.356725   0.000000   0.000000
 0.358675   0.000000   0.000000
 0.360624   0.000000   0.000000
 0.362573   0.000000   0.000000
 0.364522   0.000000   0.000000
 0.366472   0.000000   0.000000
 0.368421   0.000000   0.000000
 0.370370   0.000000   0.000000
 0.372320   0.000000   0.000000
 0.374269   0.000000   0.000000
 0.376218   0.000000   0.000000
 0.378168   0.000000   0.000000
 0.380117   0.000000   0.000000
 0.382066   0.000000   0.000000
 0.384016   0.000000   0.000000
 0.385965   0.000000   0.000000
 0.387914   0.000000   0.000000
 0.389863   0.000000   0.000000
 0.391813   0.000000   0.000000
 0.393762   0.000000   0.000000
 0.395711   0.000000   0.000000
 0.397661   0.000000   0.000000
 0.399610   0.000000   0.000000
 0.401560   0.000000   0.000000
 0.403509   0.000000   0.000000
 0.405458   0.000000   0.000000
 0.407407   0.000000   0.000000
 0.409357   0.000000   0.000000
 0.411306   0.000000   0.000000
 0.413255   0.000000   0.000000
 0.415205   0.000000   0.000000
 0.417154   0.000000   0.000000
 0.419103   0.000000   0.000000
 0.421053   0.000000   0.000000
 0.423002   0.000000   0.000000
 0.424951   0.000000   0.000000
 0.426901   0.000000   0.000000
 0.428850   0.000000   0.000000
 0.430799   0.000000   0.000000
 0.432748   0.000000   0.000000
 0.434698   0.000000   0.000000
 0.436647   0.000000   0.000000
 0.438597   0.000000   0.000000
 0.440546   0.000000   0.000000
 0.442495   0.000000   0.000000
 0.444444   0.000000   0.000000
 0.446394   0.000000   0.000000
 0.448343   0.000000   0.000000
 0.450292   0.000000   0.000000
 0.452242   0.000000   0.000000
 0.454191   0.000000   0.000000
 0.456140   0.000000   0.000000
 0.458090   0.000000   0.000000
 0.460039   0.000000   0.000000
 0.461988   0.000000   0.000000
 0.463938   0.000000   0.000000
 0.465887   0.000000   0.000000
 0.467836   0.000000   0.000000
 0.469786   0.000000   0.000000
 0.471735   0.000000   0.000000
 0.473684   0.000000   0.000000
 0.475633   0.000000   0.000000
 0.477583   0.000000   0.000000
 0.479532   0.000000   0.000000
 0.481482   0.000000   0.000000
 0.483431   0.000000   0.000000
 0.485380   0.000000   0.000000
 0.487329   0.000000   0.000000
 0.489279   0.000000   0.000000
 0.491228   0.000000   0.000000
 0.493177   0.000000   0.000000
 0.495127   0.000000   0.000000
 0.497076   0.000000   0.000000
 0.499025   0.000000   0.000000
 0.500975   0.000000   0.000000
 0.502924   0.000000   0.000000
 0.504873   0.000000   0.000000
 0.506823   0.000000   0.000000
 0.508772   0.000000   0.000000
 0.510721   0.000000   0.000000
 0.512671   0.000000   0.000000
 0.514620   0.000000   0.000000
 0.516569   0.000000   0.000000
 0.518518   0.000000   0.000000
 0.520468   0.000000   0.000000
 0.522417   0.000000   0.000000
 0.524366   0.000000   0.000000
 0.526316   0.000000   0.000000
 0.528265   0.000000   0.000000
 0.530214   0.000000   0.000000
 0.532164   0.000000   0.000000
 0.534113   0.000000   0.000000
 0.536062   0.000000   0.000000
 0.538012   0.000000   0.000000
 0.539961   0.000000   0.000000
 0.541910   0.000000   0.000000
 0.543860   0.000000   0.000000
 0.545809   0.000000   0.000000
 0.547758   0.000000   0.000000
 0.549708   0.000000   0.000000
 0.551657   0.000000   0.000000
 0.553606   0.000000   0.000000
 0.555556   0.000000   0.000000
 0.557505   0.000000   0.000000
 0.559454   0.000000   0.000000
 0.561404   0.000000   0.000000
 0.563353   0.000000   0.000000
 0.565302   0.000000   0.000000
 0.567252   0.000000   0.000000
 0.569201   0.000000   0.000000
 0.571150   0.000000   0.000000
 0.573099   0.000000   0.000000
 0.575049   0.000000   0.000000
 0.576998   0.000000   0.000000
 0.578947   0.000000   0.000000
 0.580897   0.000000   0.000000
 0.582846   0.000000   0.000000
 0.584795   0.000000   0.000000
 0.586745   0.000000   0.000000
 0.588694   0.000000   0.000000
 0.590643   0.000000   0.000000
 0.592593   0.000000   0.000000
 0.594542   0.000000   0.000000
 0.596491   0.000000   0.000000
 0.598441   0.000000   0.000000
 0.600390   0.000000   0.000000
 0.602339   0.000000   0.000000
 0.604289   0.000000   0.000000
 0.606238   0.000000   0.000000
 0.608187   0.000000   0.000000
 0.610136   0.000000   0.000000
 0.612086   0.000000   0.000000
 0.614035   0.000000   0.000000
 0.615984   0.000000   0.000000
 0.617934   0.000000   0.000000
 0.619883   0.000000   0.000000
 0.621832   0.000000   0.000000
 0.623782   0.000000   0.000000
 0.625731   0.000000   0.000000
 0.627680   0.000000   0.000000
 0.629630   0.000000   0.000000
 0.631579   0.000000   0.000000
 0.633528   0.000000   0.000000
 0.635478   0.000000   0.000000
 0.637427   0.000000   0.000000
 0.639376   0.000000   0.000000
 0.641325   0.000000   0.000000
 0.643275   0.000000   0.000000
 0.645224   0.000000   0.000000
 0.647173   0.000000   0.000000
 0.649123   0.000000   0.000000
 0.651072   0.000000   0.000000
 0.653021   0.000000   0.000000
 0.654971   0.000000   0.000000
 0.656920   0.000000   0.000000
 0.658869   0.000000   0.000000
 0.660819   0.000000   0.000000
 0.662768   0.000000   0.000000
 0.664717   0.000000   0.000000
 0.666667   0.000000   0.000000
 0.668616   0.000000   0.000000
 0.670565   0.000000   0.000000
 0.672515   0.000000   0.000000
 0.674464   0.000000   0.000000
 0.676413   0.000000   0.000000
 0.678363   0.000000   0.000000
 0.680312   0.000000   0.000000
 0.682261   0.000000   0.000000
 0.684211   0.000000   0.000000
 0.686160   0.000000   0.000000
 0.688109   0.000000   0.000000
 0.690059   0.000000   0.000000
 0.692008   0.000000   0.000000
 0.693957   0.000000   0.000000
 0.695906   0.000000   0.000000
 0.697856   0.000000   0.000000
 0.699805   0.000000   0.000000
 0.701754   0.000000   0.000000
 0.703704   0.000000   0.000000
 0.705653   0.000000   0.000000
 0.707602   0.000000   0.000000
 0.709552   0.000000   0.000000
 0.711501   0.000000   0.000000
 0.713450   0.000000   0.000000
 0.715400   0.000000   0.000000
 0.717349   0.000000   0.000000
 0.719298   0.000000   0.000000
 0.721248   0.000000   0.000000
 0.723197   0.000000   0.000000
 0.725146   0.000000   0.000000
 0.727096   0.000000   0.000000
 0.729045   0.000000   0.000000
 0.730994   0.000000   0.000000
 0.732943   0.000000   0.000000
 0.734893   0.000000   0.000000
 0.736842   0.000000   0.000000
 0.738791   0.000000   0.000000
 0.740741   0.000000   0.000000
 0.742690   0.000000   0.000000
 0.744639   0.000000   0.000000
 0.746589   0.000000   0.000000
 0.748538   0.000000   0.000000
 0.750487   0.000000   0.000000
 0.752437   0.000000   0.000000
 0.754386   0.000000   0.000000
 0.756335   0.000000   0.000000
 0.758285   0.000000   0.000000
 0.760234   0.000000   0.000000
 0.762183   0.000000   0.000000
 0.764133   0.000000   0.000000
 0.766082   0.000000   0.000000
 0.768031   0.000000   0.000000
 0.769980   0.000000   0.000000
 0.771930   0.000000   0.000000
 0.773879   0.000000   0.000000
 0.775829   0.000000   0.000000
 0.777778   0.000000   0.000000
 0.779727   0.000000   0.000000
 0.781676   0.000000   0.000000
 0.783626   0.000000   0.000000
 0.785575   0.000000   0.000000
 0.787524   0.000000   0.000000
 0.789474   0.000000   0.000000
 0.791423   0.000000   0.000000
 0.793372   0.000000   0.000000
 0.795322   0.000000   0.000000
 0.797271   0.000000   0.000000
 0.799220   0.000000   0.000000
 0.801170   0.000000   0.000000
 0.803119   0.000000   0.000000
 0.805068   0.000000   0.000000
 0.807018   0.000000   0.000000
 0.808967   0.000000   0.000000
 0.810916   0.000000   0.000000
 0.812866   0.000000   0.000000
 0.814815   0.000000   0.000000
 0.816764   0.000000   0.000000
 0.818713   0.000000   0.000000
 0.820663   0.000000   0.000000
 0.822612   0.000000   0.000000
 0.824561   0.000000   0.000000
 0.826511   0.000000   0.000000
 0.828460   0.000000   0.000000
 0.830409   0.000000   0.000000
 0.832359   0.000000   0.000000
 0.834308   0.000000   0.000000
 0.836257   0.000000   0.000000
 0.838207   0.000000   0.000000
 0.840156   0.000000   0.000000
 0.842105   0.000000   0.000000
 0.844055   0.000000   0.000000
 0.846004   0.000000   0.000000
 0.847953   0.000000   0.000000
 0.849903   0.000000   0.000000
 0.851852   0.000000   0.000000
 0.853801   0.000000   0.000000
 0.855750   0.000000   0.000000
 0.857700   0.000000   0.000000
 0.859649   0.000000   0.000000
 0.861598   0.000000   0.000000
 0.863548   0.000000   0.000000
 0.865497   0.000000   0.000000
 0.867446   0.000000   0.000000
 0.869396   0.000000   0.000000
 0.871345   0.000000   0.000000
 0.873294   0.000000   0.000000
 0.875244   0.000000   0.000000
 0.877193   0.000000   0.000000
 0.879142   0.000000   0.000000
 0.881092   0.000000   0.000000
 0.883041   0.000000   0.000000
 0.884990   0.000000   0.000000
 0.886940   0.000000   0.000000
 0.888889   0.000000   0.000000
 0.890838   0.000000   0.000000
 0.892787   0.000000   0.000000
 0.894737   0.000000   0.000000
 0.896686   0.000000   0.000000
 0.898636   0.000000   0.000000
 0.900585   0.000000   0.000000
 0.902534   0.000000   0.000000
 0.904483   0.000000   0.000000
 0.906433   0.000000   0.000000
 0.908382   0.000000   0.000000
 0.910331   0.000000   0.000000
 0.912281   0.000000   0.000000
 0.914230   0.000000   0.000000
 0.916179   0.000000   0.000000
 0.918129   0.000000   0.000000
 0.920078   0.000000   0.000000
 0.922027   0.000000   0.000000
 0.923977   0.000000   0.000000
 0.925926   0.000000   0.000000
 0.927875   0.000000   0.000000
 0.929825   0.000000   0.000000
 0.931774   0.000000   0.000000
 0.933723   0.000000   0.000000
 0.935673   0.000000   0.000000
 0.937622   0.000000   0.000000
 0.939571   0.000000   0.000000
 0.941520   0.000000   0.000000
 0.943470   0.000000   0.000000
 0.945419   0.000000   0.000000
 0.947368   0.000000   0.000000
 0.949318   0.000000   0.000000
 0.951267   0.000000   0.000000
 0.953216   0.000000   0.000000
 0.955166   0.000000   0.000000
 0.957115   0.000000   0.000000
 0.959064   0.000000   0.000000
 0.961014   0.000000   0.000000
 0.962963   0.000000   0.000000
 0.964912   0.000000   0.000000
 0.966862   0.000000   0.000000
 0.968811   0.000000   0.000000
 0.970760   0.000000   0.000000
 0.972710   0.000000   0.000000
 0.974659   0.000000   0.000000
 0.976608   0.000000   0.000000
 0.978557   0.000000   0.000000
 0.980507   0.000000   0.000000
 0.982456   0.000000   0.000000
 0.984406   0.000000   0.000000
 0.986355   0.000000   0.000000
 0.988304   0.000000   0.000000
 0.990253   0.000000   0.000000
 0.992203   0.000000   0.000000
 0.994152   0.000000   0.000000
 0.996101   0.000000   0.000000
 0.998051   0.000000   0.000000
 1.000000   0.000000   0.000000
514 psinorm pb(KPa) dpb/dpsiN
 0.000000   0.000000   0.000000
 0.001949   0.000000   0.000000
 0.003899   0.000000   0.000000
 0.005848   0.000000   0.000000
 0.007797   0.000000   0.000000
 0.009747   0.000000   0.000000
 0.011696   0.000000   0.000000
 0.013645   0.000000   0.000000
 0.015595   0.000000   0.000000
 0.017544   0.000000   0.000000
 0.019493   0.000000   0.000000
 0.021442   0.000000   0.000000
 0.023392   0.000000   0.000000
 0.025341   0.000000   0.000000
 0.027290   0.000000   0.000000
 0.029240   0.000000   0.000000
 0.031189   0.000000   0.000000
 0.033138   0.000000   0.000000
 0.035088   0.000000   0.000000
 0.037037   0.000000   0.000000
 0.038986   0.000000   0.000000
 0.040936   0.000000   0.000000
 0.042885   0.000000   0.000000
 0.044834   0.000000   0.000000
 0.046784   0.000000   0.000000
 0.048733   0.000000   0.000000
 0.050682   0.000000   0.000000
 0.052632   0.000000   0.000000
 0.054581   0.000000   0.000000
 0.056530   0.000000   0.000000
 0.058480   0.000000   0.000000
 0.060429   0.000000   0.000000
 0.062378   0.000000   0.000000
 0.064327   0.000000   0.000000
 0.066277   0.000000   0.000000
 0.068226   0.000000   0.000000
 0.070175   0.000000   0.000000
 0.072125   0.000000   0.000000
 0.074074   0.000000   0.000000
 0.076023   0.000000   0.000000
 0.077973   0.000000   0.000000
 0.079922   0.000000   0.000000
 0.081871   0.000000   0.000000
 0.083821   0.000000   0.000000
 0.085770   0.000000   0.000000
 0.087719   0.000000   0.000000
 0.089669   0.000000   0.000000
 0.091618   0.000000   0.000000
 0.093567   0.000000   0.000000
 0.095517   0.000000   0.000000
 0.097466   0.000000   0.000000
 0.099415   0.000000   0.000000
 0.101364   0.000000   0.000000
 0.103314   0.000000   0.000000
 0.105263   0.000000   0.000000
 0.107213   0.000000   0.000000
 0.109162   0.000000   0.000000
 0.111111   0.000000   0.000000
 0.113060   0.000000   0.000000
 0.115010   0.000000   0.000000
 0.116959   0.000000   0.000000
 0.118908   0.000000   0.000000
 0.120858   0.000000   0.000000
 0.122807   0.000000   0.000000
 0.124756   0.000000   0.000000
 0.126706   0.000000   0.000000
 0.128655   0.000000   0.000000
 0.130604   0.000000   0.000000
 0.132554   0.000000   0.000000
 0.134503   0.000000   0.000000
 0.136452   0.000000   0.000000
 0.138402   0.000000   0.000000
 0.140351   0.000000   0.000000
 0.142300   0.000000   0.000000
 0.144250   0.000000   0.000000
 0.146199   0.000000   0.000000
 0.148148   0.000000   0.000000
 0.150097   0.000000   0.000000
 0.152047   0.000000   0.000000
 0.153996   0.000000   0.000000
 0.155945   0.000000   0.000000
 0.157895   0.000000   0.000000
 0.159844   0.000000   0.000000
 0.161793   0.000000   0.000000
 0.163743   0.000000   0.000000
 0.165692   0.000000   0.000000
 0.167641   0.000000   0.000000
 0.169591   0.000000   0.000000
 0.171540   0.000000   0.000000
 0.173489   0.000000   0.000000
 0.175439   0.000000   0.000000
 0.177388   0.000000   0.000000
 0.179337   0.000000   0.000000
 0.181286   0.000000   0.000000
 0.183236   0.000000   0.000000
 0.185185   0.000000   0.000000
 0.187135   0.000000   0.000000
 0.189084   0.000000   0.000000
 0.191033   0.000000   0.000000
 0.192983   0.000000   0.000000
 0.194932   0.000000   0.000000
 0.196881   0.000000   0.000000
 0.198830   0.000000   0.000000
 0.200780   0.000000   0.000000
 0.202729   0.000000   0.000000
 0.204678   0.000000   0.000000
 0.206628   0.000000   0.000000
 0.208577   0.000000   0.000000
 0.210526   0.000000   0.000000
 0.212476   0.000000   0.000000
 0.214425   0.000000   0.000000
 0.216374   0.000000   0.000000
 0.218324   0.000000   0.000000
 0.220273   0.000000   0.000000
 0.222222   0.000000   0.000000
 0.224171   0.000000   0.000000
 0.226121   0.000000   0.000000
 0.228070   0.000000   0.000000
 0.230019   0.000000   0.000000
 0.231969   0.000000   0.000000
 0.233918   0.000000   0.000000
 0.235867   0.000000   0.000000
 0.237817   0.000000   0.000000
 0.239766   0.000000   0.000000
 0.241715   0.000000   0.000000
 0.243665   0.000000   0.000000
 0.245614   0.000000   0.000000
 0.247563   0.000000   0.000000
 0.249513   0.000000   0.000000
 0.251462   0.000000   0.000000
 0.253411   0.000000   0.000000
 0.255361   0.000000   0.000000
 0.257310   0.000000   0.000000
 0.259259   0.000000   0.000000
 0.261209   0.000000   0.000000
 0.263158   0.000000   0.000000
 0.265107   0.000000   0.000000
 0.267056   0.000000   0.000000
 0.269006   0.000000   0.000000
 0.270955   0.000000   0.000000
 0.272904   0.000000   0.000000
 0.274854   0.000000   0.000000
 0.276803   0.000000   0.000000
 0.278752   0.000000   0.000000
 0.280702   0.000000   0.000000
 0.282651   0.000000   0.000000
 0.284600   0.000000   0.000000
 0.286550   0.000000   0.000000
 0.288499   0.000000   0.000000
 0.290448   0.000000   0.000000
 0.292398   0.000000   0.000000
 0.294347   0.000000   0.000000
 0.296296   0.000000   0.000000
 0.298246   0.000000   0.000000
 0.300195   0.000000   0.000000
 0.302144   0.000000   0.000000
 0.304094   0.000000   0.000000
 0.306043   0.000000   0.000000
 0.307992   0.000000   0.000000
 0.309941   0.000000   0.000000
 0.311891   0.000000   0.000000
 0.313840   0.000000   0.000000
 0.315790   0.000000   0.000000
 0.317739   0.000000   0.000000
 0.319688   0.000000   0.000000
 0.321637   0.000000   0.000000
 0.323587   0.000000   0.000000
 0.325536   0.000000   0.000000
 0.327485   0.000000   0.000000
 0.329435   0.000000   0.000000
 0.331384   0.000000   0.000000
 0.333333   0.000000   0.000000
 0.335283   0.000000   0.000000
 0.337232   0.000000   0.000000
 0.339181   0.000000   0.000000
 0.341131   0.000000   0.000000
 0.343080   0.000000   0.000000
 0.345029   0.000000   0.000000
 0.346979   0.000000   0.000000
 0.348928   0.000000   0.000000
 0.350877   0.000000   0.000000
 0.352826   0.000000   0.000000
 0.354776   0.000000   0.000000
 0.356725   0.000000   0.000000
 0.358675   0.000000   0.000000
 0.360624   0.000000   0.000000
 0.362573   0.000000   0.000000
 0.364522   0.000000   0.000000
 0.366472   0.000000   0.000000
 0.368421   0.000000   0.000000
 0.370370   0.000000   0.000000
 0.372320   0.000000   0.000000
 0.374269   0.000000   0.000000
 0.376218   0.000000   0.000000
 0.378168   0.000000   0.000000
 0.380117   0.000000   0.000000
 0.382066   0.000000   0.000000
 0.384016   0.000000   0.000000
 0.385965   0.000000   0.000000
 0.387914   0.000000   0.000000
 0.389863   0.000000   0.000000
 0.391813   0.000000   0.000000
 0.393762   0.000000   0.000000
 0.395711   0.000000   0.000000
 0.397661   0.000000   0.000000
 0.399610   0.000000   0.000000
 0.401560   0.000000   0.000000
 0.403509   0.000000   0.000000
 0.405458   0.000000   0.000000
 0.407407   0.000000   0.000000
 0.409357   0.000000   0.000000
 0.411306   0.000000   0.000000
 0.413255   0.000000   0.000000
 0.415205   0.000000   0.000000
 0.417154   0.000000   0.000000
 0.419103   0.000000   0.000000
 0.421053   0.000000   0.000000
 0.423002   0.000000   0.000000
 0.424951   0.000000   0.000000
 0.426901   0.000000   0.000000
 0.428850   0.000000   0.000000
 0.430799   0.000000   0.000000
 0.432748   0.000000   0.000000
 0.434698   0.000000   0.000000
 0.436647   0.000000   0.000000
 0.438597   0.000000   0.000000
 0.440546   0.000000   0.000000
 0.442495   0.000000   0.000000
 0.444444   0.000000   0.000000
 0.446394   0.000000   0.000000
 0.448343   0.000000   0.000000
 0.450292   0.000000   0.000000
 0.452242   0.000000   0.000000
 0.454191   0.000000   0.000000
 0.456140   0.000000   0.000000
 0.458090   0.000000   0.000000
 0.460039   0.000000   0.000000
 0.461988   0.000000   0.000000
 0.463938   0.000000   0.000000
 0.465887   0.000000   0.000000
 0.467836   0.000000   0.000000
 0.469786   0.000000   0.000000
 0.471735   0.000000   0.000000
 0.473684   0.000000   0.000000
 0.475633   0.000000   0.000000
 0.477583   0.000000   0.000000
 0.479532   0.000000   0.000000
 0.481482   0.000000   0.000000
 0.483431   0.000000   0.000000
 0.485380   0.000000   0.000000
 0.487329   0.000000   0.000000
 0.489279   0.000000   0.000000
 0.491228   0.000000   0.000000
 0.493177   0.000000   0.000000
 0.495127   0.000000   0.000000
 0.497076   0.000000   0.000000
 0.499025   0.000000   0.000000
 0.500975   0.000000   0.000000
 0.502924   0.000000   0.000000
 0.504873   0.000000   0.000000
 0.506823   0.000000   0.000000
 0.508772   0.000000   0.000000
 0.510721   0.000000   0.000000
 0.512671   0.000000   0.000000
 0.514620   0.000000   0.000000
 0.516569   0.000000   0.000000
 0.518518   0.000000   0.000000
 0.520468   0.000000   0.000000
 0.522417   0.000000   0.000000
 0.524366   0.000000   0.000000
 0.526316   0.000000   0.000000
 0.528265   0.000000   0.000000
 0.530214   0.000000   0.000000
 0.532164   0.000000   0.000000
 0.534113   0.000000   0.000000
 0.536062   0.000000   0.000000
 0.538012   0.000000   0.000000
 0.539961   0.000000   0.000000
 0.541910   0.000000   0.000000
 0.543860   0.000000   0.000000
 0.545809   0.000000   0.000000
 0.547758   0.000000   0.000000
 0.549708   0.000000   0.000000
 0.551657   0.000000   0.000000
 0.553606   0.000000   0.000000
 0.555556   0.000000   0.000000
 0.557505   0.000000   0.000000
 0.559454   0.000000   0.000000
 0.561404   0.000000   0.000000
 0.563353   0.000000   0.000000
 0.565302   0.000000   0.000000
 0.567252   0.000000   0.000000
 0.569201   0.000000   0.000000
 0.571150   0.000000   0.000000
 0.573099   0.000000   0.000000
 0.575049   0.000000   0.000000
 0.576998   0.000000   0.000000
 0.578947   0.000000   0.000000
 0.580897   0.000000   0.000000
 0.582846   0.000000   0.000000
 0.584795   0.000000   0.000000
 0.586745   0.000000   0.000000
 0.588694   0.000000   0.000000
 0.590643   0.000000   0.000000
 0.592593   0.000000   0.000000
 0.594542   0.000000   0.000000
 0.596491   0.000000   0.000000
 0.598441   0.000000   0.000000
 0.600390   0.000000   0.000000
 0.602339   0.000000   0.000000
 0.604289   0.000000   0.000000
 0.606238   0.000000   0.000000
 0.608187   0.000000   0.000000
 0.610136   0.000000   0.000000
 0.612086   0.000000   0.000000
 0.614035   0.000000   0.000000
 0.615984   0.000000   0.000000
 0.617934   0.000000   0.000000
 0.619883   0.000000   0.000000
 0.621832   0.000000   0.000000
 0.623782   0.000000   0.000000
 0.625731   0.000000   0.000000
 0.627680   0.000000   0.000000
 0.629630   0.000000   0.000000
 0.631579   0.000000   0.000000
 0.633528   0.000000   0.000000
 0.635478   0.000000   0.000000
 0.637427   0.000000   0.000000
 0.639376   0.000000   0.000000
 0.641325   0.000000   0.000000
 0.643275   0.000000   0.000000
 0.645224   0.000000   0.000000
 0.647173   0.000000   0.000000
 0.649123   0.000000   0.000000
 0.651072   0.000000   0.000000
 0.653021   0.000000   0.000000
 0.654971   0.000000   0.000000
 0.656920   0.000000   0.000000
 0.658869   0.000000   0.000000
 0.660819   0.000000   0.000000
 0.662768   0.000000   0.000000
 0.664717   0.000000   0.000000
 0.666667   0.000000   0.000000
 0.668616   0.000000   0.000000
 0.670565   0.000000   0.000000
 0.672515   0.000000   0.000000
 0.674464   0.000000   0.000000
 0.676413   0.000000   0.000000
 0.678363   0.000000   0.000000
 0.680312   0.000000   0.000000
 0.682261   0.000000   0.000000
 0.684211   0.000000   0.000000
 0.686160   0.000000   0.000000
 0.688109   0.000000   0.000000
 0.690059   0.000000   0.000000
 0.692008   0.000000   0.000000
 0.693957   0.000000   0.000000
 0.695906   0.000000   0.000000
 0.697856   0.000000   0.000000
 0.699805   0.000000   0.000000
 0.701754   0.000000   0.000000
 0.703704   0.000000   0.000000
 0.705653   0.000000   0.000000
 0.707602   0.000000   0.000000
 0.709552   0.000000   0.000000
 0.711501   0.000000   0.000000
 0.713450   0.000000   0.000000
 0.715400   0.000000   0.000000
 0.717349   0.000000   0.000000
 0.719298   0.000000   0.000000
 0.721248   0.000000   0.000000
 0.723197   0.000000   0.000000
 0.725146   0.000000   0.000000
 0.727096   0.000000   0.000000
 0.729045   0.000000   0.000000
 0.730994   0.000000   0.000000
 0.732943   0.000000   0.000000
 0.734893   0.000000   0.000000
 0.736842   0.000000   0.000000
 0.738791   0.000000   0.000000
 0.740741   0.000000   0.000000
 0.742690   0.000000   0.000000
 0.744639   0.000000   0.000000
 0.746589   0.000000   0.000000
 0.748538   0.000000   0.000000
 0.750487   0.000000   0.000000
 0.752437   0.000000   0.000000
 0.754386   0.000000   0.000000
 0.756335   0.000000   0.000000
 0.758285   0.000000   0.000000
 0.760234   0.000000   0.000000
 0.762183   0.000000   0.000000
 0.764133   0.000000   0.000000
 0.766082   0.000000   0.000000
 0.768031   0.000000   0.000000
 0.769980   0.000000   0.000000
 0.771930   0.000000   0.000000
 0.773879   0.000000   0.000000
 0.775829   0.000000   0.000000
 0.777778   0.000000   0.000000
 0.779727   0.000000   0.000000
 0.781676   0.000000   0.000000
 0.783626   0.000000   0.000000
 0.785575   0.000000   0.000000
 0.787524   0.000000   0.000000
 0.789474   0.000000   0.000000
 0.791423   0.000000   0.000000
 0.793372   0.000000   0.000000
 0.795322   0.000000   0.000000
 0.797271   0.000000   0.000000
 0.799220   0.000000   0.000000
 0.801170   0.000000   0.000000
 0.803119   0.000000   0.000000
 0.805068   0.000000   0.000000
 0.807018   0.000000   0.000000
 0.808967   0.000000   0.000000
 0.810916   0.000000   0.000000
 0.812866   0.000000   0.000000
 0.814815   0.000000   0.000000
 0.816764   0.000000   0.000000
 0.818713   0.000000   0.000000
 0.820663   0.000000   0.000000
 0.822612   0.000000   0.000000
 0.824561   0.000000   0.000000
 0.826511   0.000000   0.000000
 0.828460   0.000000   0.000000
 0.830409   0.000000   0.000000
 0.832359   0.000000   0.000000
 0.834308   0.000000   0.000000
 0.836257   0.000000   0.000000
 0.838207   0.000000   0.000000
 0.840156   0.000000   0.000000
 0.842105   0.000000   0.000000
 0.844055   0.000000   0.000000
 0.846004   0.000000   0.000000
 0.847953   0.000000   0.000000
 0.849903   0.000000   0.000000
 0.851852   0.000000   0.000000
 0.853801   0.000000   0.000000
 0.855750   0.000000   0.000000
 0.857700   0.000000   0.000000
 0.859649   0.000000   0.000000
 0.861598   0.000000   0.000000
 0.863548   0.000000   0.000000
 0.865497   0.000000   0.000000
 0.867446   0.000000   0.000000
 0.869396   0.000000   0.000000
 0.871345   0.000000   0.000000
 0.873294   0.000000   0.000000
 0.875244   0.000000   0.000000
 0.877193   0.000000   0.000000
 0.879142   0.000000   0.000000
 0.881092   0.000000   0.000000
 0.883041   0.000000   0.000000
 0.884990   0.000000   0.000000
 0.886940   0.000000   0.000000
 0.888889   0.000000   0.000000
 0.890838   0.000000   0.000000
 0.892787   0.000000   0.000000
 0.894737   0.000000   0.000000
 0.896686   0.000000   0.000000
 0.898636   0.000000   0.000000
 0.900585   0.000000   0.000000
 0.902534   0.000000   0.000000
 0.904483   0.000000   0.000000
 0.906433   0.000000   0.000000
 0.908382   0.000000   0.000000
 0.910331   0.000000   0.000000
 0.912281   0.000000   0.000000
 0.914230   0.000000   0.000000
 0.916179   0.000000   0.000000
 0.918129   0.000000   0.000000
 0.920078   0.000000   0.000000
 0.922027   0.000000   0.000000
 0.923977   0.000000   0.000000
 0.925926   0.000000   0.000000
 0.927875   0.000000   0.000000
 0.929825   0.000000   0.000000
 0.931774   0.000000   0.000000
 0.933723   0.000000   0.000000
 0.935673   0.000000   0.000000
 0.937622   0.000000   0.000000
 0.939571   0.000000   0.000000
 0.941520   0.000000   0.000000
 0.943470   0.000000   0.000000
 0.945419   0.000000   0.000000
 0.947368   0.000000   0.000000
 0.949318   0.000000   0.000000
 0.951267   0.000000   0.000000
 0.953216   0.000000   0.000000
 0.955166   0.000000   0.000000
 0.957115   0.000000   0.000000
 0.959064   0.000000   0.000000
 0.961014   0.000000   0.000000
 0.962963   0.000000   0.000000
 0.964912   0.000000   0.000000
 0.966862   0.000000   0.000000
 0.968811   0.000000   0.000000
 0.970760   0.000000   0.000000
 0.972710   0.000000   0.000000
 0.974659   0.000000   0.000000
 0.976608   0.000000   0.000000
 0.978557   0.000000   0.000000
 0.980507   0.000000   0.000000
 0.982456   0.000000   0.000000
 0.984406   0.000000   0.000000
 0.986355   0.000000   0.000000
 0.988304   0.000000   0.000000
 0.990253   0.000000   0.000000
 0.992203   0.000000   0.000000
 0.994152   0.000000   0.000000
 0.996101   0.000000   0.000000
 0.998051   0.000000   0.000000
 1.000000   0.000000   0.000000
514 psinorm vtor1(km/s) dvtor1/dpsiN
 0.000000   0.000000   0.000000
 0.001949   0.000000   0.000000
 0.003899   0.000000   0.000000
 0.005848   0.000000   0.000000
 0.007797   0.000000   0.000000
 0.009747   0.000000   0.000000
 0.011696   0.000000   0.000000
 0.013645   0.000000   0.000000
 0.015595   0.000000   0.000000
 0.017544   0.000000   0.000000
 0.019493   0.000000   0.000000
 0.021442   0.000000   0.000000
 0.023392   0.000000   0.000000
 0.025341   0.000000   0.000000
 0.027290   0.000000   0.000000
 0.029240   0.000000   0.000000
 0.031189   0.000000   0.000000
 0.033138   0.000000   0.000000
 0.035088   0.000000   0.000000
 0.037037   0.000000   0.000000
 0.038986   0.000000   0.000000
 0.040936   0.000000   0.000000
 0.042885   0.000000   0.000000
 0.044834   0.000000   0.000000
 0.046784   0.000000   0.000000
 0.048733   0.000000   0.000000
 0.050682   0.000000   0.000000
 0.052632   0.000000   0.000000
 0.054581   0.000000   0.000000
 0.056530   0.000000   0.000000
 0.058480   0.000000   0.000000
 0.060429   0.000000   0.000000
 0.062378   0.000000   0.000000
 0.064327   0.000000   0.000000
 0.066277   0.000000   0.000000
 0.068226   0.000000   0.000000
 0.070175   0.000000   0.000000
 0.072125   0.000000   0.000000
 0.074074   0.000000   0.000000
 0.076023   0.000000   0.000000
 0.077973   0.000000   0.000000
 0.079922   0.000000   0.000000
 0.081871   0.000000   0.000000
 0.083821   0.000000   0.000000
 0.085770   0.000000   0.000000
 0.087719   0.000000   0.000000
 0.089669   0.000000   0.000000
 0.091618   0.000000   0.000000
 0.093567   0.000000   0.000000
 0.095517   0.000000   0.000000
 0.097466   0.000000   0.000000
 0.099415   0.000000   0.000000
 0.101364   0.000000   0.000000
 0.103314   0.000000   0.000000
 0.105263   0.000000   0.000000
 0.107213   0.000000   0.000000
 0.109162   0.000000   0.000000
 0.111111   0.000000   0.000000
 0.113060   0.000000   0.000000
 0.115010   0.000000   0.000000
 0.116959   0.000000   0.000000
 0.118908   0.000000   0.000000
 0.120858   0.000000   0.000000
 0.122807   0.000000   0.000000
 0.124756   0.000000   0.000000
 0.126706   0.000000   0.000000
 0.128655   0.000000   0.000000
 0.130604   0.000000   0.000000
 0.132554   0.000000   0.000000
 0.134503   0.000000   0.000000
 0.136452   0.000000   0.000000
 0.138402   0.000000   0.000000
 0.140351   0.000000   0.000000
 0.142300   0.000000   0.000000
 0.144250   0.000000   0.000000
 0.146199   0.000000   0.000000
 0.148148   0.000000   0.000000
 0.150097   0.000000   0.000000
 0.152047   0.000000   0.000000
 0.153996   0.000000   0.000000
 0.155945   0.000000   0.000000
 0.157895   0.000000   0.000000
 0.159844   0.000000   0.000000
 0.161793   0.000000   0.000000
 0.163743   0.000000   0.000000
 0.165692   0.000000   0.000000
 0.167641   0.000000   0.000000
 0.169591   0.000000   0.000000
 0.171540   0.000000   0.000000
 0.173489   0.000000   0.000000
 0.175439   0.000000   0.000000
 0.177388   0.000000   0.000000
 0.179337   0.000000   0.000000
 0.181286   0.000000   0.000000
 0.183236   0.000000   0.000000
 0.185185   0.000000   0.000000
 0.187135   0.000000   0.000000
 0.189084   0.000000   0.000000
 0.191033   0.000000   0.000000
 0.192983   0.000000   0.000000
 0.194932   0.000000   0.000000
 0.196881   0.000000   0.000000
 0.198830   0.000000   0.000000
 0.200780   0.000000   0.000000
 0.202729   0.000000   0.000000
 0.204678   0.000000   0.000000
 0.206628   0.000000   0.000000
 0.208577   0.000000   0.000000
 0.210526   0.000000   0.000000
 0.212476   0.000000   0.000000
 0.214425   0.000000   0.000000
 0.216374   0.000000   0.000000
 0.218324   0.000000   0.000000
 0.220273   0.000000   0.000000
 0.222222   0.000000   0.000000
 0.224171   0.000000   0.000000
 0.226121   0.000000   0.000000
 0.228070   0.000000   0.000000
 0.230019   0.000000   0.000000
 0.231969   0.000000   0.000000
 0.233918   0.000000   0.000000
 0.235867   0.000000   0.000000
 0.237817   0.000000   0.000000
 0.239766   0.000000   0.000000
 0.241715   0.000000   0.000000
 0.243665   0.000000   0.000000
 0.245614   0.000000   0.000000
 0.247563   0.000000   0.000000
 0.249513   0.000000   0.000000
 0.251462   0.000000   0.000000
 0.253411   0.000000   0.000000
 0.255361   0.000000   0.000000
 0.257310   0.000000   0.000000
 0.259259   0.000000   0.000000
 0.261209   0.000000   0.000000
 0.263158   0.000000   0.000000
 0.265107   0.000000   0.000000
 0.267056   0.000000   0.000000
 0.269006   0.000000   0.000000
 0.270955   0.000000   0.000000
 0.272904   0.000000   0.000000
 0.274854   0.000000   0.000000
 0.276803   0.000000   0.000000
 0.278752   0.000000   0.000000
 0.280702   0.000000   0.000000
 0.282651   0.000000   0.000000
 0.284600   0.000000   0.000000
 0.286550   0.000000   0.000000
 0.288499   0.000000   0.000000
 0.290448   0.000000   0.000000
 0.292398   0.000000   0.000000
 0.294347   0.000000   0.000000
 0.296296   0.000000   0.000000
 0.298246   0.000000   0.000000
 0.300195   0.000000   0.000000
 0.302144   0.000000   0.000000
 0.304094   0.000000   0.000000
 0.306043   0.000000   0.000000
 0.307992   0.000000   0.000000
 0.309941   0.000000   0.000000
 0.311891   0.000000   0.000000
 0.313840   0.000000   0.000000
 0.315790   0.000000   0.000000
 0.317739   0.000000   0.000000
 0.319688   0.000000   0.000000
 0.321637   0.000000   0.000000
 0.323587   0.000000   0.000000
 0.325536   0.000000   0.000000
 0.327485   0.000000   0.000000
 0.329435   0.000000   0.000000
 0.331384   0.000000   0.000000
 0.333333   0.000000   0.000000
 0.335283   0.000000   0.000000
 0.337232   0.000000   0.000000
 0.339181   0.000000   0.000000
 0.341131   0.000000   0.000000
 0.343080   0.000000   0.000000
 0.345029   0.000000   0.000000
 0.346979   0.000000   0.000000
 0.348928   0.000000   0.000000
 0.350877   0.000000   0.000000
 0.352826   0.000000   0.000000
 0.354776   0.000000   0.000000
 0.356725   0.000000   0.000000
 0.358675   0.000000   0.000000
 0.360624   0.000000   0.000000
 0.362573   0.000000   0.000000
 0.364522   0.000000   0.000000
 0.366472   0.000000   0.000000
 0.368421   0.000000   0.000000
 0.370370   0.000000   0.000000
 0.372320   0.000000   0.000000
 0.374269   0.000000   0.000000
 0.376218   0.000000   0.000000
 0.378168   0.000000   0.000000
 0.380117   0.000000   0.000000
 0.382066   0.000000   0.000000
 0.384016   0.000000   0.000000
 0.385965   0.000000   0.000000
 0.387914   0.000000   0.000000
 0.389863   0.000000   0.000000
 0.391813   0.000000   0.000000
 0.393762   0.000000   0.000000
 0.395711   0.000000   0.000000
 0.397661   0.000000   0.000000
 0.399610   0.000000   0.000000
 0.401560   0.000000   0.000000
 0.403509   0.000000   0.000000
 0.405458   0.000000   0.000000
 0.407407   0.000000   0.000000
 0.409357   0.000000   0.000000
 0.411306   0.000000   0.000000
 0.413255   0.000000   0.000000
 0.415205   0.000000   0.000000
 0.417154   0.000000   0.000000
 0.419103   0.000000   0.000000
 0.421053   0.000000   0.000000
 0.423002   0.000000   0.000000
 0.424951   0.000000   0.000000
 0.426901   0.000000   0.000000
 0.428850   0.000000   0.000000
 0.430799   0.000000   0.000000
 0.432748   0.000000   0.000000
 0.434698   0.000000   0.000000
 0.436647   0.000000   0.000000
 0.438597   0.000000   0.000000
 0.440546   0.000000   0.000000
 0.442495   0.000000   0.000000
 0.444444   0.000000   0.000000
 0.446394   0.000000   0.000000
 0.448343   0.000000   0.000000
 0.450292   0.000000   0.000000
 0.452242   0.000000   0.000000
 0.454191   0.000000   0.000000
 0.456140   0.000000   0.000000
 0.458090   0.000000   0.000000
 0.460039   0.000000   0.000000
 0.461988   0.000000   0.000000
 0.463938   0.000000   0.000000
 0.465887   0.000000   0.000000
 0.467836   0.000000   0.000000
 0.469786   0.000000   0.000000
 0.471735   0.000000   0.000000
 0.473684   0.000000   0.000000
 0.475633   0.000000   0.000000
 0.477583   0.000000   0.000000
 0.479532   0.000000   0.000000
 0.481482   0.000000   0.000000
 0.483431   0.000000   0.000000
 0.485380   0.000000   0.000000
 0.487329   0.000000   0.000000
 0.489279   0.000000   0.000000
 0.491228   0.000000   0.000000
 0.493177   0.000000   0.000000
 0.495127   0.000000   0.000000
 0.497076   0.000000   0.000000
 0.499025   0.000000   0.000000
 0.500975   0.000000   0.000000
 0.502924   0.000000   0.000000
 0.504873   0.000000   0.000000
 0.506823   0.000000   0.000000
 0.508772   0.000000   0.000000
 0.510721   0.000000   0.000000
 0.512671   0.000000   0.000000
 0.514620   0.000000   0.000000
 0.516569   0.000000   0.000000
 0.518518   0.000000   0.000000
 0.520468   0.000000   0.000000
 0.522417   0.000000   0.000000
 0.524366   0.000000   0.000000
 0.526316   0.000000   0.000000
 0.528265   0.000000   0.000000
 0.530214   0.000000   0.000000
 0.532164   0.000000   0.000000
 0.534113   0.000000   0.000000
 0.536062   0.000000   0.000000
 0.538012   0.000000   0.000000
 0.539961   0.000000   0.000000
 0.541910   0.000000   0.000000
 0.543860   0.000000   0.000000
 0.545809   0.000000   0.000000
 0.547758   0.000000   0.000000
 0.549708   0.000000   0.000000
 0.551657   0.000000   0.000000
 0.553606   0.000000   0.000000
 0.555556   0.000000   0.000000
 0.557505   0.000000   0.000000
 0.559454   0.000000   0.000000
 0.561404   0.000000   0.000000
 0.563353   0.000000   0.000000
 0.565302   0.000000   0.000000
 0.567252   0.000000   0.000000
 0.569201   0.000000   0.000000
 0.571150   0.000000   0.000000
 0.573099   0.000000   0.000000
 0.575049   0.000000   0.000000
 0.576998   0.000000   0.000000
 0.578947   0.000000   0.000000
 0.580897   0.000000   0.000000
 0.582846   0.000000   0.000000
 0.584795   0.000000   0.000000
 0.586745   0.000000   0.000000
 0.588694   0.000000   0.000000
 0.590643   0.000000   0.000000
 0.592593   0.000000   0.000000
 0.594542   0.000000   0.000000
 0.596491   0.000000   0.000000
 0.598441   0.000000   0.000000
 0.600390   0.000000   0.000000
 0.602339   0.000000   0.000000
 0.604289   0.000000   0.000000
 0.606238   0.000000   0.000000
 0.608187   0.000000   0.000000
 0.610136   0.000000   0.000000
 0.612086   0.000000   0.000000
 0.614035   0.000000   0.000000
 0.615984   0.000000   0.000000
 0.617934   0.000000   0.000000
 0.619883   0.000000   0.000000
 0.621832   0.000000   0.000000
 0.623782   0.000000   0.000000
 0.625731   0.000000   0.000000
 0.627680   0.000000   0.000000
 0.629630   0.000000   0.000000
 0.631579   0.000000   0.000000
 0.633528   0.000000   0.000000
 0.635478   0.000000   0.000000
 0.637427   0.000000   0.000000
 0.639376   0.000000   0.000000
 0.641325   0.000000   0.000000
 0.643275   0.000000   0.000000
 0.645224   0.000000   0.000000
 0.647173   0.000000   0.000000
 0.649123   0.000000   0.000000
 0.651072   0.000000   0.000000
 0.653021   0.000000   0.000000
 0.654971   0.000000   0.000000
 0.656920   0.000000   0.000000
 0.658869   0.000000   0.000000
 0.660819   0.000000   0.000000
 0.662768   0.000000   0.000000
 0.664717   0.000000   0.000000
 0.666667   0.000000   0.000000
 0.668616   0.000000   0.000000
 0.670565   0.000000   0.000000
 0.672515   0.000000   0.000000
 0.674464   0.000000   0.000000
 0.676413   0.000000   0.000000
 0.678363   0.000000   0.000000
 0.680312   0.000000   0.000000
 0.682261   0.000000   0.000000
 0.684211   0.000000   0.000000
 0.686160   0.000000   0.000000
 0.688109   0.000000   0.000000
 0.690059   0.000000   0.000000
 0.692008   0.000000   0.000000
 0.693957   0.000000   0.000000
 0.695906   0.000000   0.000000
 0.697856   0.000000   0.000000
 0.699805   0.000000   0.000000
 0.701754   0.000000   0.000000
 0.703704   0.000000   0.000000
 0.705653   0.000000   0.000000
 0.707602   0.000000   0.000000
 0.709552   0.000000   0.000000
 0.711501   0.000000   0.000000
 0.713450   0.000000   0.000000
 0.715400   0.000000   0.000000
 0.717349   0.000000   0.000000
 0.719298   0.000000   0.000000
 0.721248   0.000000   0.000000
 0.723197   0.000000   0.000000
 0.725146   0.000000   0.000000
 0.727096   0.000000   0.000000
 0.729045   0.000000   0.000000
 0.730994   0.000000   0.000000
 0.732943   0.000000   0.000000
 0.734893   0.000000   0.000000
 0.736842   0.000000   0.000000
 0.738791   0.000000   0.000000
 0.740741   0.000000   0.000000
 0.742690   0.000000   0.000000
 0.744639   0.000000   0.000000
 0.746589   0.000000   0.000000
 0.748538   0.000000   0.000000
 0.750487   0.000000   0.000000
 0.752437   0.000000   0.000000
 0.754386   0.000000   0.000000
 0.756335   0.000000   0.000000
 0.758285   0.000000   0.000000
 0.760234   0.000000   0.000000
 0.762183   0.000000   0.000000
 0.764133   0.000000   0.000000
 0.766082   0.000000   0.000000
 0.768031   0.000000   0.000000
 0.769980   0.000000   0.000000
 0.771930   0.000000   0.000000
 0.773879   0.000000   0.000000
 0.775829   0.000000   0.000000
 0.777778   0.000000   0.000000
 0.779727   0.000000   0.000000
 0.781676   0.000000   0.000000
 0.783626   0.000000   0.000000
 0.785575   0.000000   0.000000
 0.787524   0.000000   0.000000
 0.789474   0.000000   0.000000
 0.791423   0.000000   0.000000
 0.793372   0.000000   0.000000
 0.795322   0.000000   0.000000
 0.797271   0.000000   0.000000
 0.799220   0.000000   0.000000
 0.801170   0.000000   0.000000
 0.803119   0.000000   0.000000
 0.805068   0.000000   0.000000
 0.807018   0.000000   0.000000
 0.808967   0.000000   0.000000
 0.810916   0.000000   0.000000
 0.812866   0.000000   0.000000
 0.814815   0.000000   0.000000
 0.816764   0.000000   0.000000
 0.818713   0.000000   0.000000
 0.820663   0.000000   0.000000
 0.822612   0.000000   0.000000
 0.824561   0.000000   0.000000
 0.826511   0.000000   0.000000
 0.828460   0.000000   0.000000
 0.830409   0.000000   0.000000
 0.832359   0.000000   0.000000
 0.834308   0.000000   0.000000
 0.836257   0.000000   0.000000
 0.838207   0.000000   0.000000
 0.840156   0.000000   0.000000
 0.842105   0.000000   0.000000
 0.844055   0.000000   0.000000
 0.846004   0.000000   0.000000
 0.847953   0.000000   0.000000
 0.849903   0.000000   0.000000
 0.851852   0.000000   0.000000
 0.853801   0.000000   0.000000
 0.855750   0.000000   0.000000
 0.857700   0.000000   0.000000
 0.859649   0.000000   0.000000
 0.861598   0.000000   0.000000
 0.863548   0.000000   0.000000
 0.865497   0.000000   0.000000
 0.867446   0.000000   0.000000
 0.869396   0.000000   0.000000
 0.871345   0.000000   0.000000
 0.873294   0.000000   0.000000
 0.875244   0.000000   0.000000
 0.877193   0.000000   0.000000
 0.879142   0.000000   0.000000
 0.881092   0.000000   0.000000
 0.883041   0.000000   0.000000
 0.884990   0.000000   0.000000
 0.886940   0.000000   0.000000
 0.888889   0.000000   0.000000
 0.890838   0.000000   0.000000
 0.892787   0.000000   0.000000
 0.894737   0.000000   0.000000
 0.896686   0.000000   0.000000
 0.898636   0.000000   0.000000
 0.900585   0.000000   0.000000
 0.902534   0.000000   0.000000
 0.904483   0.000000   0.000000
 0.906433   0.000000   0.000000
 0.908382   0.000000   0.000000
 0.910331   0.000000   0.000000
 0.912281   0.000000   0.000000
 0.914230   0.000000   0.000000
 0.916179   0.000000   0.000000
 0.918129   0.000000   0.000000
 0.920078   0.000000   0.000000
 0.922027   0.000000   0.000000
 0.923977   0.000000   0.000000
 0.925926   0.000000   0.000000
 0.927875   0.000000   0.000000
 0.929825   0.000000   0.000000
 0.931774   0.000000   0.000000
 0.933723   0.000000   0.000000
 0.935673   0.000000   0.000000
 0.937622   0.000000   0.000000
 0.939571   0.000000   0.000000
 0.941520   0.000000   0.000000
 0.943470   0.000000   0.000000
 0.945419   0.000000   0.000000
 0.947368   0.000000   0.000000
 0.949318   0.000000   0.000000
 0.951267   0.000000   0.000000
 0.953216   0.000000   0.000000
 0.955166   0.000000   0.000000
 0.957115   0.000000   0.000000
 0.959064   0.000000   0.000000
 0.961014   0.000000   0.000000
 0.962963   0.000000   0.000000
 0.964912   0.000000   0.000000
 0.966862   0.000000   0.000000
 0.968811   0.000000   0.000000
 0.970760   0.000000   0.000000
 0.972710   0.000000   0.000000
 0.974659   0.000000   0.000000
 0.976608   0.000000   0.000000
 0.978557   0.000000   0.000000
 0.980507   0.000000   0.000000
 0.982456   0.000000   0.000000
 0.984406   0.000000   0.000000
 0.986355   0.000000   0.000000
 0.988304   0.000000   0.000000
 0.990253   0.000000   0.000000
 0.992203   0.000000   0.000000
 0.994152   0.000000   0.000000
 0.996101   0.000000   0.000000
 0.998051   0.000000   0.000000
 1.000000   0.000000   0.000000
514 psinorm vpol1(km/s) dvpol1/dpsiN
 0.000000   0.000000   0.000000
 0.001949   0.000000   0.000000
 0.003899   0.000000   0.000000
 0.005848   0.000000   0.000000
 0.007797   0.000000   0.000000
 0.009747   0.000000   0.000000
 0.011696   0.000000   0.000000
 0.013645   0.000000   0.000000
 0.015595   0.000000   0.000000
 0.017544   0.000000   0.000000
 0.019493   0.000000   0.000000
 0.021442   0.000000   0.000000
 0.023392   0.000000   0.000000
 0.025341   0.000000   0.000000
 0.027290   0.000000   0.000000
 0.029240   0.000000   0.000000
 0.031189   0.000000   0.000000
 0.033138   0.000000   0.000000
 0.035088   0.000000   0.000000
 0.037037   0.000000   0.000000
 0.038986   0.000000   0.000000
 0.040936   0.000000   0.000000
 0.042885   0.000000   0.000000
 0.044834   0.000000   0.000000
 0.046784   0.000000   0.000000
 0.048733   0.000000   0.000000
 0.050682   0.000000   0.000000
 0.052632   0.000000   0.000000
 0.054581   0.000000   0.000000
 0.056530   0.000000   0.000000
 0.058480   0.000000   0.000000
 0.060429   0.000000   0.000000
 0.062378   0.000000   0.000000
 0.064327   0.000000   0.000000
 0.066277   0.000000   0.000000
 0.068226   0.000000   0.000000
 0.070175   0.000000   0.000000
 0.072125   0.000000   0.000000
 0.074074   0.000000   0.000000
 0.076023   0.000000   0.000000
 0.077973   0.000000   0.000000
 0.079922   0.000000   0.000000
 0.081871   0.000000   0.000000
 0.083821   0.000000   0.000000
 0.085770   0.000000   0.000000
 0.087719   0.000000   0.000000
 0.089669   0.000000   0.000000
 0.091618   0.000000   0.000000
 0.093567   0.000000   0.000000
 0.095517   0.000000   0.000000
 0.097466   0.000000   0.000000
 0.099415   0.000000   0.000000
 0.101364   0.000000   0.000000
 0.103314   0.000000   0.000000
 0.105263   0.000000   0.000000
 0.107213   0.000000   0.000000
 0.109162   0.000000   0.000000
 0.111111   0.000000   0.000000
 0.113060   0.000000   0.000000
 0.115010   0.000000   0.000000
 0.116959   0.000000   0.000000
 0.118908   0.000000   0.000000
 0.120858   0.000000   0.000000
 0.122807   0.000000   0.000000
 0.124756   0.000000   0.000000
 0.126706   0.000000   0.000000
 0.128655   0.000000   0.000000
 0.130604   0.000000   0.000000
 0.132554   0.000000   0.000000
 0.134503   0.000000   0.000000
 0.136452   0.000000   0.000000
 0.138402   0.000000   0.000000
 0.140351   0.000000   0.000000
 0.142300   0.000000   0.000000
 0.144250   0.000000   0.000000
 0.146199   0.000000   0.000000
 0.148148   0.000000   0.000000
 0.150097   0.000000   0.000000
 0.152047   0.000000   0.000000
 0.153996   0.000000   0.000000
 0.155945   0.000000   0.000000
 0.157895   0.000000   0.000000
 0.159844   0.000000   0.000000
 0.161793   0.000000   0.000000
 0.163743   0.000000   0.000000
 0.165692   0.000000   0.000000
 0.167641   0.000000   0.000000
 0.169591   0.000000   0.000000
 0.171540   0.000000   0.000000
 0.173489   0.000000   0.000000
 0.175439   0.000000   0.000000
 0.177388   0.000000   0.000000
 0.179337   0.000000   0.000000
 0.181286   0.000000   0.000000
 0.183236   0.000000   0.000000
 0.185185   0.000000   0.000000
 0.187135   0.000000   0.000000
 0.189084   0.000000   0.000000
 0.191033   0.000000   0.000000
 0.192983   0.000000   0.000000
 0.194932   0.000000   0.000000
 0.196881   0.000000   0.000000
 0.198830   0.000000   0.000000
 0.200780   0.000000   0.000000
 0.202729   0.000000   0.000000
 0.204678   0.000000   0.000000
 0.206628   0.000000   0.000000
 0.208577   0.000000   0.000000
 0.210526   0.000000   0.000000
 0.212476   0.000000   0.000000
 0.214425   0.000000   0.000000
 0.216374   0.000000   0.000000
 0.218324   0.000000   0.000000
 0.220273   0.000000   0.000000
 0.222222   0.000000   0.000000
 0.224171   0.000000   0.000000
 0.226121   0.000000   0.000000
 0.228070   0.000000   0.000000
 0.230019   0.000000   0.000000
 0.231969   0.000000   0.000000
 0.233918   0.000000   0.000000
 0.235867   0.000000   0.000000
 0.237817   0.000000   0.000000
 0.239766   0.000000   0.000000
 0.241715   0.000000   0.000000
 0.243665   0.000000   0.000000
 0.245614   0.000000   0.000000
 0.247563   0.000000   0.000000
 0.249513   0.000000   0.000000
 0.251462   0.000000   0.000000
 0.253411   0.000000   0.000000
 0.255361   0.000000   0.000000
 0.257310   0.000000   0.000000
 0.259259   0.000000   0.000000
 0.261209   0.000000   0.000000
 0.263158   0.000000   0.000000
 0.265107   0.000000   0.000000
 0.267056   0.000000   0.000000
 0.269006   0.000000   0.000000
 0.270955   0.000000   0.000000
 0.272904   0.000000   0.000000
 0.274854   0.000000   0.000000
 0.276803   0.000000   0.000000
 0.278752   0.000000   0.000000
 0.280702   0.000000   0.000000
 0.282651   0.000000   0.000000
 0.284600   0.000000   0.000000
 0.286550   0.000000   0.000000
 0.288499   0.000000   0.000000
 0.290448   0.000000   0.000000
 0.292398   0.000000   0.000000
 0.294347   0.000000   0.000000
 0.296296   0.000000   0.000000
 0.298246   0.000000   0.000000
 0.300195   0.000000   0.000000
 0.302144   0.000000   0.000000
 0.304094   0.000000   0.000000
 0.306043   0.000000   0.000000
 0.307992   0.000000   0.000000
 0.309941   0.000000   0.000000
 0.311891   0.000000   0.000000
 0.313840   0.000000   0.000000
 0.315790   0.000000   0.000000
 0.317739   0.000000   0.000000
 0.319688   0.000000   0.000000
 0.321637   0.000000   0.000000
 0.323587   0.000000   0.000000
 0.325536   0.000000   0.000000
 0.327485   0.000000   0.000000
 0.329435   0.000000   0.000000
 0.331384   0.000000   0.000000
 0.333333   0.000000   0.000000
 0.335283   0.000000   0.000000
 0.337232   0.000000   0.000000
 0.339181   0.000000   0.000000
 0.341131   0.000000   0.000000
 0.343080   0.000000   0.000000
 0.345029   0.000000   0.000000
 0.346979   0.000000   0.000000
 0.348928   0.000000   0.000000
 0.350877   0.000000   0.000000
 0.352826   0.000000   0.000000
 0.354776   0.000000   0.000000
 0.356725   0.000000   0.000000
 0.358675   0.000000   0.000000
 0.360624   0.000000   0.000000
 0.362573   0.000000   0.000000
 0.364522   0.000000   0.000000
 0.366472   0.000000   0.000000
 0.368421   0.000000   0.000000
 0.370370   0.000000   0.000000
 0.372320   0.000000   0.000000
 0.374269   0.000000   0.000000
 0.376218   0.000000   0.000000
 0.378168   0.000000   0.000000
 0.380117   0.000000   0.000000
 0.382066   0.000000   0.000000
 0.384016   0.000000   0.000000
 0.385965   0.000000   0.000000
 0.387914   0.000000   0.000000
 0.389863   0.000000   0.000000
 0.391813   0.000000   0.000000
 0.393762   0.000000   0.000000
 0.395711   0.000000   0.000000
 0.397661   0.000000   0.000000
 0.399610   0.000000   0.000000
 0.401560   0.000000   0.000000
 0.403509   0.000000   0.000000
 0.405458   0.000000   0.000000
 0.407407   0.000000   0.000000
 0.409357   0.000000   0.000000
 0.411306   0.000000   0.000000
 0.413255   0.000000   0.000000
 0.415205   0.000000   0.000000
 0.417154   0.000000   0.000000
 0.419103   0.000000   0.000000
 0.421053   0.000000   0.000000
 0.423002   0.000000   0.000000
 0.424951   0.000000   0.000000
 0.426901   0.000000   0.000000
 0.428850   0.000000   0.000000
 0.430799   0.000000   0.000000
 0.432748   0.000000   0.000000
 0.434698   0.000000   0.000000
 0.436647   0.000000   0.000000
 0.438597   0.000000   0.000000
 0.440546   0.000000   0.000000
 0.442495   0.000000   0.000000
 0.444444   0.000000   0.000000
 0.446394   0.000000   0.000000
 0.448343   0.000000   0.000000
 0.450292   0.000000   0.000000
 0.452242   0.000000   0.000000
 0.454191   0.000000   0.000000
 0.456140   0.000000   0.000000
 0.458090   0.000000   0.000000
 0.460039   0.000000   0.000000
 0.461988   0.000000   0.000000
 0.463938   0.000000   0.000000
 0.465887   0.000000   0.000000
 0.467836   0.000000   0.000000
 0.469786   0.000000   0.000000
 0.471735   0.000000   0.000000
 0.473684   0.000000   0.000000
 0.475633   0.000000   0.000000
 0.477583   0.000000   0.000000
 0.479532   0.000000   0.000000
 0.481482   0.000000   0.000000
 0.483431   0.000000   0.000000
 0.485380   0.000000   0.000000
 0.487329   0.000000   0.000000
 0.489279   0.000000   0.000000
 0.491228   0.000000   0.000000
 0.493177   0.000000   0.000000
 0.495127   0.000000   0.000000
 0.497076   0.000000   0.000000
 0.499025   0.000000   0.000000
 0.500975   0.000000   0.000000
 0.502924   0.000000   0.000000
 0.504873   0.000000   0.000000
 0.506823   0.000000   0.000000
 0.508772   0.000000   0.000000
 0.510721   0.000000   0.000000
 0.512671   0.000000   0.000000
 0.514620   0.000000   0.000000
 0.516569   0.000000   0.000000
 0.518518   0.000000   0.000000
 0.520468   0.000000   0.000000
 0.522417   0.000000   0.000000
 0.524366   0.000000   0.000000
 0.526316   0.000000   0.000000
 0.528265   0.000000   0.000000
 0.530214   0.000000   0.000000
 0.532164   0.000000   0.000000
 0.534113   0.000000   0.000000
 0.536062   0.000000   0.000000
 0.538012   0.000000   0.000000
 0.539961   0.000000   0.000000
 0.541910   0.000000   0.000000
 0.543860   0.000000   0.000000
 0.545809   0.000000   0.000000
 0.547758   0.000000   0.000000
 0.549708   0.000000   0.000000
 0.551657   0.000000   0.000000
 0.553606   0.000000   0.000000
 0.555556   0.000000   0.000000
 0.557505   0.000000   0.000000
 0.559454   0.000000   0.000000
 0.561404   0.000000   0.000000
 0.563353   0.000000   0.000000
 0.565302   0.000000   0.000000
 0.567252   0.000000   0.000000
 0.569201   0.000000   0.000000
 0.571150   0.000000   0.000000
 0.573099   0.000000   0.000000
 0.575049   0.000000   0.000000
 0.576998   0.000000   0.000000
 0.578947   0.000000   0.000000
 0.580897   0.000000   0.000000
 0.582846   0.000000   0.000000
 0.584795   0.000000   0.000000
 0.586745   0.000000   0.000000
 0.588694   0.000000   0.000000
 0.590643   0.000000   0.000000
 0.592593   0.000000   0.000000
 0.594542   0.000000   0.000000
 0.596491   0.000000   0.000000
 0.598441   0.000000   0.000000
 0.600390   0.000000   0.000000
 0.602339   0.000000   0.000000
 0.604289   0.000000   0.000000
 0.606238   0.000000   0.000000
 0.608187   0.000000   0.000000
 0.610136   0.000000   0.000000
 0.612086   0.000000   0.000000
 0.614035   0.000000   0.000000
 0.615984   0.000000   0.000000
 0.617934   0.000000   0.000000
 0.619883   0.000000   0.000000
 0.621832   0.000000   0.000000
 0.623782   0.000000   0.000000
 0.625731   0.000000   0.000000
 0.627680   0.000000   0.000000
 0.629630   0.000000   0.000000
 0.631579   0.000000   0.000000
 0.633528   0.000000   0.000000
 0.635478   0.000000   0.000000
 0.637427   0.000000   0.000000
 0.639376   0.000000   0.000000
 0.641325   0.000000   0.000000
 0.643275   0.000000   0.000000
 0.645224   0.000000   0.000000
 0.647173   0.000000   0.000000
 0.649123   0.000000   0.000000
 0.651072   0.000000   0.000000
 0.653021   0.000000   0.000000
 0.654971   0.000000   0.000000
 0.656920   0.000000   0.000000
 0.658869   0.000000   0.000000
 0.660819   0.000000   0.000000
 0.662768   0.000000   0.000000
 0.664717   0.000000   0.000000
 0.666667   0.000000   0.000000
 0.668616   0.000000   0.000000
 0.670565   0.000000   0.000000
 0.672515   0.000000   0.000000
 0.674464   0.000000   0.000000
 0.676413   0.000000   0.000000
 0.678363   0.000000   0.000000
 0.680312   0.000000   0.000000
 0.682261   0.000000   0.000000
 0.684211   0.000000   0.000000
 0.686160   0.000000   0.000000
 0.688109   0.000000   0.000000
 0.690059   0.000000   0.000000
 0.692008   0.000000   0.000000
 0.693957   0.000000   0.000000
 0.695906   0.000000   0.000000
 0.697856   0.000000   0.000000
 0.699805   0.000000   0.000000
 0.701754   0.000000   0.000000
 0.703704   0.000000   0.000000
 0.705653   0.000000   0.000000
 0.707602   0.000000   0.000000
 0.709552   0.000000   0.000000
 0.711501   0.000000   0.000000
 0.713450   0.000000   0.000000
 0.715400   0.000000   0.000000
 0.717349   0.000000   0.000000
 0.719298   0.000000   0.000000
 0.721248   0.000000   0.000000
 0.723197   0.000000   0.000000
 0.725146   0.000000   0.000000
 0.727096   0.000000   0.000000
 0.729045   0.000000   0.000000
 0.730994   0.000000   0.000000
 0.732943   0.000000   0.000000
 0.734893   0.000000   0.000000
 0.736842   0.000000   0.000000
 0.738791   0.000000   0.000000
 0.740741   0.000000   0.000000
 0.742690   0.000000   0.000000
 0.744639   0.000000   0.000000
 0.746589   0.000000   0.000000
 0.748538   0.000000   0.000000
 0.750487   0.000000   0.000000
 0.752437   0.000000   0.000000
 0.754386   0.000000   0.000000
 0.756335   0.000000   0.000000
 0.758285   0.000000   0.000000
 0.760234   0.000000   0.000000
 0.762183   0.000000   0.000000
 0.764133   0.000000   0.000000
 0.766082   0.000000   0.000000
 0.768031   0.000000   0.000000
 0.769980   0.000000   0.000000
 0.771930   0.000000   0.000000
 0.773879   0.000000   0.000000
 0.775829   0.000000   0.000000
 0.777778   0.000000   0.000000
 0.779727   0.000000   0.000000
 0.781676   0.000000   0.000000
 0.783626   0.000000   0.000000
 0.785575   0.000000   0.000000
 0.787524   0.000000   0.000000
 0.789474   0.000000   0.000000
 0.791423   0.000000   0.000000
 0.793372   0.000000   0.000000
 0.795322   0.000000   0.000000
 0.797271   0.000000   0.000000
 0.799220   0.000000   0.000000
 0.801170   0.000000   0.000000
 0.803119   0.000000   0.000000
 0.805068   0.000000   0.000000
 0.807018   0.000000   0.000000
 0.808967   0.000000   0.000000
 0.810916   0.000000   0.000000
 0.812866   0.000000   0.000000
 0.814815   0.000000   0.000000
 0.816764   0.000000   0.000000
 0.818713   0.000000   0.000000
 0.820663   0.000000   0.000000
 0.822612   0.000000   0.000000
 0.824561   0.000000   0.000000
 0.826511   0.000000   0.000000
 0.828460   0.000000   0.000000
 0.830409   0.000000   0.000000
 0.832359   0.000000   0.000000
 0.834308   0.000000   0.000000
 0.836257   0.000000   0.000000
 0.838207   0.000000   0.000000
 0.840156   0.000000   0.000000
 0.842105   0.000000   0.000000
 0.844055   0.000000   0.000000
 0.846004   0.000000   0.000000
 0.847953   0.000000   0.000000
 0.849903   0.000000   0.000000
 0.851852   0.000000   0.000000
 0.853801   0.000000   0.000000
 0.855750   0.000000   0.000000
 0.857700   0.000000   0.000000
 0.859649   0.000000   0.000000
 0.861598   0.000000   0.000000
 0.863548   0.000000   0.000000
 0.865497   0.000000   0.000000
 0.867446   0.000000   0.000000
 0.869396   0.000000   0.000000
 0.871345   0.000000   0.000000
 0.873294   0.000000   0.000000
 0.875244   0.000000   0.000000
 0.877193   0.000000   0.000000
 0.879142   0.000000   0.000000
 0.881092   0.000000   0.000000
 0.883041   0.000000   0.000000
 0.884990   0.000000   0.000000
 0.886940   0.000000   0.000000
 0.888889   0.000000   0.000000
 0.890838   0.000000   0.000000
 0.892787   0.000000   0.000000
 0.894737   0.000000   0.000000
 0.896686   0.000000   0.000000
 0.898636   0.000000   0.000000
 0.900585   0.000000   0.000000
 0.902534   0.000000   0.000000
 0.904483   0.000000   0.000000
 0.906433   0.000000   0.000000
 0.908382   0.000000   0.000000
 0.910331   0.000000   0.000000
 0.912281   0.000000   0.000000
 0.914230   0.000000   0.000000
 0.916179   0.000000   0.000000
 0.918129   0.000000   0.000000
 0.920078   0.000000   0.000000
 0.922027   0.000000   0.000000
 0.923977   0.000000   0.000000
 0.925926   0.000000   0.000000
 0.927875   0.000000   0.000000
 0.929825   0.000000   0.000000
 0.931774   0.000000   0.000000
 0.933723   0.000000   0.000000
 0.935673   0.000000   0.000000
 0.937622   0.000000   0.000000
 0.939571   0.000000   0.000000
 0.941520   0.000000   0.000000
 0.943470   0.000000   0.000000
 0.945419   0.000000   0.000000
 0.947368   0.000000   0.000000
 0.949318   0.000000   0.000000
 0.951267   0.000000   0.000000
 0.953216   0.000000   0.000000
 0.955166   0.000000   0.000000
 0.957115   0.000000   0.000000
 0.959064   0.000000   0.000000
 0.961014   0.000000   0.000000
 0.962963   0.000000   0.000000
 0.964912   0.000000   0.000000
 0.966862   0.000000   0.000000
 0.968811   0.000000   0.000000
 0.970760   0.000000   0.000000
 0.972710   0.000000   0.000000
 0.974659   0.000000   0.000000
 0.976608   0.000000   0.000000
 0.978557   0.000000   0.000000
 0.980507   0.000000   0.000000
 0.982456   0.000000   0.000000
 0.984406   0.000000   0.000000
 0.986355   0.000000   0.000000
 0.988304   0.000000   0.000000
 0.990253   0.000000   0.000000
 0.992203   0.000000   0.000000
 0.994152   0.000000   0.000000
 0.996101   0.000000   0.000000
 0.998051   0.000000   0.000000
 1.000000   0.000000   0.000000
514 psinorm kpol(km/s/T) dkpol/dpsiN
 0.000000   0.000000   0.000000
 0.001949   0.000000   0.000000
 0.003899   0.000000   0.000000
 0.005848   0.000000   0.000000
 0.007797   0.000000   0.000000
 0.009747   0.000000   0.000000
 0.011696   0.000000   0.000000
 0.013645   0.000000   0.000000
 0.015595   0.000000   0.000000
 0.017544   0.000000   0.000000
 0.019493   0.000000   0.000000
 0.021442   0.000000   0.000000
 0.023392   0.000000   0.000000
 0.025341   0.000000   0.000000
 0.027290   0.000000   0.000000
 0.029240   0.000000   0.000000
 0.031189   0.000000   0.000000
 0.033138   0.000000   0.000000
 0.035088   0.000000   0.000000
 0.037037   0.000000   0.000000
 0.038986   0.000000   0.000000
 0.040936   0.000000   0.000000
 0.042885   0.000000   0.000000
 0.044834   0.000000   0.000000
 0.046784   0.000000   0.000000
 0.048733   0.000000   0.000000
 0.050682   0.000000   0.000000
 0.052632   0.000000   0.000000
 0.054581   0.000000   0.000000
 0.056530   0.000000   0.000000
 0.058480   0.000000   0.000000
 0.060429   0.000000   0.000000
 0.062378   0.000000   0.000000
 0.064327   0.000000   0.000000
 0.066277   0.000000   0.000000
 0.068226   0.000000   0.000000
 0.070175   0.000000   0.000000
 0.072125   0.000000   0.000000
 0.074074   0.000000   0.000000
 0.076023   0.000000   0.000000
 0.077973   0.000000   0.000000
 0.079922   0.000000   0.000000
 0.081871   0.000000   0.000000
 0.083821   0.000000   0.000000
 0.085770   0.000000   0.000000
 0.087719   0.000000   0.000000
 0.089669   0.000000   0.000000
 0.091618   0.000000   0.000000
 0.093567   0.000000   0.000000
 0.095517   0.000000   0.000000
 0.097466   0.000000   0.000000
 0.099415   0.000000   0.000000
 0.101364   0.000000   0.000000
 0.103314   0.000000   0.000000
 0.105263   0.000000   0.000000
 0.107213   0.000000   0.000000
 0.109162   0.000000   0.000000
 0.111111   0.000000   0.000000
 0.113060   0.000000   0.000000
 0.115010   0.000000   0.000000
 0.116959   0.000000   0.000000
 0.118908   0.000000   0.000000
 0.120858   0.000000   0.000000
 0.122807   0.000000   0.000000
 0.124756   0.000000   0.000000
 0.126706   0.000000   0.000000
 0.128655   0.000000   0.000000
 0.130604   0.000000   0.000000
 0.132554   0.000000   0.000000
 0.134503   0.000000   0.000000
 0.136452   0.000000   0.000000
 0.138402   0.000000   0.000000
 0.140351   0.000000   0.000000
 0.142300   0.000000   0.000000
 0.144250   0.000000   0.000000
 0.146199   0.000000   0.000000
 0.148148   0.000000   0.000000
 0.150097   0.000000   0.000000
 0.152047   0.000000   0.000000
 0.153996   0.000000   0.000000
 0.155945   0.000000   0.000000
 0.157895   0.000000   0.000000
 0.159844   0.000000   0.000000
 0.161793   0.000000   0.000000
 0.163743   0.000000   0.000000
 0.165692   0.000000   0.000000
 0.167641   0.000000   0.000000
 0.169591   0.000000   0.000000
 0.171540   0.000000   0.000000
 0.173489   0.000000   0.000000
 0.175439   0.000000   0.000000
 0.177388   0.000000   0.000000
 0.179337   0.000000   0.000000
 0.181286   0.000000   0.000000
 0.183236   0.000000   0.000000
 0.185185   0.000000   0.000000
 0.187135   0.000000   0.000000
 0.189084   0.000000   0.000000
 0.191033   0.000000   0.000000
 0.192983   0.000000   0.000000
 0.194932   0.000000   0.000000
 0.196881   0.000000   0.000000
 0.198830   0.000000   0.000000
 0.200780   0.000000   0.000000
 0.202729   0.000000   0.000000
 0.204678   0.000000   0.000000
 0.206628   0.000000   0.000000
 0.208577   0.000000   0.000000
 0.210526   0.000000   0.000000
 0.212476   0.000000   0.000000
 0.214425   0.000000   0.000000
 0.216374   0.000000   0.000000
 0.218324   0.000000   0.000000
 0.220273   0.000000   0.000000
 0.222222   0.000000   0.000000
 0.224171   0.000000   0.000000
 0.226121   0.000000   0.000000
 0.228070   0.000000   0.000000
 0.230019   0.000000   0.000000
 0.231969   0.000000   0.000000
 0.233918   0.000000   0.000000
 0.235867   0.000000   0.000000
 0.237817   0.000000   0.000000
 0.239766   0.000000   0.000000
 0.241715   0.000000   0.000000
 0.243665   0.000000   0.000000
 0.245614   0.000000   0.000000
 0.247563   0.000000   0.000000
 0.249513   0.000000   0.000000
 0.251462   0.000000   0.000000
 0.253411   0.000000   0.000000
 0.255361   0.000000   0.000000
 0.257310   0.000000   0.000000
 0.259259   0.000000   0.000000
 0.261209   0.000000   0.000000
 0.263158   0.000000   0.000000
 0.265107   0.000000   0.000000
 0.267056   0.000000   0.000000
 0.269006   0.000000   0.000000
 0.270955   0.000000   0.000000
 0.272904   0.000000   0.000000
 0.274854   0.000000   0.000000
 0.276803   0.000000   0.000000
 0.278752   0.000000   0.000000
 0.280702   0.000000   0.000000
 0.282651   0.000000   0.000000
 0.284600   0.000000   0.000000
 0.286550   0.000000   0.000000
 0.288499   0.000000   0.000000
 0.290448   0.000000   0.000000
 0.292398   0.000000   0.000000
 0.294347   0.000000   0.000000
 0.296296   0.000000   0.000000
 0.298246   0.000000   0.000000
 0.300195   0.000000   0.000000
 0.302144   0.000000   0.000000
 0.304094   0.000000   0.000000
 0.306043   0.000000   0.000000
 0.307992   0.000000   0.000000
 0.309941   0.000000   0.000000
 0.311891   0.000000   0.000000
 0.313840   0.000000   0.000000
 0.315790   0.000000   0.000000
 0.317739   0.000000   0.000000
 0.319688   0.000000   0.000000
 0.321637   0.000000   0.000000
 0.323587   0.000000   0.000000
 0.325536   0.000000   0.000000
 0.327485   0.000000   0.000000
 0.329435   0.000000   0.000000
 0.331384   0.000000   0.000000
 0.333333   0.000000   0.000000
 0.335283   0.000000   0.000000
 0.337232   0.000000   0.000000
 0.339181   0.000000   0.000000
 0.341131   0.000000   0.000000
 0.343080   0.000000   0.000000
 0.345029   0.000000   0.000000
 0.346979   0.000000   0.000000
 0.348928   0.000000   0.000000
 0.350877   0.000000   0.000000
 0.352826   0.000000   0.000000
 0.354776   0.000000   0.000000
 0.356725   0.000000   0.000000
 0.358675   0.000000   0.000000
 0.360624   0.000000   0.000000
 0.362573   0.000000   0.000000
 0.364522   0.000000   0.000000
 0.366472   0.000000   0.000000
 0.368421   0.000000   0.000000
 0.370370   0.000000   0.000000
 0.372320   0.000000   0.000000
 0.374269   0.000000   0.000000
 0.376218   0.000000   0.000000
 0.378168   0.000000   0.000000
 0.380117   0.000000   0.000000
 0.382066   0.000000   0.000000
 0.384016   0.000000   0.000000
 0.385965   0.000000   0.000000
 0.387914   0.000000   0.000000
 0.389863   0.000000   0.000000
 0.391813   0.000000   0.000000
 0.393762   0.000000   0.000000
 0.395711   0.000000   0.000000
 0.397661   0.000000   0.000000
 0.399610   0.000000   0.000000
 0.401560   0.000000   0.000000
 0.403509   0.000000   0.000000
 0.405458   0.000000   0.000000
 0.407407   0.000000   0.000000
 0.409357   0.000000   0.000000
 0.411306   0.000000   0.000000
 0.413255   0.000000   0.000000
 0.415205   0.000000   0.000000
 0.417154   0.000000   0.000000
 0.419103   0.000000   0.000000
 0.421053   0.000000   0.000000
 0.423002   0.000000   0.000000
 0.424951   0.000000   0.000000
 0.426901   0.000000   0.000000
 0.428850   0.000000   0.000000
 0.430799   0.000000   0.000000
 0.432748   0.000000   0.000000
 0.434698   0.000000   0.000000
 0.436647   0.000000   0.000000
 0.438597   0.000000   0.000000
 0.440546   0.000000   0.000000
 0.442495   0.000000   0.000000
 0.444444   0.000000   0.000000
 0.446394   0.000000   0.000000
 0.448343   0.000000   0.000000
 0.450292   0.000000   0.000000
 0.452242   0.000000   0.000000
 0.454191   0.000000   0.000000
 0.456140   0.000000   0.000000
 0.458090   0.000000   0.000000
 0.460039   0.000000   0.000000
 0.461988   0.000000   0.000000
 0.463938   0.000000   0.000000
 0.465887   0.000000   0.000000
 0.467836   0.000000   0.000000
 0.469786   0.000000   0.000000
 0.471735   0.000000   0.000000
 0.473684   0.000000   0.000000
 0.475633   0.000000   0.000000
 0.477583   0.000000   0.000000
 0.479532   0.000000   0.000000
 0.481482   0.000000   0.000000
 0.483431   0.000000   0.000000
 0.485380   0.000000   0.000000
 0.487329   0.000000   0.000000
 0.489279   0.000000   0.000000
 0.491228   0.000000   0.000000
 0.493177   0.000000   0.000000
 0.495127   0.000000   0.000000
 0.497076   0.000000   0.000000
 0.499025   0.000000   0.000000
 0.500975   0.000000   0.000000
 0.502924   0.000000   0.000000
 0.504873   0.000000   0.000000
 0.506823   0.000000   0.000000
 0.508772   0.000000   0.000000
 0.510721   0.000000   0.000000
 0.512671   0.000000   0.000000
 0.514620   0.000000   0.000000
 0.516569   0.000000   0.000000
 0.518518   0.000000   0.000000
 0.520468   0.000000   0.000000
 0.522417   0.000000   0.000000
 0.524366   0.000000   0.000000
 0.526316   0.000000   0.000000
 0.528265   0.000000   0.000000
 0.530214   0.000000   0.000000
 0.532164   0.000000   0.000000
 0.534113   0.000000   0.000000
 0.536062   0.000000   0.000000
 0.538012   0.000000   0.000000
 0.539961   0.000000   0.000000
 0.541910   0.000000   0.000000
 0.543860   0.000000   0.000000
 0.545809   0.000000   0.000000
 0.547758   0.000000   0.000000
 0.549708   0.000000   0.000000
 0.551657   0.000000   0.000000
 0.553606   0.000000   0.000000
 0.555556   0.000000   0.000000
 0.557505   0.000000   0.000000
 0.559454   0.000000   0.000000
 0.561404   0.000000   0.000000
 0.563353   0.000000   0.000000
 0.565302   0.000000   0.000000
 0.567252   0.000000   0.000000
 0.569201   0.000000   0.000000
 0.571150   0.000000   0.000000
 0.573099   0.000000   0.000000
 0.575049   0.000000   0.000000
 0.576998   0.000000   0.000000
 0.578947   0.000000   0.000000
 0.580897   0.000000   0.000000
 0.582846   0.000000   0.000000
 0.584795   0.000000   0.000000
 0.586745   0.000000   0.000000
 0.588694   0.000000   0.000000
 0.590643   0.000000   0.000000
 0.592593   0.000000   0.000000
 0.594542   0.000000   0.000000
 0.596491   0.000000   0.000000
 0.598441   0.000000   0.000000
 0.600390   0.000000   0.000000
 0.602339   0.000000   0.000000
 0.604289   0.000000   0.000000
 0.606238   0.000000   0.000000
 0.608187   0.000000   0.000000
 0.610136   0.000000   0.000000
 0.612086   0.000000   0.000000
 0.614035   0.000000   0.000000
 0.615984   0.000000   0.000000
 0.617934   0.000000   0.000000
 0.619883   0.000000   0.000000
 0.621832   0.000000   0.000000
 0.623782   0.000000   0.000000
 0.625731   0.000000   0.000000
 0.627680   0.000000   0.000000
 0.629630   0.000000   0.000000
 0.631579   0.000000   0.000000
 0.633528   0.000000   0.000000
 0.635478   0.000000   0.000000
 0.637427   0.000000   0.000000
 0.639376   0.000000   0.000000
 0.641325   0.000000   0.000000
 0.643275   0.000000   0.000000
 0.645224   0.000000   0.000000
 0.647173   0.000000   0.000000
 0.649123   0.000000   0.000000
 0.651072   0.000000   0.000000
 0.653021   0.000000   0.000000
 0.654971   0.000000   0.000000
 0.656920   0.000000   0.000000
 0.658869   0.000000   0.000000
 0.660819   0.000000   0.000000
 0.662768   0.000000   0.000000
 0.664717   0.000000   0.000000
 0.666667   0.000000   0.000000
 0.668616   0.000000   0.000000
 0.670565   0.000000   0.000000
 0.672515   0.000000   0.000000
 0.674464   0.000000   0.000000
 0.676413   0.000000   0.000000
 0.678363   0.000000   0.000000
 0.680312   0.000000   0.000000
 0.682261   0.000000   0.000000
 0.684211   0.000000   0.000000
 0.686160   0.000000   0.000000
 0.688109   0.000000   0.000000
 0.690059   0.000000   0.000000
 0.692008   0.000000   0.000000
 0.693957   0.000000   0.000000
 0.695906   0.000000   0.000000
 0.697856   0.000000   0.000000
 0.699805   0.000000   0.000000
 0.701754   0.000000   0.000000
 0.703704   0.000000   0.000000
 0.705653   0.000000   0.000000
 0.707602   0.000000   0.000000
 0.709552   0.000000   0.000000
 0.711501   0.000000   0.000000
 0.713450   0.000000   0.000000
 0.715400   0.000000   0.000000
 0.717349   0.000000   0.000000
 0.719298   0.000000   0.000000
 0.721248   0.000000   0.000000
 0.723197   0.000000   0.000000
 0.725146   0.000000   0.000000
 0.727096   0.000000   0.000000
 0.729045   0.000000   0.000000
 0.730994   0.000000   0.000000
 0.732943   0.000000   0.000000
 0.734893   0.000000   0.000000
 0.736842   0.000000   0.000000
 0.738791   0.000000   0.000000
 0.740741   0.000000   0.000000
 0.742690   0.000000   0.000000
 0.744639   0.000000   0.000000
 0.746589   0.000000   0.000000
 0.748538   0.000000   0.000000
 0.750487   0.000000   0.000000
 0.752437   0.000000   0.000000
 0.754386   0.000000   0.000000
 0.756335   0.000000   0.000000
 0.758285   0.000000   0.000000
 0.760234   0.000000   0.000000
 0.762183   0.000000   0.000000
 0.764133   0.000000   0.000000
 0.766082   0.000000   0.000000
 0.768031   0.000000   0.000000
 0.769980   0.000000   0.000000
 0.771930   0.000000   0.000000
 0.773879   0.000000   0.000000
 0.775829   0.000000   0.000000
 0.777778   0.000000   0.000000
 0.779727   0.000000   0.000000
 0.781676   0.000000   0.000000
 0.783626   0.000000   0.000000
 0.785575   0.000000   0.000000
 0.787524   0.000000   0.000000
 0.789474   0.000000   0.000000
 0.791423   0.000000   0.000000
 0.793372   0.000000   0.000000
 0.795322   0.000000   0.000000
 0.797271   0.000000   0.000000
 0.799220   0.000000   0.000000
 0.801170   0.000000   0.000000
 0.803119   0.000000   0.000000
 0.805068   0.000000   0.000000
 0.807018   0.000000   0.000000
 0.808967   0.000000   0.000000
 0.810916   0.000000   0.000000
 0.812866   0.000000   0.000000
 0.814815   0.000000   0.000000
 0.816764   0.000000   0.000000
 0.818713   0.000000   0.000000
 0.820663   0.000000   0.000000
 0.822612   0.000000   0.000000
 0.824561   0.000000   0.000000
 0.826511   0.000000   0.000000
 0.828460   0.000000   0.000000
 0.830409   0.000000   0.000000
 0.832359   0.000000   0.000000
 0.834308   0.000000   0.000000
 0.836257   0.000000   0.000000
 0.838207   0.000000   0.000000
 0.840156   0.000000   0.000000
 0.842105   0.000000   0.000000
 0.844055   0.000000   0.000000
 0.846004   0.000000   0.000000
 0.847953   0.000000   0.000000
 0.849903   0.000000   0.000000
 0.851852   0.000000   0.000000
 0.853801   0.000000   0.000000
 0.855750   0.000000   0.000000
 0.857700   0.000000   0.000000
 0.859649   0.000000   0.000000
 0.861598   0.000000   0.000000
 0.863548   0.000000   0.000000
 0.865497   0.000000   0.000000
 0.867446   0.000000   0.000000
 0.869396   0.000000   0.000000
 0.871345   0.000000   0.000000
 0.873294   0.000000   0.000000
 0.875244   0.000000   0.000000
 0.877193   0.000000   0.000000
 0.879142   0.000000   0.000000
 0.881092   0.000000   0.000000
 0.883041   0.000000   0.000000
 0.884990   0.000000   0.000000
 0.886940   0.000000   0.000000
 0.888889   0.000000   0.000000
 0.890838   0.000000   0.000000
 0.892787   0.000000   0.000000
 0.894737   0.000000   0.000000
 0.896686   0.000000   0.000000
 0.898636   0.000000   0.000000
 0.900585   0.000000   0.000000
 0.902534   0.000000   0.000000
 0.904483   0.000000   0.000000
 0.906433   0.000000   0.000000
 0.908382   0.000000   0.000000
 0.910331   0.000000   0.000000
 0.912281   0.000000   0.000000
 0.914230   0.000000   0.000000
 0.916179   0.000000   0.000000
 0.918129   0.000000   0.000000
 0.920078   0.000000   0.000000
 0.922027   0.000000   0.000000
 0.923977   0.000000   0.000000
 0.925926   0.000000   0.000000
 0.927875   0.000000   0.000000
 0.929825   0.000000   0.000000
 0.931774   0.000000   0.000000
 0.933723   0.000000   0.000000
 0.935673   0.000000   0.000000
 0.937622   0.000000   0.000000
 0.939571   0.000000   0.000000
 0.941520   0.000000   0.000000
 0.943470   0.000000   0.000000
 0.945419   0.000000   0.000000
 0.947368   0.000000   0.000000
 0.949318   0.000000   0.000000
 0.951267   0.000000   0.000000
 0.953216   0.000000   0.000000
 0.955166   0.000000   0.000000
 0.957115   0.000000   0.000000
 0.959064   0.000000   0.000000
 0.961014   0.000000   0.000000
 0.962963   0.000000   0.000000
 0.964912   0.000000   0.000000
 0.966862   0.000000   0.000000
 0.968811   0.000000   0.000000
 0.970760   0.000000   0.000000
 0.972710   0.000000   0.000000
 0.974659   0.000000   0.000000
 0.976608   0.000000   0.000000
 0.978557   0.000000   0.000000
 0.980507   0.000000   0.000000
 0.982456   0.000000   0.000000
 0.984406   0.000000   0.000000
 0.986355   0.000000   0.000000
 0.988304   0.000000   0.000000
 0.990253   0.000000   0.000000
 0.992203   0.000000   0.000000
 0.994152   0.000000   0.000000
 0.996101   0.000000   0.000000
 0.998051   0.000000   0.000000
 1.000000   0.000000   0.000000
514 psinorm omeg(kRad/s) domeg/dpsiN
 0.000000   0.000000   0.000000
 0.001949   0.000000   0.000000
 0.003899   0.000000   0.000000
 0.005848   0.000000   0.000000
 0.007797   0.000000   0.000000
 0.009747   0.000000   0.000000
 0.011696   0.000000   0.000000
 0.013645   0.000000   0.000000
 0.015595   0.000000   0.000000
 0.017544   0.000000   0.000000
 0.019493   0.000000   0.000000
 0.021442   0.000000   0.000000
 0.023392   0.000000   0.000000
 0.025341   0.000000   0.000000
 0.027290   0.000000   0.000000
 0.029240   0.000000   0.000000
 0.031189   0.000000   0.000000
 0.033138   0.000000   0.000000
 0.035088   0.000000   0.000000
 0.037037   0.000000   0.000000
 0.038986   0.000000   0.000000
 0.040936   0.000000   0.000000
 0.042885   0.000000   0.000000
 0.044834   0.000000   0.000000
 0.046784   0.000000   0.000000
 0.048733   0.000000   0.000000
 0.050682   0.000000   0.000000
 0.052632   0.000000   0.000000
 0.054581   0.000000   0.000000
 0.056530   0.000000   0.000000
 0.058480   0.000000   0.000000
 0.060429   0.000000   0.000000
 0.062378   0.000000   0.000000
 0.064327   0.000000   0.000000
 0.066277   0.000000   0.000000
 0.068226   0.000000   0.000000
 0.070175   0.000000   0.000000
 0.072125   0.000000   0.000000
 0.074074   0.000000   0.000000
 0.076023   0.000000   0.000000
 0.077973   0.000000   0.000000
 0.079922   0.000000   0.000000
 0.081871   0.000000   0.000000
 0.083821   0.000000   0.000000
 0.085770   0.000000   0.000000
 0.087719   0.000000   0.000000
 0.089669   0.000000   0.000000
 0.091618   0.000000   0.000000
 0.093567   0.000000   0.000000
 0.095517   0.000000   0.000000
 0.097466   0.000000   0.000000
 0.099415   0.000000   0.000000
 0.101364   0.000000   0.000000
 0.103314   0.000000   0.000000
 0.105263   0.000000   0.000000
 0.107213   0.000000   0.000000
 0.109162   0.000000   0.000000
 0.111111   0.000000   0.000000
 0.113060   0.000000   0.000000
 0.115010   0.000000   0.000000
 0.116959   0.000000   0.000000
 0.118908   0.000000   0.000000
 0.120858   0.000000   0.000000
 0.122807   0.000000   0.000000
 0.124756   0.000000   0.000000
 0.126706   0.000000   0.000000
 0.128655   0.000000   0.000000
 0.130604   0.000000   0.000000
 0.132554   0.000000   0.000000
 0.134503   0.000000   0.000000
 0.136452   0.000000   0.000000
 0.138402   0.000000   0.000000
 0.140351   0.000000   0.000000
 0.142300   0.000000   0.000000
 0.144250   0.000000   0.000000
 0.146199   0.000000   0.000000
 0.148148   0.000000   0.000000
 0.150097   0.000000   0.000000
 0.152047   0.000000   0.000000
 0.153996   0.000000   0.000000
 0.155945   0.000000   0.000000
 0.157895   0.000000   0.000000
 0.159844   0.000000   0.000000
 0.161793   0.000000   0.000000
 0.163743   0.000000   0.000000
 0.165692   0.000000   0.000000
 0.167641   0.000000   0.000000
 0.169591   0.000000   0.000000
 0.171540   0.000000   0.000000
 0.173489   0.000000   0.000000
 0.175439   0.000000   0.000000
 0.177388   0.000000   0.000000
 0.179337   0.000000   0.000000
 0.181286   0.000000   0.000000
 0.183236   0.000000   0.000000
 0.185185   0.000000   0.000000
 0.187135   0.000000   0.000000
 0.189084   0.000000   0.000000
 0.191033   0.000000   0.000000
 0.192983   0.000000   0.000000
 0.194932   0.000000   0.000000
 0.196881   0.000000   0.000000
 0.198830   0.000000   0.000000
 0.200780   0.000000   0.000000
 0.202729   0.000000   0.000000
 0.204678   0.000000   0.000000
 0.206628   0.000000   0.000000
 0.208577   0.000000   0.000000
 0.210526   0.000000   0.000000
 0.212476   0.000000   0.000000
 0.214425   0.000000   0.000000
 0.216374   0.000000   0.000000
 0.218324   0.000000   0.000000
 0.220273   0.000000   0.000000
 0.222222   0.000000   0.000000
 0.224171   0.000000   0.000000
 0.226121   0.000000   0.000000
 0.228070   0.000000   0.000000
 0.230019   0.000000   0.000000
 0.231969   0.000000   0.000000
 0.233918   0.000000   0.000000
 0.235867   0.000000   0.000000
 0.237817   0.000000   0.000000
 0.239766   0.000000   0.000000
 0.241715   0.000000   0.000000
 0.243665   0.000000   0.000000
 0.245614   0.000000   0.000000
 0.247563   0.000000   0.000000
 0.249513   0.000000   0.000000
 0.251462   0.000000   0.000000
 0.253411   0.000000   0.000000
 0.255361   0.000000   0.000000
 0.257310   0.000000   0.000000
 0.259259   0.000000   0.000000
 0.261209   0.000000   0.000000
 0.263158   0.000000   0.000000
 0.265107   0.000000   0.000000
 0.267056   0.000000   0.000000
 0.269006   0.000000   0.000000
 0.270955   0.000000   0.000000
 0.272904   0.000000   0.000000
 0.274854   0.000000   0.000000
 0.276803   0.000000   0.000000
 0.278752   0.000000   0.000000
 0.280702   0.000000   0.000000
 0.282651   0.000000   0.000000
 0.284600   0.000000   0.000000
 0.286550   0.000000   0.000000
 0.288499   0.000000   0.000000
 0.290448   0.000000   0.000000
 0.292398   0.000000   0.000000
 0.294347   0.000000   0.000000
 0.296296   0.000000   0.000000
 0.298246   0.000000   0.000000
 0.300195   0.000000   0.000000
 0.302144   0.000000   0.000000
 0.304094   0.000000   0.000000
 0.306043   0.000000   0.000000
 0.307992   0.000000   0.000000
 0.309941   0.000000   0.000000
 0.311891   0.000000   0.000000
 0.313840   0.000000   0.000000
 0.315790   0.000000   0.000000
 0.317739   0.000000   0.000000
 0.319688   0.000000   0.000000
 0.321637   0.000000   0.000000
 0.323587   0.000000   0.000000
 0.325536   0.000000   0.000000
 0.327485   0.000000   0.000000
 0.329435   0.000000   0.000000
 0.331384   0.000000   0.000000
 0.333333   0.000000   0.000000
 0.335283   0.000000   0.000000
 0.337232   0.000000   0.000000
 0.339181   0.000000   0.000000
 0.341131   0.000000   0.000000
 0.343080   0.000000   0.000000
 0.345029   0.000000   0.000000
 0.346979   0.000000   0.000000
 0.348928   0.000000   0.000000
 0.350877   0.000000   0.000000
 0.352826   0.000000   0.000000
 0.354776   0.000000   0.000000
 0.356725   0.000000   0.000000
 0.358675   0.000000   0.000000
 0.360624   0.000000   0.000000
 0.362573   0.000000   0.000000
 0.364522   0.000000   0.000000
 0.366472   0.000000   0.000000
 0.368421   0.000000   0.000000
 0.370370   0.000000   0.000000
 0.372320   0.000000   0.000000
 0.374269   0.000000   0.000000
 0.376218   0.000000   0.000000
 0.378168   0.000000   0.000000
 0.380117   0.000000   0.000000
 0.382066   0.000000   0.000000
 0.384016   0.000000   0.000000
 0.385965   0.000000   0.000000
 0.387914   0.000000   0.000000
 0.389863   0.000000   0.000000
 0.391813   0.000000   0.000000
 0.393762   0.000000   0.000000
 0.395711   0.000000   0.000000
 0.397661   0.000000   0.000000
 0.399610   0.000000   0.000000
 0.401560   0.000000   0.000000
 0.403509   0.000000   0.000000
 0.405458   0.000000   0.000000
 0.407407   0.000000   0.000000
 0.409357   0.000000   0.000000
 0.411306   0.000000   0.000000
 0.413255   0.000000   0.000000
 0.415205   0.000000   0.000000
 0.417154   0.000000   0.000000
 0.419103   0.000000   0.000000
 0.421053   0.000000   0.000000
 0.423002   0.000000   0.000000
 0.424951   0.000000   0.000000
 0.426901   0.000000   0.000000
 0.428850   0.000000   0.000000
 0.430799   0.000000   0.000000
 0.432748   0.000000   0.000000
 0.434698   0.000000   0.000000
 0.436647   0.000000   0.000000
 0.438597   0.000000   0.000000
 0.440546   0.000000   0.000000
 0.442495   0.000000   0.000000
 0.444444   0.000000   0.000000
 0.446394   0.000000   0.000000
 0.448343   0.000000   0.000000
 0.450292   0.000000   0.000000
 0.452242   0.000000   0.000000
 0.454191   0.000000   0.000000
 0.456140   0.000000   0.000000
 0.458090   0.000000   0.000000
 0.460039   0.000000   0.000000
 0.461988   0.000000   0.000000
 0.463938   0.000000   0.000000
 0.465887   0.000000   0.000000
 0.467836   0.000000   0.000000
 0.469786   0.000000   0.000000
 0.471735   0.000000   0.000000
 0.473684   0.000000   0.000000
 0.475633   0.000000   0.000000
 0.477583   0.000000   0.000000
 0.479532   0.000000   0.000000
 0.481482   0.000000   0.000000
 0.483431   0.000000   0.000000
 0.485380   0.000000   0.000000
 0.487329   0.000000   0.000000
 0.489279   0.000000   0.000000
 0.491228   0.000000   0.000000
 0.493177   0.000000   0.000000
 0.495127   0.000000   0.000000
 0.497076   0.000000   0.000000
 0.499025   0.000000   0.000000
 0.500975   0.000000   0.000000
 0.502924   0.000000   0.000000
 0.504873   0.000000   0.000000
 0.506823   0.000000   0.000000
 0.508772   0.000000   0.000000
 0.510721   0.000000   0.000000
 0.512671   0.000000   0.000000
 0.514620   0.000000   0.000000
 0.516569   0.000000   0.000000
 0.518518   0.000000   0.000000
 0.520468   0.000000   0.000000
 0.522417   0.000000   0.000000
 0.524366   0.000000   0.000000
 0.526316   0.000000   0.000000
 0.528265   0.000000   0.000000
 0.530214   0.000000   0.000000
 0.532164   0.000000   0.000000
 0.534113   0.000000   0.000000
 0.536062   0.000000   0.000000
 0.538012   0.000000   0.000000
 0.539961   0.000000   0.000000
 0.541910   0.000000   0.000000
 0.543860   0.000000   0.000000
 0.545809   0.000000   0.000000
 0.547758   0.000000   0.000000
 0.549708   0.000000   0.000000
 0.551657   0.000000   0.000000
 0.553606   0.000000   0.000000
 0.555556   0.000000   0.000000
 0.557505   0.000000   0.000000
 0.559454   0.000000   0.000000
 0.561404   0.000000   0.000000
 0.563353   0.000000   0.000000
 0.565302   0.000000   0.000000
 0.567252   0.000000   0.000000
 0.569201   0.000000   0.000000
 0.571150   0.000000   0.000000
 0.573099   0.000000   0.000000
 0.575049   0.000000   0.000000
 0.576998   0.000000   0.000000
 0.578947   0.000000   0.000000
 0.580897   0.000000   0.000000
 0.582846   0.000000   0.000000
 0.584795   0.000000   0.000000
 0.586745   0.000000   0.000000
 0.588694   0.000000   0.000000
 0.590643   0.000000   0.000000
 0.592593   0.000000   0.000000
 0.594542   0.000000   0.000000
 0.596491   0.000000   0.000000
 0.598441   0.000000   0.000000
 0.600390   0.000000   0.000000
 0.602339   0.000000   0.000000
 0.604289   0.000000   0.000000
 0.606238   0.000000   0.000000
 0.608187   0.000000   0.000000
 0.610136   0.000000   0.000000
 0.612086   0.000000   0.000000
 0.614035   0.000000   0.000000
 0.615984   0.000000   0.000000
 0.617934   0.000000   0.000000
 0.619883   0.000000   0.000000
 0.621832   0.000000   0.000000
 0.623782   0.000000   0.000000
 0.625731   0.000000   0.000000
 0.627680   0.000000   0.000000
 0.629630   0.000000   0.000000
 0.631579   0.000000   0.000000
 0.633528   0.000000   0.000000
 0.635478   0.000000   0.000000
 0.637427   0.000000   0.000000
 0.639376   0.000000   0.000000
 0.641325   0.000000   0.000000
 0.643275   0.000000   0.000000
 0.645224   0.000000   0.000000
 0.647173   0.000000   0.000000
 0.649123   0.000000   0.000000
 0.651072   0.000000   0.000000
 0.653021   0.000000   0.000000
 0.654971   0.000000   0.000000
 0.656920   0.000000   0.000000
 0.658869   0.000000   0.000000
 0.660819   0.000000   0.000000
 0.662768   0.000000   0.000000
 0.664717   0.000000   0.000000
 0.666667   0.000000   0.000000
 0.668616   0.000000   0.000000
 0.670565   0.000000   0.000000
 0.672515   0.000000   0.000000
 0.674464   0.000000   0.000000
 0.676413   0.000000   0.000000
 0.678363   0.000000   0.000000
 0.680312   0.000000   0.000000
 0.682261   0.000000   0.000000
 0.684211   0.000000   0.000000
 0.686160   0.000000   0.000000
 0.688109   0.000000   0.000000
 0.690059   0.000000   0.000000
 0.692008   0.000000   0.000000
 0.693957   0.000000   0.000000
 0.695906   0.000000   0.000000
 0.697856   0.000000   0.000000
 0.699805   0.000000   0.000000
 0.701754   0.000000   0.000000
 0.703704   0.000000   0.000000
 0.705653   0.000000   0.000000
 0.707602   0.000000   0.000000
 0.709552   0.000000   0.000000
 0.711501   0.000000   0.000000
 0.713450   0.000000   0.000000
 0.715400   0.000000   0.000000
 0.717349   0.000000   0.000000
 0.719298   0.000000   0.000000
 0.721248   0.000000   0.000000
 0.723197   0.000000   0.000000
 0.725146   0.000000   0.000000
 0.727096   0.000000   0.000000
 0.729045   0.000000   0.000000
 0.730994   0.000000   0.000000
 0.732943   0.000000   0.000000
 0.734893   0.000000   0.000000
 0.736842   0.000000   0.000000
 0.738791   0.000000   0.000000
 0.740741   0.000000   0.000000
 0.742690   0.000000   0.000000
 0.744639   0.000000   0.000000
 0.746589   0.000000   0.000000
 0.748538   0.000000   0.000000
 0.750487   0.000000   0.000000
 0.752437   0.000000   0.000000
 0.754386   0.000000   0.000000
 0.756335   0.000000   0.000000
 0.758285   0.000000   0.000000
 0.760234   0.000000   0.000000
 0.762183   0.000000   0.000000
 0.764133   0.000000   0.000000
 0.766082   0.000000   0.000000
 0.768031   0.000000   0.000000
 0.769980   0.000000   0.000000
 0.771930   0.000000   0.000000
 0.773879   0.000000   0.000000
 0.775829   0.000000   0.000000
 0.777778   0.000000   0.000000
 0.779727   0.000000   0.000000
 0.781676   0.000000   0.000000
 0.783626   0.000000   0.000000
 0.785575   0.000000   0.000000
 0.787524   0.000000   0.000000
 0.789474   0.000000   0.000000
 0.791423   0.000000   0.000000
 0.793372   0.000000   0.000000
 0.795322   0.000000   0.000000
 0.797271   0.000000   0.000000
 0.799220   0.000000   0.000000
 0.801170   0.000000   0.000000
 0.803119   0.000000   0.000000
 0.805068   0.000000   0.000000
 0.807018   0.000000   0.000000
 0.808967   0.000000   0.000000
 0.810916   0.000000   0.000000
 0.812866   0.000000   0.000000
 0.814815   0.000000   0.000000
 0.816764   0.000000   0.000000
 0.818713   0.000000   0.000000
 0.820663   0.000000   0.000000
 0.822612   0.000000   0.000000
 0.824561   0.000000   0.000000
 0.826511   0.000000   0.000000
 0.828460   0.000000   0.000000
 0.830409   0.000000   0.000000
 0.832359   0.000000   0.000000
 0.834308   0.000000   0.000000
 0.836257   0.000000   0.000000
 0.838207   0.000000   0.000000
 0.840156   0.000000   0.000000
 0.842105   0.000000   0.000000
 0.844055   0.000000   0.000000
 0.846004   0.000000   0.000000
 0.847953   0.000000   0.000000
 0.849903   0.000000   0.000000
 0.851852   0.000000   0.000000
 0.853801   0.000000   0.000000
 0.855750   0.000000   0.000000
 0.857700   0.000000   0.000000
 0.859649   0.000000   0.000000
 0.861598   0.000000   0.000000
 0.863548   0.000000   0.000000
 0.865497   0.000000   0.000000
 0.867446   0.000000   0.000000
 0.869396   0.000000   0.000000
 0.871345   0.000000   0.000000
 0.873294   0.000000   0.000000
 0.875244   0.000000   0.000000
 0.877193   0.000000   0.000000
 0.879142   0.000000   0.000000
 0.881092   0.000000   0.000000
 0.883041   0.000000   0.000000
 0.884990   0.000000   0.000000
 0.886940   0.000000   0.000000
 0.888889   0.000000   0.000000
 0.890838   0.000000   0.000000
 0.892787   0.000000   0.000000
 0.894737   0.000000   0.000000
 0.896686   0.000000   0.000000
 0.898636   0.000000   0.000000
 0.900585   0.000000   0.000000
 0.902534   0.000000   0.000000
 0.904483   0.000000   0.000000
 0.906433   0.000000   0.000000
 0.908382   0.000000   0.000000
 0.910331   0.000000   0.000000
 0.912281   0.000000   0.000000
 0.914230   0.000000   0.000000
 0.916179   0.000000   0.000000
 0.918129   0.000000   0.000000
 0.920078   0.000000   0.000000
 0.922027   0.000000   0.000000
 0.923977   0.000000   0.000000
 0.925926   0.000000   0.000000
 0.927875   0.000000   0.000000
 0.929825   0.000000   0.000000
 0.931774   0.000000   0.000000
 0.933723   0.000000   0.000000
 0.935673   0.000000   0.000000
 0.937622   0.000000   0.000000
 0.939571   0.000000   0.000000
 0.941520   0.000000   0.000000
 0.943470   0.000000   0.000000
 0.945419   0.000000   0.000000
 0.947368   0.000000   0.000000
 0.949318   0.000000   0.000000
 0.951267   0.000000   0.000000
 0.953216   0.000000   0.000000
 0.955166   0.000000   0.000000
 0.957115   0.000000   0.000000
 0.959064   0.000000   0.000000
 0.961014   0.000000   0.000000
 0.962963   0.000000   0.000000
 0.964912   0.000000   0.000000
 0.966862   0.000000   0.000000
 0.968811   0.000000   0.000000
 0.970760   0.000000   0.000000
 0.972710   0.000000   0.000000
 0.974659   0.000000   0.000000
 0.976608   0.000000   0.000000
 0.978557   0.000000   0.000000
 0.980507   0.000000   0.000000
 0.982456   0.000000   0.000000
 0.984406   0.000000   0.000000
 0.986355   0.000000   0.000000
 0.988304   0.000000   0.000000
 0.990253   0.000000   0.000000
 0.992203   0.000000   0.000000
 0.994152   0.000000   0.000000
 0.996101   0.000000   0.000000
 0.998051   0.000000   0.000000
 1.000000   0.000000   0.000000
514 psinorm omegp(kRad/s) domegp/dpsiN
 0.000000   0.000000   0.000000
 0.001949   0.000000   0.000000
 0.003899   0.000000   0.000000
 0.005848   0.000000   0.000000
 0.007797   0.000000   0.000000
 0.009747   0.000000   0.000000
 0.011696   0.000000   0.000000
 0.013645   0.000000   0.000000
 0.015595   0.000000   0.000000
 0.017544   0.000000   0.000000
 0.019493   0.000000   0.000000
 0.021442   0.000000   0.000000
 0.023392   0.000000   0.000000
 0.025341   0.000000   0.000000
 0.027290   0.000000   0.000000
 0.029240   0.000000   0.000000
 0.031189   0.000000   0.000000
 0.033138   0.000000   0.000000
 0.035088   0.000000   0.000000
 0.037037   0.000000   0.000000
 0.038986   0.000000   0.000000
 0.040936   0.000000   0.000000
 0.042885   0.000000   0.000000
 0.044834   0.000000   0.000000
 0.046784   0.000000   0.000000
 0.048733   0.000000   0.000000
 0.050682   0.000000   0.000000
 0.052632   0.000000   0.000000
 0.054581   0.000000   0.000000
 0.056530   0.000000   0.000000
 0.058480   0.000000   0.000000
 0.060429   0.000000   0.000000
 0.062378   0.000000   0.000000
 0.064327   0.000000   0.000000
 0.066277   0.000000   0.000000
 0.068226   0.000000   0.000000
 0.070175   0.000000   0.000000
 0.072125   0.000000   0.000000
 0.074074   0.000000   0.000000
 0.076023   0.000000   0.000000
 0.077973   0.000000   0.000000
 0.079922   0.000000   0.000000
 0.081871   0.000000   0.000000
 0.083821   0.000000   0.000000
 0.085770   0.000000   0.000000
 0.087719   0.000000   0.000000
 0.089669   0.000000   0.000000
 0.091618   0.000000   0.000000
 0.093567   0.000000   0.000000
 0.095517   0.000000   0.000000
 0.097466   0.000000   0.000000
 0.099415   0.000000   0.000000
 0.101364   0.000000   0.000000
 0.103314   0.000000   0.000000
 0.105263   0.000000   0.000000
 0.107213   0.000000   0.000000
 0.109162   0.000000   0.000000
 0.111111   0.000000   0.000000
 0.113060   0.000000   0.000000
 0.115010   0.000000   0.000000
 0.116959   0.000000   0.000000
 0.118908   0.000000   0.000000
 0.120858   0.000000   0.000000
 0.122807   0.000000   0.000000
 0.124756   0.000000   0.000000
 0.126706   0.000000   0.000000
 0.128655   0.000000   0.000000
 0.130604   0.000000   0.000000
 0.132554   0.000000   0.000000
 0.134503   0.000000   0.000000
 0.136452   0.000000   0.000000
 0.138402   0.000000   0.000000
 0.140351   0.000000   0.000000
 0.142300   0.000000   0.000000
 0.144250   0.000000   0.000000
 0.146199   0.000000   0.000000
 0.148148   0.000000   0.000000
 0.150097   0.000000   0.000000
 0.152047   0.000000   0.000000
 0.153996   0.000000   0.000000
 0.155945   0.000000   0.000000
 0.157895   0.000000   0.000000
 0.159844   0.000000   0.000000
 0.161793   0.000000   0.000000
 0.163743   0.000000   0.000000
 0.165692   0.000000   0.000000
 0.167641   0.000000   0.000000
 0.169591   0.000000   0.000000
 0.171540   0.000000   0.000000
 0.173489   0.000000   0.000000
 0.175439   0.000000   0.000000
 0.177388   0.000000   0.000000
 0.179337   0.000000   0.000000
 0.181286   0.000000   0.000000
 0.183236   0.000000   0.000000
 0.185185   0.000000   0.000000
 0.187135   0.000000   0.000000
 0.189084   0.000000   0.000000
 0.191033   0.000000   0.000000
 0.192983   0.000000   0.000000
 0.194932   0.000000   0.000000
 0.196881   0.000000   0.000000
 0.198830   0.000000   0.000000
 0.200780   0.000000   0.000000
 0.202729   0.000000   0.000000
 0.204678   0.000000   0.000000
 0.206628   0.000000   0.000000
 0.208577   0.000000   0.000000
 0.210526   0.000000   0.000000
 0.212476   0.000000   0.000000
 0.214425   0.000000   0.000000
 0.216374   0.000000   0.000000
 0.218324   0.000000   0.000000
 0.220273   0.000000   0.000000
 0.222222   0.000000   0.000000
 0.224171   0.000000   0.000000
 0.226121   0.000000   0.000000
 0.228070   0.000000   0.000000
 0.230019   0.000000   0.000000
 0.231969   0.000000   0.000000
 0.233918   0.000000   0.000000
 0.235867   0.000000   0.000000
 0.237817   0.000000   0.000000
 0.239766   0.000000   0.000000
 0.241715   0.000000   0.000000
 0.243665   0.000000   0.000000
 0.245614   0.000000   0.000000
 0.247563   0.000000   0.000000
 0.249513   0.000000   0.000000
 0.251462   0.000000   0.000000
 0.253411   0.000000   0.000000
 0.255361   0.000000   0.000000
 0.257310   0.000000   0.000000
 0.259259   0.000000   0.000000
 0.261209   0.000000   0.000000
 0.263158   0.000000   0.000000
 0.265107   0.000000   0.000000
 0.267056   0.000000   0.000000
 0.269006   0.000000   0.000000
 0.270955   0.000000   0.000000
 0.272904   0.000000   0.000000
 0.274854   0.000000   0.000000
 0.276803   0.000000   0.000000
 0.278752   0.000000   0.000000
 0.280702   0.000000   0.000000
 0.282651   0.000000   0.000000
 0.284600   0.000000   0.000000
 0.286550   0.000000   0.000000
 0.288499   0.000000   0.000000
 0.290448   0.000000   0.000000
 0.292398   0.000000   0.000000
 0.294347   0.000000   0.000000
 0.296296   0.000000   0.000000
 0.298246   0.000000   0.000000
 0.300195   0.000000   0.000000
 0.302144   0.000000   0.000000
 0.304094   0.000000   0.000000
 0.306043   0.000000   0.000000
 0.307992   0.000000   0.000000
 0.309941   0.000000   0.000000
 0.311891   0.000000   0.000000
 0.313840   0.000000   0.000000
 0.315790   0.000000   0.000000
 0.317739   0.000000   0.000000
 0.319688   0.000000   0.000000
 0.321637   0.000000   0.000000
 0.323587   0.000000   0.000000
 0.325536   0.000000   0.000000
 0.327485   0.000000   0.000000
 0.329435   0.000000   0.000000
 0.331384   0.000000   0.000000
 0.333333   0.000000   0.000000
 0.335283   0.000000   0.000000
 0.337232   0.000000   0.000000
 0.339181   0.000000   0.000000
 0.341131   0.000000   0.000000
 0.343080   0.000000   0.000000
 0.345029   0.000000   0.000000
 0.346979   0.000000   0.000000
 0.348928   0.000000   0.000000
 0.350877   0.000000   0.000000
 0.352826   0.000000   0.000000
 0.354776   0.000000   0.000000
 0.356725   0.000000   0.000000
 0.358675   0.000000   0.000000
 0.360624   0.000000   0.000000
 0.362573   0.000000   0.000000
 0.364522   0.000000   0.000000
 0.366472   0.000000   0.000000
 0.368421   0.000000   0.000000
 0.370370   0.000000   0.000000
 0.372320   0.000000   0.000000
 0.374269   0.000000   0.000000
 0.376218   0.000000   0.000000
 0.378168   0.000000   0.000000
 0.380117   0.000000   0.000000
 0.382066   0.000000   0.000000
 0.384016   0.000000   0.000000
 0.385965   0.000000   0.000000
 0.387914   0.000000   0.000000
 0.389863   0.000000   0.000000
 0.391813   0.000000   0.000000
 0.393762   0.000000   0.000000
 0.395711   0.000000   0.000000
 0.397661   0.000000   0.000000
 0.399610   0.000000   0.000000
 0.401560   0.000000   0.000000
 0.403509   0.000000   0.000000
 0.405458   0.000000   0.000000
 0.407407   0.000000   0.000000
 0.409357   0.000000   0.000000
 0.411306   0.000000   0.000000
 0.413255   0.000000   0.000000
 0.415205   0.000000   0.000000
 0.417154   0.000000   0.000000
 0.419103   0.000000   0.000000
 0.421053   0.000000   0.000000
 0.423002   0.000000   0.000000
 0.424951   0.000000   0.000000
 0.426901   0.000000   0.000000
 0.428850   0.000000   0.000000
 0.430799   0.000000   0.000000
 0.432748   0.000000   0.000000
 0.434698   0.000000   0.000000
 0.436647   0.000000   0.000000
 0.438597   0.000000   0.000000
 0.440546   0.000000   0.000000
 0.442495   0.000000   0.000000
 0.444444   0.000000   0.000000
 0.446394   0.000000   0.000000
 0.448343   0.000000   0.000000
 0.450292   0.000000   0.000000
 0.452242   0.000000   0.000000
 0.454191   0.000000   0.000000
 0.456140   0.000000   0.000000
 0.458090   0.000000   0.000000
 0.460039   0.000000   0.000000
 0.461988   0.000000   0.000000
 0.463938   0.000000   0.000000
 0.465887   0.000000   0.000000
 0.467836   0.000000   0.000000
 0.469786   0.000000   0.000000
 0.471735   0.000000   0.000000
 0.473684   0.000000   0.000000
 0.475633   0.000000   0.000000
 0.477583   0.000000   0.000000
 0.479532   0.000000   0.000000
 0.481482   0.000000   0.000000
 0.483431   0.000000   0.000000
 0.485380   0.000000   0.000000
 0.487329   0.000000   0.000000
 0.489279   0.000000   0.000000
 0.491228   0.000000   0.000000
 0.493177   0.000000   0.000000
 0.495127   0.000000   0.000000
 0.497076   0.000000   0.000000
 0.499025   0.000000   0.000000
 0.500975   0.000000   0.000000
 0.502924   0.000000   0.000000
 0.504873   0.000000   0.000000
 0.506823   0.000000   0.000000
 0.508772   0.000000   0.000000
 0.510721   0.000000   0.000000
 0.512671   0.000000   0.000000
 0.514620   0.000000   0.000000
 0.516569   0.000000   0.000000
 0.518518   0.000000   0.000000
 0.520468   0.000000   0.000000
 0.522417   0.000000   0.000000
 0.524366   0.000000   0.000000
 0.526316   0.000000   0.000000
 0.528265   0.000000   0.000000
 0.530214   0.000000   0.000000
 0.532164   0.000000   0.000000
 0.534113   0.000000   0.000000
 0.536062   0.000000   0.000000
 0.538012   0.000000   0.000000
 0.539961   0.000000   0.000000
 0.541910   0.000000   0.000000
 0.543860   0.000000   0.000000
 0.545809   0.000000   0.000000
 0.547758   0.000000   0.000000
 0.549708   0.000000   0.000000
 0.551657   0.000000   0.000000
 0.553606   0.000000   0.000000
 0.555556   0.000000   0.000000
 0.557505   0.000000   0.000000
 0.559454   0.000000   0.000000
 0.561404   0.000000   0.000000
 0.563353   0.000000   0.000000
 0.565302   0.000000   0.000000
 0.567252   0.000000   0.000000
 0.569201   0.000000   0.000000
 0.571150   0.000000   0.000000
 0.573099   0.000000   0.000000
 0.575049   0.000000   0.000000
 0.576998   0.000000   0.000000
 0.578947   0.000000   0.000000
 0.580897   0.000000   0.000000
 0.582846   0.000000   0.000000
 0.584795   0.000000   0.000000
 0.586745   0.000000   0.000000
 0.588694   0.000000   0.000000
 0.590643   0.000000   0.000000
 0.592593   0.000000   0.000000
 0.594542   0.000000   0.000000
 0.596491   0.000000   0.000000
 0.598441   0.000000   0.000000
 0.600390   0.000000   0.000000
 0.602339   0.000000   0.000000
 0.604289   0.000000   0.000000
 0.606238   0.000000   0.000000
 0.608187   0.000000   0.000000
 0.610136   0.000000   0.000000
 0.612086   0.000000   0.000000
 0.614035   0.000000   0.000000
 0.615984   0.000000   0.000000
 0.617934   0.000000   0.000000
 0.619883   0.000000   0.000000
 0.621832   0.000000   0.000000
 0.623782   0.000000   0.000000
 0.625731   0.000000   0.000000
 0.627680   0.000000   0.000000
 0.629630   0.000000   0.000000
 0.631579   0.000000   0.000000
 0.633528   0.000000   0.000000
 0.635478   0.000000   0.000000
 0.637427   0.000000   0.000000
 0.639376   0.000000   0.000000
 0.641325   0.000000   0.000000
 0.643275   0.000000   0.000000
 0.645224   0.000000   0.000000
 0.647173   0.000000   0.000000
 0.649123   0.000000   0.000000
 0.651072   0.000000   0.000000
 0.653021   0.000000   0.000000
 0.654971   0.000000   0.000000
 0.656920   0.000000   0.000000
 0.658869   0.000000   0.000000
 0.660819   0.000000   0.000000
 0.662768   0.000000   0.000000
 0.664717   0.000000   0.000000
 0.666667   0.000000   0.000000
 0.668616   0.000000   0.000000
 0.670565   0.000000   0.000000
 0.672515   0.000000   0.000000
 0.674464   0.000000   0.000000
 0.676413   0.000000   0.000000
 0.678363   0.000000   0.000000
 0.680312   0.000000   0.000000
 0.682261   0.000000   0.000000
 0.684211   0.000000   0.000000
 0.686160   0.000000   0.000000
 0.688109   0.000000   0.000000
 0.690059   0.000000   0.000000
 0.692008   0.000000   0.000000
 0.693957   0.000000   0.000000
 0.695906   0.000000   0.000000
 0.697856   0.000000   0.000000
 0.699805   0.000000   0.000000
 0.701754   0.000000   0.000000
 0.703704   0.000000   0.000000
 0.705653   0.000000   0.000000
 0.707602   0.000000   0.000000
 0.709552   0.000000   0.000000
 0.711501   0.000000   0.000000
 0.713450   0.000000   0.000000
 0.715400   0.000000   0.000000
 0.717349   0.000000   0.000000
 0.719298   0.000000   0.000000
 0.721248   0.000000   0.000000
 0.723197   0.000000   0.000000
 0.725146   0.000000   0.000000
 0.727096   0.000000   0.000000
 0.729045   0.000000   0.000000
 0.730994   0.000000   0.000000
 0.732943   0.000000   0.000000
 0.734893   0.000000   0.000000
 0.736842   0.000000   0.000000
 0.738791   0.000000   0.000000
 0.740741   0.000000   0.000000
 0.742690   0.000000   0.000000
 0.744639   0.000000   0.000000
 0.746589   0.000000   0.000000
 0.748538   0.000000   0.000000
 0.750487   0.000000   0.000000
 0.752437   0.000000   0.000000
 0.754386   0.000000   0.000000
 0.756335   0.000000   0.000000
 0.758285   0.000000   0.000000
 0.760234   0.000000   0.000000
 0.762183   0.000000   0.000000
 0.764133   0.000000   0.000000
 0.766082   0.000000   0.000000
 0.768031   0.000000   0.000000
 0.769980   0.000000   0.000000
 0.771930   0.000000   0.000000
 0.773879   0.000000   0.000000
 0.775829   0.000000   0.000000
 0.777778   0.000000   0.000000
 0.779727   0.000000   0.000000
 0.781676   0.000000   0.000000
 0.783626   0.000000   0.000000
 0.785575   0.000000   0.000000
 0.787524   0.000000   0.000000
 0.789474   0.000000   0.000000
 0.791423   0.000000   0.000000
 0.793372   0.000000   0.000000
 0.795322   0.000000   0.000000
 0.797271   0.000000   0.000000
 0.799220   0.000000   0.000000
 0.801170   0.000000   0.000000
 0.803119   0.000000   0.000000
 0.805068   0.000000   0.000000
 0.807018   0.000000   0.000000
 0.808967   0.000000   0.000000
 0.810916   0.000000   0.000000
 0.812866   0.000000   0.000000
 0.814815   0.000000   0.000000
 0.816764   0.000000   0.000000
 0.818713   0.000000   0.000000
 0.820663   0.000000   0.000000
 0.822612   0.000000   0.000000
 0.824561   0.000000   0.000000
 0.826511   0.000000   0.000000
 0.828460   0.000000   0.000000
 0.830409   0.000000   0.000000
 0.832359   0.000000   0.000000
 0.834308   0.000000   0.000000
 0.836257   0.000000   0.000000
 0.838207   0.000000   0.000000
 0.840156   0.000000   0.000000
 0.842105   0.000000   0.000000
 0.844055   0.000000   0.000000
 0.846004   0.000000   0.000000
 0.847953   0.000000   0.000000
 0.849903   0.000000   0.000000
 0.851852   0.000000   0.000000
 0.853801   0.000000   0.000000
 0.855750   0.000000   0.000000
 0.857700   0.000000   0.000000
 0.859649   0.000000   0.000000
 0.861598   0.000000   0.000000
 0.863548   0.000000   0.000000
 0.865497   0.000000   0.000000
 0.867446   0.000000   0.000000
 0.869396   0.000000   0.000000
 0.871345   0.000000   0.000000
 0.873294   0.000000   0.000000
 0.875244   0.000000   0.000000
 0.877193   0.000000   0.000000
 0.879142   0.000000   0.000000
 0.881092   0.000000   0.000000
 0.883041   0.000000   0.000000
 0.884990   0.000000   0.000000
 0.886940   0.000000   0.000000
 0.888889   0.000000   0.000000
 0.890838   0.000000   0.000000
 0.892787   0.000000   0.000000
 0.894737   0.000000   0.000000
 0.896686   0.000000   0.000000
 0.898636   0.000000   0.000000
 0.900585   0.000000   0.000000
 0.902534   0.000000   0.000000
 0.904483   0.000000   0.000000
 0.906433   0.000000   0.000000
 0.908382   0.000000   0.000000
 0.910331   0.000000   0.000000
 0.912281   0.000000   0.000000
 0.914230   0.000000   0.000000
 0.916179   0.000000   0.000000
 0.918129   0.000000   0.000000
 0.920078   0.000000   0.000000
 0.922027   0.000000   0.000000
 0.923977   0.000000   0.000000
 0.925926   0.000000   0.000000
 0.927875   0.000000   0.000000
 0.929825   0.000000   0.000000
 0.931774   0.000000   0.000000
 0.933723   0.000000   0.000000
 0.935673   0.000000   0.000000
 0.937622   0.000000   0.000000
 0.939571   0.000000   0.000000
 0.941520   0.000000   0.000000
 0.943470   0.000000   0.000000
 0.945419   0.000000   0.000000
 0.947368   0.000000   0.000000
 0.949318   0.000000   0.000000
 0.951267   0.000000   0.000000
 0.953216   0.000000   0.000000
 0.955166   0.000000   0.000000
 0.957115   0.000000   0.000000
 0.959064   0.000000   0.000000
 0.961014   0.000000   0.000000
 0.962963   0.000000   0.000000
 0.964912   0.000000   0.000000
 0.966862   0.000000   0.000000
 0.968811   0.000000   0.000000
 0.970760   0.000000   0.000000
 0.972710   0.000000   0.000000
 0.974659   0.000000   0.000000
 0.976608   0.000000   0.000000
 0.978557   0.000000   0.000000
 0.980507   0.000000   0.000000
 0.982456   0.000000   0.000000
 0.984406   0.000000   0.000000
 0.986355   0.000000   0.000000
 0.988304   0.000000   0.000000
 0.990253   0.000000   0.000000
 0.992203   0.000000   0.000000
 0.994152   0.000000   0.000000
 0.996101   0.000000   0.000000
 0.998051   0.000000   0.000000
 1.000000   0.000000   0.000000
514 psinorm omgvb(kRad/s) domgvb/dpsiN
 0.000000   0.000000   0.000000
 0.001949   0.000000   0.000000
 0.003899   0.000000   0.000000
 0.005848   0.000000   0.000000
 0.007797   0.000000   0.000000
 0.009747   0.000000   0.000000
 0.011696   0.000000   0.000000
 0.013645   0.000000   0.000000
 0.015595   0.000000   0.000000
 0.017544   0.000000   0.000000
 0.019493   0.000000   0.000000
 0.021442   0.000000   0.000000
 0.023392   0.000000   0.000000
 0.025341   0.000000   0.000000
 0.027290   0.000000   0.000000
 0.029240   0.000000   0.000000
 0.031189   0.000000   0.000000
 0.033138   0.000000   0.000000
 0.035088   0.000000   0.000000
 0.037037   0.000000   0.000000
 0.038986   0.000000   0.000000
 0.040936   0.000000   0.000000
 0.042885   0.000000   0.000000
 0.044834   0.000000   0.000000
 0.046784   0.000000   0.000000
 0.048733   0.000000   0.000000
 0.050682   0.000000   0.000000
 0.052632   0.000000   0.000000
 0.054581   0.000000   0.000000
 0.056530   0.000000   0.000000
 0.058480   0.000000   0.000000
 0.060429   0.000000   0.000000
 0.062378   0.000000   0.000000
 0.064327   0.000000   0.000000
 0.066277   0.000000   0.000000
 0.068226   0.000000   0.000000
 0.070175   0.000000   0.000000
 0.072125   0.000000   0.000000
 0.074074   0.000000   0.000000
 0.076023   0.000000   0.000000
 0.077973   0.000000   0.000000
 0.079922   0.000000   0.000000
 0.081871   0.000000   0.000000
 0.083821   0.000000   0.000000
 0.085770   0.000000   0.000000
 0.087719   0.000000   0.000000
 0.089669   0.000000   0.000000
 0.091618   0.000000   0.000000
 0.093567   0.000000   0.000000
 0.095517   0.000000   0.000000
 0.097466   0.000000   0.000000
 0.099415   0.000000   0.000000
 0.101364   0.000000   0.000000
 0.103314   0.000000   0.000000
 0.105263   0.000000   0.000000
 0.107213   0.000000   0.000000
 0.109162   0.000000   0.000000
 0.111111   0.000000   0.000000
 0.113060   0.000000   0.000000
 0.115010   0.000000   0.000000
 0.116959   0.000000   0.000000
 0.118908   0.000000   0.000000
 0.120858   0.000000   0.000000
 0.122807   0.000000   0.000000
 0.124756   0.000000   0.000000
 0.126706   0.000000   0.000000
 0.128655   0.000000   0.000000
 0.130604   0.000000   0.000000
 0.132554   0.000000   0.000000
 0.134503   0.000000   0.000000
 0.136452   0.000000   0.000000
 0.138402   0.000000   0.000000
 0.140351   0.000000   0.000000
 0.142300   0.000000   0.000000
 0.144250   0.000000   0.000000
 0.146199   0.000000   0.000000
 0.148148   0.000000   0.000000
 0.150097   0.000000   0.000000
 0.152047   0.000000   0.000000
 0.153996   0.000000   0.000000
 0.155945   0.000000   0.000000
 0.157895   0.000000   0.000000
 0.159844   0.000000   0.000000
 0.161793   0.000000   0.000000
 0.163743   0.000000   0.000000
 0.165692   0.000000   0.000000
 0.167641   0.000000   0.000000
 0.169591   0.000000   0.000000
 0.171540   0.000000   0.000000
 0.173489   0.000000   0.000000
 0.175439   0.000000   0.000000
 0.177388   0.000000   0.000000
 0.179337   0.000000   0.000000
 0.181286   0.000000   0.000000
 0.183236   0.000000   0.000000
 0.185185   0.000000   0.000000
 0.187135   0.000000   0.000000
 0.189084   0.000000   0.000000
 0.191033   0.000000   0.000000
 0.192983   0.000000   0.000000
 0.194932   0.000000   0.000000
 0.196881   0.000000   0.000000
 0.198830   0.000000   0.000000
 0.200780   0.000000   0.000000
 0.202729   0.000000   0.000000
 0.204678   0.000000   0.000000
 0.206628   0.000000   0.000000
 0.208577   0.000000   0.000000
 0.210526   0.000000   0.000000
 0.212476   0.000000   0.000000
 0.214425   0.000000   0.000000
 0.216374   0.000000   0.000000
 0.218324   0.000000   0.000000
 0.220273   0.000000   0.000000
 0.222222   0.000000   0.000000
 0.224171   0.000000   0.000000
 0.226121   0.000000   0.000000
 0.228070   0.000000   0.000000
 0.230019   0.000000   0.000000
 0.231969   0.000000   0.000000
 0.233918   0.000000   0.000000
 0.235867   0.000000   0.000000
 0.237817   0.000000   0.000000
 0.239766   0.000000   0.000000
 0.241715   0.000000   0.000000
 0.243665   0.000000   0.000000
 0.245614   0.000000   0.000000
 0.247563   0.000000   0.000000
 0.249513   0.000000   0.000000
 0.251462   0.000000   0.000000
 0.253411   0.000000   0.000000
 0.255361   0.000000   0.000000
 0.257310   0.000000   0.000000
 0.259259   0.000000   0.000000
 0.261209   0.000000   0.000000
 0.263158   0.000000   0.000000
 0.265107   0.000000   0.000000
 0.267056   0.000000   0.000000
 0.269006   0.000000   0.000000
 0.270955   0.000000   0.000000
 0.272904   0.000000   0.000000
 0.274854   0.000000   0.000000
 0.276803   0.000000   0.000000
 0.278752   0.000000   0.000000
 0.280702   0.000000   0.000000
 0.282651   0.000000   0.000000
 0.284600   0.000000   0.000000
 0.286550   0.000000   0.000000
 0.288499   0.000000   0.000000
 0.290448   0.000000   0.000000
 0.292398   0.000000   0.000000
 0.294347   0.000000   0.000000
 0.296296   0.000000   0.000000
 0.298246   0.000000   0.000000
 0.300195   0.000000   0.000000
 0.302144   0.000000   0.000000
 0.304094   0.000000   0.000000
 0.306043   0.000000   0.000000
 0.307992   0.000000   0.000000
 0.309941   0.000000   0.000000
 0.311891   0.000000   0.000000
 0.313840   0.000000   0.000000
 0.315790   0.000000   0.000000
 0.317739   0.000000   0.000000
 0.319688   0.000000   0.000000
 0.321637   0.000000   0.000000
 0.323587   0.000000   0.000000
 0.325536   0.000000   0.000000
 0.327485   0.000000   0.000000
 0.329435   0.000000   0.000000
 0.331384   0.000000   0.000000
 0.333333   0.000000   0.000000
 0.335283   0.000000   0.000000
 0.337232   0.000000   0.000000
 0.339181   0.000000   0.000000
 0.341131   0.000000   0.000000
 0.343080   0.000000   0.000000
 0.345029   0.000000   0.000000
 0.346979   0.000000   0.000000
 0.348928   0.000000   0.000000
 0.350877   0.000000   0.000000
 0.352826   0.000000   0.000000
 0.354776   0.000000   0.000000
 0.356725   0.000000   0.000000
 0.358675   0.000000   0.000000
 0.360624   0.000000   0.000000
 0.362573   0.000000   0.000000
 0.364522   0.000000   0.000000
 0.366472   0.000000   0.000000
 0.368421   0.000000   0.000000
 0.370370   0.000000   0.000000
 0.372320   0.000000   0.000000
 0.374269   0.000000   0.000000
 0.376218   0.000000   0.000000
 0.378168   0.000000   0.000000
 0.380117   0.000000   0.000000
 0.382066   0.000000   0.000000
 0.384016   0.000000   0.000000
 0.385965   0.000000   0.000000
 0.387914   0.000000   0.000000
 0.389863   0.000000   0.000000
 0.391813   0.000000   0.000000
 0.393762   0.000000   0.000000
 0.395711   0.000000   0.000000
 0.397661   0.000000   0.000000
 0.399610   0.000000   0.000000
 0.401560   0.000000   0.000000
 0.403509   0.000000   0.000000
 0.405458   0.000000   0.000000
 0.407407   0.000000   0.000000
 0.409357   0.000000   0.000000
 0.411306   0.000000   0.000000
 0.413255   0.000000   0.000000
 0.415205   0.000000   0.000000
 0.417154   0.000000   0.000000
 0.419103   0.000000   0.000000
 0.421053   0.000000   0.000000
 0.423002   0.000000   0.000000
 0.424951   0.000000   0.000000
 0.426901   0.000000   0.000000
 0.428850   0.000000   0.000000
 0.430799   0.000000   0.000000
 0.432748   0.000000   0.000000
 0.434698   0.000000   0.000000
 0.436647   0.000000   0.000000
 0.438597   0.000000   0.000000
 0.440546   0.000000   0.000000
 0.442495   0.000000   0.000000
 0.444444   0.000000   0.000000
 0.446394   0.000000   0.000000
 0.448343   0.000000   0.000000
 0.450292   0.000000   0.000000
 0.452242   0.000000   0.000000
 0.454191   0.000000   0.000000
 0.456140   0.000000   0.000000
 0.458090   0.000000   0.000000
 0.460039   0.000000   0.000000
 0.461988   0.000000   0.000000
 0.463938   0.000000   0.000000
 0.465887   0.000000   0.000000
 0.467836   0.000000   0.000000
 0.469786   0.000000   0.000000
 0.471735   0.000000   0.000000
 0.473684   0.000000   0.000000
 0.475633   0.000000   0.000000
 0.477583   0.000000   0.000000
 0.479532   0.000000   0.000000
 0.481482   0.000000   0.000000
 0.483431   0.000000   0.000000
 0.485380   0.000000   0.000000
 0.487329   0.000000   0.000000
 0.489279   0.000000   0.000000
 0.491228   0.000000   0.000000
 0.493177   0.000000   0.000000
 0.495127   0.000000   0.000000
 0.497076   0.000000   0.000000
 0.499025   0.000000   0.000000
 0.500975   0.000000   0.000000
 0.502924   0.000000   0.000000
 0.504873   0.000000   0.000000
 0.506823   0.000000   0.000000
 0.508772   0.000000   0.000000
 0.510721   0.000000   0.000000
 0.512671   0.000000   0.000000
 0.514620   0.000000   0.000000
 0.516569   0.000000   0.000000
 0.518518   0.000000   0.000000
 0.520468   0.000000   0.000000
 0.522417   0.000000   0.000000
 0.524366   0.000000   0.000000
 0.526316   0.000000   0.000000
 0.528265   0.000000   0.000000
 0.530214   0.000000   0.000000
 0.532164   0.000000   0.000000
 0.534113   0.000000   0.000000
 0.536062   0.000000   0.000000
 0.538012   0.000000   0.000000
 0.539961   0.000000   0.000000
 0.541910   0.000000   0.000000
 0.543860   0.000000   0.000000
 0.545809   0.000000   0.000000
 0.547758   0.000000   0.000000
 0.549708   0.000000   0.000000
 0.551657   0.000000   0.000000
 0.553606   0.000000   0.000000
 0.555556   0.000000   0.000000
 0.557505   0.000000   0.000000
 0.559454   0.000000   0.000000
 0.561404   0.000000   0.000000
 0.563353   0.000000   0.000000
 0.565302   0.000000   0.000000
 0.567252   0.000000   0.000000
 0.569201   0.000000   0.000000
 0.571150   0.000000   0.000000
 0.573099   0.000000   0.000000
 0.575049   0.000000   0.000000
 0.576998   0.000000   0.000000
 0.578947   0.000000   0.000000
 0.580897   0.000000   0.000000
 0.582846   0.000000   0.000000
 0.584795   0.000000   0.000000
 0.586745   0.000000   0.000000
 0.588694   0.000000   0.000000
 0.590643   0.000000   0.000000
 0.592593   0.000000   0.000000
 0.594542   0.000000   0.000000
 0.596491   0.000000   0.000000
 0.598441   0.000000   0.000000
 0.600390   0.000000   0.000000
 0.602339   0.000000   0.000000
 0.604289   0.000000   0.000000
 0.606238   0.000000   0.000000
 0.608187   0.000000   0.000000
 0.610136   0.000000   0.000000
 0.612086   0.000000   0.000000
 0.614035   0.000000   0.000000
 0.615984   0.000000   0.000000
 0.617934   0.000000   0.000000
 0.619883   0.000000   0.000000
 0.621832   0.000000   0.000000
 0.623782   0.000000   0.000000
 0.625731   0.000000   0.000000
 0.627680   0.000000   0.000000
 0.629630   0.000000   0.000000
 0.631579   0.000000   0.000000
 0.633528   0.000000   0.000000
 0.635478   0.000000   0.000000
 0.637427   0.000000   0.000000
 0.639376   0.000000   0.000000
 0.641325   0.000000   0.000000
 0.643275   0.000000   0.000000
 0.645224   0.000000   0.000000
 0.647173   0.000000   0.000000
 0.649123   0.000000   0.000000
 0.651072   0.000000   0.000000
 0.653021   0.000000   0.000000
 0.654971   0.000000   0.000000
 0.656920   0.000000   0.000000
 0.658869   0.000000   0.000000
 0.660819   0.000000   0.000000
 0.662768   0.000000   0.000000
 0.664717   0.000000   0.000000
 0.666667   0.000000   0.000000
 0.668616   0.000000   0.000000
 0.670565   0.000000   0.000000
 0.672515   0.000000   0.000000
 0.674464   0.000000   0.000000
 0.676413   0.000000   0.000000
 0.678363   0.000000   0.000000
 0.680312   0.000000   0.000000
 0.682261   0.000000   0.000000
 0.684211   0.000000   0.000000
 0.686160   0.000000   0.000000
 0.688109   0.000000   0.000000
 0.690059   0.000000   0.000000
 0.692008   0.000000   0.000000
 0.693957   0.000000   0.000000
 0.695906   0.000000   0.000000
 0.697856   0.000000   0.000000
 0.699805   0.000000   0.000000
 0.701754   0.000000   0.000000
 0.703704   0.000000   0.000000
 0.705653   0.000000   0.000000
 0.707602   0.000000   0.000000
 0.709552   0.000000   0.000000
 0.711501   0.000000   0.000000
 0.713450   0.000000   0.000000
 0.715400   0.000000   0.000000
 0.717349   0.000000   0.000000
 0.719298   0.000000   0.000000
 0.721248   0.000000   0.000000
 0.723197   0.000000   0.000000
 0.725146   0.000000   0.000000
 0.727096   0.000000   0.000000
 0.729045   0.000000   0.000000
 0.730994   0.000000   0.000000
 0.732943   0.000000   0.000000
 0.734893   0.000000   0.000000
 0.736842   0.000000   0.000000
 0.738791   0.000000   0.000000
 0.740741   0.000000   0.000000
 0.742690   0.000000   0.000000
 0.744639   0.000000   0.000000
 0.746589   0.000000   0.000000
 0.748538   0.000000   0.000000
 0.750487   0.000000   0.000000
 0.752437   0.000000   0.000000
 0.754386   0.000000   0.000000
 0.756335   0.000000   0.000000
 0.758285   0.000000   0.000000
 0.760234   0.000000   0.000000
 0.762183   0.000000   0.000000
 0.764133   0.000000   0.000000
 0.766082   0.000000   0.000000
 0.768031   0.000000   0.000000
 0.769980   0.000000   0.000000
 0.771930   0.000000   0.000000
 0.773879   0.000000   0.000000
 0.775829   0.000000   0.000000
 0.777778   0.000000   0.000000
 0.779727   0.000000   0.000000
 0.781676   0.000000   0.000000
 0.783626   0.000000   0.000000
 0.785575   0.000000   0.000000
 0.787524   0.000000   0.000000
 0.789474   0.000000   0.000000
 0.791423   0.000000   0.000000
 0.793372   0.000000   0.000000
 0.795322   0.000000   0.000000
 0.797271   0.000000   0.000000
 0.799220   0.000000   0.000000
 0.801170   0.000000   0.000000
 0.803119   0.000000   0.000000
 0.805068   0.000000   0.000000
 0.807018   0.000000   0.000000
 0.808967   0.000000   0.000000
 0.810916   0.000000   0.000000
 0.812866   0.000000   0.000000
 0.814815   0.000000   0.000000
 0.816764   0.000000   0.000000
 0.818713   0.000000   0.000000
 0.820663   0.000000   0.000000
 0.822612   0.000000   0.000000
 0.824561   0.000000   0.000000
 0.826511   0.000000   0.000000
 0.828460   0.000000   0.000000
 0.830409   0.000000   0.000000
 0.832359   0.000000   0.000000
 0.834308   0.000000   0.000000
 0.836257   0.000000   0.000000
 0.838207   0.000000   0.000000
 0.840156   0.000000   0.000000
 0.842105   0.000000   0.000000
 0.844055   0.000000   0.000000
 0.846004   0.000000   0.000000
 0.847953   0.000000   0.000000
 0.849903   0.000000   0.000000
 0.851852   0.000000   0.000000
 0.853801   0.000000   0.000000
 0.855750   0.000000   0.000000
 0.857700   0.000000   0.000000
 0.859649   0.000000   0.000000
 0.861598   0.000000   0.000000
 0.863548   0.000000   0.000000
 0.865497   0.000000   0.000000
 0.867446   0.000000   0.000000
 0.869396   0.000000   0.000000
 0.871345   0.000000   0.000000
 0.873294   0.000000   0.000000
 0.875244   0.000000   0.000000
 0.877193   0.000000   0.000000
 0.879142   0.000000   0.000000
 0.881092   0.000000   0.000000
 0.883041   0.000000   0.000000
 0.884990   0.000000   0.000000
 0.886940   0.000000   0.000000
 0.888889   0.000000   0.000000
 0.890838   0.000000   0.000000
 0.892787   0.000000   0.000000
 0.894737   0.000000   0.000000
 0.896686   0.000000   0.000000
 0.898636   0.000000   0.000000
 0.900585   0.000000   0.000000
 0.902534   0.000000   0.000000
 0.904483   0.000000   0.000000
 0.906433   0.000000   0.000000
 0.908382   0.000000   0.000000
 0.910331   0.000000   0.000000
 0.912281   0.000000   0.000000
 0.914230   0.000000   0.000000
 0.916179   0.000000   0.000000
 0.918129   0.000000   0.000000
 0.920078   0.000000   0.000000
 0.922027   0.000000   0.000000
 0.923977   0.000000   0.000000
 0.925926   0.000000   0.000000
 0.927875   0.000000   0.000000
 0.929825   0.000000   0.000000
 0.931774   0.000000   0.000000
 0.933723   0.000000   0.000000
 0.935673   0.000000   0.000000
 0.937622   0.000000   0.000000
 0.939571   0.000000   0.000000
 0.941520   0.000000   0.000000
 0.943470   0.000000   0.000000
 0.945419   0.000000   0.000000
 0.947368   0.000000   0.000000
 0.949318   0.000000   0.000000
 0.951267   0.000000   0.000000
 0.953216   0.000000   0.000000
 0.955166   0.000000   0.000000
 0.957115   0.000000   0.000000
 0.959064   0.000000   0.000000
 0.961014   0.000000   0.000000
 0.962963   0.000000   0.000000
 0.964912   0.000000   0.000000
 0.966862   0.000000   0.000000
 0.968811   0.000000   0.000000
 0.970760   0.000000   0.000000
 0.972710   0.000000   0.000000
 0.974659   0.000000   0.000000
 0.976608   0.000000   0.000000
 0.978557   0.000000   0.000000
 0.980507   0.000000   0.000000
 0.982456   0.000000   0.000000
 0.984406   0.000000   0.000000
 0.986355   0.000000   0.000000
 0.988304   0.000000   0.000000
 0.990253   0.000000   0.000000
 0.992203   0.000000   0.000000
 0.994152   0.000000   0.000000
 0.996101   0.000000   0.000000
 0.998051   0.000000   0.000000
 1.000000   0.000000   0.000000
